period,er,Date,Symbol
1,-0.0006390854986981618,2026-10-01,A
2,-0.00011021537727821258,2026-10-01,A
3,0.005040492475855963,2026-10-01,A
4,-0.0026088838307570454,2026-10-01,A
5,-0.0007429600059058833,2026-10-01,A
6,-0.004404049430500502,2026-10-01,A
7,-0.0034943206276595,2026-10-01,A
8,0.0016513407528050486,2026-10-01,A
9,-0.003779227660965021,2026-10-01,A
10,0.0031352311646334306,2026-10-01,A
11,0.0003320486005474278,2026-10-01,A
12,-0.001413571308524318,2026-10-01,A
13,-0.005072314588234521,2026-10-01,A
14,0.00040588661022458814,2026-10-01,A
1,0.00060864446672553,2026-10-01,AA
2,0.005533821453402741,2026-10-01,AA
3,-0.005313617352223109,2026-10-01,AA
4,-0.0033921014493512895,2026-10-01,AA
5,-0.0067087317996926054,2026-10-01,AA
6,-0.002749879857186836,2026-10-01,AA
7,0.0008109064818203082,2026-10-01,AA
8,0.002128360422278992,2026-10-01,AA
9,0.0010711897606042698,2026-10-01,AA
10,0.007416492987538387,2026-10-01,AA
11,-0.0048889834658953175,2026-10-01,AA
12,0.0038934536647488053,2026-10-01,AA
13,0.005679589371782558,2026-10-01,AA
14,0.005292412979031089,2026-10-01,AA
1,0.000720138627686644,2026-10-01,AAL
2,0.004498598126000511,2026-10-01,AAL
3,-0.006379343324098443,2026-10-01,AAL
4,-0.0030538268072713096,2026-10-01,AAL
5,-0.0032264280702153894,2026-10-01,AAL
6,-0.0007062988014626083,2026-10-01,AAL
7,-0.00010808532005363525,2026-10-01,AAL
8,0.0023978331942952234,2026-10-01,AAL
9,-0.002206706129020187,2026-10-01,AAL
10,0.0006436412334372328,2026-10-01,AAL
11,-0.0021729197437756445,2026-10-01,AAL
12,0.005132491435765278,2026-10-01,AAL
13,-0.0015156270701790332,2026-10-01,AAL
14,0.005882338585141595,2026-10-01,AAL
1,0.0013662229175230402,2026-10-01,AAP
2,0.003624634616515374,2026-10-01,AAP
3,-0.004480311538456003,2026-10-01,AAP
4,-0.001708093369450494,2026-10-01,AAP
5,-0.008126302732253407,2026-10-01,AAP
6,-0.00289139450869088,2026-10-01,AAP
7,-0.0029004686800045876,2026-10-01,AAP
8,-0.001183257740372302,2026-10-01,AAP
9,-0.0023191229112441286,2026-10-01,AAP
10,0.001750233890226287,2026-10-01,AAP
11,-0.0037361948816177558,2026-10-01,AAP
12,0.005398776053752086,2026-10-01,AAP
13,0.002872911106678398,2026-10-01,AAP
14,0.0038929990086872955,2026-10-01,AAP
1,0.000407344882435767,2026-10-01,AAPL
2,0.0002247911437743379,2026-10-01,AAPL
3,0.000961489133245361,2026-10-01,AAPL
4,0.0005439924832372511,2026-10-01,AAPL
5,9.013359045680304e-07,2026-10-01,AAPL
6,0.003856536758853439,2026-10-01,AAPL
7,0.004831627826398425,2026-10-01,AAPL
8,0.0004340715362193268,2026-10-01,AAPL
9,0.001719386594801176,2026-10-01,AAPL
10,-0.0013856527478948635,2026-10-01,AAPL
11,0.003516272976564234,2026-10-01,AAPL
12,0.004847996023164607,2026-10-01,AAPL
13,0.00791685409398504,2026-10-01,AAPL
14,0.0006831496782960066,2026-10-01,AAPL
1,0.0006716429637775419,2026-10-01,ABBV
2,0.00019562007359875852,2026-10-01,ABBV
3,0.0017486034836435868,2026-10-01,ABBV
4,0.0010983740551392036,2026-10-01,ABBV
5,0.00043771879653153065,2026-10-01,ABBV
6,0.0038323084966604792,2026-10-01,ABBV
7,0.0038219085662972324,2026-10-01,ABBV
8,0.0005746051318891163,2026-10-01,ABBV
9,0.004488362749758623,2026-10-01,ABBV
10,-1.429285283526437e-05,2026-10-01,ABBV
11,0.004097387842054423,2026-10-01,ABBV
12,0.0040954423559424954,2026-10-01,ABBV
13,0.005618298438271939,2026-10-01,ABBV
14,4.152387636915668e-05,2026-10-01,ABBV
1,0.0011032500107033545,2026-10-01,ABCL
2,0.004725290958546607,2026-10-01,ABCL
3,-0.006498710307867796,2026-10-01,ABCL
4,-0.008710298686361969,2026-10-01,ABCL
5,-0.011439046399323182,2026-10-01,ABCL
6,-0.002148922895344152,2026-10-01,ABCL
7,-0.00356761376650799,2026-10-01,ABCL
8,0.0022028345409782152,2026-10-01,ABCL
9,-0.004262681457272648,2026-10-01,ABCL
10,0.00043483723074602817,2026-10-01,ABCL
11,-0.014356970359034051,2026-10-01,ABCL
12,0.005771310775116568,2026-10-01,ABCL
13,0.0046281273459209986,2026-10-01,ABCL
14,0.001518366304421987,2026-10-01,ABCL
1,-0.0011511243171550395,2026-10-01,ABEV
2,-0.001587278555687701,2026-10-01,ABEV
3,0.0028951284428413676,2026-10-01,ABEV
4,-0.0016778695750246729,2026-10-01,ABEV
5,-0.0009167747217102569,2026-10-01,ABEV
6,-0.005032819773174753,2026-10-01,ABEV
7,-0.003878146116479243,2026-10-01,ABEV
8,0.0017878461475100223,2026-10-01,ABEV
9,-0.004110881048500222,2026-10-01,ABEV
10,0.00012299672712724985,2026-10-01,ABEV
11,-0.0016824090609674103,2026-10-01,ABEV
12,-0.00012734307837457856,2026-10-01,ABEV
13,-0.008572783399065802,2026-10-01,ABEV
14,-0.0008843515903435871,2026-10-01,ABEV
1,0.0004962961860314856,2026-10-01,ABM
2,0.0032885927428905875,2026-10-01,ABM
3,-0.0036082051610512728,2026-10-01,ABM
4,-0.005339946409877484,2026-10-01,ABM
5,-0.005467889023748309,2026-10-01,ABM
6,-0.0021913002470934587,2026-10-01,ABM
7,-0.0026905614988683275,2026-10-01,ABM
8,0.0008206005570906634,2026-10-01,ABM
9,-0.0015103029288534694,2026-10-01,ABM
10,0.0014258184265273845,2026-10-01,ABM
11,-0.0057230843075002065,2026-10-01,ABM
12,0.005904841675490942,2026-10-01,ABM
13,0.008936052484249793,2026-10-01,ABM
14,0.00832136175732464,2026-10-01,ABM
1,0.0005986603817916101,2026-10-01,ABNB
2,0.0004067951091656094,2026-10-01,ABNB
3,0.0018660590567664214,2026-10-01,ABNB
4,0.0020568671084425566,2026-10-01,ABNB
5,0.0058419283152351936,2026-10-01,ABNB
6,0.0065959005842446345,2026-10-01,ABNB
7,0.00589442141279969,2026-10-01,ABNB
8,-0.0003053244221136198,2026-10-01,ABNB
9,0.003022682330109683,2026-10-01,ABNB
10,-0.0036180665896777976,2026-10-01,ABNB
11,0.0049086365870415205,2026-10-01,ABNB
12,0.0022628844315651544,2026-10-01,ABNB
13,0.004177871249037286,2026-10-01,ABNB
14,-0.002670414375755656,2026-10-01,ABNB
1,0.0014261224676591106,2026-10-01,ABR
2,0.00417986147306009,2026-10-01,ABR
3,-0.0047738676158622624,2026-10-01,ABR
4,-0.002551482685160583,2026-10-01,ABR
5,-0.005278476798745667,2026-10-01,ABR
6,-0.0014735150005642007,2026-10-01,ABR
7,-0.0029841973240212496,2026-10-01,ABR
8,0.0031409303799872553,2026-10-01,ABR
9,0.00020111849215874932,2026-10-01,ABR
10,0.0011747417060991115,2026-10-01,ABR
11,-0.005609503695590443,2026-10-01,ABR
12,0.003580991347581097,2026-10-01,ABR
13,0.008211655137756787,2026-10-01,ABR
14,0.0063318597243171735,2026-10-01,ABR
1,0.00041493323761531586,2026-10-01,ABT
2,-0.00011408554479051973,2026-10-01,ABT
3,0.0014043913318213615,2026-10-01,ABT
4,0.0009121793251647846,2026-10-01,ABT
5,0.0036501587742411574,2026-10-01,ABT
6,0.003292487369900529,2026-10-01,ABT
7,0.0033589407678145835,2026-10-01,ABT
8,0.0007597956433855271,2026-10-01,ABT
9,0.00385168272790067,2026-10-01,ABT
10,-0.0013235393916064256,2026-10-01,ABT
11,0.004247439094712527,2026-10-01,ABT
12,0.003634671028022254,2026-10-01,ABT
13,0.005384649929774544,2026-10-01,ABT
14,-0.000993680710467117,2026-10-01,ABT
1,0.0018981638091351684,2026-10-01,ACAD
2,0.003003050553610234,2026-10-01,ACAD
3,-0.001213698476969163,2026-10-01,ACAD
4,-0.0050602240105053235,2026-10-01,ACAD
5,-0.004844705560795208,2026-10-01,ACAD
6,-0.0036343914448533276,2026-10-01,ACAD
7,0.0021081894247915,2026-10-01,ACAD
8,0.0027970040061998658,2026-10-01,ACAD
9,-0.0009777602937319104,2026-10-01,ACAD
10,0.00296661043230011,2026-10-01,ACAD
11,-0.0068343015749626436,2026-10-01,ACAD
12,0.002072495338130919,2026-10-01,ACAD
13,0.0056442285802275035,2026-10-01,ACAD
14,0.009041646483270625,2026-10-01,ACAD
1,-0.001102075995905123,2026-10-01,ACGL
2,-0.00252973345909421,2026-10-01,ACGL
3,0.0032765436577072643,2026-10-01,ACGL
4,-0.0006270407670179363,2026-10-01,ACGL
5,-0.0025064477214375405,2026-10-01,ACGL
6,-0.005139342351116939,2026-10-01,ACGL
7,-0.003913300377715002,2026-10-01,ACGL
8,0.0022310896423296945,2026-10-01,ACGL
9,-0.0025101312715740147,2026-10-01,ACGL
10,0.002261930443338524,2026-10-01,ACGL
11,0.0015612770338078955,2026-10-01,ACGL
12,0.0005268594669778102,2026-10-01,ACGL
13,-0.005310603573045805,2026-10-01,ACGL
14,0.0005475425772157172,2026-10-01,ACGL
1,0.0011550141588034914,2026-10-01,ACHR
2,0.004034449912414977,2026-10-01,ACHR
3,-0.004738234593047947,2026-10-01,ACHR
4,-0.0032450240644888726,2026-10-01,ACHR
5,-0.008160955211878193,2026-10-01,ACHR
6,0.003143046329644184,2026-10-01,ACHR
7,-0.002423628754363518,2026-10-01,ACHR
8,-0.003082014080660975,2026-10-01,ACHR
9,0.001663610018992362,2026-10-01,ACHR
10,0.004623095590682475,2026-10-01,ACHR
11,-0.006531057089337354,2026-10-01,ACHR
12,0.0008231195825639287,2026-10-01,ACHR
13,0.001747958948081577,2026-10-01,ACHR
14,0.01042543778968993,2026-10-01,ACHR
1,0.0022798834661674483,2026-10-01,ACI
2,0.0037376568966403633,2026-10-01,ACI
3,-0.003939430498519886,2026-10-01,ACI
4,-0.003072597324809297,2026-10-01,ACI
5,-0.006300277130989856,2026-10-01,ACI
6,-0.002457770155693712,2026-10-01,ACI
7,-0.0027701519854604747,2026-10-01,ACI
8,-0.0008930463965758055,2026-10-01,ACI
9,-0.002218030801890473,2026-10-01,ACI
10,0.002830971816479076,2026-10-01,ACI
11,-0.004727707656508555,2026-10-01,ACI
12,0.004271470118271249,2026-10-01,ACI
13,0.0058759789699113375,2026-10-01,ACI
14,0.006993508533399336,2026-10-01,ACI
1,0.0011180650811333272,2026-10-01,ACMR
2,0.004523874724352079,2026-10-01,ACMR
3,-0.005995602376907552,2026-10-01,ACMR
4,-0.000919903166472748,2026-10-01,ACMR
5,-0.004959101752391479,2026-10-01,ACMR
6,-0.0016730336947268856,2026-10-01,ACMR
7,-0.0005741874694768288,2026-10-01,ACMR
8,0.004143695439393559,2026-10-01,ACMR
9,0.0014002359549846694,2026-10-01,ACMR
10,0.0024020399119393334,2026-10-01,ACMR
11,0.0010088244062670102,2026-10-01,ACMR
12,0.0040211247780427145,2026-10-01,ACMR
13,0.007030496216342277,2026-10-01,ACMR
14,0.003955983934368026,2026-10-01,ACMR
1,0.000125700750349926,2026-10-01,ACN
2,-0.0011910833736866499,2026-10-01,ACN
3,0.002390344568079968,2026-10-01,ACN
4,0.00285429318505879,2026-10-01,ACN
5,0.0006551175264929109,2026-10-01,ACN
6,0.0042900552800371975,2026-10-01,ACN
7,0.0038828107800562297,2026-10-01,ACN
8,0.00026273326965322647,2026-10-01,ACN
9,0.0026021844310544656,2026-10-01,ACN
10,-0.000272759385736156,2026-10-01,ACN
11,0.0010832992541712685,2026-10-01,ACN
12,0.0052461892604550526,2026-10-01,ACN
13,0.005186980209399992,2026-10-01,ACN
14,0.0028527526536724886,2026-10-01,ACN
1,0.0014948245644372333,2026-10-01,ACVA
2,-0.0016465813672686092,2026-10-01,ACVA
3,-0.0069893817254041484,2026-10-01,ACVA
4,-0.003384826415086411,2026-10-01,ACVA
5,-0.006400341224702581,2026-10-01,ACVA
6,0.0030787503808699886,2026-10-01,ACVA
7,0.003887990366014829,2026-10-01,ACVA
8,0.0012582773659680305,2026-10-01,ACVA
9,0.005701505673255758,2026-10-01,ACVA
10,0.010246359611634035,2026-10-01,ACVA
11,-0.00122165007245477,2026-10-01,ACVA
12,0.0035985422910114924,2026-10-01,ACVA
13,0.007355258046398844,2026-10-01,ACVA
14,0.00995825443329153,2026-10-01,ACVA
1,0.000843602846018047,2026-10-01,ADBE
2,0.0006855860159449039,2026-10-01,ADBE
3,0.0012094091716508902,2026-10-01,ADBE
4,0.00205717006511626,2026-10-01,ADBE
5,0.0032304243985614416,2026-10-01,ADBE
6,0.005285611071322485,2026-10-01,ADBE
7,0.002738233824696855,2026-10-01,ADBE
8,-0.0003795525583044056,2026-10-01,ADBE
9,0.002475048398146096,2026-10-01,ADBE
10,-0.0025154667123210702,2026-10-01,ADBE
11,0.0002271811801934545,2026-10-01,ADBE
12,-0.0018286757061898873,2026-10-01,ADBE
13,0.004874444213123708,2026-10-01,ADBE
14,-0.0013368543175000447,2026-10-01,ADBE
1,0.0012121229559590792,2026-10-01,ADI
2,2.2855761523576122e-05,2026-10-01,ADI
3,0.001899562564363678,2026-10-01,ADI
4,0.0007086461092221837,2026-10-01,ADI
5,0.002669126672424783,2026-10-01,ADI
6,0.003708473134034384,2026-10-01,ADI
7,0.003102205355107262,2026-10-01,ADI
8,0.003413301287484148,2026-10-01,ADI
9,-0.002298810631984985,2026-10-01,ADI
10,-0.004400301609180124,2026-10-01,ADI
11,-0.002466681532920364,2026-10-01,ADI
12,0.0019039083099987237,2026-10-01,ADI
13,0.004251973281426058,2026-10-01,ADI
14,0.00011108433106904412,2026-10-01,ADI
1,-0.0009641652998744307,2026-10-01,ADM
2,-0.0005941358687886802,2026-10-01,ADM
3,0.003337519929676879,2026-10-01,ADM
4,-0.0019296506019022414,2026-10-01,ADM
5,-0.0009562017785516648,2026-10-01,ADM
6,-0.004662106647255874,2026-10-01,ADM
7,-0.003893140246259179,2026-10-01,ADM
8,0.002474323929598635,2026-10-01,ADM
9,-0.00417574311431061,2026-10-01,ADM
10,0.004760669928542856,2026-10-01,ADM
11,0.0002136931374810306,2026-10-01,ADM
12,-0.0009275971263671811,2026-10-01,ADM
13,-0.005737767952893112,2026-10-01,ADM
14,0.0006740125220084354,2026-10-01,ADM
1,0.0016513046019550081,2026-10-01,ADNT
2,0.004476060701816812,2026-10-01,ADNT
3,-0.004312152436932428,2026-10-01,ADNT
4,-0.0003322219115703109,2026-10-01,ADNT
5,-0.005109071740743078,2026-10-01,ADNT
6,-0.00255691562693796,2026-10-01,ADNT
7,-0.0010676482001465656,2026-10-01,ADNT
8,0.0013654899905810474,2026-10-01,ADNT
9,0.0014760493230852668,2026-10-01,ADNT
10,0.003187563406200648,2026-10-01,ADNT
11,-0.004307508617105837,2026-10-01,ADNT
12,0.0031831961671831463,2026-10-01,ADNT
13,0.012733142582989907,2026-10-01,ADNT
14,0.0042308575474849335,2026-10-01,ADNT
1,0.0007733903674067872,2026-10-01,ADP
2,0.0007030045611313561,2026-10-01,ADP
3,0.0012522342298874002,2026-10-01,ADP
4,0.0013495877931730717,2026-10-01,ADP
5,0.0020448685981589916,2026-10-01,ADP
6,0.004228204731669825,2026-10-01,ADP
7,0.002540971338221081,2026-10-01,ADP
8,0.0013390295370635506,2026-10-01,ADP
9,0.0018021925173130457,2026-10-01,ADP
10,-0.002919401964919624,2026-10-01,ADP
11,-0.001175249490984384,2026-10-01,ADP
12,-0.0017500500603241063,2026-10-01,ADP
13,0.003272571934414257,2026-10-01,ADP
14,-0.0008671443157186558,2026-10-01,ADP
1,-0.0007231731908911848,2026-10-01,ADSK
2,-0.0025300064816987226,2026-10-01,ADSK
3,0.0034155241039765653,2026-10-01,ADSK
4,-3.506370917395223e-05,2026-10-01,ADSK
5,0.0008916873111267551,2026-10-01,ADSK
6,-0.005020412910006055,2026-10-01,ADSK
7,-0.004453754734047703,2026-10-01,ADSK
8,0.0027562793431517647,2026-10-01,ADSK
9,-0.0013965379575892108,2026-10-01,ADSK
10,0.00018865946335841052,2026-10-01,ADSK
11,0.0006719341384001887,2026-10-01,ADSK
12,-0.0017792554807620547,2026-10-01,ADSK
13,-0.010462745571074144,2026-10-01,ADSK
14,-0.0005273831333403656,2026-10-01,ADSK
1,0.00038850921484117815,2026-10-01,ADT
2,0.004167151323848385,2026-10-01,ADT
3,-0.004073019733438035,2026-10-01,ADT
4,-0.002203070413569408,2026-10-01,ADT
5,-0.007159060210893064,2026-10-01,ADT
6,-0.0021161238165044493,2026-10-01,ADT
7,0.0013475598589717185,2026-10-01,ADT
8,-0.000262415417365423,2026-10-01,ADT
9,0.00010722639347677888,2026-10-01,ADT
10,0.0005265142901501066,2026-10-01,ADT
11,-0.005447975948321576,2026-10-01,ADT
12,0.0070187566109879565,2026-10-01,ADT
13,0.008352694656728017,2026-10-01,ADT
14,0.0065099248480572575,2026-10-01,ADT
1,-0.0003282834382329578,2026-10-01,AEE
2,-0.0012213958155848548,2026-10-01,AEE
3,0.003955862165041838,2026-10-01,AEE
4,-0.0016502939813313896,2026-10-01,AEE
5,-0.0001220846491275915,2026-10-01,AEE
6,-0.00454226557438642,2026-10-01,AEE
7,-0.004564135871045255,2026-10-01,AEE
8,0.0007937486045770086,2026-10-01,AEE
9,-0.0013811915825399546,2026-10-01,AEE
10,0.0029768879093835057,2026-10-01,AEE
11,0.0033968865681415134,2026-10-01,AEE
12,0.0004851098787040677,2026-10-01,AEE
13,-0.0060740045069863245,2026-10-01,AEE
14,-0.0029624108184690677,2026-10-01,AEE
1,0.00022922155277737004,2026-10-01,AEG
2,-0.0012705864812563854,2026-10-01,AEG
3,0.004091366933688862,2026-10-01,AEG
4,-0.00048476023405219097,2026-10-01,AEG
5,-0.002638240760670048,2026-10-01,AEG
6,-0.004960942495270533,2026-10-01,AEG
7,-0.004571518826618946,2026-10-01,AEG
8,0.004440758976281764,2026-10-01,AEG
9,-0.0012974459239291105,2026-10-01,AEG
10,0.0025026998748133313,2026-10-01,AEG
11,0.003059320927627081,2026-10-01,AEG
12,-0.0003195558040290111,2026-10-01,AEG
13,-0.008860030999724683,2026-10-01,AEG
14,0.0003348108025726746,2026-10-01,AEG
1,-0.00035716833634563775,2026-10-01,AEM
2,-0.0003494747592530277,2026-10-01,AEM
3,0.0035231476334463925,2026-10-01,AEM
4,0.0012599472031256183,2026-10-01,AEM
5,0.0021594142516018155,2026-10-01,AEM
6,-0.0027229360659190736,2026-10-01,AEM
7,-0.0013819209390307666,2026-10-01,AEM
8,0.0016570791004910416,2026-10-01,AEM
9,-0.005360403903711061,2026-10-01,AEM
10,0.0037275654871441522,2026-10-01,AEM
11,0.007386860422373761,2026-10-01,AEM
12,-0.0008724520712598536,2026-10-01,AEM
13,-0.006382135972534193,2026-10-01,AEM
14,-0.0020078155652851547,2026-10-01,AEM
1,0.0037706729451523736,2026-10-01,AEO
2,0.005863173313687004,2026-10-01,AEO
3,-0.0031692354991230895,2026-10-01,AEO
4,-0.0030215007871627316,2026-10-01,AEO
5,-0.0071521758814852955,2026-10-01,AEO
6,-0.0012338145982932567,2026-10-01,AEO
7,-0.0016333231731383796,2026-10-01,AEO
8,0.0012795445108072494,2026-10-01,AEO
9,-0.004780698234683726,2026-10-01,AEO
10,0.001543937530457154,2026-10-01,AEO
11,-0.006147937003437151,2026-10-01,AEO
12,0.00366441406478205,2026-10-01,AEO
13,0.0072045581981517075,2026-10-01,AEO
14,0.0069761367724436784,2026-10-01,AEO
1,-0.0014508289916252187,2026-10-01,AEP
2,-0.0009846823948007366,2026-10-01,AEP
3,0.004133100565952611,2026-10-01,AEP
4,-0.0017795119292325124,2026-10-01,AEP
5,-0.0008197081926445571,2026-10-01,AEP
6,-0.004791552415007551,2026-10-01,AEP
7,-0.0043943499776390145,2026-10-01,AEP
8,0.0013348481271270966,2026-10-01,AEP
9,-0.0006967273121711206,2026-10-01,AEP
10,0.003478635255198053,2026-10-01,AEP
11,0.0032774581157853856,2026-10-01,AEP
12,-0.0011113686693025166,2026-10-01,AEP
13,-0.006303613443295813,2026-10-01,AEP
14,-0.001283062851266781,2026-10-01,AEP
1,-0.0010213557553443641,2026-10-01,AER
2,-0.0012369630995901384,2026-10-01,AER
3,0.004536996230129853,2026-10-01,AER
4,-0.002221173945128959,2026-10-01,AER
5,-0.0029684868293841683,2026-10-01,AER
6,-0.0036068208493068806,2026-10-01,AER
7,-0.004899755395527538,2026-10-01,AER
8,0.0034178573700728797,2026-10-01,AER
9,-0.001292315392981196,2026-10-01,AER
10,0.0019665893692231195,2026-10-01,AER
11,0.004893168040386356,2026-10-01,AER
12,-0.000502992601797274,2026-10-01,AER
13,-0.0030958556802542117,2026-10-01,AER
14,-0.000548937186980884,2026-10-01,AER
1,0.00022114687425761956,2026-10-01,AES
2,0.00392835052077638,2026-10-01,AES
3,-0.0029744173540777103,2026-10-01,AES
4,-0.004751389491409418,2026-10-01,AES
5,-0.005018075524082793,2026-10-01,AES
6,-5.558088153659329e-06,2026-10-01,AES
7,0.0011525288450826253,2026-10-01,AES
8,0.006669676131461672,2026-10-01,AES
9,-0.0035456581547857868,2026-10-01,AES
10,0.005296331723050669,2026-10-01,AES
11,-0.00895685571592411,2026-10-01,AES
12,0.0005985272282164003,2026-10-01,AES
13,0.006214294713086509,2026-10-01,AES
14,0.003488557270435888,2026-10-01,AES
1,0.0019491907329337768,2026-10-01,AESI
2,0.0034269040045235045,2026-10-01,AESI
3,-0.0008155305881860788,2026-10-01,AESI
4,-0.0050382535365851395,2026-10-01,AESI
5,-0.0051033236409131376,2026-10-01,AESI
6,-0.0011102120918088836,2026-10-01,AESI
7,-0.002155882785110106,2026-10-01,AESI
8,1.6071832461097552e-05,2026-10-01,AESI
9,-0.0029767338088848667,2026-10-01,AESI
10,0.006097275141820023,2026-10-01,AESI
11,-0.0050243015251698496,2026-10-01,AESI
12,0.004225674068456236,2026-10-01,AESI
13,0.003807762828757719,2026-10-01,AESI
14,0.004681407967482659,2026-10-01,AESI
1,-0.0007690267422379003,2026-10-01,AFL
2,-0.0020923626428090507,2026-10-01,AFL
3,0.003854217517166803,2026-10-01,AFL
4,-0.001161512491208501,2026-10-01,AFL
5,-0.0033470520986447856,2026-10-01,AFL
6,-0.005589375442641439,2026-10-01,AFL
7,-0.004594861771380164,2026-10-01,AFL
8,0.0015622160362475943,2026-10-01,AFL
9,-0.0017547757886837033,2026-10-01,AFL
10,0.001868536241562126,2026-10-01,AFL
11,0.0025472591124139415,2026-10-01,AFL
12,0.0013638738682858005,2026-10-01,AFL
13,-0.00573448152513241,2026-10-01,AFL
14,-2.947616193013492e-06,2026-10-01,AFL
1,0.0010166673557618256,2026-10-01,AFRM
2,0.00564415472008376,2026-10-01,AFRM
3,-0.00037088771006059417,2026-10-01,AFRM
4,-0.0030837383059570895,2026-10-01,AFRM
5,-0.009895739190442666,2026-10-01,AFRM
6,-0.005864115471373649,2026-10-01,AFRM
7,-0.002305270495515734,2026-10-01,AFRM
8,0.0032511379816737296,2026-10-01,AFRM
9,-0.00025895561954524736,2026-10-01,AFRM
10,-0.0021132704875698968,2026-10-01,AFRM
11,-0.000895997558642179,2026-10-01,AFRM
12,0.002177414397931729,2026-10-01,AFRM
13,-0.004101476431693508,2026-10-01,AFRM
14,0.0035387838864535397,2026-10-01,AFRM
1,0.00173005314921539,2026-10-01,AG
2,0.006567884234706026,2026-10-01,AG
3,-0.0029820967768458438,2026-10-01,AG
4,-0.0002518700234104181,2026-10-01,AG
5,-0.0010286849970870097,2026-10-01,AG
6,0.001287711567209073,2026-10-01,AG
7,0.0010529940552813934,2026-10-01,AG
8,0.006445669083410343,2026-10-01,AG
9,0.004102362909435101,2026-10-01,AG
10,0.006802636203730973,2026-10-01,AG
11,-0.005675477966607808,2026-10-01,AG
12,0.004875522107355458,2026-10-01,AG
13,0.006292009290572548,2026-10-01,AG
14,0.008167164461558322,2026-10-01,AG
1,0.0012701963310848188,2026-10-01,AGCO
2,0.0032963596870412503,2026-10-01,AGCO
3,-0.005530745382053845,2026-10-01,AGCO
4,-0.003782738914765181,2026-10-01,AGCO
5,-0.005558940327455848,2026-10-01,AGCO
6,-0.0012429920918141924,2026-10-01,AGCO
7,-0.0012070552743309506,2026-10-01,AGCO
8,-0.0007941261549446862,2026-10-01,AGCO
9,-0.0021976159654065732,2026-10-01,AGCO
10,0.0015712092896004205,2026-10-01,AGCO
11,-0.0016711062586201163,2026-10-01,AGCO
12,0.006588601344145439,2026-10-01,AGCO
13,0.00094839337728305,2026-10-01,AGCO
14,0.0049339463260234355,2026-10-01,AGCO
1,0.0017903634380820566,2026-10-01,AGI
2,0.005532747565130607,2026-10-01,AGI
3,-0.003978981547193121,2026-10-01,AGI
4,5.118982117023177e-05,2026-10-01,AGI
5,-0.0016927029022141369,2026-10-01,AGI
6,-0.0007387343577386723,2026-10-01,AGI
7,0.0009103859045224342,2026-10-01,AGI
8,0.00886309119630697,2026-10-01,AGI
9,0.006202294111749817,2026-10-01,AGI
10,0.006463272732754268,2026-10-01,AGI
11,-0.004816914610632037,2026-10-01,AGI
12,0.006229382195128782,2026-10-01,AGI
13,0.004338948017825571,2026-10-01,AGI
14,0.009888004242579684,2026-10-01,AGI
1,0.00072752339240503,2026-10-01,AGIO
2,0.00247233052725037,2026-10-01,AGIO
3,-0.0016745875941863058,2026-10-01,AGIO
4,-0.0051563340032841545,2026-10-01,AGIO
5,-0.007488587887908036,2026-10-01,AGIO
6,-0.001512454655808415,2026-10-01,AGIO
7,0.00457070484740267,2026-10-01,AGIO
8,0.0012542583536443016,2026-10-01,AGIO
9,-0.005641915085570299,2026-10-01,AGIO
10,0.005048111704771199,2026-10-01,AGIO
11,-0.003402236766194431,2026-10-01,AGIO
12,0.004419826082830082,2026-10-01,AGIO
13,0.003716532660350694,2026-10-01,AGIO
14,0.010654789609492902,2026-10-01,AGIO
1,0.0010239345303892746,2026-10-01,AGL
2,0.005864360063653403,2026-10-01,AGL
3,-0.0037321620315444075,2026-10-01,AGL
4,-0.004992670695484136,2026-10-01,AGL
5,-0.0067100606911239995,2026-10-01,AGL
6,0.00032416107509876385,2026-10-01,AGL
7,-0.001282406965888229,2026-10-01,AGL
8,0.00349380069691989,2026-10-01,AGL
9,-0.002270997645695757,2026-10-01,AGL
10,0.0051778808556060705,2026-10-01,AGL
11,-0.012350882017764284,2026-10-01,AGL
12,0.005759446666522973,2026-10-01,AGL
13,0.0031021213298961653,2026-10-01,AGL
14,0.00922244942462104,2026-10-01,AGL
1,0.0026865076413688706,2026-10-01,AGNC
2,0.0037345599094977698,2026-10-01,AGNC
3,-0.003916985811718032,2026-10-01,AGNC
4,-0.0028874654482124954,2026-10-01,AGNC
5,-0.003965672622070067,2026-10-01,AGNC
6,0.0004903214032283014,2026-10-01,AGNC
7,-0.001796367133808896,2026-10-01,AGNC
8,0.0024886480106774693,2026-10-01,AGNC
9,0.0018090926655952425,2026-10-01,AGNC
10,-0.004125049682090384,2026-10-01,AGNC
11,-0.0007947425713354059,2026-10-01,AGNC
12,0.0006381940991767439,2026-10-01,AGNC
13,0.006190710082042597,2026-10-01,AGNC
14,0.004387533075769569,2026-10-01,AGNC
1,0.002083725173945664,2026-10-01,AHCO
2,0.005233037567561915,2026-10-01,AHCO
3,-0.002013525545548015,2026-10-01,AHCO
4,-0.002326805040921329,2026-10-01,AHCO
5,-0.008878092689289777,2026-10-01,AHCO
6,-0.006132644668268773,2026-10-01,AHCO
7,-0.0022437833321097534,2026-10-01,AHCO
8,0.005774734322891478,2026-10-01,AHCO
9,-0.0036882048553743873,2026-10-01,AHCO
10,0.007547593142116284,2026-10-01,AHCO
11,-0.0027329659227234883,2026-10-01,AHCO
12,1.513921967579915e-05,2026-10-01,AHCO
13,0.009881327349185703,2026-10-01,AHCO
14,0.008027220523499167,2026-10-01,AHCO
1,0.0012057535649673383,2026-10-01,AHR
2,0.004264887434478873,2026-10-01,AHR
3,-0.0036667779040274076,2026-10-01,AHR
4,-0.003573876803820018,2026-10-01,AHR
5,-0.005290591003588527,2026-10-01,AHR
6,-0.001583151885376918,2026-10-01,AHR
7,-0.0016026115762795992,2026-10-01,AHR
8,-0.0005818201034891955,2026-10-01,AHR
9,-0.0014553299349812797,2026-10-01,AHR
10,0.00044687950711406674,2026-10-01,AHR
11,-0.005617917297692822,2026-10-01,AHR
12,0.003630801128565071,2026-10-01,AHR
13,0.006208849094078073,2026-10-01,AHR
14,0.005469384231374873,2026-10-01,AHR
1,0.0009947366818149677,2026-10-01,AI
2,0.004558775411664851,2026-10-01,AI
3,-0.0025457137696207814,2026-10-01,AI
4,-0.001718668628635473,2026-10-01,AI
5,-0.005094490796935511,2026-10-01,AI
6,0.0003887584269469786,2026-10-01,AI
7,-0.002016550581703494,2026-10-01,AI
8,5.9645741318025306e-05,2026-10-01,AI
9,0.000591906493346496,2026-10-01,AI
10,0.0060965620270171965,2026-10-01,AI
11,-0.003548391619334286,2026-10-01,AI
12,0.0032028173678976994,2026-10-01,AI
13,0.0032644037131017703,2026-10-01,AI
14,0.007243234251852251,2026-10-01,AI
1,-0.000710668293264025,2026-10-01,AIG
2,-0.0013761280112563063,2026-10-01,AIG
3,0.002998937395692303,2026-10-01,AIG
4,-0.000980025918846027,2026-10-01,AIG
5,-0.00357293255729104,2026-10-01,AIG
6,-0.00444010816713493,2026-10-01,AIG
7,-0.003982078036566514,2026-10-01,AIG
8,0.0024544221935829317,2026-10-01,AIG
9,-0.0025977598514118393,2026-10-01,AIG
10,0.00028856605959693473,2026-10-01,AIG
11,0.0018773564315192272,2026-10-01,AIG
12,0.0013976530877325428,2026-10-01,AIG
13,-0.00673835424037583,2026-10-01,AIG
14,-0.0010438264787816672,2026-10-01,AIG
1,-1.8878257192050349e-06,2026-10-01,AJG
2,-0.0006220089287417474,2026-10-01,AJG
3,0.0009458350149241474,2026-10-01,AJG
4,0.002021749903222306,2026-10-01,AJG
5,0.0028375779686182568,2026-10-01,AJG
6,0.004320905160772146,2026-10-01,AJG
7,0.0037472136777695828,2026-10-01,AJG
8,-0.002248135745050566,2026-10-01,AJG
9,0.004606955113526826,2026-10-01,AJG
10,-0.001453293864672464,2026-10-01,AJG
11,0.0046984676562000375,2026-10-01,AJG
12,0.003566163961867211,2026-10-01,AJG
13,0.006108128500950158,2026-10-01,AJG
14,6.403826880815844e-05,2026-10-01,AJG
1,0.0017283799192644015,2026-10-01,AKAM
2,0.004649862562548304,2026-10-01,AKAM
3,0.0008431534030840564,2026-10-01,AKAM
4,-0.0013503704260843723,2026-10-01,AKAM
5,-0.0031161495894271945,2026-10-01,AKAM
6,-0.0023928957275718703,2026-10-01,AKAM
7,-0.00338066479161019,2026-10-01,AKAM
8,0.008150451695167366,2026-10-01,AKAM
9,0.00136677197751215,2026-10-01,AKAM
10,4.612040431224158e-05,2026-10-01,AKAM
11,-0.0061519724231821095,2026-10-01,AKAM
12,0.017571152819137677,2026-10-01,AKAM
13,0.002514730443769526,2026-10-01,AKAM
14,0.007046695372354723,2026-10-01,AKAM
1,0.0018113862123730732,2026-10-01,AKR
2,0.0037800724674907442,2026-10-01,AKR
3,-0.00527351776223605,2026-10-01,AKR
4,-0.0030148072256011324,2026-10-01,AKR
5,-0.005087074255809164,2026-10-01,AKR
6,0.0004994713381965079,2026-10-01,AKR
7,-0.0012830742198409206,2026-10-01,AKR
8,-0.003039780531365533,2026-10-01,AKR
9,-0.00023508242843509828,2026-10-01,AKR
10,-0.00249508971512389,2026-10-01,AKR
11,-0.004621196520358905,2026-10-01,AKR
12,0.000831359374062236,2026-10-01,AKR
13,0.0023365176229003005,2026-10-01,AKR
14,0.006602827614534581,2026-10-01,AKR
1,0.001408277809943801,2026-10-01,ALAB
2,0.007971411455710994,2026-10-01,ALAB
3,-0.0009874129970347978,2026-10-01,ALAB
4,-0.004195285003921717,2026-10-01,ALAB
5,-0.009577366358972213,2026-10-01,ALAB
6,-0.005443387171946694,2026-10-01,ALAB
7,-0.003438640784102159,2026-10-01,ALAB
8,-0.0003354233222655691,2026-10-01,ALAB
9,-0.0068479139004488584,2026-10-01,ALAB
10,0.006038607362577865,2026-10-01,ALAB
11,-0.007833316585381955,2026-10-01,ALAB
12,0.005616765983083919,2026-10-01,ALAB
13,0.0038740535519997555,2026-10-01,ALAB
14,0.0031112229033168556,2026-10-01,ALAB
1,0.0015716644259647732,2026-10-01,ALB
2,0.006275921326834334,2026-10-01,ALB
3,-0.005370637461680529,2026-10-01,ALB
4,-0.0059281504977364155,2026-10-01,ALB
5,-0.004559155812969246,2026-10-01,ALB
6,-0.003501366084487133,2026-10-01,ALB
7,-0.0025924503097369636,2026-10-01,ALB
8,-0.0014909764262207167,2026-10-01,ALB
9,0.00137063982872493,2026-10-01,ALB
10,0.004845502534421065,2026-10-01,ALB
11,-0.006331958937232762,2026-10-01,ALB
12,0.0037289623391407274,2026-10-01,ALB
13,0.0028259058034350417,2026-10-01,ALB
14,0.004523907120234989,2026-10-01,ALB
1,0.0016156912441074468,2026-10-01,ALGM
2,0.00930087516446848,2026-10-01,ALGM
3,-0.004308516977856004,2026-10-01,ALGM
4,-0.004030033621576089,2026-10-01,ALGM
5,-0.0063250313511683245,2026-10-01,ALGM
6,-0.0017192782490967555,2026-10-01,ALGM
7,-0.0016336940243059906,2026-10-01,ALGM
8,-0.0009500993629062759,2026-10-01,ALGM
9,-0.013463602195003333,2026-10-01,ALGM
10,0.005841927645820383,2026-10-01,ALGM
11,-0.006766060072150515,2026-10-01,ALGM
12,0.005225450608953587,2026-10-01,ALGM
13,0.004645997518049704,2026-10-01,ALGM
14,0.00805475953340843,2026-10-01,ALGM
1,-0.00012480876364825616,2026-10-01,ALGN
2,-0.0004278091583379841,2026-10-01,ALGN
3,0.003655347116045843,2026-10-01,ALGN
4,-0.0042165492967966055,2026-10-01,ALGN
5,-0.0007962482309922846,2026-10-01,ALGN
6,-0.004263285253668669,2026-10-01,ALGN
7,-0.004150438285158283,2026-10-01,ALGN
8,0.002126361045120716,2026-10-01,ALGN
9,-0.0031421308126609562,2026-10-01,ALGN
10,0.003404161140490692,2026-10-01,ALGN
11,0.001940682619412528,2026-10-01,ALGN
12,-0.0006486212702140473,2026-10-01,ALGN
13,-0.008685239087242643,2026-10-01,ALGN
14,-0.00381347786683804,2026-10-01,ALGN
1,0.000853203760016151,2026-10-01,ALHC
2,0.00716793772860494,2026-10-01,ALHC
3,-0.002296750069386436,2026-10-01,ALHC
4,0.0028212880597865094,2026-10-01,ALHC
5,-0.006418766937957263,2026-10-01,ALHC
6,-0.004583726108549728,2026-10-01,ALHC
7,-0.0019183328329055408,2026-10-01,ALHC
8,-0.0028406232956580918,2026-10-01,ALHC
9,-0.0019831086904021343,2026-10-01,ALHC
10,0.0068514578038978095,2026-10-01,ALHC
11,-0.010725005282104289,2026-10-01,ALHC
12,0.010849635972604452,2026-10-01,ALHC
13,0.0013285907715897367,2026-10-01,ALHC
14,0.014389454245623916,2026-10-01,ALHC
1,0.0012606997161817089,2026-10-01,ALIT
2,0.0035511344837629326,2026-10-01,ALIT
3,-0.00041488818439149727,2026-10-01,ALIT
4,0.0012919929386990797,2026-10-01,ALIT
5,-0.012499141025627965,2026-10-01,ALIT
6,-0.0058369970099263115,2026-10-01,ALIT
7,-0.003278118793294204,2026-10-01,ALIT
8,-0.0015537306364710882,2026-10-01,ALIT
9,0.0006595003738078866,2026-10-01,ALIT
10,0.0044336650916953725,2026-10-01,ALIT
11,-0.006725398959968723,2026-10-01,ALIT
12,0.007452690444011638,2026-10-01,ALIT
13,0.0057376596658111215,2026-10-01,ALIT
14,0.010735468802664672,2026-10-01,ALIT
1,0.0026783935207073247,2026-10-01,ALK
2,0.005834616295873153,2026-10-01,ALK
3,-0.004639928748212445,2026-10-01,ALK
4,-0.0023953328014731027,2026-10-01,ALK
5,-0.0040709391924688,2026-10-01,ALK
6,0.0005230619181328942,2026-10-01,ALK
7,0.0008377024126494045,2026-10-01,ALK
8,-0.0027138538453670554,2026-10-01,ALK
9,-0.0033275869243711274,2026-10-01,ALK
10,-0.0021950047366143853,2026-10-01,ALK
11,0.00019032212700335522,2026-10-01,ALK
12,0.002601594852835792,2026-10-01,ALK
13,0.0025079220704217185,2026-10-01,ALK
14,0.006083614668581968,2026-10-01,ALK
1,0.0011651794620530839,2026-10-01,ALKS
2,0.0036270783307280744,2026-10-01,ALKS
3,-0.0024164011308771016,2026-10-01,ALKS
4,-0.0016785599215180266,2026-10-01,ALKS
5,-0.004902479013100225,2026-10-01,ALKS
6,0.0009323927312467349,2026-10-01,ALKS
7,0.0016747736793634156,2026-10-01,ALKS
8,0.0008506762173148165,2026-10-01,ALKS
9,-0.0018465789462139368,2026-10-01,ALKS
10,0.0011790564634505919,2026-10-01,ALKS
11,-0.004954214924982148,2026-10-01,ALKS
12,0.00611307000538898,2026-10-01,ALKS
13,0.00030902029522786794,2026-10-01,ALKS
14,0.008765918665621745,2026-10-01,ALKS
1,-0.0013790972640363396,2026-10-01,ALL
2,-0.0013807527351417164,2026-10-01,ALL
3,0.005574111854137405,2026-10-01,ALL
4,-0.0005175681128895443,2026-10-01,ALL
5,-0.0015457696749955347,2026-10-01,ALL
6,-0.003854617251015976,2026-10-01,ALL
7,-0.00268947359037552,2026-10-01,ALL
8,0.000988102265148704,2026-10-01,ALL
9,-0.0024031696313007596,2026-10-01,ALL
10,0.003313945304904077,2026-10-01,ALL
11,0.0025630355557226103,2026-10-01,ALL
12,-0.0018959759144798892,2026-10-01,ALL
13,-0.007258446489161142,2026-10-01,ALL
14,-8.882375262423809e-05,2026-10-01,ALL
1,0.001779886065509621,2026-10-01,ALLY
2,0.0032276592759061563,2026-10-01,ALLY
3,-0.0034968845829665266,2026-10-01,ALLY
4,-0.004362798720518195,2026-10-01,ALLY
5,-0.00523744247443109,2026-10-01,ALLY
6,-0.001204542862368938,2026-10-01,ALLY
7,-0.0022016664106746663,2026-10-01,ALLY
8,0.0016385612427393538,2026-10-01,ALLY
9,0.0017990471912216973,2026-10-01,ALLY
10,-0.0019341652728206808,2026-10-01,ALLY
11,-0.0029699175985548436,2026-10-01,ALLY
12,0.0027625695815598392,2026-10-01,ALLY
13,0.004137658189738922,2026-10-01,ALLY
14,0.004224172584535751,2026-10-01,ALLY
1,0.001189056540887452,2026-10-01,ALV
2,0.0036776687974286954,2026-10-01,ALV
3,-0.004935152690911689,2026-10-01,ALV
4,-0.001787438443957507,2026-10-01,ALV
5,-0.00532760670239046,2026-10-01,ALV
6,-0.0021963959671194985,2026-10-01,ALV
7,-0.003089345842163546,2026-10-01,ALV
8,0.0011379657265603018,2026-10-01,ALV
9,-0.0036270217909943297,2026-10-01,ALV
10,0.003222821780993478,2026-10-01,ALV
11,-0.004489743773656678,2026-10-01,ALV
12,0.007125657184866798,2026-10-01,ALV
13,0.00918349193104606,2026-10-01,ALV
14,0.0062443881865014966,2026-10-01,ALV
1,0.0013758279251652862,2026-10-01,AM
2,0.0036707098944554766,2026-10-01,AM
3,-0.0059985259095288145,2026-10-01,AM
4,-0.0010617459379925133,2026-10-01,AM
5,-0.0074594099699866155,2026-10-01,AM
6,-0.0011829690384485888,2026-10-01,AM
7,-0.0012747533219634483,2026-10-01,AM
8,0.004451541485485552,2026-10-01,AM
9,0.0006553260926485104,2026-10-01,AM
10,0.0019065694578854267,2026-10-01,AM
11,-0.008292967675386599,2026-10-01,AM
12,0.0005526716360192526,2026-10-01,AM
13,0.009056662218030634,2026-10-01,AM
14,0.011519932626810923,2026-10-01,AM
1,0.0005859406356867966,2026-10-01,AMAT
2,0.0004650759850777706,2026-10-01,AMAT
3,0.0030060027643611644,2026-10-01,AMAT
4,0.000879447344329189,2026-10-01,AMAT
5,0.002927558403761325,2026-10-01,AMAT
6,0.0031902079048265804,2026-10-01,AMAT
7,0.0038280243213165174,2026-10-01,AMAT
8,-0.0006826152159404723,2026-10-01,AMAT
9,0.0010121721629481296,2026-10-01,AMAT
10,-0.0012872209420572457,2026-10-01,AMAT
11,0.003104779783082577,2026-10-01,AMAT
12,0.005371758879606351,2026-10-01,AMAT
13,0.0043716298044344645,2026-10-01,AMAT
14,-0.001286872985900088,2026-10-01,AMAT
1,0.0021161745099112193,2026-10-01,AMBP
2,0.004310685223440465,2026-10-01,AMBP
3,-0.0007595167919627316,2026-10-01,AMBP
4,-0.0030347925662533447,2026-10-01,AMBP
5,-0.006291515061622404,2026-10-01,AMBP
6,-0.003147516567190798,2026-10-01,AMBP
7,0.002930182247171018,2026-10-01,AMBP
8,0.0022498879139950393,2026-10-01,AMBP
9,-0.0022157930786781167,2026-10-01,AMBP
10,0.0011813448435608865,2026-10-01,AMBP
11,-0.006530012669095966,2026-10-01,AMBP
12,0.0034428447816428464,2026-10-01,AMBP
13,0.003356003711365196,2026-10-01,AMBP
14,0.011282887501575434,2026-10-01,AMBP
1,0.0018369188870549953,2026-10-01,AMCR
2,0.005219521407401978,2026-10-01,AMCR
3,-0.0032350199972057624,2026-10-01,AMCR
4,-0.002953097628952325,2026-10-01,AMCR
5,-0.005389976473074889,2026-10-01,AMCR
6,-0.0013996772406180116,2026-10-01,AMCR
7,0.00027639600444342993,2026-10-01,AMCR
8,-0.000448743941887262,2026-10-01,AMCR
9,-0.0027741617307996324,2026-10-01,AMCR
10,-0.0006686800246386206,2026-10-01,AMCR
11,-0.002659296758793662,2026-10-01,AMCR
12,0.0025770337084997847,2026-10-01,AMCR
13,0.005804156979118088,2026-10-01,AMCR
14,0.006149675804053063,2026-10-01,AMCR
1,0.0013419169910054655,2026-10-01,AMD
2,-4.4224481062880564e-06,2026-10-01,AMD
3,0.002732916036343726,2026-10-01,AMD
4,0.0007176912364911914,2026-10-01,AMD
5,0.002987272023395334,2026-10-01,AMD
6,0.004237789128164155,2026-10-01,AMD
7,0.002084729906293398,2026-10-01,AMD
8,0.0034127330164331494,2026-10-01,AMD
9,-0.0007145876358864038,2026-10-01,AMD
10,-0.004137516403803464,2026-10-01,AMD
11,-0.0038426622984651967,2026-10-01,AMD
12,0.001064416125178648,2026-10-01,AMD
13,0.005010484337552449,2026-10-01,AMD
14,-0.0002552776014138141,2026-10-01,AMD
1,-0.001569367258213117,2026-10-01,AME
2,-0.0011553844190615487,2026-10-01,AME
3,0.004330765160881419,2026-10-01,AME
4,0.0009597350260005477,2026-10-01,AME
5,-0.0017261058625182507,2026-10-01,AME
6,-0.0035953518906167397,2026-10-01,AME
7,-0.0024490121413903577,2026-10-01,AME
8,0.0011486918286000478,2026-10-01,AME
9,-0.002024027177495419,2026-10-01,AME
10,0.0013034272329334703,2026-10-01,AME
11,0.0031433556950765376,2026-10-01,AME
12,-0.002671302642150644,2026-10-01,AME
13,-0.006637038089830733,2026-10-01,AME
14,-0.0026516875632493185,2026-10-01,AME
1,0.0006344497115226204,2026-10-01,AMGN
2,-2.1981694401967024e-05,2026-10-01,AMGN
3,0.0022369733322931554,2026-10-01,AMGN
4,0.0010203367371257586,2026-10-01,AMGN
5,0.0027864286923434474,2026-10-01,AMGN
6,0.0036439731909856093,2026-10-01,AMGN
7,0.003396873817614346,2026-10-01,AMGN
8,-0.0020536079651997494,2026-10-01,AMGN
9,0.005365017744947867,2026-10-01,AMGN
10,-0.002473464224529826,2026-10-01,AMGN
11,0.0065944756326029785,2026-10-01,AMGN
12,0.0035666121157139053,2026-10-01,AMGN
13,0.0063560478862478625,2026-10-01,AMGN
14,0.0007927809416057547,2026-10-01,AMGN
1,0.003182298399062543,2026-10-01,AMH
2,0.002758339871409168,2026-10-01,AMH
3,-0.0027981646575698854,2026-10-01,AMH
4,-0.0017489552513735979,2026-10-01,AMH
5,-0.004566066979010706,2026-10-01,AMH
6,0.00026822166387122624,2026-10-01,AMH
7,-0.001877422445890813,2026-10-01,AMH
8,0.0013759619870953382,2026-10-01,AMH
9,0.0003945859362061633,2026-10-01,AMH
10,-0.005115744175468907,2026-10-01,AMH
11,-0.00047935503877754253,2026-10-01,AMH
12,0.0014087420168074725,2026-10-01,AMH
13,0.007380755800414041,2026-10-01,AMH
14,0.0033696413923689416,2026-10-01,AMH
1,0.0026014182119814384,2026-10-01,AMKR
2,0.009412594476766373,2026-10-01,AMKR
3,-0.003609158336644597,2026-10-01,AMKR
4,-0.005988359699667191,2026-10-01,AMKR
5,-0.007333929223540458,2026-10-01,AMKR
6,-0.002728221362650518,2026-10-01,AMKR
7,-0.0021309299767853633,2026-10-01,AMKR
8,-0.002095750214098033,2026-10-01,AMKR
9,-0.003204918449833264,2026-10-01,AMKR
10,0.008083972486305456,2026-10-01,AMKR
11,-0.008027476852959091,2026-10-01,AMKR
12,0.00511194912981458,2026-10-01,AMKR
13,0.002270899347388926,2026-10-01,AMKR
14,0.009456934263753332,2026-10-01,AMKR
1,0.0011102644934694655,2026-10-01,AMN
2,0.002204317488372886,2026-10-01,AMN
3,-0.0042243166586288594,2026-10-01,AMN
4,-0.0026383555288247303,2026-10-01,AMN
5,-0.009105521030942853,2026-10-01,AMN
6,-0.0012118188815510645,2026-10-01,AMN
7,-0.003743337259867419,2026-10-01,AMN
8,-0.0002851927073459769,2026-10-01,AMN
9,-0.007713647606450654,2026-10-01,AMN
10,0.0012577658452331173,2026-10-01,AMN
11,-0.005230433467041671,2026-10-01,AMN
12,0.005202490449676713,2026-10-01,AMN
13,0.0028642871213107783,2026-10-01,AMN
14,0.006689315058810815,2026-10-01,AMN
1,0.0003755394011075349,2026-10-01,AMT
2,-0.0004172242030141686,2026-10-01,AMT
3,0.0006782743084423343,2026-10-01,AMT
4,0.0009536725630185048,2026-10-01,AMT
5,0.0011567977793146026,2026-10-01,AMT
6,0.0048279987681289676,2026-10-01,AMT
7,0.004136411748333052,2026-10-01,AMT
8,0.0014592481363758978,2026-10-01,AMT
9,0.003523728996895279,2026-10-01,AMT
10,-0.0010324810862924398,2026-10-01,AMT
11,0.004432806827249637,2026-10-01,AMT
12,0.006054229685322053,2026-10-01,AMT
13,0.003950528141359063,2026-10-01,AMT
14,-0.0005759684557398578,2026-10-01,AMT
1,-0.00013152759509595858,2026-10-01,AMX
2,-1.114105501807394e-05,2026-10-01,AMX
3,0.0005255853355887279,2026-10-01,AMX
4,0.001512433037177413,2026-10-01,AMX
5,0.003194546928286107,2026-10-01,AMX
6,0.0027062436775372365,2026-10-01,AMX
7,0.0026850256111375175,2026-10-01,AMX
8,0.000993261730175768,2026-10-01,AMX
9,0.005230077137576397,2026-10-01,AMX
10,-0.0011947409866655172,2026-10-01,AMX
11,0.003949918080395713,2026-10-01,AMX
12,0.005045364855959005,2026-10-01,AMX
13,0.005381816519440351,2026-10-01,AMX
14,0.0012402446192803182,2026-10-01,AMX
1,0.001140355749670152,2026-10-01,AMZN
2,0.0020587283253246423,2026-10-01,AMZN
3,0.0014896530038237463,2026-10-01,AMZN
4,0.0004825907698561344,2026-10-01,AMZN
5,0.0017078487065299464,2026-10-01,AMZN
6,0.0050977504459920765,2026-10-01,AMZN
7,0.004828621287858604,2026-10-01,AMZN
8,0.003448490592605314,2026-10-01,AMZN
9,0.0030338590735007344,2026-10-01,AMZN
10,0.003395184349779207,2026-10-01,AMZN
11,0.0008759146674855719,2026-10-01,AMZN
12,0.004396970775780047,2026-10-01,AMZN
13,0.00830307789255221,2026-10-01,AMZN
14,-0.0006886166365648286,2026-10-01,AMZN
1,0.0005419781415094187,2026-10-01,ANET
2,2.418881912742308e-05,2026-10-01,ANET
3,0.001465141208537983,2026-10-01,ANET
4,0.000563261988822372,2026-10-01,ANET
5,0.003059474625947673,2026-10-01,ANET
6,0.004949600081749387,2026-10-01,ANET
7,0.003016745736204907,2026-10-01,ANET
8,-0.0010204426356529945,2026-10-01,ANET
9,0.0004149725177746887,2026-10-01,ANET
10,-0.0008810091606129357,2026-10-01,ANET
11,0.0015303084286187308,2026-10-01,ANET
12,0.004498167926443521,2026-10-01,ANET
13,0.004029131862826735,2026-10-01,ANET
14,0.0004990974940729964,2026-10-01,ANET
1,0.002598020438522305,2026-10-01,ANF
2,0.004270324099223095,2026-10-01,ANF
3,-0.005391215867741432,2026-10-01,ANF
4,-0.0032544995403306536,2026-10-01,ANF
5,-0.005217174200441471,2026-10-01,ANF
6,-0.001044290863085075,2026-10-01,ANF
7,-0.0030553417905187876,2026-10-01,ANF
8,0.0010117541268982954,2026-10-01,ANF
9,-0.002972584036977061,2026-10-01,ANF
10,-0.00031842305492206925,2026-10-01,ANF
11,-0.00428684839946896,2026-10-01,ANF
12,0.0029453239304080936,2026-10-01,ANF
13,0.0024053615596897567,2026-10-01,ANF
14,0.001924493626523355,2026-10-01,ANF
1,0.00018288785571333083,2026-10-01,AON
2,-0.0011594719651153492,2026-10-01,AON
3,0.0011417971648360887,2026-10-01,AON
4,0.001415590626686411,2026-10-01,AON
5,0.0017457401488803314,2026-10-01,AON
6,0.004506509320599582,2026-10-01,AON
7,0.004266486485065253,2026-10-01,AON
8,-0.0034412979746794056,2026-10-01,AON
9,0.005030245294980517,2026-10-01,AON
10,-0.0018469404553694755,2026-10-01,AON
11,0.0035367324297914523,2026-10-01,AON
12,0.0038760352795471765,2026-10-01,AON
13,0.006330197685574441,2026-10-01,AON
14,-0.0008295264946775712,2026-10-01,AON
1,-0.0014798802091798783,2026-10-01,APA
2,-0.0003942584804594035,2026-10-01,APA
3,0.0024468216637665305,2026-10-01,APA
4,-0.002518458890574408,2026-10-01,APA
5,-0.001252912351544282,2026-10-01,APA
6,-0.004263235316208271,2026-10-01,APA
7,-0.004794443103512707,2026-10-01,APA
8,0.0006749887641704847,2026-10-01,APA
9,-0.003352850682119936,2026-10-01,APA
10,0.0011503882054824343,2026-10-01,APA
11,0.0020027606762380856,2026-10-01,APA
12,0.0015059434654653332,2026-10-01,APA
13,-0.005595347851396632,2026-10-01,APA
14,-0.0023454258942545983,2026-10-01,APA
1,0.0009907247491757329,2026-10-01,APD
2,-0.0007692103228319983,2026-10-01,APD
3,-0.0019866744515934947,2026-10-01,APD
4,0.0009389544211190975,2026-10-01,APD
5,0.002387993379454412,2026-10-01,APD
6,0.0030314539649018203,2026-10-01,APD
7,0.00468637121913083,2026-10-01,APD
8,-0.0005889955278449788,2026-10-01,APD
9,0.0049704424015278225,2026-10-01,APD
10,-0.003812497116730889,2026-10-01,APD
11,0.004513780745876629,2026-10-01,APD
12,0.0034728319261213073,2026-10-01,APD
13,0.0038990213971439344,2026-10-01,APD
14,0.0014521499040817238,2026-10-01,APD
1,0.0013735556297673804,2026-10-01,APG
2,0.0029721334810026948,2026-10-01,APG
3,-0.0032842621103758426,2026-10-01,APG
4,-0.005084682274011376,2026-10-01,APG
5,-0.006461209353828409,2026-10-01,APG
6,0.00122465360154045,2026-10-01,APG
7,-0.00012205216025603631,2026-10-01,APG
8,-0.0015240821501807393,2026-10-01,APG
9,-0.0012805536642287161,2026-10-01,APG
10,0.005386529839972184,2026-10-01,APG
11,-0.003652505398398455,2026-10-01,APG
12,0.001906062567964077,2026-10-01,APG
13,0.00470818503079309,2026-10-01,APG
14,0.0068739486779504505,2026-10-01,APG
1,0.0005325813284750895,2026-10-01,APH
2,0.00015254758602178636,2026-10-01,APH
3,0.0008968773519230067,2026-10-01,APH
4,0.0002967903470424844,2026-10-01,APH
5,0.002287983632237213,2026-10-01,APH
6,0.003541306783517624,2026-10-01,APH
7,0.002717553585050215,2026-10-01,APH
8,0.00035126856502696316,2026-10-01,APH
9,0.0031619798392121257,2026-10-01,APH
10,-0.002093317970973138,2026-10-01,APH
11,0.0018104300099451545,2026-10-01,APH
12,0.005467518922015413,2026-10-01,APH
13,0.00567568298798575,2026-10-01,APH
14,0.0017677729674084027,2026-10-01,APH
1,0.0010017145223834643,2026-10-01,APLD
2,0.006610504639301178,2026-10-01,APLD
3,-0.00022310836890376872,2026-10-01,APLD
4,-0.001958328141225516,2026-10-01,APLD
5,-0.003412542513579628,2026-10-01,APLD
6,-0.003288015106454176,2026-10-01,APLD
7,-0.0015881050181345245,2026-10-01,APLD
8,0.004673669905655311,2026-10-01,APLD
9,0.0002720115891852188,2026-10-01,APLD
10,0.004790399695228707,2026-10-01,APLD
11,-0.009382903959151045,2026-10-01,APLD
12,0.0072068850367585455,2026-10-01,APLD
13,0.002484959322312863,2026-10-01,APLD
14,0.010990587648871133,2026-10-01,APLD
1,0.0008597551199809745,2026-10-01,APLE
2,0.004638673416133377,2026-10-01,APLE
3,-0.003392852628612445,2026-10-01,APLE
4,-0.002652838156996326,2026-10-01,APLE
5,-0.004991304284978684,2026-10-01,APLE
6,-0.0006210574124115377,2026-10-01,APLE
7,-0.0029191327693813777,2026-10-01,APLE
8,0.0008194075026659552,2026-10-01,APLE
9,-0.00033823426156463836,2026-10-01,APLE
10,0.002365709410034815,2026-10-01,APLE
11,-0.0061657995059116524,2026-10-01,APLE
12,0.0012531136679137726,2026-10-01,APLE
13,0.006469348147018551,2026-10-01,APLE
14,0.004610270598309218,2026-10-01,APLE
1,0.0011114625731054705,2026-10-01,APO
2,0.00041639598287634153,2026-10-01,APO
3,0.0012088231905343894,2026-10-01,APO
4,0.0007828996787659654,2026-10-01,APO
5,0.00284611510754591,2026-10-01,APO
6,0.004307568502381119,2026-10-01,APO
7,0.0036140798998188883,2026-10-01,APO
8,0.0019101389702793038,2026-10-01,APO
9,0.004666530973080428,2026-10-01,APO
10,-0.0018734148123856092,2026-10-01,APO
11,0.007871121722220507,2026-10-01,APO
12,0.006262246473684669,2026-10-01,APO
13,0.005251920009675064,2026-10-01,APO
14,-0.00022632837874673136,2026-10-01,APO
1,-0.00046476485571560726,2026-10-01,APP
2,-0.0028545730908256057,2026-10-01,APP
3,0.002901647355976808,2026-10-01,APP
4,-0.002132845380553476,2026-10-01,APP
5,-0.0002885627718378415,2026-10-01,APP
6,-0.003031209008043902,2026-10-01,APP
7,-0.005088223533048545,2026-10-01,APP
8,0.0027434370784398567,2026-10-01,APP
9,-0.0027182534616197415,2026-10-01,APP
10,0.0022090637072866947,2026-10-01,APP
11,0.003816383899283485,2026-10-01,APP
12,-0.0025053299079846754,2026-10-01,APP
13,-0.005293269880028381,2026-10-01,APP
14,-0.002866085547644614,2026-10-01,APP
1,-0.002386345820235002,2026-10-01,APTV
2,-0.0024009019632303934,2026-10-01,APTV
3,0.002784080952764829,2026-10-01,APTV
4,-0.0012318542325112762,2026-10-01,APTV
5,-0.002769391487621104,2026-10-01,APTV
6,-0.004374239512262105,2026-10-01,APTV
7,-0.0019924890601325093,2026-10-01,APTV
8,0.0006863569118833922,2026-10-01,APTV
9,-0.0018932335538636507,2026-10-01,APTV
10,0.002705254759168323,2026-10-01,APTV
11,0.0003418837492853878,2026-10-01,APTV
12,0.00031725424870505405,2026-10-01,APTV
13,-0.006678715187920371,2026-10-01,APTV
14,-0.0007482840582241168,2026-10-01,APTV
1,0.002093256916649817,2026-10-01,AQN
2,0.0037178628478935277,2026-10-01,AQN
3,-0.0038930453549648114,2026-10-01,AQN
4,-0.005645176487010409,2026-10-01,AQN
5,-0.008968655513116607,2026-10-01,AQN
6,-0.002915721956799279,2026-10-01,AQN
7,-0.0010677132436290781,2026-10-01,AQN
8,-0.0001590052620039458,2026-10-01,AQN
9,-0.001512230253796054,2026-10-01,AQN
10,0.0014247599421147688,2026-10-01,AQN
11,-0.005507763429801658,2026-10-01,AQN
12,-0.0009378601677204729,2026-10-01,AQN
13,0.006506040886077412,2026-10-01,AQN
14,0.006710789881064822,2026-10-01,AQN
1,0.001523356030003313,2026-10-01,AR
2,0.004028297439178342,2026-10-01,AR
3,-0.002690029775747592,2026-10-01,AR
4,-0.0018754774978148611,2026-10-01,AR
5,-0.005633614791278184,2026-10-01,AR
6,-0.0008450340442927117,2026-10-01,AR
7,-0.0014884829829275867,2026-10-01,AR
8,-0.0005212644456591406,2026-10-01,AR
9,0.0007445577127235406,2026-10-01,AR
10,0.0024411679277185484,2026-10-01,AR
11,-0.003801591389629026,2026-10-01,AR
12,0.002489561813623445,2026-10-01,AR
13,0.003311134917712939,2026-10-01,AR
14,0.006374113411985855,2026-10-01,AR
1,0.00237955180837526,2026-10-01,ARCC
2,0.003780993539493874,2026-10-01,ARCC
3,-0.0018565181165539895,2026-10-01,ARCC
4,-0.00488815789237902,2026-10-01,ARCC
5,-0.004900728181373662,2026-10-01,ARCC
6,0.0001784726714065949,2026-10-01,ARCC
7,-6.858679792988604e-07,2026-10-01,ARCC
8,0.002923322972162155,2026-10-01,ARCC
9,-0.001454436068068871,2026-10-01,ARCC
10,0.0035148186365203567,2026-10-01,ARCC
11,-0.005982707615953949,2026-10-01,ARCC
12,0.0013897512239031135,2026-10-01,ARCC
13,0.006671935640535913,2026-10-01,ARCC
14,0.011331794456148986,2026-10-01,ARCC
1,0.001487486627126583,2026-10-01,ARCO
2,0.004584819016476009,2026-10-01,ARCO
3,-0.002463264728638232,2026-10-01,ARCO
4,-0.0027450552504058624,2026-10-01,ARCO
5,-0.007250412274450117,2026-10-01,ARCO
6,-0.002061489324026677,2026-10-01,ARCO
7,-0.0032465712825256693,2026-10-01,ARCO
8,0.0018737653773530534,2026-10-01,ARCO
9,0.00033024549020789035,2026-10-01,ARCO
10,-0.0013407415318540403,2026-10-01,ARCO
11,-0.005546253491620703,2026-10-01,ARCO
12,0.0029118853538133514,2026-10-01,ARCO
13,0.008074729691406385,2026-10-01,ARCO
14,0.00467858140506706,2026-10-01,ARCO
1,0.0011838274582368117,2026-10-01,ARDX
2,0.0037658669274747056,2026-10-01,ARDX
3,-0.0021717529583362713,2026-10-01,ARDX
4,-0.0026464931007209383,2026-10-01,ARDX
5,-0.0033742260622070426,2026-10-01,ARDX
6,0.0013280826467990277,2026-10-01,ARDX
7,0.0013609178477497247,2026-10-01,ARDX
8,0.0013253552375929259,2026-10-01,ARDX
9,-0.0013279250891345784,2026-10-01,ARDX
10,0.0023163335866661816,2026-10-01,ARDX
11,0.002369351567629955,2026-10-01,ARDX
12,0.001104720022570629,2026-10-01,ARDX
13,0.0031560666196638366,2026-10-01,ARDX
14,0.0104791587659613,2026-10-01,ARDX
1,-0.0004534229937913209,2026-10-01,ARE
2,-9.843532269778633e-05,2026-10-01,ARE
3,0.001972033630159799,2026-10-01,ARE
4,-0.0019912917392369313,2026-10-01,ARE
5,-0.0006460292758865065,2026-10-01,ARE
6,-0.0036449937117434736,2026-10-01,ARE
7,-0.0038605754632659445,2026-10-01,ARE
8,0.001813177443252805,2026-10-01,ARE
9,-0.0015329212347405341,2026-10-01,ARE
10,0.002393270422003991,2026-10-01,ARE
11,0.0031172290243256786,2026-10-01,ARE
12,-0.001465837473713976,2026-10-01,ARE
13,-0.0025961815041553172,2026-10-01,ARE
14,-0.0044092185696910586,2026-10-01,ARE
1,0.0010786017492109392,2026-10-01,ARES
2,-6.674483422882282e-05,2026-10-01,ARES
3,0.0015871881359915438,2026-10-01,ARES
4,0.0012022145641973434,2026-10-01,ARES
5,0.0031846687014512784,2026-10-01,ARES
6,0.003282763497970101,2026-10-01,ARES
7,0.0024366763253439844,2026-10-01,ARES
8,0.0015145189386582543,2026-10-01,ARES
9,0.003747587209493044,2026-10-01,ARES
10,-0.0015743024167957284,2026-10-01,ARES
11,0.00712857146991462,2026-10-01,ARES
12,0.005303267965517531,2026-10-01,ARES
13,0.005432781048172577,2026-10-01,ARES
14,0.0007451903135936067,2026-10-01,ARES
1,0.0014846636277585001,2026-10-01,ARHS
2,0.003269638789992687,2026-10-01,ARHS
3,-0.005923207073785234,2026-10-01,ARHS
4,-0.000660884360226194,2026-10-01,ARHS
5,-0.008135545481724418,2026-10-01,ARHS
6,0.0003301800592169951,2026-10-01,ARHS
7,-0.0030495735322674175,2026-10-01,ARHS
8,0.0027321635183086084,2026-10-01,ARHS
9,-0.0031130130883248205,2026-10-01,ARHS
10,0.003769100610593851,2026-10-01,ARHS
11,-0.0048643219246707215,2026-10-01,ARHS
12,0.001433950251149781,2026-10-01,ARHS
13,0.005023590854928069,2026-10-01,ARHS
14,0.008206191369425794,2026-10-01,ARHS
1,0.001271447080158527,2026-10-01,ARM
2,0.00019859917009340755,2026-10-01,ARM
3,0.0030270154158272373,2026-10-01,ARM
4,0.0017190361019961385,2026-10-01,ARM
5,0.002920720794284973,2026-10-01,ARM
6,0.003839523182022062,2026-10-01,ARM
7,0.002066518288302333,2026-10-01,ARM
8,0.004278615603174395,2026-10-01,ARM
9,0.0009271860475464157,2026-10-01,ARM
10,-0.00364597251886132,2026-10-01,ARM
11,-0.0022788375293345117,2026-10-01,ARM
12,0.001657510900605925,2026-10-01,ARM
13,0.003501329248972885,2026-10-01,ARM
14,-0.00215091786812355,2026-10-01,ARM
1,0.003288506812478253,2026-10-01,ARMK
2,0.004904934061144898,2026-10-01,ARMK
3,-0.0043607373410459215,2026-10-01,ARMK
4,-0.0012582762879312646,2026-10-01,ARMK
5,-0.005214244740269137,2026-10-01,ARMK
6,-0.0002744718940650061,2026-10-01,ARMK
7,-0.0023096783788847113,2026-10-01,ARMK
8,0.0006409186482527764,2026-10-01,ARMK
9,0.003300047404946374,2026-10-01,ARMK
10,9.635860431323975e-06,2026-10-01,ARMK
11,-0.0037641371258866907,2026-10-01,ARMK
12,0.00802526134026771,2026-10-01,ARMK
13,0.010554351195721122,2026-10-01,ARMK
14,0.0034969971262277743,2026-10-01,ARMK
1,0.0002773876993067068,2026-10-01,ARQT
2,0.004066298581882642,2026-10-01,ARQT
3,0.00274089552404667,2026-10-01,ARQT
4,-0.005610397106899018,2026-10-01,ARQT
5,-0.0059488151301648395,2026-10-01,ARQT
6,-0.004511691195306581,2026-10-01,ARQT
7,0.0015476098589318529,2026-10-01,ARQT
8,-0.0024600709204716732,2026-10-01,ARQT
9,-0.0047988719044692605,2026-10-01,ARQT
10,0.005744731400503278,2026-10-01,ARQT
11,-0.005093283373708609,2026-10-01,ARQT
12,0.00032183915123025166,2026-10-01,ARQT
13,0.00443690467155362,2026-10-01,ARQT
14,0.01302254174366808,2026-10-01,ARQT
1,0.0028228031695568504,2026-10-01,ARR
2,0.003628944818111493,2026-10-01,ARR
3,-0.003039085540954907,2026-10-01,ARR
4,-0.003913012866450237,2026-10-01,ARR
5,-0.004523675037315582,2026-10-01,ARR
6,-0.0016782957899958832,2026-10-01,ARR
7,0.00045006020643975056,2026-10-01,ARR
8,-0.0005542231292999137,2026-10-01,ARR
9,0.002068556839073008,2026-10-01,ARR
10,-0.0007018608947520999,2026-10-01,ARR
11,-0.004533454390789524,2026-10-01,ARR
12,0.0023938758830537006,2026-10-01,ARR
13,0.006831740591612481,2026-10-01,ARR
14,0.006187524650804279,2026-10-01,ARR
1,0.0023564009632808807,2026-10-01,ARRY
2,0.006675531991016683,2026-10-01,ARRY
3,-0.004558958462283804,2026-10-01,ARRY
4,-0.0034655898735705187,2026-10-01,ARRY
5,-0.004928564640687169,2026-10-01,ARRY
6,-0.0031151796877084787,2026-10-01,ARRY
7,-0.003593274389869918,2026-10-01,ARRY
8,0.0043814200629768985,2026-10-01,ARRY
9,-0.0046450627177296805,2026-10-01,ARRY
10,0.0044199261150501224,2026-10-01,ARRY
11,-0.004190253522854405,2026-10-01,ARRY
12,0.014504334893900343,2026-10-01,ARRY
13,0.005443321689139711,2026-10-01,ARRY
14,0.009919508682671704,2026-10-01,ARRY
1,0.0008539341803179844,2026-10-01,ARWR
2,0.003965978554789778,2026-10-01,ARWR
3,-0.0028425562120008613,2026-10-01,ARWR
4,-0.005100710307435545,2026-10-01,ARWR
5,-0.009625050937312885,2026-10-01,ARWR
6,-0.0030216409900262896,2026-10-01,ARWR
7,-0.0015761546214537957,2026-10-01,ARWR
8,0.0037291100697451856,2026-10-01,ARWR
9,-0.002079269458060783,2026-10-01,ARWR
10,-0.0026397384751620794,2026-10-01,ARWR
11,-0.007110261654229574,2026-10-01,ARWR
12,0.005842240321209896,2026-10-01,ARWR
13,0.004471922836569826,2026-10-01,ARWR
14,0.0009065730631496484,2026-10-01,ARWR
1,0.000646149542753958,2026-10-01,AS
2,0.004175558190971016,2026-10-01,AS
3,-0.0031718931026923115,2026-10-01,AS
4,-0.0011153892659864421,2026-10-01,AS
5,-0.0041206662094320865,2026-10-01,AS
6,-0.003419668770878386,2026-10-01,AS
7,-0.0036654254525592335,2026-10-01,AS
8,0.0008862090695882719,2026-10-01,AS
9,-0.007335301493387063,2026-10-01,AS
10,0.006513643904816933,2026-10-01,AS
11,-0.004652248896880322,2026-10-01,AS
12,0.002511402527764991,2026-10-01,AS
13,0.004102201590036076,2026-10-01,AS
14,-0.0009245087824165106,2026-10-01,AS
1,0.0011119462869149924,2026-10-01,ASAN
2,0.005230491775425665,2026-10-01,ASAN
3,-0.006632312753011907,2026-10-01,ASAN
4,-0.0031897601750964337,2026-10-01,ASAN
5,-0.004210468455787155,2026-10-01,ASAN
6,-0.0006487745774069204,2026-10-01,ASAN
7,0.00043634735818786285,2026-10-01,ASAN
8,-0.00041622178399357854,2026-10-01,ASAN
9,-0.0029697012514388068,2026-10-01,ASAN
10,0.004736912942737533,2026-10-01,ASAN
11,-0.005213820409725266,2026-10-01,ASAN
12,0.0035232299711857812,2026-10-01,ASAN
13,0.0035662149673194596,2026-10-01,ASAN
14,0.007303290237775683,2026-10-01,ASAN
1,0.0011775529370538973,2026-10-01,ASB
2,0.002793109582558984,2026-10-01,ASB
3,-0.006422997206393057,2026-10-01,ASB
4,-0.004080335439138135,2026-10-01,ASB
5,-0.007259962816452737,2026-10-01,ASB
6,0.0018165779069096982,2026-10-01,ASB
7,-0.00402938702780045,2026-10-01,ASB
8,0.0004271887037330417,2026-10-01,ASB
9,-0.0006190980205535162,2026-10-01,ASB
10,0.0015366526217633174,2026-10-01,ASB
11,-0.0038568018702522873,2026-10-01,ASB
12,0.003712014132255444,2026-10-01,ASB
13,0.00439998767233076,2026-10-01,ASB
14,0.007215524217069678,2026-10-01,ASB
1,0.0013099628914468018,2026-10-01,ASML
2,0.001002726149777227,2026-10-01,ASML
3,0.0018929982651990178,2026-10-01,ASML
4,0.0002969290769513415,2026-10-01,ASML
5,0.0034620021260165787,2026-10-01,ASML
6,0.0037352761058340126,2026-10-01,ASML
7,0.002804007306080393,2026-10-01,ASML
8,0.0035947432441219835,2026-10-01,ASML
9,-0.0023558079384905107,2026-10-01,ASML
10,-0.003891953599276175,2026-10-01,ASML
11,-0.0032113057110876113,2026-10-01,ASML
12,0.0018126592864703998,2026-10-01,ASML
13,0.005767819052181914,2026-10-01,ASML
14,-0.0013666398972292482,2026-10-01,ASML
1,0.0018276271871117437,2026-10-01,ASO
2,0.0037182203836480013,2026-10-01,ASO
3,-0.0029991897877713293,2026-10-01,ASO
4,-0.0014713354171331885,2026-10-01,ASO
5,-0.006900199788893576,2026-10-01,ASO
6,-0.002178450158741942,2026-10-01,ASO
7,-0.000706256864191841,2026-10-01,ASO
8,0.0022390066859665847,2026-10-01,ASO
9,-0.0024921188138969995,2026-10-01,ASO
10,0.0020293893555711974,2026-10-01,ASO
11,-0.004428501263038295,2026-10-01,ASO
12,0.00436689919509948,2026-10-01,ASO
13,0.007271071974074689,2026-10-01,ASO
14,0.004061323893464793,2026-10-01,ASO
1,0.002093034879073131,2026-10-01,ASPN
2,0.0018260914351238,2026-10-01,ASPN
3,-0.005557670758267861,2026-10-01,ASPN
4,-0.003727159748561697,2026-10-01,ASPN
5,-0.009197531237184585,2026-10-01,ASPN
6,0.00038405144612586276,2026-10-01,ASPN
7,-0.0012007273325475945,2026-10-01,ASPN
8,0.004935857779104201,2026-10-01,ASPN
9,-0.007503016431530326,2026-10-01,ASPN
10,0.0025179927709264613,2026-10-01,ASPN
11,-0.0027497706601701468,2026-10-01,ASPN
12,0.00459777173721198,2026-10-01,ASPN
13,0.005454312372706336,2026-10-01,ASPN
14,0.008358441259893684,2026-10-01,ASPN
1,-0.0009128066427212994,2026-10-01,ASX
2,-0.00028226452308470284,2026-10-01,ASX
3,0.0024100610460109,2026-10-01,ASX
4,-0.0018132102291280702,2026-10-01,ASX
5,0.0001361371667680881,2026-10-01,ASX
6,-0.0032050388690241455,2026-10-01,ASX
7,-0.00555771352118234,2026-10-01,ASX
8,-5.09074005584723e-05,2026-10-01,ASX
9,-0.002776225100037826,2026-10-01,ASX
10,0.0019214141889501463,2026-10-01,ASX
11,-0.001063601005111357,2026-10-01,ASX
12,-0.0024982505184765022,2026-10-01,ASX
13,-0.008364315104143837,2026-10-01,ASX
14,-0.0011530760546733592,2026-10-01,ASX
1,0.002203021019316156,2026-10-01,ATAT
2,0.004165108992802121,2026-10-01,ATAT
3,-0.0038948249397865965,2026-10-01,ATAT
4,-0.002994323812646438,2026-10-01,ATAT
5,-0.0007229330303411216,2026-10-01,ATAT
6,-0.006619554623762611,2026-10-01,ATAT
7,-0.0029382902100679657,2026-10-01,ATAT
8,-0.009310647146284243,2026-10-01,ATAT
9,-0.008965979956194957,2026-10-01,ATAT
10,-0.0027490017120407285,2026-10-01,ATAT
11,-0.004259794296989383,2026-10-01,ATAT
12,0.005105721508227424,2026-10-01,ATAT
13,-0.006686270457868359,2026-10-01,ATAT
14,0.018917239760389778,2026-10-01,ATAT
1,0.001971981201680961,2026-10-01,ATEC
2,0.004353813030853882,2026-10-01,ATEC
3,-0.0054246148366933165,2026-10-01,ATEC
4,-0.003345355510068825,2026-10-01,ATEC
5,-0.005285588776674215,2026-10-01,ATEC
6,-0.001293333915020447,2026-10-01,ATEC
7,-0.003082395752033434,2026-10-01,ATEC
8,-0.0016260336134080095,2026-10-01,ATEC
9,-0.000486965965221573,2026-10-01,ATEC
10,0.0018308136956842348,2026-10-01,ATEC
11,-0.005160278454465177,2026-10-01,ATEC
12,0.005490600853702692,2026-10-01,ATEC
13,0.003696513164400582,2026-10-01,ATEC
14,0.0020803100975147234,2026-10-01,ATEC
1,0.0010213396908966275,2026-10-01,ATI
2,0.005186921194173739,2026-10-01,ATI
3,-0.003889140563315932,2026-10-01,ATI
4,-0.001688009561820396,2026-10-01,ATI
5,-0.0009786630672551048,2026-10-01,ATI
6,-0.0011250750768916776,2026-10-01,ATI
7,-0.00044272235178033896,2026-10-01,ATI
8,-0.00022293978765212965,2026-10-01,ATI
9,-0.003765987574443929,2026-10-01,ATI
10,-0.003002161892757539,2026-10-01,ATI
11,-0.0024185561469647772,2026-10-01,ATI
12,0.0037492205759754567,2026-10-01,ATI
13,0.003924755628349302,2026-10-01,ATI
14,0.0060245265348913835,2026-10-01,ATI
1,0.0019185855821218952,2026-10-01,ATMU
2,0.004036800761351326,2026-10-01,ATMU
3,-0.005363638172948645,2026-10-01,ATMU
4,-0.00038397637980454395,2026-10-01,ATMU
5,-0.005947004418064078,2026-10-01,ATMU
6,-0.0016072821379568107,2026-10-01,ATMU
7,-0.003957935774509501,2026-10-01,ATMU
8,0.004501397475639402,2026-10-01,ATMU
9,-0.0004989069474304678,2026-10-01,ATMU
10,0.006219209542923559,2026-10-01,ATMU
11,-0.0071805894814705,2026-10-01,ATMU
12,0.005086527623193028,2026-10-01,ATMU
13,0.01139479084513382,2026-10-01,ATMU
14,0.006488418790460936,2026-10-01,ATMU
1,-0.001725059608982913,2026-10-01,ATO
2,-0.0013065372406044359,2026-10-01,ATO
3,0.004086772016914211,2026-10-01,ATO
4,-0.0011869435826550557,2026-10-01,ATO
5,-0.0026424736764074238,2026-10-01,ATO
6,-0.00544145131908839,2026-10-01,ATO
7,-0.0038258350320486945,2026-10-01,ATO
8,0.0004539029815074395,2026-10-01,ATO
9,-0.0015919728143894297,2026-10-01,ATO
10,0.004585251735675154,2026-10-01,ATO
11,0.0014962740846074499,2026-10-01,ATO
12,-0.0011826780830743193,2026-10-01,ATO
13,-0.004659899198062011,2026-10-01,ATO
14,-0.0018706576701670466,2026-10-01,ATO
1,0.0010480274116961064,2026-10-01,ATRC
2,0.004013352023586328,2026-10-01,ATRC
3,-0.00440836878090456,2026-10-01,ATRC
4,-0.002227979567673142,2026-10-01,ATRC
5,-0.005391121449024558,2026-10-01,ATRC
6,-0.002951221844061494,2026-10-01,ATRC
7,-0.002367154307596382,2026-10-01,ATRC
8,-0.0018083239170013936,2026-10-01,ATRC
9,0.0003197759337360022,2026-10-01,ATRC
10,-0.00020513795534750015,2026-10-01,ATRC
11,-0.0059726227764469375,2026-10-01,ATRC
12,0.0023805390318393013,2026-10-01,ATRC
13,0.005324246168242558,2026-10-01,ATRC
14,0.003377434468692345,2026-10-01,ATRC
1,3.649288302524738e-05,2026-10-01,AU
2,-0.002433291409921778,2026-10-01,AU
3,0.0019781405652770866,2026-10-01,AU
4,-0.0004053213441738437,2026-10-01,AU
5,0.0009962686354829395,2026-10-01,AU
6,-0.0028245856557087483,2026-10-01,AU
7,-0.0019897018985078306,2026-10-01,AU
8,0.002979351404262125,2026-10-01,AU
9,-0.0041565553863200854,2026-10-01,AU
10,0.004663859113118481,2026-10-01,AU
11,0.007822269128911402,2026-10-01,AU
12,-0.0006238493841550852,2026-10-01,AU
13,-0.006106155692682043,2026-10-01,AU
14,0.00016957776186445685,2026-10-01,AU
1,0.0013814464385029667,2026-10-01,AUPH
2,0.0019350973914985467,2026-10-01,AUPH
3,-0.004985783580648173,2026-10-01,AUPH
4,-0.007972643245444012,2026-10-01,AUPH
5,-0.011007390548048111,2026-10-01,AUPH
6,-0.0010997774611102272,2026-10-01,AUPH
7,-0.002540406076517686,2026-10-01,AUPH
8,-0.00023676119794195178,2026-10-01,AUPH
9,-0.003128149325555159,2026-10-01,AUPH
10,-0.0019048847414614633,2026-10-01,AUPH
11,-0.01196289890674866,2026-10-01,AUPH
12,-0.0005210383829308005,2026-10-01,AUPH
13,0.0024800105120292137,2026-10-01,AUPH
14,4.2949873542305655e-05,2026-10-01,AUPH
1,0.0011166064150854073,2026-10-01,AUTL
2,0.003860917422403573,2026-10-01,AUTL
3,-0.0033917987623052494,2026-10-01,AUTL
4,-0.0019181329571618258,2026-10-01,AUTL
5,-0.008110452649212879,2026-10-01,AUTL
6,-0.0013276389218611444,2026-10-01,AUTL
7,-0.005217658309291775,2026-10-01,AUTL
8,0.0026363428040963475,2026-10-01,AUTL
9,-0.0018388073036228502,2026-10-01,AUTL
10,0.0011751359664093329,2026-10-01,AUTL
11,-0.009936771144023682,2026-10-01,AUTL
12,0.0017343337603304867,2026-10-01,AUTL
13,0.011577207735551258,2026-10-01,AUTL
14,0.003387418901132227,2026-10-01,AUTL
1,0.0013633211427594041,2026-10-01,AVGO
2,0.00012679117067530664,2026-10-01,AVGO
3,0.0019541424401453536,2026-10-01,AVGO
4,0.0011345770313563495,2026-10-01,AVGO
5,0.0028410371262088683,2026-10-01,AVGO
6,0.004527581768179248,2026-10-01,AVGO
7,0.0020739430356470708,2026-10-01,AVGO
8,0.003233487992294999,2026-10-01,AVGO
9,-0.0010450893297556398,2026-10-01,AVGO
10,-0.005333290408816598,2026-10-01,AVGO
11,-0.002277540088584912,2026-10-01,AVGO
12,0.0012192704492873315,2026-10-01,AVGO
13,0.003475387264447483,2026-10-01,AVGO
14,-0.0004665649641384927,2026-10-01,AVGO
1,0.0019112712991498902,2026-10-01,AVPT
2,0.005088664943991946,2026-10-01,AVPT
3,-0.0014108014456240808,2026-10-01,AVPT
4,-0.0028276299493514177,2026-10-01,AVPT
5,0.0012072204649431703,2026-10-01,AVPT
6,-0.004384047667574467,2026-10-01,AVPT
7,-0.0018827593207341598,2026-10-01,AVPT
8,0.0064351251847842164,2026-10-01,AVPT
9,0.0055590814815571375,2026-10-01,AVPT
10,0.004199566215663081,2026-10-01,AVPT
11,-0.009951364290719602,2026-10-01,AVPT
12,0.010310777838311988,2026-10-01,AVPT
13,0.00433581558373369,2026-10-01,AVPT
14,0.009371239269217384,2026-10-01,AVPT
1,-0.0011794549053524579,2026-10-01,AVTR
2,-0.0014143657740647271,2026-10-01,AVTR
3,0.0038971170017626,2026-10-01,AVTR
4,-0.0007041033960080231,2026-10-01,AVTR
5,-0.0007628008646691353,2026-10-01,AVTR
6,-0.003992164491151941,2026-10-01,AVTR
7,-0.0035279113805992014,2026-10-01,AVTR
8,0.0010892683507563625,2026-10-01,AVTR
9,-0.0003681771903120405,2026-10-01,AVTR
10,0.002618174589862503,2026-10-01,AVTR
11,0.0011295370071903658,2026-10-01,AVTR
12,-0.0028611309087545962,2026-10-01,AVTR
13,-0.0037071484008103514,2026-10-01,AVTR
14,-0.004259469271019507,2026-10-01,AVTR
1,-0.0013911957208570368,2026-10-01,AWK
2,-0.00024026935698735692,2026-10-01,AWK
3,0.003635319721987293,2026-10-01,AWK
4,-0.0025172952794449872,2026-10-01,AWK
5,0.0004056287910252905,2026-10-01,AWK
6,-0.005617674289354247,2026-10-01,AWK
7,-0.004959440513513563,2026-10-01,AWK
8,0.0020484269609739223,2026-10-01,AWK
9,-0.0017511910826246144,2026-10-01,AWK
10,0.00473884719151337,2026-10-01,AWK
11,0.002344105164235445,2026-10-01,AWK
12,-0.001330567511352784,2026-10-01,AWK
13,-0.005627095527533962,2026-10-01,AWK
14,-0.0023649920789003166,2026-10-01,AWK
1,0.0012611414769606903,2026-10-01,AXP
2,-2.915010265840452e-05,2026-10-01,AXP
3,0.0010662389941300705,2026-10-01,AXP
4,0.0015411835725547473,2026-10-01,AXP
5,0.0023376951161708927,2026-10-01,AXP
6,0.004531439357750166,2026-10-01,AXP
7,0.0026982530046387007,2026-10-01,AXP
8,-0.0009308601622928652,2026-10-01,AXP
9,0.0038382895636854967,2026-10-01,AXP
10,-0.0010428310330820344,2026-10-01,AXP
11,0.005462656050481404,2026-10-01,AXP
12,0.006355459376804024,2026-10-01,AXP
13,0.00970978121553552,2026-10-01,AXP
14,0.0005482442902568578,2026-10-01,AXP
1,0.0003284284519256204,2026-10-01,AXSM
2,0.002185899138381726,2026-10-01,AXSM
3,-0.003319179984717056,2026-10-01,AXSM
4,-0.007003670345296762,2026-10-01,AXSM
5,-0.009329299942843485,2026-10-01,AXSM
6,-0.002250589863737311,2026-10-01,AXSM
7,-0.0018363477825030859,2026-10-01,AXSM
8,-0.0001874372224833965,2026-10-01,AXSM
9,-0.004198973936077059,2026-10-01,AXSM
10,-0.0011422861148431454,2026-10-01,AXSM
11,-0.010437743845727132,2026-10-01,AXSM
12,0.001739200195420985,2026-10-01,AXSM
13,0.008697986761072345,2026-10-01,AXSM
14,0.0014302354234476894,2026-10-01,AXSM
1,0.002215008697142303,2026-10-01,AXTA
2,0.0023708114365859384,2026-10-01,AXTA
3,-0.004269303921563947,2026-10-01,AXTA
4,-0.0009816761939837714,2026-10-01,AXTA
5,-0.004134953288832983,2026-10-01,AXTA
6,7.216473690704828e-06,2026-10-01,AXTA
7,-0.000962092275464031,2026-10-01,AXTA
8,-0.0013818924157014266,2026-10-01,AXTA
9,0.0012437807369038417,2026-10-01,AXTA
10,0.0013476812328673978,2026-10-01,AXTA
11,-0.0051515478100461875,2026-10-01,AXTA
12,0.009531991929945173,2026-10-01,AXTA
13,-0.0013104959392162487,2026-10-01,AXTA
14,0.009878280204305503,2026-10-01,AXTA
1,0.0006185969156287677,2026-10-01,AZN
2,-8.122491421114396e-05,2026-10-01,AZN
3,0.0022407591320786633,2026-10-01,AZN
4,0.0007464590354593212,2026-10-01,AZN
5,0.0014628960299192162,2026-10-01,AZN
6,0.004450936449219144,2026-10-01,AZN
7,0.00381538879910143,2026-10-01,AZN
8,0.0010968771005690503,2026-10-01,AZN
9,0.006243241870403542,2026-10-01,AZN
10,-0.0015010333817335913,2026-10-01,AZN
11,0.0049548651642101005,2026-10-01,AZN
12,0.003959880201840311,2026-10-01,AZN
13,0.0051597779220914405,2026-10-01,AZN
14,-9.824099823373793e-05,2026-10-01,AZN
1,0.0005383943549153469,2026-10-01,BA
2,7.981539870957608e-05,2026-10-01,BA
3,0.0022056556397503837,2026-10-01,BA
4,0.0011347978497915482,2026-10-01,BA
5,0.0027139708152700967,2026-10-01,BA
6,0.003793832606942357,2026-10-01,BA
7,0.003838156224758271,2026-10-01,BA
8,0.0007246202143304022,2026-10-01,BA
9,0.004580303036338651,2026-10-01,BA
10,-0.0013183467550736392,2026-10-01,BA
11,0.006586839372015041,2026-10-01,BA
12,0.004301670654932615,2026-10-01,BA
13,0.003999773128265855,2026-10-01,BA
14,-0.0001129474669829944,2026-10-01,BA
1,0.0017547015554036302,2026-10-01,BABA
2,0.0022185999954366193,2026-10-01,BABA
3,0.0025776857882440344,2026-10-01,BABA
4,-0.000632596406963279,2026-10-01,BABA
5,0.0037481177053543214,2026-10-01,BABA
6,0.00638820316132358,2026-10-01,BABA
7,0.003623940836532381,2026-10-01,BABA
8,0.000937935041170582,2026-10-01,BABA
9,0.003044200262749517,2026-10-01,BABA
10,0.002073366215181229,2026-10-01,BABA
11,0.002825558236613851,2026-10-01,BABA
12,0.0035985198437988313,2026-10-01,BABA
13,0.009766993075721663,2026-10-01,BABA
14,0.0016854871411138407,2026-10-01,BABA
1,0.0007505767153769665,2026-10-01,BAC
2,-0.0005469036454289409,2026-10-01,BAC
3,0.0012394050566172298,2026-10-01,BAC
4,0.0013444687308218793,2026-10-01,BAC
5,0.003414259471150342,2026-10-01,BAC
6,0.004039730929668161,2026-10-01,BAC
7,0.0035132815593204043,2026-10-01,BAC
8,-0.00015542359884806312,2026-10-01,BAC
9,0.0004242215968894782,2026-10-01,BAC
10,-0.001829786972885242,2026-10-01,BAC
11,0.005093020617465105,2026-10-01,BAC
12,0.0030464322283459866,2026-10-01,BAC
13,0.0066226892235756365,2026-10-01,BAC
14,-0.0012376754108881852,2026-10-01,BAC
1,-0.0011403639767209421,2026-10-01,BALL
2,-0.001481125642817511,2026-10-01,BALL
3,0.0047292667816291305,2026-10-01,BALL
4,-0.002842554187126196,2026-10-01,BALL
5,-0.0033317770206247855,2026-10-01,BALL
6,-0.0047760756834901875,2026-10-01,BALL
7,-0.00968500069487231,2026-10-01,BALL
8,0.0014902802449718044,2026-10-01,BALL
9,-0.0011276223296250386,2026-10-01,BALL
10,0.004098315974454967,2026-10-01,BALL
11,0.002949978963547962,2026-10-01,BALL
12,-0.003106248772546133,2026-10-01,BALL
13,-0.0064407480525677414,2026-10-01,BALL
14,-0.004813178252221644,2026-10-01,BALL
1,0.00025953879809179417,2026-10-01,BAM
2,-0.002322492693385957,2026-10-01,BAM
3,0.0035786878300361332,2026-10-01,BAM
4,-0.004113685631674985,2026-10-01,BAM
5,-0.001374387668951777,2026-10-01,BAM
6,-0.004825007549234182,2026-10-01,BAM
7,-0.004158013544072154,2026-10-01,BAM
8,0.0009998040837180704,2026-10-01,BAM
9,-0.0018897750992220928,2026-10-01,BAM
10,0.003574165658029547,2026-10-01,BAM
11,0.001835801474214077,2026-10-01,BAM
12,-0.0016282812531545645,2026-10-01,BAM
13,-0.00799395319571569,2026-10-01,BAM
14,-0.00475854884934122,2026-10-01,BAM
1,0.0015714887044983251,2026-10-01,BANC
2,0.003321732656326405,2026-10-01,BANC
3,-0.005607441994009533,2026-10-01,BANC
4,-0.005002591798601583,2026-10-01,BANC
5,-0.00497995657861598,2026-10-01,BANC
6,-0.0009343601282815566,2026-10-01,BANC
7,2.879866373845394e-05,2026-10-01,BANC
8,-0.0022737560388858707,2026-10-01,BANC
9,-0.0010305228001770998,2026-10-01,BANC
10,0.00032628727380185654,2026-10-01,BANC
11,-0.003932551709979382,2026-10-01,BANC
12,0.0006909714978989734,2026-10-01,BANC
13,0.003618347971488569,2026-10-01,BANC
14,0.007372307112311228,2026-10-01,BANC
1,-0.0019217317015460657,2026-10-01,BAX
2,-0.0010803460154180863,2026-10-01,BAX
3,0.0038127175739107724,2026-10-01,BAX
4,-0.00265837154900768,2026-10-01,BAX
5,0.0015921640260833354,2026-10-01,BAX
6,-0.004640230106096323,2026-10-01,BAX
7,-0.004105686624097452,2026-10-01,BAX
8,0.0016052110710101399,2026-10-01,BAX
9,-0.0010174687967369918,2026-10-01,BAX
10,0.005175113846114989,2026-10-01,BAX
11,0.004125654377101233,2026-10-01,BAX
12,-0.006009043100738337,2026-10-01,BAX
13,-0.005062980610100899,2026-10-01,BAX
14,-0.0041122334672491385,2026-10-01,BAX
1,0.0010913249158511096,2026-10-01,BB
2,0.00480911788096568,2026-10-01,BB
3,-0.0013915184610959804,2026-10-01,BB
4,-0.0027532090223158453,2026-10-01,BB
5,-0.00951647949876154,2026-10-01,BB
6,-0.0030175814388048276,2026-10-01,BB
7,-0.003252731103744302,2026-10-01,BB
8,-0.0006630055047157609,2026-10-01,BB
9,-0.0029970166519344473,2026-10-01,BB
10,0.005318382622450207,2026-10-01,BB
11,-0.007413637305783871,2026-10-01,BB
12,0.004847588948476231,2026-10-01,BB
13,0.0025368686888830685,2026-10-01,BB
14,0.002710553308163378,2026-10-01,BB
1,0.0013233788386695546,2026-10-01,BBIO
2,0.0034485722974005677,2026-10-01,BBIO
3,-0.004086972341986114,2026-10-01,BBIO
4,-0.006705722566507798,2026-10-01,BBIO
5,-0.009763082971652261,2026-10-01,BBIO
6,-0.0031691417887381047,2026-10-01,BBIO
7,-0.0016611144176781139,2026-10-01,BBIO
8,0.00204463362054967,2026-10-01,BBIO
9,0.0005107922070145269,2026-10-01,BBIO
10,-0.0005108895852742757,2026-10-01,BBIO
11,-0.009268976145906488,2026-10-01,BBIO
12,0.0008525350758727862,2026-10-01,BBIO
13,0.008332728669277069,2026-10-01,BBIO
14,-0.0029969230663907786,2026-10-01,BBIO
1,0.0005445677227793205,2026-10-01,BBVA
2,-0.0007531032349235217,2026-10-01,BBVA
3,0.001865099474436245,2026-10-01,BBVA
4,0.0007542206380073809,2026-10-01,BBVA
5,0.0021989606047814825,2026-10-01,BBVA
6,0.003037496510614598,2026-10-01,BBVA
7,0.001845621259960873,2026-10-01,BBVA
8,0.002354922214188038,2026-10-01,BBVA
9,0.0017544396144212654,2026-10-01,BBVA
10,-0.0012432916813318227,2026-10-01,BBVA
11,0.005449166452862094,2026-10-01,BBVA
12,0.0034397022188788436,2026-10-01,BBVA
13,0.0057331488567295575,2026-10-01,BBVA
14,3.285097514938316e-05,2026-10-01,BBVA
1,0.0024274557898112527,2026-10-01,BBWI
2,0.004642386079711338,2026-10-01,BBWI
3,-0.0026924120386230877,2026-10-01,BBWI
4,-0.0034674860685641497,2026-10-01,BBWI
5,-0.006118703576162012,2026-10-01,BBWI
6,-0.000940620844026309,2026-10-01,BBWI
7,0.00041665419999030624,2026-10-01,BBWI
8,0.0013676822054446657,2026-10-01,BBWI
9,-0.003460996242064782,2026-10-01,BBWI
10,0.001265381613749396,2026-10-01,BBWI
11,-0.003280875733336826,2026-10-01,BBWI
12,0.005096904047501527,2026-10-01,BBWI
13,0.004354792647011258,2026-10-01,BBWI
14,0.005444358143620518,2026-10-01,BBWI
1,-0.0015012171890773625,2026-10-01,BBY
2,0.0010062766828388965,2026-10-01,BBY
3,0.002239788383525854,2026-10-01,BBY
4,-0.002581632006726771,2026-10-01,BBY
5,-0.004144109212732394,2026-10-01,BBY
6,-0.005315255238538627,2026-10-01,BBY
7,-0.005336814787415331,2026-10-01,BBY
8,0.0012484744050686668,2026-10-01,BBY
9,-0.0025828325481177853,2026-10-01,BBY
10,0.0014141695605263136,2026-10-01,BBY
11,-0.0024070468961021538,2026-10-01,BBY
12,-0.001976655501559815,2026-10-01,BBY
13,-0.007219654964033507,2026-10-01,BBY
14,-0.0025698749532372615,2026-10-01,BBY
1,-0.0013192200628844054,2026-10-01,BCE
2,-0.0005370750955203881,2026-10-01,BCE
3,0.004617216123208967,2026-10-01,BCE
4,-0.0003112458548846105,2026-10-01,BCE
5,-0.00016553101493680492,2026-10-01,BCE
6,-0.0026114108041620106,2026-10-01,BCE
7,-0.002381534699805382,2026-10-01,BCE
8,0.0017918872309948305,2026-10-01,BCE
9,-0.0007838184611250869,2026-10-01,BCE
10,0.001115504395656098,2026-10-01,BCE
11,0.0011361347416988206,2026-10-01,BCE
12,-0.004129522127105708,2026-10-01,BCE
13,-0.004626429793600102,2026-10-01,BCE
14,0.00041868368105880754,2026-10-01,BCE
1,0.0007679436110984573,2026-10-01,BCRX
2,0.003493493024626192,2026-10-01,BCRX
3,-0.0039196927773682754,2026-10-01,BCRX
4,-0.006927288240034702,2026-10-01,BCRX
5,-0.011217983570932838,2026-10-01,BCRX
6,-0.0027120870067459677,2026-10-01,BCRX
7,-0.004315486523448904,2026-10-01,BCRX
8,0.0012026897056174456,2026-10-01,BCRX
9,-0.0010687512174302088,2026-10-01,BCRX
10,-0.0019811205940682775,2026-10-01,BCRX
11,-0.012158702399443203,2026-10-01,BCRX
12,-0.0014250618275632471,2026-10-01,BCRX
13,0.0007199658696710617,2026-10-01,BCRX
14,-0.0014668385214014392,2026-10-01,BCRX
1,-0.0008360511490808817,2026-10-01,BCS
2,-0.0015464915779979994,2026-10-01,BCS
3,0.0034953736997901524,2026-10-01,BCS
4,-0.0003893900905300726,2026-10-01,BCS
5,7.363244355412444e-05,2026-10-01,BCS
6,-0.004018945780177074,2026-10-01,BCS
7,-0.0011676666549053894,2026-10-01,BCS
8,0.001573612341515762,2026-10-01,BCS
9,-0.002842134425617814,2026-10-01,BCS
10,0.004454737168209819,2026-10-01,BCS
11,0.004992268430071089,2026-10-01,BCS
12,-0.0015006049057772516,2026-10-01,BCS
13,-0.006369241878941796,2026-10-01,BCS
14,-0.00172379114767037,2026-10-01,BCS
1,7.804493860345487e-05,2026-10-01,BDX
2,0.0005638156528299304,2026-10-01,BDX
3,0.0017621891743493515,2026-10-01,BDX
4,0.00044898524960931987,2026-10-01,BDX
5,0.0019665888582529527,2026-10-01,BDX
6,0.0037836777312506014,2026-10-01,BDX
7,0.002333469795426394,2026-10-01,BDX
8,0.0006997426397350665,2026-10-01,BDX
9,0.0038597533398492903,2026-10-01,BDX
10,-0.0016157011140138337,2026-10-01,BDX
11,0.005804098586272197,2026-10-01,BDX
12,0.003995157150260663,2026-10-01,BDX
13,0.0042247785846682,2026-10-01,BDX
14,-0.0023502624302823138,2026-10-01,BDX
1,0.0015870197400507137,2026-10-01,BE
2,0.009848043114444874,2026-10-01,BE
3,-0.008774205926506929,2026-10-01,BE
4,-0.011331426619797618,2026-10-01,BE
5,-0.005930428977109134,2026-10-01,BE
6,-0.008508494513060152,2026-10-01,BE
7,-0.006950834619269787,2026-10-01,BE
8,-0.0018114256395624076,2026-10-01,BE
9,-0.015911153871061134,2026-10-01,BE
10,0.0021894656583082437,2026-10-01,BE
11,-0.015040385398927245,2026-10-01,BE
12,-0.0003405113792253353,2026-10-01,BE
13,-0.014388932433107139,2026-10-01,BE
14,-0.006525546303626258,2026-10-01,BE
1,0.0006096448499224894,2026-10-01,BEAM
2,0.0027899023701484747,2026-10-01,BEAM
3,-0.0035178355667179603,2026-10-01,BEAM
4,-0.008332627743965598,2026-10-01,BEAM
5,-0.009704177232389866,2026-10-01,BEAM
6,-0.0028270511893698403,2026-10-01,BEAM
7,-0.0005570483032307867,2026-10-01,BEAM
8,0.002157757400912141,2026-10-01,BEAM
9,-0.003176033335840796,2026-10-01,BEAM
10,0.000584682469629646,2026-10-01,BEAM
11,-0.009325935075792402,2026-10-01,BEAM
12,-0.0008870481165212865,2026-10-01,BEAM
13,0.0038588491602571094,2026-10-01,BEAM
14,-0.00019037868532083141,2026-10-01,BEAM
1,-0.0018162239733470042,2026-10-01,BEKE
2,-0.0007077386490353712,2026-10-01,BEKE
3,0.00613123726270133,2026-10-01,BEKE
4,0.00079223995888906,2026-10-01,BEKE
5,0.0014009750341161247,2026-10-01,BEKE
6,-0.0059962064806509015,2026-10-01,BEKE
7,-0.004121318051608219,2026-10-01,BEKE
8,0.005633595299311627,2026-10-01,BEKE
9,1.289515055132515e-05,2026-10-01,BEKE
10,0.003781095098193384,2026-10-01,BEKE
11,0.00263121702287943,2026-10-01,BEKE
12,-0.0012460512504328001,2026-10-01,BEKE
13,-0.006440211026500052,2026-10-01,BEKE
14,-0.0013417190713633453,2026-10-01,BEKE
1,-0.0022610405755731245,2026-10-01,BF.B
2,-0.002558531092663376,2026-10-01,BF.B
3,0.003004976485593276,2026-10-01,BF.B
4,-0.0027112046456071273,2026-10-01,BF.B
5,-0.0018644344624370506,2026-10-01,BF.B
6,-0.005768835247217446,2026-10-01,BF.B
7,-0.006189106687517318,2026-10-01,BF.B
8,0.0009694279842890702,2026-10-01,BF.B
9,-0.003352635002173535,2026-10-01,BF.B
10,-0.0009497051661212284,2026-10-01,BF.B
11,-0.001489883586095567,2026-10-01,BF.B
12,-0.0005564098386188536,2026-10-01,BF.B
13,-0.00872985908273355,2026-10-01,BF.B
14,-0.003240193023540644,2026-10-01,BF.B
1,0.0013760994734413343,2026-10-01,BFH
2,0.003971588581004691,2026-10-01,BFH
3,-0.003578081466314052,2026-10-01,BFH
4,-0.005068260324022884,2026-10-01,BFH
5,-0.005572266583690656,2026-10-01,BFH
6,-0.001839927363248217,2026-10-01,BFH
7,-0.002347341769955779,2026-10-01,BFH
8,0.0016398318599454866,2026-10-01,BFH
9,-0.0010615321496206347,2026-10-01,BFH
10,0.0012746324518225105,2026-10-01,BFH
11,-0.007303542161614729,2026-10-01,BFH
12,0.005237483507321779,2026-10-01,BFH
13,0.007091018500522663,2026-10-01,BFH
14,0.0033855270957967813,2026-10-01,BFH
1,-0.0009513032295623682,2026-10-01,BG
2,-0.001013595061759582,2026-10-01,BG
3,0.004057779388893316,2026-10-01,BG
4,-0.001527059395428212,2026-10-01,BG
5,-0.0031817963273327214,2026-10-01,BG
6,-0.002896511914260794,2026-10-01,BG
7,-0.0030854484269069475,2026-10-01,BG
8,0.0005213323378392244,2026-10-01,BG
9,-0.002304264583372136,2026-10-01,BG
10,0.0002067932399965058,2026-10-01,BG
11,0.0024108321687811986,2026-10-01,BG
12,-0.0030377674648205534,2026-10-01,BG
13,-0.0034599360243106206,2026-10-01,BG
14,-0.0018287938955686182,2026-10-01,BG
1,0.00099950072837329,2026-10-01,BHC
2,0.004628468251011934,2026-10-01,BHC
3,-0.0017530078410731436,2026-10-01,BHC
4,-0.004676523947394491,2026-10-01,BHC
5,-0.007868524762969661,2026-10-01,BHC
6,0.0010917706794406317,2026-10-01,BHC
7,-0.0013865153329085742,2026-10-01,BHC
8,-0.003626090215844683,2026-10-01,BHC
9,-0.001990562664177217,2026-10-01,BHC
10,2.50370114698422e-05,2026-10-01,BHC
11,-0.005604150399715536,2026-10-01,BHC
12,0.0019512722619871555,2026-10-01,BHC
13,0.006891744550107178,2026-10-01,BHC
14,0.006140820649015425,2026-10-01,BHC
1,0.0003509908208326532,2026-10-01,BHP
2,-7.455783213156205e-05,2026-10-01,BHP
3,0.0018165179857170337,2026-10-01,BHP
4,0.0005274042418501372,2026-10-01,BHP
5,0.004413971523024769,2026-10-01,BHP
6,0.0037856650616993,2026-10-01,BHP
7,0.002865538678330253,2026-10-01,BHP
8,-0.0011957393775803575,2026-10-01,BHP
9,0.0021917075740354873,2026-10-01,BHP
10,-0.002868206496326122,2026-10-01,BHP
11,0.0029245258389223624,2026-10-01,BHP
12,0.0052289204852950695,2026-10-01,BHP
13,0.0059519641648822,2026-10-01,BHP
14,0.0010208278945550832,2026-10-01,BHP
1,0.0011377319386432438,2026-10-01,BHVN
2,0.0031749095354669447,2026-10-01,BHVN
3,-0.004141712840212419,2026-10-01,BHVN
4,-0.0026832883318944098,2026-10-01,BHVN
5,-0.004053830644231816,2026-10-01,BHVN
6,-0.000657206235899851,2026-10-01,BHVN
7,0.005462669794203528,2026-10-01,BHVN
8,-0.0017547542014919105,2026-10-01,BHVN
9,-0.005147942413518919,2026-10-01,BHVN
10,0.004600290236179938,2026-10-01,BHVN
11,-0.0030051943672242494,2026-10-01,BHVN
12,0.0035346296372772367,2026-10-01,BHVN
13,0.005736008058816795,2026-10-01,BHVN
14,0.011515594648571263,2026-10-01,BHVN
1,-0.0012531050977187496,2026-10-01,BIDU
2,-0.001909112070902914,2026-10-01,BIDU
3,0.003488018090080545,2026-10-01,BIDU
4,-0.0023528115673871488,2026-10-01,BIDU
5,0.0009954363684157779,2026-10-01,BIDU
6,-0.0030669613858353927,2026-10-01,BIDU
7,-0.004269119117958656,2026-10-01,BIDU
8,0.0005851185009958373,2026-10-01,BIDU
9,-0.0013409227275893473,2026-10-01,BIDU
10,0.002041915210785941,2026-10-01,BIDU
11,0.00432394811002444,2026-10-01,BIDU
12,-0.003711562102205735,2026-10-01,BIDU
13,-0.007380069235881141,2026-10-01,BIDU
14,-0.0074609787830871455,2026-10-01,BIDU
1,-0.00024154803113700295,2026-10-01,BIIB
2,-0.0013188380217231525,2026-10-01,BIIB
3,0.0046157304599469175,2026-10-01,BIIB
4,-0.0011458859384259094,2026-10-01,BIIB
5,0.00046458179991306844,2026-10-01,BIIB
6,-0.003140051828809058,2026-10-01,BIIB
7,-0.000396964252500186,2026-10-01,BIIB
8,0.0002880152876396258,2026-10-01,BIIB
9,-0.002905156374798929,2026-10-01,BIIB
10,0.005891094135725144,2026-10-01,BIIB
11,0.0029224703122687026,2026-10-01,BIIB
12,-0.0019784064416175995,2026-10-01,BIIB
13,-0.0005833878786409464,2026-10-01,BIIB
14,-0.0007996273298797508,2026-10-01,BIIB
1,0.0015737868148220583,2026-10-01,BILI
2,0.005006356636885444,2026-10-01,BILI
3,-0.0034065629018055666,2026-10-01,BILI
4,-0.002237162434218013,2026-10-01,BILI
5,-0.004967435439607349,2026-10-01,BILI
6,-0.0007291028328694073,2026-10-01,BILI
7,-0.0020556939507070807,2026-10-01,BILI
8,0.0003681064601818833,2026-10-01,BILI
9,-9.987704193537682e-05,2026-10-01,BILI
10,0.004915261306645071,2026-10-01,BILI
11,-0.003277304893073372,2026-10-01,BILI
12,0.00469046511360191,2026-10-01,BILI
13,0.005407293420012141,2026-10-01,BILI
14,0.005641911937878179,2026-10-01,BILI
1,0.00070935472967269,2026-10-01,BILL
2,0.005703296321019316,2026-10-01,BILL
3,-0.002163870254917748,2026-10-01,BILL
4,-0.0007191582636573525,2026-10-01,BILL
5,-0.006894138998404235,2026-10-01,BILL
6,-0.0035642715608891584,2026-10-01,BILL
7,-0.0005557090205460825,2026-10-01,BILL
8,0.002466196262792161,2026-10-01,BILL
9,-0.0001535132744878184,2026-10-01,BILL
10,0.007999652544715434,2026-10-01,BILL
11,-0.004780408810423679,2026-10-01,BILL
12,0.003778114227231073,2026-10-01,BILL
13,0.004514404280142755,2026-10-01,BILL
14,0.0061560240937310745,2026-10-01,BILL
1,0.0019295323554552168,2026-10-01,BIRK
2,0.003587553059754122,2026-10-01,BIRK
3,-0.006128028562483883,2026-10-01,BIRK
4,-0.0033645911115812196,2026-10-01,BIRK
5,-0.003781782479215146,2026-10-01,BIRK
6,-0.0013888253581500125,2026-10-01,BIRK
7,-0.0017473272726040883,2026-10-01,BIRK
8,0.00039736119478614754,2026-10-01,BIRK
9,-0.003923792712514178,2026-10-01,BIRK
10,0.0029417694049336625,2026-10-01,BIRK
11,-0.0042706897513475495,2026-10-01,BIRK
12,0.0017450860984109767,2026-10-01,BIRK
13,-0.0007786333596295681,2026-10-01,BIRK
14,0.007381228448361264,2026-10-01,BIRK
1,0.0022743763230801918,2026-10-01,BJ
2,0.004778334528042901,2026-10-01,BJ
3,-0.0037762896285466084,2026-10-01,BJ
4,-0.0024744615225319234,2026-10-01,BJ
5,-0.006552724802630505,2026-10-01,BJ
6,0.0007124497228083637,2026-10-01,BJ
7,-0.002701432358750227,2026-10-01,BJ
8,-0.00032946383266058816,2026-10-01,BJ
9,-0.0024090796608809977,2026-10-01,BJ
10,0.0013067880869195127,2026-10-01,BJ
11,-0.00448610671206563,2026-10-01,BJ
12,0.007422745434260073,2026-10-01,BJ
13,0.004895249209538758,2026-10-01,BJ
14,0.006777388481263797,2026-10-01,BJ
1,-0.0016296708091853135,2026-10-01,BKR
2,-0.0010510459907100572,2026-10-01,BKR
3,0.004660046597765109,2026-10-01,BKR
4,-0.0001138401618356882,2026-10-01,BKR
5,-0.0011615101080281085,2026-10-01,BKR
6,-0.004043086217569228,2026-10-01,BKR
7,-0.004462690651937318,2026-10-01,BKR
8,0.0016319665965122416,2026-10-01,BKR
9,0.0006163436176856737,2026-10-01,BKR
10,-0.0007325485378215472,2026-10-01,BKR
11,0.002145910718578009,2026-10-01,BKR
12,-0.002080016613949263,2026-10-01,BKR
13,-0.004834956303270505,2026-10-01,BKR
14,-0.0034153765435891133,2026-10-01,BKR
1,0.00169367779781246,2026-10-01,BL
2,0.005960064124301945,2026-10-01,BL
3,-0.0036560924271410483,2026-10-01,BL
4,-0.001240819657798106,2026-10-01,BL
5,-0.0040987280693524685,2026-10-01,BL
6,-0.0012862015327668968,2026-10-01,BL
7,-0.001986757738629409,2026-10-01,BL
8,0.0007386072541084678,2026-10-01,BL
9,0.0009355212253336954,2026-10-01,BL
10,0.003711066213563415,2026-10-01,BL
11,-0.0025601305717589075,2026-10-01,BL
12,0.00566711067628647,2026-10-01,BL
13,0.004551833625703997,2026-10-01,BL
14,0.008774089863758494,2026-10-01,BL
1,-0.0010465461612194605,2026-10-01,BLDR
2,-0.001012955973341707,2026-10-01,BLDR
3,0.003547830049850748,2026-10-01,BLDR
4,-0.002091705793232669,2026-10-01,BLDR
5,-0.0007611392407355698,2026-10-01,BLDR
6,-0.003297939453529181,2026-10-01,BLDR
7,-0.005537254663559649,2026-10-01,BLDR
8,0.0010218937994040487,2026-10-01,BLDR
9,-0.0021073037618452328,2026-10-01,BLDR
10,0.002399307033978371,2026-10-01,BLDR
11,0.0013836948554136583,2026-10-01,BLDR
12,-0.003043287674272106,2026-10-01,BLDR
13,-0.0033496736221954268,2026-10-01,BLDR
14,-0.0006119052508177826,2026-10-01,BLDR
1,0.002864469571647384,2026-10-01,BLMN
2,0.005575405217873139,2026-10-01,BLMN
3,-0.002603329030009491,2026-10-01,BLMN
4,-0.0015480980876847205,2026-10-01,BLMN
5,-0.006794226812108681,2026-10-01,BLMN
6,-0.002751631812011571,2026-10-01,BLMN
7,-0.004098627079564164,2026-10-01,BLMN
8,-0.0015641975398046188,2026-10-01,BLMN
9,0.0006295035652036788,2026-10-01,BLMN
10,2.097570445271413e-05,2026-10-01,BLMN
11,-0.006159189106981722,2026-10-01,BLMN
12,0.001999999414874403,2026-10-01,BLMN
13,0.00803153125346023,2026-10-01,BLMN
14,0.0026808848626183462,2026-10-01,BLMN
1,0.0018404800220741331,2026-10-01,BMBL
2,0.007246219681782459,2026-10-01,BMBL
3,-0.0028158856373023296,2026-10-01,BMBL
4,-0.003158949200439765,2026-10-01,BMBL
5,-0.005375092067859917,2026-10-01,BMBL
6,-0.00039792788621574647,2026-10-01,BMBL
7,-0.0014852493238142305,2026-10-01,BMBL
8,0.0013191639704635454,2026-10-01,BMBL
9,0.003699410074903885,2026-10-01,BMBL
10,0.002885183900444833,2026-10-01,BMBL
11,-0.0036226274494182815,2026-10-01,BMBL
12,0.004229962183287769,2026-10-01,BMBL
13,0.009392317627089317,2026-10-01,BMBL
14,0.0058881402213019985,2026-10-01,BMBL
1,-0.00036573372470406507,2026-10-01,BMRN
2,-0.0011613932534933777,2026-10-01,BMRN
3,0.003932699512270056,2026-10-01,BMRN
4,-0.0007800360562426763,2026-10-01,BMRN
5,-1.848130497711709e-05,2026-10-01,BMRN
6,-0.002545692385971547,2026-10-01,BMRN
7,-0.005169395048011654,2026-10-01,BMRN
8,0.001225004479789334,2026-10-01,BMRN
9,-0.0029732960084828857,2026-10-01,BMRN
10,0.0019116531440750853,2026-10-01,BMRN
11,0.0016251186913840753,2026-10-01,BMRN
12,-0.0034479075197977388,2026-10-01,BMRN
13,-0.007994136634318026,2026-10-01,BMRN
14,-0.0062261379647199615,2026-10-01,BMRN
1,0.0004483131353648003,2026-10-01,BMY
2,-0.000352818222352949,2026-10-01,BMY
3,0.002555061692192802,2026-10-01,BMY
4,0.0006708056395690672,2026-10-01,BMY
5,0.002197932864357514,2026-10-01,BMY
6,0.004045604237745106,2026-10-01,BMY
7,0.0036999946763930304,2026-10-01,BMY
8,0.0007781169351621428,2026-10-01,BMY
9,0.0055716773648766356,2026-10-01,BMY
10,-0.000982492440687329,2026-10-01,BMY
11,0.004887414347225243,2026-10-01,BMY
12,0.0041605786791194645,2026-10-01,BMY
13,0.007007301533620265,2026-10-01,BMY
14,-0.0002337753921290116,2026-10-01,BMY
1,0.0012047584115809447,2026-10-01,BN
2,0.0002850549982671787,2026-10-01,BN
3,0.0011011777281191555,2026-10-01,BN
4,0.0014815321647258016,2026-10-01,BN
5,0.003543253388241699,2026-10-01,BN
6,0.0037477089067527187,2026-10-01,BN
7,0.0024267581675660017,2026-10-01,BN
8,0.0022781385297047842,2026-10-01,BN
9,0.004761450503773941,2026-10-01,BN
10,-0.0017803218549735254,2026-10-01,BN
11,0.008261284897027278,2026-10-01,BN
12,0.006126786234277469,2026-10-01,BN
13,0.0059454526809654094,2026-10-01,BN
14,-0.000861791350751084,2026-10-01,BN
1,0.0017442220433132804,2026-10-01,BNL
2,0.0034172567972198782,2026-10-01,BNL
3,-0.0045827835178113745,2026-10-01,BNL
4,-0.0016919296801107386,2026-10-01,BNL
5,-0.007008336208729708,2026-10-01,BNL
6,-0.0015275815128154883,2026-10-01,BNL
7,-0.002160284764209305,2026-10-01,BNL
8,0.0011708705748463032,2026-10-01,BNL
9,0.002616153857734975,2026-10-01,BNL
10,-0.0022967727357084693,2026-10-01,BNL
11,-0.006353913678469802,2026-10-01,BNL
12,0.002319428556037411,2026-10-01,BNL
13,0.006226473642730084,2026-10-01,BNL
14,0.005083665800919651,2026-10-01,BNL
1,0.002287360575539307,2026-10-01,BORR
2,0.00682519521153892,2026-10-01,BORR
3,-0.00199771534689533,2026-10-01,BORR
4,-0.002350935377805624,2026-10-01,BORR
5,-0.00803313193742951,2026-10-01,BORR
6,-0.002524017393869011,2026-10-01,BORR
7,0.00022615675455790326,2026-10-01,BORR
8,-0.0021301800473806907,2026-10-01,BORR
9,-0.0004462930121301848,2026-10-01,BORR
10,0.000476439433530206,2026-10-01,BORR
11,-0.00801977759885486,2026-10-01,BORR
12,-0.0002463562432575922,2026-10-01,BORR
13,0.003989490329114249,2026-10-01,BORR
14,0.008973759658198518,2026-10-01,BORR
1,0.002237011781956813,2026-10-01,BOX
2,0.0033330395232863156,2026-10-01,BOX
3,-0.0038036009137851733,2026-10-01,BOX
4,-0.00014886800327109712,2026-10-01,BOX
5,-0.00895767264747208,2026-10-01,BOX
6,-0.005334956357303716,2026-10-01,BOX
7,-0.0029850592728087326,2026-10-01,BOX
8,0.002529434203912448,2026-10-01,BOX
9,0.0022701761086964954,2026-10-01,BOX
10,0.00591229441221475,2026-10-01,BOX
11,-0.0030558558451188856,2026-10-01,BOX
12,0.009509009696603753,2026-10-01,BOX
13,0.009574059836771391,2026-10-01,BOX
14,0.006125639494040387,2026-10-01,BOX
1,0.000577178913087397,2026-10-01,BP
2,0.000596659259908841,2026-10-01,BP
3,0.00055687977630039,2026-10-01,BP
4,0.00018218257872801473,2026-10-01,BP
5,0.0023457158341465127,2026-10-01,BP
6,0.002939184710834828,2026-10-01,BP
7,0.003113443192452937,2026-10-01,BP
8,-0.00010850706295607397,2026-10-01,BP
9,0.001495442346191932,2026-10-01,BP
10,-0.001532985594731409,2026-10-01,BP
11,0.0037280876636100217,2026-10-01,BP
12,0.003616887514503568,2026-10-01,BP
13,0.004927601498875623,2026-10-01,BP
14,0.002102049207999226,2026-10-01,BP
1,0.0019653655455606983,2026-10-01,BRBR
2,0.0019882889235344394,2026-10-01,BRBR
3,-0.0038610794258845693,2026-10-01,BRBR
4,-0.0036866989569842236,2026-10-01,BRBR
5,-0.005713997354526744,2026-10-01,BRBR
6,-0.0035270331913210065,2026-10-01,BRBR
7,-0.0028636372533728167,2026-10-01,BRBR
8,0.0024789613618582803,2026-10-01,BRBR
9,0.00131775909686589,2026-10-01,BRBR
10,0.006288023297525313,2026-10-01,BRBR
11,-0.003224090537624391,2026-10-01,BRBR
12,0.0018406922785407897,2026-10-01,BRBR
13,0.004183545181709516,2026-10-01,BRBR
14,0.011234002130763348,2026-10-01,BRBR
1,0.0021727414771094615,2026-10-01,BRCC
2,0.007265809268779311,2026-10-01,BRCC
3,-0.00476517981166864,2026-10-01,BRCC
4,-0.00318824188684974,2026-10-01,BRCC
5,-0.0064121643044507395,2026-10-01,BRCC
6,-0.0028684382450620436,2026-10-01,BRCC
7,-0.00208501717101461,2026-10-01,BRCC
8,0.00098936109923791,2026-10-01,BRCC
9,-1.885519842894586e-05,2026-10-01,BRCC
10,0.0032632688500546705,2026-10-01,BRCC
11,-0.006964219733540096,2026-10-01,BRCC
12,0.0005500802556502616,2026-10-01,BRCC
13,0.0047043708399789295,2026-10-01,BRCC
14,0.0017124479057022616,2026-10-01,BRCC
1,0.0005346385719335159,2026-10-01,BRK.B
2,0.0003081519955477744,2026-10-01,BRK.B
3,0.002687148758791234,2026-10-01,BRK.B
4,0.0012611306342188511,2026-10-01,BRK.B
5,0.0010823023769671002,2026-10-01,BRK.B
6,0.004612387459962465,2026-10-01,BRK.B
7,0.0031880166705605603,2026-10-01,BRK.B
8,0.0018617659930885138,2026-10-01,BRK.B
9,0.001033713958428301,2026-10-01,BRK.B
10,-0.0020443004012529417,2026-10-01,BRK.B
11,0.003477818046629324,2026-10-01,BRK.B
12,0.0034217092355902385,2026-10-01,BRK.B
13,0.0073059214443317285,2026-10-01,BRK.B
14,-0.002076433558621201,2026-10-01,BRK.B
1,0.0006690474760794481,2026-10-01,BRKR
2,0.006209742309246389,2026-10-01,BRKR
3,-0.002661879594756049,2026-10-01,BRKR
4,-0.002074546856168073,2026-10-01,BRKR
5,-0.006738803264865647,2026-10-01,BRKR
6,-0.0023190546896367063,2026-10-01,BRKR
7,-0.0029905097436178124,2026-10-01,BRKR
8,-0.0012192064388467582,2026-10-01,BRKR
9,-0.004984169963947636,2026-10-01,BRKR
10,0.00026232775074501067,2026-10-01,BRKR
11,-0.00667483140607823,2026-10-01,BRKR
12,0.00145928802871045,2026-10-01,BRKR
13,0.0019018783290790586,2026-10-01,BRKR
14,0.0022367014245112263,2026-10-01,BRKR
1,-0.0007276778993923179,2026-10-01,BRO
2,-0.0009985796951043552,2026-10-01,BRO
3,0.003940785269970519,2026-10-01,BRO
4,-0.0017001385745726556,2026-10-01,BRO
5,-0.002585286659224287,2026-10-01,BRO
6,-0.003492059733918306,2026-10-01,BRO
7,-0.004249515892174454,2026-10-01,BRO
8,-5.522543490377481e-05,2026-10-01,BRO
9,-0.001966463966462887,2026-10-01,BRO
10,-6.442304712573118e-05,2026-10-01,BRO
11,0.0016537582316984646,2026-10-01,BRO
12,-0.0024067946151040192,2026-10-01,BRO
13,-0.00893756687497622,2026-10-01,BRO
14,-0.0034608330495606784,2026-10-01,BRO
1,0.0007205917887391474,2026-10-01,BROS
2,0.004118783417568777,2026-10-01,BROS
3,-0.005631975767312617,2026-10-01,BROS
4,-0.0025318384157852845,2026-10-01,BROS
5,-0.005558993007087934,2026-10-01,BROS
6,-0.002274961480227095,2026-10-01,BROS
7,-0.0040097656275815165,2026-10-01,BROS
8,0.00423463871457357,2026-10-01,BROS
9,-0.0019549460985109368,2026-10-01,BROS
10,0.000335438309695492,2026-10-01,BROS
11,-0.0048651905497989366,2026-10-01,BROS
12,0.0029356084275431737,2026-10-01,BROS
13,-0.00046385347476865556,2026-10-01,BROS
14,0.002129963271338734,2026-10-01,BROS
1,0.0031653210112568713,2026-10-01,BRX
2,0.0052691830056239945,2026-10-01,BRX
3,-0.003690361048397556,2026-10-01,BRX
4,-0.002611963013655821,2026-10-01,BRX
5,-0.004267988359838989,2026-10-01,BRX
6,0.001372774352366578,2026-10-01,BRX
7,1.8219118839996742e-05,2026-10-01,BRX
8,0.0035146756746339105,2026-10-01,BRX
9,-0.0019973908546385855,2026-10-01,BRX
10,-0.0012927916823085492,2026-10-01,BRX
11,2.2139431190569808e-05,2026-10-01,BRX
12,0.00406928516159936,2026-10-01,BRX
13,0.006396763047055538,2026-10-01,BRX
14,0.00814519761045115,2026-10-01,BRX
1,0.0023676430503098444,2026-10-01,BRZE
2,0.003470915838026933,2026-10-01,BRZE
3,-0.006399734207005654,2026-10-01,BRZE
4,-0.0027490230301635736,2026-10-01,BRZE
5,-0.00691100198752857,2026-10-01,BRZE
6,-0.0017732682162909037,2026-10-01,BRZE
7,-0.0006321456609567613,2026-10-01,BRZE
8,-0.001500106434685691,2026-10-01,BRZE
9,-0.0009014164765951179,2026-10-01,BRZE
10,0.001796242944687513,2026-10-01,BRZE
11,-0.00923836287021862,2026-10-01,BRZE
12,0.0028000597173677205,2026-10-01,BRZE
13,0.004193068004741476,2026-10-01,BRZE
14,0.004666396014564341,2026-10-01,BRZE
1,0.000387326148736178,2026-10-01,BSX
2,0.00026835305704770736,2026-10-01,BSX
3,0.001230981774403199,2026-10-01,BSX
4,0.0005785956040057342,2026-10-01,BSX
5,0.00357034238990746,2026-10-01,BSX
6,0.002583787164831617,2026-10-01,BSX
7,0.0034568015411981508,2026-10-01,BSX
8,0.00019855273376964076,2026-10-01,BSX
9,0.005129092003562562,2026-10-01,BSX
10,-0.0012782174344827025,2026-10-01,BSX
11,0.0066855794098865445,2026-10-01,BSX
12,0.004378160251787434,2026-10-01,BSX
13,0.004456548433018191,2026-10-01,BSX
14,-0.0014368781277951446,2026-10-01,BSX
1,-0.001153822070367636,2026-10-01,BSY
2,-0.0021028080201409565,2026-10-01,BSY
3,0.0028196348805647558,2026-10-01,BSY
4,-0.0003885255449243123,2026-10-01,BSY
5,-0.0005208901946051109,2026-10-01,BSY
6,-0.00259990854380574,2026-10-01,BSY
7,-0.00607087377734996,2026-10-01,BSY
8,0.0016569273615413332,2026-10-01,BSY
9,-0.000976782190472935,2026-10-01,BSY
10,0.0014558628776592405,2026-10-01,BSY
11,-0.0011904617106257434,2026-10-01,BSY
12,9.630946046078883e-05,2026-10-01,BSY
13,-0.00850603497812919,2026-10-01,BSY
14,-0.0023865331217656676,2026-10-01,BSY
1,0.0012552840566117647,2026-10-01,BTDR
2,0.0075195756033058034,2026-10-01,BTDR
3,-0.00024684788352970975,2026-10-01,BTDR
4,-0.002602285431693059,2026-10-01,BTDR
5,-0.006114096404406616,2026-10-01,BTDR
6,-0.00251143620329137,2026-10-01,BTDR
7,-0.0012531796123559024,2026-10-01,BTDR
8,0.004106852447719226,2026-10-01,BTDR
9,0.0024337629512003883,2026-10-01,BTDR
10,0.002877397632977294,2026-10-01,BTDR
11,-0.011141214349008033,2026-10-01,BTDR
12,0.009823802639901763,2026-10-01,BTDR
13,0.004481403960667498,2026-10-01,BTDR
14,0.0064040027870325405,2026-10-01,BTDR
1,0.0008635907399640565,2026-10-01,BTE
2,0.0032208846409244748,2026-10-01,BTE
3,-0.0036264200607362225,2026-10-01,BTE
4,-0.004552443694259844,2026-10-01,BTE
5,-0.004375008755880886,2026-10-01,BTE
6,0.002781105353733266,2026-10-01,BTE
7,-0.0030121691591180745,2026-10-01,BTE
8,0.002158847361455774,2026-10-01,BTE
9,-0.005206527162053735,2026-10-01,BTE
10,0.006370034406131336,2026-10-01,BTE
11,-0.0035154383002384626,2026-10-01,BTE
12,0.004126093764410296,2026-10-01,BTE
13,0.008583163182334732,2026-10-01,BTE
14,0.003818157180894056,2026-10-01,BTE
1,0.0008476376227992705,2026-10-01,BTG
2,0.004989050184773565,2026-10-01,BTG
3,-0.0030062328912680235,2026-10-01,BTG
4,0.0005886850188287455,2026-10-01,BTG
5,-0.0004478424304879428,2026-10-01,BTG
6,0.0049951656902808735,2026-10-01,BTG
7,0.0008612134467655944,2026-10-01,BTG
8,0.007970266296810611,2026-10-01,BTG
9,-0.0030204398988441586,2026-10-01,BTG
10,0.00819980619038275,2026-10-01,BTG
11,-0.004445172237130428,2026-10-01,BTG
12,0.004206823114026772,2026-10-01,BTG
13,-0.0001972848991588647,2026-10-01,BTG
14,0.008605252967249758,2026-10-01,BTG
1,0.00015149561921000253,2026-10-01,BUD
2,0.000268912753509336,2026-10-01,BUD
3,0.0010197841906156295,2026-10-01,BUD
4,0.00016287140899537327,2026-10-01,BUD
5,0.0009863490120615148,2026-10-01,BUD
6,0.0031505266182315023,2026-10-01,BUD
7,0.002536341909862461,2026-10-01,BUD
8,0.001299819840107337,2026-10-01,BUD
9,0.0013970181709398574,2026-10-01,BUD
10,-0.004485792378188847,2026-10-01,BUD
11,0.0021550241041475367,2026-10-01,BUD
12,-0.0010473175501841301,2026-10-01,BUD
13,0.003982722304098089,2026-10-01,BUD
14,-0.001172305012271856,2026-10-01,BUD
1,-0.0014027392175951952,2026-10-01,BURL
2,-0.00016098943821087958,2026-10-01,BURL
3,0.0045650063415802935,2026-10-01,BURL
4,-0.000738859302341567,2026-10-01,BURL
5,-0.0011269343499117964,2026-10-01,BURL
6,-0.002210402098460153,2026-10-01,BURL
7,-0.004336047727355304,2026-10-01,BURL
8,0.0009737504064350754,2026-10-01,BURL
9,-0.001994042195972984,2026-10-01,BURL
10,0.003001103200692625,2026-10-01,BURL
11,0.0028349303677721776,2026-10-01,BURL
12,-0.004063243885922816,2026-10-01,BURL
13,-0.008882734038888682,2026-10-01,BURL
14,-0.004086781159749696,2026-10-01,BURL
1,0.001884378684318217,2026-10-01,BVN
2,0.005667853499032137,2026-10-01,BVN
3,-0.0031421801679108272,2026-10-01,BVN
4,5.8029482556491845e-05,2026-10-01,BVN
5,5.247771989623316e-05,2026-10-01,BVN
6,-0.00048416407358310405,2026-10-01,BVN
7,0.0017095632995193866,2026-10-01,BVN
8,0.006382139489838534,2026-10-01,BVN
9,0.0048008974870079974,2026-10-01,BVN
10,0.007430861132010555,2026-10-01,BVN
11,-0.004581727286329895,2026-10-01,BVN
12,0.003959866951103426,2026-10-01,BVN
13,0.007607436990921371,2026-10-01,BVN
14,0.0076392499372952795,2026-10-01,BVN
1,0.0006600181015985745,2026-10-01,BWA
2,0.00412084050717918,2026-10-01,BWA
3,-0.004798813308769989,2026-10-01,BWA
4,-0.004599399062442894,2026-10-01,BWA
5,-0.0051682293718973895,2026-10-01,BWA
6,-0.00038027358252466407,2026-10-01,BWA
7,-0.00037360280284409357,2026-10-01,BWA
8,-0.0005983974630624709,2026-10-01,BWA
9,-0.004217025618474445,2026-10-01,BWA
10,0.005609405693572572,2026-10-01,BWA
11,-0.003412476774298604,2026-10-01,BWA
12,0.004103099219164268,2026-10-01,BWA
13,0.0025647254866098383,2026-10-01,BWA
14,0.0068880416349261136,2026-10-01,BWA
1,0.0013086212862949565,2026-10-01,BX
2,0.00013235930196059346,2026-10-01,BX
3,0.0009908632475317542,2026-10-01,BX
4,0.0014011920071241766,2026-10-01,BX
5,0.0031746078741238764,2026-10-01,BX
6,0.004697288531739717,2026-10-01,BX
7,0.0024651706208359426,2026-10-01,BX
8,0.0011224526222143693,2026-10-01,BX
9,0.00406334317624569,2026-10-01,BX
10,-0.001838673107444876,2026-10-01,BX
11,0.007533532182771721,2026-10-01,BX
12,0.005938509232872295,2026-10-01,BX
13,0.005533889625810192,2026-10-01,BX
14,-2.530523808229275e-05,2026-10-01,BX
1,0.001522287210210628,2026-10-01,BXMT
2,0.0035292559150270787,2026-10-01,BXMT
3,-0.003021213936386263,2026-10-01,BXMT
4,-0.002548321436928913,2026-10-01,BXMT
5,-0.006279368405101847,2026-10-01,BXMT
6,-0.0023367780672823362,2026-10-01,BXMT
7,-0.0020121915941166786,2026-10-01,BXMT
8,-0.00028037703152446306,2026-10-01,BXMT
9,0.00037501397218841614,2026-10-01,BXMT
10,-0.0036168262735058973,2026-10-01,BXMT
11,-0.004721314492654115,2026-10-01,BXMT
12,0.0030430765598321633,2026-10-01,BXMT
13,0.004812443093818097,2026-10-01,BXMT
14,0.006008885059256546,2026-10-01,BXMT
1,-0.0005861226128590828,2026-10-01,BXP
2,-0.0008929160164865487,2026-10-01,BXP
3,0.0017108449544920743,2026-10-01,BXP
4,-0.0019398767458013533,2026-10-01,BXP
5,-0.0015241215449047364,2026-10-01,BXP
6,-0.00351209043302834,2026-10-01,BXP
7,-0.004349326891046845,2026-10-01,BXP
8,0.001289404725182371,2026-10-01,BXP
9,-0.001848355715058052,2026-10-01,BXP
10,0.0002881345423618557,2026-10-01,BXP
11,0.001985086931981499,2026-10-01,BXP
12,-0.0031791036232283244,2026-10-01,BXP
13,-0.007486401802387997,2026-10-01,BXP
14,-0.0024405459836762686,2026-10-01,BXP
1,0.0012172400848099118,2026-10-01,BXSL
2,0.004379448832085103,2026-10-01,BXSL
3,-0.003547179693503367,2026-10-01,BXSL
4,-0.005305804478914237,2026-10-01,BXSL
5,-0.006007796113411296,2026-10-01,BXSL
6,-1.5633922695010486e-05,2026-10-01,BXSL
7,-0.0016302843503003897,2026-10-01,BXSL
8,-0.0002976988742286651,2026-10-01,BXSL
9,-0.0023802798119230474,2026-10-01,BXSL
10,0.0036419147847543557,2026-10-01,BXSL
11,-0.006804634144729929,2026-10-01,BXSL
12,0.0022608116373843685,2026-10-01,BXSL
13,0.004653531363625775,2026-10-01,BXSL
14,0.00799352892216249,2026-10-01,BXSL
1,0.0017707488263914077,2026-10-01,BYD
2,0.003471480090624339,2026-10-01,BYD
3,-0.0025494564686251425,2026-10-01,BYD
4,-0.002510563831124856,2026-10-01,BYD
5,-0.0041048514181684535,2026-10-01,BYD
6,-0.001566891439495636,2026-10-01,BYD
7,-9.88791314837396e-05,2026-10-01,BYD
8,-0.0026796342569279674,2026-10-01,BYD
9,0.0028265580307405627,2026-10-01,BYD
10,-0.0009872309589801058,2026-10-01,BYD
11,-0.0013935592696719544,2026-10-01,BYD
12,0.005118612247382505,2026-10-01,BYD
13,0.005517477661876779,2026-10-01,BYD
14,0.00617206675937369,2026-10-01,BYD
1,0.00038243259361532377,2026-10-01,BZ
2,0.003761676370337817,2026-10-01,BZ
3,-0.003794062703016953,2026-10-01,BZ
4,-0.002740915332914503,2026-10-01,BZ
5,-0.008268268240701065,2026-10-01,BZ
6,-0.00288717814315232,2026-10-01,BZ
7,-0.004338066319157929,2026-10-01,BZ
8,-1.819668937355568e-05,2026-10-01,BZ
9,-0.0025894986227565846,2026-10-01,BZ
10,0.005228260627358641,2026-10-01,BZ
11,-0.005443770081915552,2026-10-01,BZ
12,0.0013192531317642907,2026-10-01,BZ
13,0.003125887779817735,2026-10-01,BZ
14,0.0009211860562571468,2026-10-01,BZ
1,0.0006772015363061464,2026-10-01,C
2,-0.0003178506821293936,2026-10-01,C
3,0.0018669545593093986,2026-10-01,C
4,0.000376446182320046,2026-10-01,C
5,0.0017893379184086365,2026-10-01,C
6,0.0039625047192820145,2026-10-01,C
7,0.004022357919182536,2026-10-01,C
8,0.0003963421591926123,2026-10-01,C
9,0.0015110926011692822,2026-10-01,C
10,-0.0019215465783499388,2026-10-01,C
11,0.005021358605644852,2026-10-01,C
12,0.003119293147530875,2026-10-01,C
13,0.006786950665675626,2026-10-01,C
14,-0.0008455230741239847,2026-10-01,C
1,-0.0003084697248153496,2026-10-01,CAE
2,0.0017110818431076112,2026-10-01,CAE
3,-0.005421227275141541,2026-10-01,CAE
4,-0.0037695245638594355,2026-10-01,CAE
5,-0.0074029691105301654,2026-10-01,CAE
6,-0.0033199593901489374,2026-10-01,CAE
7,0.0001337425021824136,2026-10-01,CAE
8,-0.0012485669344585709,2026-10-01,CAE
9,-0.0033514254443492444,2026-10-01,CAE
10,0.005572997902768317,2026-10-01,CAE
11,-0.0014872422558414133,2026-10-01,CAE
12,0.006785157871555995,2026-10-01,CAE
13,0.006378120237882809,2026-10-01,CAE
14,0.009035119072444411,2026-10-01,CAE
1,0.0014865576437378407,2026-10-01,CAG
2,0.005377689829213901,2026-10-01,CAG
3,-0.003709085103803024,2026-10-01,CAG
4,-0.003050347257159927,2026-10-01,CAG
5,-0.007223223151453864,2026-10-01,CAG
6,-0.004173855209541259,2026-10-01,CAG
7,-0.0007613811171820778,2026-10-01,CAG
8,-0.0040360278044926845,2026-10-01,CAG
9,0.00018020044812686227,2026-10-01,CAG
10,0.00021336213030905958,2026-10-01,CAG
11,-0.010727038652568811,2026-10-01,CAG
12,0.0028111415621239963,2026-10-01,CAG
13,0.0027952040863244943,2026-10-01,CAG
14,0.009337637262952595,2026-10-01,CAG
1,-0.001991563810680894,2026-10-01,CAH
2,-0.0021019451989164875,2026-10-01,CAH
3,0.0031279242525616207,2026-10-01,CAH
4,-0.001533804816033565,2026-10-01,CAH
5,0.0008653287349053976,2026-10-01,CAH
6,-0.004504200643309664,2026-10-01,CAH
7,-0.003252603081734073,2026-10-01,CAH
8,0.0005686861441403488,2026-10-01,CAH
9,-0.0017151570057297538,2026-10-01,CAH
10,0.005093908864858756,2026-10-01,CAH
11,0.005522500685597325,2026-10-01,CAH
12,-0.00038899980941648675,2026-10-01,CAH
13,-0.007100045663964587,2026-10-01,CAH
14,-0.0020929313339055292,2026-10-01,CAH
1,0.0023183137912984745,2026-10-01,CAKE
2,0.00571419880014016,2026-10-01,CAKE
3,-0.003096759260837534,2026-10-01,CAKE
4,-0.0006978289300247349,2026-10-01,CAKE
5,-0.005462634223655475,2026-10-01,CAKE
6,-0.0037891813295616245,2026-10-01,CAKE
7,-0.003789620771725415,2026-10-01,CAKE
8,0.001330468964561067,2026-10-01,CAKE
9,0.0005384216828442537,2026-10-01,CAKE
10,0.003197210150796691,2026-10-01,CAKE
11,-0.0037124623151588198,2026-10-01,CAKE
12,0.0035797522679973685,2026-10-01,CAKE
13,0.008389834758916834,2026-10-01,CAKE
14,0.004285062893717071,2026-10-01,CAKE
1,0.0013733606125952375,2026-10-01,CARG
2,0.003757937709952048,2026-10-01,CARG
3,-0.0057293993628607315,2026-10-01,CARG
4,-0.000660196731720315,2026-10-01,CARG
5,-0.0053841085148033895,2026-10-01,CARG
6,0.00025676449201349183,2026-10-01,CARG
7,-0.0017443617791306335,2026-10-01,CARG
8,0.0015760961930972556,2026-10-01,CARG
9,-0.004997843759100494,2026-10-01,CARG
10,0.0009109633683962344,2026-10-01,CARG
11,-0.004443298574851412,2026-10-01,CARG
12,0.008475593168229073,2026-10-01,CARG
13,0.0016969411121112448,2026-10-01,CARG
14,0.005769835148294712,2026-10-01,CARG
1,0.0004977437740868062,2026-10-01,CARR
2,0.00045122055521032445,2026-10-01,CARR
3,0.0033518721283417267,2026-10-01,CARR
4,0.0014510579551896775,2026-10-01,CARR
5,0.003193551687410097,2026-10-01,CARR
6,0.0031120469720876454,2026-10-01,CARR
7,0.0036740619862353774,2026-10-01,CARR
8,-0.0003202014219598768,2026-10-01,CARR
9,0.0017515369593061624,2026-10-01,CARR
10,-0.0010924194413712107,2026-10-01,CARR
11,0.0033789215515827985,2026-10-01,CARR
12,0.003862826678494176,2026-10-01,CARR
13,0.004900834913819139,2026-10-01,CARR
14,-0.0013108343634198496,2026-10-01,CARR
1,-0.0009601542350126026,2026-10-01,CART
2,-0.002861219936748328,2026-10-01,CART
3,0.004924782663702254,2026-10-01,CART
4,-0.0019865838909835227,2026-10-01,CART
5,-0.00041655686548697945,2026-10-01,CART
6,-0.006301617698821548,2026-10-01,CART
7,-0.004107131705180246,2026-10-01,CART
8,-8.281290609267125e-05,2026-10-01,CART
9,0.00032913099640291787,2026-10-01,CART
10,-2.344070966595486e-05,2026-10-01,CART
11,0.003311423610359162,2026-10-01,CART
12,-0.002033625750052872,2026-10-01,CART
13,-0.007795166184492247,2026-10-01,CART
14,-0.003114367555062173,2026-10-01,CART
1,0.000516899249363313,2026-10-01,CAT
2,0.0008973356620896226,2026-10-01,CAT
3,0.0018102669213742918,2026-10-01,CAT
4,-0.000302612171554718,2026-10-01,CAT
5,0.0011563001638873515,2026-10-01,CAT
6,0.0032552878582891224,2026-10-01,CAT
7,0.0026761112242557894,2026-10-01,CAT
8,0.0005094465528169675,2026-10-01,CAT
9,0.001515273743422133,2026-10-01,CAT
10,-0.0007316443243069215,2026-10-01,CAT
11,0.0014674564034795545,2026-10-01,CAT
12,0.002954839678885222,2026-10-01,CAT
13,0.0062901347164971665,2026-10-01,CAT
14,-0.00014504236590791994,2026-10-01,CAT
1,0.0016563530916759864,2026-10-01,CAVA
2,0.004809624142090229,2026-10-01,CAVA
3,-0.003558634768658988,2026-10-01,CAVA
4,-0.001710577493627423,2026-10-01,CAVA
5,-0.005222821095966789,2026-10-01,CAVA
6,-0.0043817628049095236,2026-10-01,CAVA
7,-0.004871413445304519,2026-10-01,CAVA
8,-0.0009740125425300319,2026-10-01,CAVA
9,-0.0012509478914059663,2026-10-01,CAVA
10,-0.0004302038526881334,2026-10-01,CAVA
11,-0.003931241135574402,2026-10-01,CAVA
12,0.0012240394936542686,2026-10-01,CAVA
13,0.002382043878061236,2026-10-01,CAVA
14,0.0019396328878544234,2026-10-01,CAVA
1,0.0006543953269072144,2026-10-01,CB
2,0.0003637318364592172,2026-10-01,CB
3,0.0013594217412906588,2026-10-01,CB
4,0.0005883865531004815,2026-10-01,CB
5,0.0015542221010875663,2026-10-01,CB
6,0.002987428808577551,2026-10-01,CB
7,0.001910052192005585,2026-10-01,CB
8,0.0008538939997308687,2026-10-01,CB
9,0.001074431612770005,2026-10-01,CB
10,-0.0011289169094602623,2026-10-01,CB
11,0.00270958312311567,2026-10-01,CB
12,0.0027045896719949942,2026-10-01,CB
13,0.006038255905368302,2026-10-01,CB
14,0.0022962186352411484,2026-10-01,CB
1,-0.0012276548387385208,2026-10-01,CBRE
2,-0.00016704598906575223,2026-10-01,CBRE
3,0.005173804404524443,2026-10-01,CBRE
4,-0.0015168106074564525,2026-10-01,CBRE
5,0.0006593693095917642,2026-10-01,CBRE
6,-0.0037020389562227645,2026-10-01,CBRE
7,-0.0030120542774874012,2026-10-01,CBRE
8,0.0023102961084002613,2026-10-01,CBRE
9,-0.000987369580079421,2026-10-01,CBRE
10,0.0014737174796486082,2026-10-01,CBRE
11,0.0025581685755517746,2026-10-01,CBRE
12,-0.0004076777473758293,2026-10-01,CBRE
13,-0.007435761277378004,2026-10-01,CBRE
14,-0.0012437980341865173,2026-10-01,CBRE
1,0.0015833267991054271,2026-10-01,CC
2,0.0073645703467066625,2026-10-01,CC
3,-0.004515245790209259,2026-10-01,CC
4,-0.008889839814114281,2026-10-01,CC
5,-0.006041519208623108,2026-10-01,CC
6,-0.0028345590239779914,2026-10-01,CC
7,-0.0014456732749914035,2026-10-01,CC
8,-0.004606530010618606,2026-10-01,CC
9,-0.003217153596301335,2026-10-01,CC
10,0.0012867387311963367,2026-10-01,CC
11,-0.005696156471699772,2026-10-01,CC
12,0.0010979013242850902,2026-10-01,CC
13,0.0055089251769178706,2026-10-01,CC
14,0.0041491217081545346,2026-10-01,CC
1,-0.0013581256375995577,2026-10-01,CCEP
2,-0.0032414653433591976,2026-10-01,CCEP
3,0.004184692747715232,2026-10-01,CCEP
4,-0.0032755531058929616,2026-10-01,CCEP
5,-0.0015990091225920094,2026-10-01,CCEP
6,-0.0037207420608608836,2026-10-01,CCEP
7,-0.003302771328758339,2026-10-01,CCEP
8,0.0005813877680985314,2026-10-01,CCEP
9,-0.0019737044380463285,2026-10-01,CCEP
10,0.003952274317476905,2026-10-01,CCEP
11,0.002957767195163755,2026-10-01,CCEP
12,-0.0008266755005295436,2026-10-01,CCEP
13,-0.00284352288844779,2026-10-01,CCEP
14,-0.0025582699396228896,2026-10-01,CCEP
1,-0.0007102812915582518,2026-10-01,CCI
2,-0.0012539415725704073,2026-10-01,CCI
3,0.0026276220046303578,2026-10-01,CCI
4,-0.0013276164087002577,2026-10-01,CCI
5,-0.0016131024538734574,2026-10-01,CCI
6,-0.0032071033797999825,2026-10-01,CCI
7,-0.0052070547470881015,2026-10-01,CCI
8,-0.00019369980803176628,2026-10-01,CCI
9,-0.003195667885907966,2026-10-01,CCI
10,0.002288820954249863,2026-10-01,CCI
11,0.002593508012163274,2026-10-01,CCI
12,-0.004288389885723113,2026-10-01,CCI
13,-0.004575695584103388,2026-10-01,CCI
14,-0.001420991845511614,2026-10-01,CCI
1,0.0001320267421634873,2026-10-01,CCJ
2,-0.001091471049390179,2026-10-01,CCJ
3,0.0037755578856549506,2026-10-01,CCJ
4,-0.0027080445124485334,2026-10-01,CCJ
5,-0.0033890421442262556,2026-10-01,CCJ
6,-0.002876193255475962,2026-10-01,CCJ
7,-0.005082306447927452,2026-10-01,CCJ
8,0.00147696243354796,2026-10-01,CCJ
9,-0.0022311973315221325,2026-10-01,CCJ
10,0.0037299002194437986,2026-10-01,CCJ
11,0.0016344226663476103,2026-10-01,CCJ
12,-0.0031552379626820742,2026-10-01,CCJ
13,-0.0033836876996645956,2026-10-01,CCJ
14,-0.002128231038253744,2026-10-01,CCJ
1,0.001777326358002237,2026-10-01,CCK
2,0.005543780200477431,2026-10-01,CCK
3,-0.0051116879889734285,2026-10-01,CCK
4,-0.0026565774396027585,2026-10-01,CCK
5,-0.0045733232225719225,2026-10-01,CCK
6,-0.0007949832985957773,2026-10-01,CCK
7,-0.0022544795387675546,2026-10-01,CCK
8,0.003347599071150195,2026-10-01,CCK
9,-0.0017241358223326446,2026-10-01,CCK
10,0.0010711199926995497,2026-10-01,CCK
11,-0.0034301730329214693,2026-10-01,CCK
12,0.0037164891925617156,2026-10-01,CCK
13,0.0060160646003945975,2026-10-01,CCK
14,0.004865643906731906,2026-10-01,CCK
1,-0.0013944039959956382,2026-10-01,CCL
2,-0.0010077653907822426,2026-10-01,CCL
3,0.0027179134886868234,2026-10-01,CCL
4,-0.0018591144254239984,2026-10-01,CCL
5,-0.0007301901529675179,2026-10-01,CCL
6,-0.004278186108034328,2026-10-01,CCL
7,9.881311459313376e-05,2026-10-01,CCL
8,0.0016037249824372565,2026-10-01,CCL
9,0.00037787329394184605,2026-10-01,CCL
10,0.003580713380236637,2026-10-01,CCL
11,0.0026293196831895464,2026-10-01,CCL
12,-0.0021487497792632387,2026-10-01,CCL
13,-0.01066893453217935,2026-10-01,CCL
14,-0.0033067023122229154,2026-10-01,CCL
1,0.0014808093082904097,2026-10-01,CDE
2,0.006768266778562355,2026-10-01,CDE
3,-0.0029620459814804394,2026-10-01,CDE
4,9.604782616403041e-05,2026-10-01,CDE
5,-0.0012739514083978773,2026-10-01,CDE
6,0.0022040657401464856,2026-10-01,CDE
7,7.200667746167804e-05,2026-10-01,CDE
8,0.006274746072212633,2026-10-01,CDE
9,0.002586413727649721,2026-10-01,CDE
10,0.005796102290148067,2026-10-01,CDE
11,-0.005772576686820646,2026-10-01,CDE
12,0.004212174561936606,2026-10-01,CDE
13,0.0044359948009685644,2026-10-01,CDE
14,0.00844497263792247,2026-10-01,CDE
1,0.000749109121919663,2026-10-01,CDNS
2,0.00116776385507537,2026-10-01,CDNS
3,0.0013605140823145598,2026-10-01,CDNS
4,0.002186703638486139,2026-10-01,CDNS
5,0.003513596692418068,2026-10-01,CDNS
6,0.004619890344312247,2026-10-01,CDNS
7,0.002294874568162552,2026-10-01,CDNS
8,0.00030132938108909786,2026-10-01,CDNS
9,0.002990760130028143,2026-10-01,CDNS
10,-0.0025365821337569802,2026-10-01,CDNS
11,-0.0009002474459973035,2026-10-01,CDNS
12,-0.0010434967768990124,2026-10-01,CDNS
13,0.004543087213031201,2026-10-01,CDNS
14,-0.0019676595669415077,2026-10-01,CDNS
1,-0.0012582438782175122,2026-10-01,CDW
2,-0.0021021209642067976,2026-10-01,CDW
3,0.0009692357516964713,2026-10-01,CDW
4,-0.002209833470412399,2026-10-01,CDW
5,-0.00035846827372368323,2026-10-01,CDW
6,-0.003127639890119041,2026-10-01,CDW
7,-0.005856744167922414,2026-10-01,CDW
8,0.0013587229939955915,2026-10-01,CDW
9,-0.002523676597505276,2026-10-01,CDW
10,0.0038326388784355307,2026-10-01,CDW
11,0.0031060852434354573,2026-10-01,CDW
12,-0.0004976698795214718,2026-10-01,CDW
13,-0.006939483964610568,2026-10-01,CDW
14,-0.003202275342644066,2026-10-01,CDW
1,-0.0009400108586885448,2026-10-01,CE
2,-0.00022185986446397534,2026-10-01,CE
3,0.0035153798513936083,2026-10-01,CE
4,-0.0024754580324334516,2026-10-01,CE
5,-0.0009138494721458568,2026-10-01,CE
6,-0.004194288854440855,2026-10-01,CE
7,-0.0026085741744073633,2026-10-01,CE
8,0.0025352883187344374,2026-10-01,CE
9,0.00011017031620624436,2026-10-01,CE
10,0.0009750742008310481,2026-10-01,CE
11,0.0018656325707789817,2026-10-01,CE
12,-0.0011683561077276675,2026-10-01,CE
13,-0.004433652957255029,2026-10-01,CE
14,-0.001032316365581234,2026-10-01,CE
1,0.0006261088443399791,2026-10-01,CEG
2,0.00035688200246424706,2026-10-01,CEG
3,0.0005805713389875911,2026-10-01,CEG
4,-0.00023742400960500906,2026-10-01,CEG
5,0.0021496103089003503,2026-10-01,CEG
6,0.0038396432220541283,2026-10-01,CEG
7,0.004283095669469712,2026-10-01,CEG
8,-0.0006745476309004226,2026-10-01,CEG
9,-0.0002625355635137847,2026-10-01,CEG
10,-0.0020215135916500345,2026-10-01,CEG
11,-0.0006367302109942171,2026-10-01,CEG
12,0.0012644775348112209,2026-10-01,CEG
13,0.002825241658357252,2026-10-01,CEG
14,-0.0007724435197895938,2026-10-01,CEG
1,0.0015995675226779342,2026-10-01,CELH
2,0.0026254329694278275,2026-10-01,CELH
3,-0.007632811618079716,2026-10-01,CELH
4,-0.0021868739575884658,2026-10-01,CELH
5,-0.0024326026035262423,2026-10-01,CELH
6,-0.001432157228335489,2026-10-01,CELH
7,-0.0027244260713061496,2026-10-01,CELH
8,0.0027928350941095336,2026-10-01,CELH
9,0.0022127712334492748,2026-10-01,CELH
10,0.005587074754479975,2026-10-01,CELH
11,0.0006001620887090008,2026-10-01,CELH
12,0.0004054700124789262,2026-10-01,CELH
13,0.002765546516162085,2026-10-01,CELH
14,0.012894516959570685,2026-10-01,CELH
1,0.0019313501111187024,2026-10-01,CERT
2,0.004255927808806318,2026-10-01,CERT
3,-0.0019516149944252975,2026-10-01,CERT
4,-0.0020441983003649743,2026-10-01,CERT
5,-0.006527312906357711,2026-10-01,CERT
6,-0.002825605867905863,2026-10-01,CERT
7,-0.0015942862465932184,2026-10-01,CERT
8,-0.002268511763574207,2026-10-01,CERT
9,0.0028418067061280693,2026-10-01,CERT
10,0.002056071042276684,2026-10-01,CERT
11,-0.004787798258856472,2026-10-01,CERT
12,0.009496669117706866,2026-10-01,CERT
13,0.0004105830093292311,2026-10-01,CERT
14,0.007116121025721291,2026-10-01,CERT
1,0.0010931191256468103,2026-10-01,CF
2,0.0036282933213770134,2026-10-01,CF
3,-0.003927356089136676,2026-10-01,CF
4,-0.007515065654766863,2026-10-01,CF
5,-0.00635572143436066,2026-10-01,CF
6,0.0003635704117269135,2026-10-01,CF
7,-4.253851640868829e-05,2026-10-01,CF
8,-0.001349865059495396,2026-10-01,CF
9,-0.001600456602486448,2026-10-01,CF
10,0.001271536322093656,2026-10-01,CF
11,-0.005764403829221065,2026-10-01,CF
12,0.004046481063364558,2026-10-01,CF
13,0.00488861701362196,2026-10-01,CF
14,0.001922058811287492,2026-10-01,CF
1,-0.0006182138068220887,2026-10-01,CFG
2,-0.001831816453426359,2026-10-01,CFG
3,0.004342810179366329,2026-10-01,CFG
4,-0.0011058679350005839,2026-10-01,CFG
5,-0.0011547040931204232,2026-10-01,CFG
6,-0.00503941740556042,2026-10-01,CFG
7,-0.004687134971354964,2026-10-01,CFG
8,0.0012798260689254855,2026-10-01,CFG
9,0.0006157834090938796,2026-10-01,CFG
10,0.0018536185685075787,2026-10-01,CFG
11,0.005130237543437917,2026-10-01,CFG
12,-3.6884779144892316e-05,2026-10-01,CFG
13,-0.004528080801743772,2026-10-01,CFG
14,4.6209780806771714e-05,2026-10-01,CFG
1,-0.0002475528844704269,2026-10-01,CG
2,-0.0013402123496863694,2026-10-01,CG
3,0.0037191779633715546,2026-10-01,CG
4,-0.0013803561870901994,2026-10-01,CG
5,-0.0009752438376213623,2026-10-01,CG
6,-0.004760315191215438,2026-10-01,CG
7,-0.0063311715932940224,2026-10-01,CG
8,0.0016530853209883445,2026-10-01,CG
9,0.0019119405070173805,2026-10-01,CG
10,0.0016231727691390562,2026-10-01,CG
11,0.00256281177722863,2026-10-01,CG
12,0.0013472316380558718,2026-10-01,CG
13,-0.005068201700342319,2026-10-01,CG
14,-0.0006478984523420808,2026-10-01,CG
1,0.0007634290046094383,2026-10-01,CGEM
2,0.004167572942707398,2026-10-01,CGEM
3,-0.0036607630641718493,2026-10-01,CGEM
4,-0.004709405409006549,2026-10-01,CGEM
5,-0.004569868635072869,2026-10-01,CGEM
6,-0.0006065613589810871,2026-10-01,CGEM
7,0.0025529306382654974,2026-10-01,CGEM
8,-0.0013565856911080115,2026-10-01,CGEM
9,-0.00271832852406462,2026-10-01,CGEM
10,0.0034287478919844505,2026-10-01,CGEM
11,-0.004189402923248482,2026-10-01,CGEM
12,0.005330762820931505,2026-10-01,CGEM
13,0.006725411416184399,2026-10-01,CGEM
14,0.009880172840827456,2026-10-01,CGEM
1,0.0018924545539416712,2026-10-01,CGNX
2,0.0036425295599937365,2026-10-01,CGNX
3,-0.006246374833447022,2026-10-01,CGNX
4,-0.0016638030355441344,2026-10-01,CGNX
5,-0.004529378159691889,2026-10-01,CGNX
6,-0.0015507753522079955,2026-10-01,CGNX
7,-0.004010335253810887,2026-10-01,CGNX
8,0.00296970213352366,2026-10-01,CGNX
9,-0.0012880618159900772,2026-10-01,CGNX
10,-0.000322646863309983,2026-10-01,CGNX
11,-0.004027400498582792,2026-10-01,CGNX
12,0.006179564036115619,2026-10-01,CGNX
13,0.006292664904774067,2026-10-01,CGNX
14,0.007103112475069994,2026-10-01,CGNX
1,-0.0027051556828964446,2026-10-01,CHD
2,-0.0014367709932097427,2026-10-01,CHD
3,0.004486420970506671,2026-10-01,CHD
4,-0.0012164437478169128,2026-10-01,CHD
5,-0.0016073947881856932,2026-10-01,CHD
6,-0.006362568448855727,2026-10-01,CHD
7,-0.007344808833786292,2026-10-01,CHD
8,0.0017380366136792729,2026-10-01,CHD
9,-0.00343251464492127,2026-10-01,CHD
10,0.0011743251653516164,2026-10-01,CHD
11,-0.0011551627446760753,2026-10-01,CHD
12,0.0021928259741659352,2026-10-01,CHD
13,-0.005376474736833869,2026-10-01,CHD
14,-0.0019876711403621905,2026-10-01,CHD
1,0.0007904538083821182,2026-10-01,CHRD
2,0.0032361174453529357,2026-10-01,CHRD
3,-0.001197016292405537,2026-10-01,CHRD
4,-0.004935860043088455,2026-10-01,CHRD
5,-0.004723437609274634,2026-10-01,CHRD
6,-0.001815371955430913,2026-10-01,CHRD
7,-0.00080590263222281,2026-10-01,CHRD
8,0.000904970668596989,2026-10-01,CHRD
9,-0.004172205853646883,2026-10-01,CHRD
10,0.0002394814606279204,2026-10-01,CHRD
11,-0.005668570826161326,2026-10-01,CHRD
12,0.00536924776917628,2026-10-01,CHRD
13,0.0073676606479393236,2026-10-01,CHRD
14,0.0023792024420673233,2026-10-01,CHRD
1,-7.032588519503212e-05,2026-10-01,CHRW
2,0.002891427153433128,2026-10-01,CHRW
3,-0.0038062492660706246,2026-10-01,CHRW
4,-0.005851475349521274,2026-10-01,CHRW
5,-0.004039691706005908,2026-10-01,CHRW
6,0.0013983263279229523,2026-10-01,CHRW
7,-0.0031553124223598237,2026-10-01,CHRW
8,0.005460113775151116,2026-10-01,CHRW
9,-0.0033261334397674935,2026-10-01,CHRW
10,0.0020460565828017566,2026-10-01,CHRW
11,-0.006266675647248056,2026-10-01,CHRW
12,0.0031941381796989432,2026-10-01,CHRW
13,0.005299067825148288,2026-10-01,CHRW
14,0.0033517459308131585,2026-10-01,CHRW
1,0.0006288606609851642,2026-10-01,CHTR
2,5.927529779709546e-05,2026-10-01,CHTR
3,-0.0011724749469488134,2026-10-01,CHTR
4,0.0001602603140151063,2026-10-01,CHTR
5,0.002907313968768943,2026-10-01,CHTR
6,0.0017719759462490347,2026-10-01,CHTR
7,0.0031398764141817334,2026-10-01,CHTR
8,-0.0010236843298800065,2026-10-01,CHTR
9,-0.0022790349831070572,2026-10-01,CHTR
10,-0.003355160734730338,2026-10-01,CHTR
11,-0.0006850147709083624,2026-10-01,CHTR
12,-0.0003753541847372103,2026-10-01,CHTR
13,0.004350731484278863,2026-10-01,CHTR
14,4.918843328793036e-06,2026-10-01,CHTR
1,0.00044748870972245475,2026-10-01,CHWY
2,0.004074327105485558,2026-10-01,CHWY
3,-0.005318741220248681,2026-10-01,CHWY
4,-0.001827449371828057,2026-10-01,CHWY
5,-0.005387132886612297,2026-10-01,CHWY
6,-0.00013784475200888355,2026-10-01,CHWY
7,0.00022690733028617484,2026-10-01,CHWY
8,0.003382935432003915,2026-10-01,CHWY
9,0.0025098980234754334,2026-10-01,CHWY
10,0.005649752017058627,2026-10-01,CHWY
11,-0.00414126654805236,2026-10-01,CHWY
12,0.004046637614583656,2026-10-01,CHWY
13,0.008846468457985757,2026-10-01,CHWY
14,0.0037547142147035155,2026-10-01,CHWY
1,-0.0001514021576404635,2026-10-01,CI
2,-0.0004205599851593212,2026-10-01,CI
3,0.0009184368818501684,2026-10-01,CI
4,0.0004911584665169982,2026-10-01,CI
5,0.0005699617350927579,2026-10-01,CI
6,0.004030420552405553,2026-10-01,CI
7,0.003083039415230023,2026-10-01,CI
8,0.0022321217840893283,2026-10-01,CI
9,0.0005744826602868573,2026-10-01,CI
10,-0.001234032526318995,2026-10-01,CI
11,0.000402479183858974,2026-10-01,CI
12,0.0039841550586342395,2026-10-01,CI
13,0.00394304347328711,2026-10-01,CI
14,-0.0007295334005241282,2026-10-01,CI
1,0.001311122061668743,2026-10-01,CIEN
2,0.005243403628748532,2026-10-01,CIEN
3,-0.0034351004569480844,2026-10-01,CIEN
4,-0.0008222761421886515,2026-10-01,CIEN
5,-0.006043489027282194,2026-10-01,CIEN
6,-0.001444398164343553,2026-10-01,CIEN
7,-0.003602333446608513,2026-10-01,CIEN
8,0.0029771753066228264,2026-10-01,CIEN
9,-0.0024744765508534425,2026-10-01,CIEN
10,0.004593540700310918,2026-10-01,CIEN
11,-0.003929380006426137,2026-10-01,CIEN
12,0.0021610418972460633,2026-10-01,CIEN
13,0.00428705333492084,2026-10-01,CIEN
14,0.004644826250101996,2026-10-01,CIEN
1,0.002138120300904805,2026-10-01,CIFR
2,0.007595212889164614,2026-10-01,CIFR
3,-0.0028040547833971825,2026-10-01,CIFR
4,-0.0020493293161557187,2026-10-01,CIFR
5,-0.0059588917633608286,2026-10-01,CIFR
6,0.0003737178782138394,2026-10-01,CIFR
7,-0.0013954817999985373,2026-10-01,CIFR
8,0.0033805703443735265,2026-10-01,CIFR
9,0.0044361154804341465,2026-10-01,CIFR
10,0.0034266232373570253,2026-10-01,CIFR
11,-0.01272669319755768,2026-10-01,CIFR
12,0.018016512637301002,2026-10-01,CIFR
13,0.0025474931139829117,2026-10-01,CIFR
14,0.009541540949430083,2026-10-01,CIFR
1,0.0010560494969689466,2026-10-01,CIG
2,0.006268418612942649,2026-10-01,CIG
3,-0.0010332108852973616,2026-10-01,CIG
4,-0.004079463563826113,2026-10-01,CIG
5,-0.006175821415101877,2026-10-01,CIG
6,0.0010475137210111186,2026-10-01,CIG
7,0.002306094871111479,2026-10-01,CIG
8,0.00024230050669462737,2026-10-01,CIG
9,-0.0024426790279875833,2026-10-01,CIG
10,0.005109658651715114,2026-10-01,CIG
11,-0.004415056802250759,2026-10-01,CIG
12,0.003886147187755968,2026-10-01,CIG
13,0.005008973388009397,2026-10-01,CIG
14,0.0028599495527750146,2026-10-01,CIG
1,0.0003873715569886877,2026-10-01,CL
2,0.0002542731636161094,2026-10-01,CL
3,0.0012917850200561392,2026-10-01,CL
4,0.00042683176820380294,2026-10-01,CL
5,0.0010489037708295954,2026-10-01,CL
6,0.003632088704003902,2026-10-01,CL
7,0.0032196395513559672,2026-10-01,CL
8,-0.0008139725340815176,2026-10-01,CL
9,0.0052153001482097335,2026-10-01,CL
10,-0.0012980454422029126,2026-10-01,CL
11,0.004082907128788095,2026-10-01,CL
12,0.0035017517495437474,2026-10-01,CL
13,0.0053979840440210375,2026-10-01,CL
14,-0.0003416966539487702,2026-10-01,CL
1,0.001943775353033833,2026-10-01,CLBT
2,0.004879390157368412,2026-10-01,CLBT
3,-0.0032816563962951815,2026-10-01,CLBT
4,-0.0032430143629380327,2026-10-01,CLBT
5,-0.0040719349007557,2026-10-01,CLBT
6,-0.0015535828162538785,2026-10-01,CLBT
7,-0.002627052606454741,2026-10-01,CLBT
8,-0.0014132007345040382,2026-10-01,CLBT
9,-0.004445603864855841,2026-10-01,CLBT
10,0.009045450998023487,2026-10-01,CLBT
11,-0.005176379197395128,2026-10-01,CLBT
12,0.007371183676217861,2026-10-01,CLBT
13,0.005938600564611954,2026-10-01,CLBT
14,0.00800885761121479,2026-10-01,CLBT
1,0.002022055665355122,2026-10-01,CLF
2,0.004623175634478393,2026-10-01,CLF
3,-0.0036654148772845723,2026-10-01,CLF
4,-0.0005773755335661986,2026-10-01,CLF
5,-0.007775839042355711,2026-10-01,CLF
6,-0.003955509579236092,2026-10-01,CLF
7,-0.004623252007277338,2026-10-01,CLF
8,-0.0027640970884088524,2026-10-01,CLF
9,-0.0023990515857786124,2026-10-01,CLF
10,-0.00274358611984218,2026-10-01,CLF
11,-0.004703755769054136,2026-10-01,CLF
12,0.0002463952635502224,2026-10-01,CLF
13,0.0020800202881809384,2026-10-01,CLF
14,0.002628108316023701,2026-10-01,CLF
1,0.0013971646418438678,2026-10-01,CLS
2,0.00539176749130828,2026-10-01,CLS
3,-0.006861812933102358,2026-10-01,CLS
4,-0.0035874682607947785,2026-10-01,CLS
5,-0.0060979936838648115,2026-10-01,CLS
6,-0.00291971925219321,2026-10-01,CLS
7,-0.00044361452103979784,2026-10-01,CLS
8,-0.0030856562524240313,2026-10-01,CLS
9,-0.005799206550598363,2026-10-01,CLS
10,0.0008739500075133702,2026-10-01,CLS
11,-0.008301057131991613,2026-10-01,CLS
12,0.000849433745569893,2026-10-01,CLS
13,0.004439620539501852,2026-10-01,CLS
14,0.007695153145885399,2026-10-01,CLS
1,0.001724600682506995,2026-10-01,CLSK
2,0.0066666256262654065,2026-10-01,CLSK
3,-0.0006641484227869773,2026-10-01,CLSK
4,-0.0020639363428407325,2026-10-01,CLSK
5,-0.004919065609449635,2026-10-01,CLSK
6,3.2747013479385844e-05,2026-10-01,CLSK
7,-0.0015902073111919253,2026-10-01,CLSK
8,0.0030211449506215332,2026-10-01,CLSK
9,0.005203315684717783,2026-10-01,CLSK
10,0.00043199160137237063,2026-10-01,CLSK
11,-0.007173586829182439,2026-10-01,CLSK
12,0.019538270192274113,2026-10-01,CLSK
13,-0.001832516425934629,2026-10-01,CLSK
14,0.0029822136602705154,2026-10-01,CLSK
1,5.278424305170265e-05,2026-10-01,CLVT
2,0.00493436015615074,2026-10-01,CLVT
3,-0.004507763979845432,2026-10-01,CLVT
4,-0.001717580096711854,2026-10-01,CLVT
5,-0.008738327118919571,2026-10-01,CLVT
6,-0.002748422298080231,2026-10-01,CLVT
7,0.0005166513459194818,2026-10-01,CLVT
8,0.00017532662296746752,2026-10-01,CLVT
9,0.0023026002813753004,2026-10-01,CLVT
10,0.005262973491614718,2026-10-01,CLVT
11,-0.006544558633513508,2026-10-01,CLVT
12,0.011404142324025519,2026-10-01,CLVT
13,0.009620112028583422,2026-10-01,CLVT
14,0.010736199758607012,2026-10-01,CLVT
1,-0.0014011385164260039,2026-10-01,CLX
2,-0.00110874408747943,2026-10-01,CLX
3,0.003746154853928234,2026-10-01,CLX
4,-0.0032491497322371266,2026-10-01,CLX
5,-0.0015039969705546333,2026-10-01,CLX
6,-0.0043210291008591376,2026-10-01,CLX
7,-0.0066248785627535224,2026-10-01,CLX
8,0.0004753154861898905,2026-10-01,CLX
9,-0.006157649250899286,2026-10-01,CLX
10,0.0016778730353271074,2026-10-01,CLX
11,-0.0004411241107879668,2026-10-01,CLX
12,-0.001311644084687514,2026-10-01,CLX
13,-0.0036400691858132182,2026-10-01,CLX
14,-3.6983589192436195e-05,2026-10-01,CLX
1,0.0007469286312850619,2026-10-01,CMC
2,0.005561449355846643,2026-10-01,CMC
3,-0.005462748757126623,2026-10-01,CMC
4,-0.0022300898989008624,2026-10-01,CMC
5,-0.005633041729641911,2026-10-01,CMC
6,-0.0021851819168377516,2026-10-01,CMC
7,-0.0006571311771364474,2026-10-01,CMC
8,-0.0004757579641799841,2026-10-01,CMC
9,0.0006143838459588555,2026-10-01,CMC
10,-0.001100374094048328,2026-10-01,CMC
11,-0.0057011331348145846,2026-10-01,CMC
12,0.0037648669375927525,2026-10-01,CMC
13,0.0060990096184492994,2026-10-01,CMC
14,0.004126052467003171,2026-10-01,CMC
1,0.000576778633466034,2026-10-01,CMCSA
2,0.0003762893651344744,2026-10-01,CMCSA
3,-0.0009169167845016563,2026-10-01,CMCSA
4,-0.000863214398414878,2026-10-01,CMCSA
5,0.0029938705183415004,2026-10-01,CMCSA
6,0.00043109097180016824,2026-10-01,CMCSA
7,0.003024663626351538,2026-10-01,CMCSA
8,-0.0014489018308886563,2026-10-01,CMCSA
9,-0.0017049311409806306,2026-10-01,CMCSA
10,-0.004484239133821056,2026-10-01,CMCSA
11,-0.0005357200127269473,2026-10-01,CMCSA
12,0.0007290579700698911,2026-10-01,CMCSA
13,0.004797861118556649,2026-10-01,CMCSA
14,0.0004253655207148235,2026-10-01,CMCSA
1,5.5277653772341866e-05,2026-10-01,CME
2,0.0003857627947994297,2026-10-01,CME
3,0.0010940040558906276,2026-10-01,CME
4,0.00030490203846687494,2026-10-01,CME
5,0.0007665192573999885,2026-10-01,CME
6,0.0006911425389485172,2026-10-01,CME
7,0.003051111933343253,2026-10-01,CME
8,0.00025242328879095794,2026-10-01,CME
9,0.0012074781424973576,2026-10-01,CME
10,-0.0018571763319645766,2026-10-01,CME
11,0.0012830468632726336,2026-10-01,CME
12,0.005094124107546047,2026-10-01,CME
13,0.004274566994761461,2026-10-01,CME
14,-0.0010355842741653172,2026-10-01,CME
1,-0.0015310124328750709,2026-10-01,CMI
2,-0.0016013606990817775,2026-10-01,CMI
3,0.0043563187436897405,2026-10-01,CMI
4,-0.0011823976309453825,2026-10-01,CMI
5,-0.0005218845571132984,2026-10-01,CMI
6,-0.004910403740678636,2026-10-01,CMI
7,-0.004668122635508245,2026-10-01,CMI
8,-0.000629265478204408,2026-10-01,CMI
9,-0.001509244806404036,2026-10-01,CMI
10,0.0031445542078670607,2026-10-01,CMI
11,0.00453385194849483,2026-10-01,CMI
12,-0.002796998764744844,2026-10-01,CMI
13,-0.005937361482758907,2026-10-01,CMI
14,-0.0022734399857155404,2026-10-01,CMI
1,-0.0008432037793641832,2026-10-01,CMS
2,-0.0011794493298899233,2026-10-01,CMS
3,0.004234110524029864,2026-10-01,CMS
4,-0.0015052482380084789,2026-10-01,CMS
5,-0.000271864106048846,2026-10-01,CMS
6,-0.00429693946856087,2026-10-01,CMS
7,-0.0039886583879106575,2026-10-01,CMS
8,0.0005067224146861981,2026-10-01,CMS
9,0.0011667677754951843,2026-10-01,CMS
10,0.002712413962103462,2026-10-01,CMS
11,0.0027504355295236474,2026-10-01,CMS
12,-0.0007819353339094523,2026-10-01,CMS
13,-0.006670005903380606,2026-10-01,CMS
14,-0.0026701563052735186,2026-10-01,CMS
1,1.2722966345926006e-05,2026-10-01,CNC
2,-0.0012384925675310075,2026-10-01,CNC
3,0.004455473589940637,2026-10-01,CNC
4,0.001251140220739914,2026-10-01,CNC
5,0.00029300690902048167,2026-10-01,CNC
6,-0.001784323493723858,2026-10-01,CNC
7,-0.001819520956049746,2026-10-01,CNC
8,0.0029727640416508166,2026-10-01,CNC
9,0.004242705217754544,2026-10-01,CNC
10,0.005478802125907046,2026-10-01,CNC
11,0.00234016584827669,2026-10-01,CNC
12,0.0047212251582901665,2026-10-01,CNC
13,0.008396449026009481,2026-10-01,CNC
14,0.004259215345332904,2026-10-01,CNC
1,0.00021598421097142144,2026-10-01,CNH
2,0.003684116171594992,2026-10-01,CNH
3,-0.004508480959457851,2026-10-01,CNH
4,-0.0031021167352578765,2026-10-01,CNH
5,-0.0069970864612745745,2026-10-01,CNH
6,-0.0015975021843383274,2026-10-01,CNH
7,-0.00321298044773014,2026-10-01,CNH
8,-0.002724488491063426,2026-10-01,CNH
9,-0.007630680231876433,2026-10-01,CNH
10,0.009231301856293266,2026-10-01,CNH
11,-0.002773486537036207,2026-10-01,CNH
12,0.0024625574992980016,2026-10-01,CNH
13,-0.0014324614882298638,2026-10-01,CNH
14,-0.0010445088773071178,2026-10-01,CNH
1,0.0006270585929603283,2026-10-01,CNI
2,0.0003568649696176585,2026-10-01,CNI
3,0.000634108632188648,2026-10-01,CNI
4,-0.0003833477171932345,2026-10-01,CNI
5,0.0026182372485259123,2026-10-01,CNI
6,0.003430064787029451,2026-10-01,CNI
7,0.0033363079844141784,2026-10-01,CNI
8,-0.001427710783181176,2026-10-01,CNI
9,0.004544241175613596,2026-10-01,CNI
10,-0.002323974738850171,2026-10-01,CNI
11,0.002919296157036965,2026-10-01,CNI
12,0.0043995577346051,2026-10-01,CNI
13,0.00718844432084052,2026-10-01,CNI
14,-0.0003390097585692047,2026-10-01,CNI
1,0.0020838791383527293,2026-10-01,CNK
2,0.004714714636206554,2026-10-01,CNK
3,-0.004339771671625161,2026-10-01,CNK
4,-0.000986472082602624,2026-10-01,CNK
5,-0.003516787972379203,2026-10-01,CNK
6,-0.0019369402482125838,2026-10-01,CNK
7,-0.003709151097773939,2026-10-01,CNK
8,0.0015273458426999034,2026-10-01,CNK
9,-0.005265848534331321,2026-10-01,CNK
10,0.001913895452582789,2026-10-01,CNK
11,-0.0032546667346989295,2026-10-01,CNK
12,0.004920573436256778,2026-10-01,CNK
13,0.002819709014259605,2026-10-01,CNK
14,0.004347805534727811,2026-10-01,CNK
1,-0.0013304474685101638,2026-10-01,CNM
2,-0.0012986368249662365,2026-10-01,CNM
3,0.004254232943061482,2026-10-01,CNM
4,-0.0038392044487344677,2026-10-01,CNM
5,-0.0011389161256000126,2026-10-01,CNM
6,-0.004071506889036001,2026-10-01,CNM
7,-0.003892776160226425,2026-10-01,CNM
8,0.0003830998175145218,2026-10-01,CNM
9,-0.003384559320318205,2026-10-01,CNM
10,0.0007976641976381658,2026-10-01,CNM
11,0.001235341984728164,2026-10-01,CNM
12,-0.00041050803288148635,2026-10-01,CNM
13,-0.006842882669109516,2026-10-01,CNM
14,-0.002053943510669219,2026-10-01,CNM
1,0.0013785658071478822,2026-10-01,CNO
2,0.00435523498423008,2026-10-01,CNO
3,-0.0025716435769971655,2026-10-01,CNO
4,-0.006336036212717035,2026-10-01,CNO
5,-0.008210201548506529,2026-10-01,CNO
6,0.0021458160051870635,2026-10-01,CNO
7,0.0013615617871729606,2026-10-01,CNO
8,-0.0015524840122623298,2026-10-01,CNO
9,-0.0016334982045739966,2026-10-01,CNO
10,0.00394267580805671,2026-10-01,CNO
11,-0.005574486118737622,2026-10-01,CNO
12,0.0010135618024203377,2026-10-01,CNO
13,0.006897102203112457,2026-10-01,CNO
14,0.00798994112457439,2026-10-01,CNO
1,-0.0004710344159930471,2026-10-01,CNP
2,-0.0011365788161512773,2026-10-01,CNP
3,0.0041333654379463805,2026-10-01,CNP
4,-0.0015629078508969975,2026-10-01,CNP
5,-0.0016945980980847654,2026-10-01,CNP
6,-0.005144834407277174,2026-10-01,CNP
7,-0.004191718947215301,2026-10-01,CNP
8,0.0014668201493275115,2026-10-01,CNP
9,-0.0019754001582955347,2026-10-01,CNP
10,0.004410634147941223,2026-10-01,CNP
11,0.0010197423543168859,2026-10-01,CNP
12,1.9494267482549605e-05,2026-10-01,CNP
13,-0.009017977664163434,2026-10-01,CNP
14,-0.003871565439815314,2026-10-01,CNP
1,0.0003801823951673898,2026-10-01,CNQ
2,-0.0006032470200210957,2026-10-01,CNQ
3,0.0005968364118758838,2026-10-01,CNQ
4,-0.00011065578154194569,2026-10-01,CNQ
5,0.0004454748801872587,2026-10-01,CNQ
6,0.0037771313743824838,2026-10-01,CNQ
7,0.003160146727132809,2026-10-01,CNQ
8,0.001639424711938736,2026-10-01,CNQ
9,0.00031493957924866393,2026-10-01,CNQ
10,-0.0006507900055236379,2026-10-01,CNQ
11,0.00320697113749435,2026-10-01,CNQ
12,0.004617521851955741,2026-10-01,CNQ
13,0.00393038015337388,2026-10-01,CNQ
14,-0.0009830785251446353,2026-10-01,CNQ
1,0.001499433366429076,2026-10-01,CNX
2,0.0033779915949566984,2026-10-01,CNX
3,-0.003338644482128869,2026-10-01,CNX
4,-0.002387616520116012,2026-10-01,CNX
5,-0.006860608717088996,2026-10-01,CNX
6,0.0009692158965538975,2026-10-01,CNX
7,0.0009796671597742394,2026-10-01,CNX
8,0.0015566588155332616,2026-10-01,CNX
9,-0.0007152347854438654,2026-10-01,CNX
10,0.0017829735262392217,2026-10-01,CNX
11,-0.006574106624208214,2026-10-01,CNX
12,0.002830942259503298,2026-10-01,CNX
13,0.008281168256034881,2026-10-01,CNX
14,0.005037627833809921,2026-10-01,CNX
1,0.0005461670657833017,2026-10-01,COF
2,-7.805492509815216e-05,2026-10-01,COF
3,0.0014159280240151383,2026-10-01,COF
4,0.0013415767526357562,2026-10-01,COF
5,0.0027259289298082507,2026-10-01,COF
6,0.0041137819824293865,2026-10-01,COF
7,0.0033834471726954737,2026-10-01,COF
8,0.0010764881223772505,2026-10-01,COF
9,0.0008986034793598608,2026-10-01,COF
10,-0.0023934808157265366,2026-10-01,COF
11,0.0038534116837574033,2026-10-01,COF
12,0.0026341492085172943,2026-10-01,COF
13,0.005843693190915859,2026-10-01,COF
14,-0.00038014507963481846,2026-10-01,COF
1,0.0007871795109830785,2026-10-01,COGT
2,0.003639916834967452,2026-10-01,COGT
3,-0.004153231835123954,2026-10-01,COGT
4,-0.0066699677247360895,2026-10-01,COGT
5,-0.00822092443603573,2026-10-01,COGT
6,-0.001735159740396538,2026-10-01,COGT
7,-0.001568065408357175,2026-10-01,COGT
8,0.0004376841312694054,2026-10-01,COGT
9,-0.0033336219532788913,2026-10-01,COGT
10,-0.0034479313578388393,2026-10-01,COGT
11,-0.0060152415755411835,2026-10-01,COGT
12,0.004948044489843125,2026-10-01,COGT
13,0.0074185958913679725,2026-10-01,COGT
14,0.0023678666702323646,2026-10-01,COGT
1,3.42505857126896e-07,2026-10-01,COHR
2,-0.0010015236207257736,2026-10-01,COHR
3,0.0035123681767230104,2026-10-01,COHR
4,-0.0007453951394877689,2026-10-01,COHR
5,0.0005389952058321905,2026-10-01,COHR
6,-0.003880645929596027,2026-10-01,COHR
7,-0.006020721747705244,2026-10-01,COHR
8,-0.0005761897300898139,2026-10-01,COHR
9,0.001236999809721388,2026-10-01,COHR
10,0.002661592453614484,2026-10-01,COHR
11,0.0004941221161799522,2026-10-01,COHR
12,-0.0001949845163823634,2026-10-01,COHR
13,-0.00625026260942749,2026-10-01,COHR
14,-0.0028437428896201716,2026-10-01,COHR
1,8.584632772663025e-05,2026-10-01,COIN
2,-0.00022133611847442478,2026-10-01,COIN
3,0.0022599010421594247,2026-10-01,COIN
4,0.001200528011996452,2026-10-01,COIN
5,0.002801944212229955,2026-10-01,COIN
6,0.00013730899459035996,2026-10-01,COIN
7,0.003724672685659322,2026-10-01,COIN
8,-0.00031169745447991187,2026-10-01,COIN
9,-0.0023381468771260967,2026-10-01,COIN
10,-0.0018246290184959402,2026-10-01,COIN
11,0.0017279743318502952,2026-10-01,COIN
12,0.003203780740043223,2026-10-01,COIN
13,0.006665471554457185,2026-10-01,COIN
14,-0.0026452129557104575,2026-10-01,COIN
1,0.002086985800460067,2026-10-01,COLB
2,0.004202507162840224,2026-10-01,COLB
3,-0.0041017976152178965,2026-10-01,COLB
4,-0.004737670728317219,2026-10-01,COLB
5,-0.004666754225074593,2026-10-01,COLB
6,-0.00032809525894510487,2026-10-01,COLB
7,-0.00171036874567411,2026-10-01,COLB
8,0.0008434859204374506,2026-10-01,COLB
9,-0.0016256621200021765,2026-10-01,COLB
10,-0.0001508123220651496,2026-10-01,COLB
11,-0.002497557947694113,2026-10-01,COLB
12,0.003380030191146301,2026-10-01,COLB
13,0.00539457186638808,2026-10-01,COLB
14,0.007651848611526271,2026-10-01,COLB
1,-0.0005824477928485903,2026-10-01,COLD
2,-0.0009980789168801713,2026-10-01,COLD
3,0.00150183197306384,2026-10-01,COLD
4,-0.0010363560973861916,2026-10-01,COLD
5,-0.0004463453033369534,2026-10-01,COLD
6,-0.003967132774354421,2026-10-01,COLD
7,-0.005269014694819723,2026-10-01,COLD
8,0.0011600059676648206,2026-10-01,COLD
9,-0.0011261615607177082,2026-10-01,COLD
10,0.00421635715737902,2026-10-01,COLD
11,0.0026892479047593313,2026-10-01,COLD
12,-0.0018384765363574317,2026-10-01,COLD
13,-0.006550337415486872,2026-10-01,COLD
14,-0.0027497984685972347,2026-10-01,COLD
1,0.000731393533425334,2026-10-01,COMP
2,0.005202703089280363,2026-10-01,COMP
3,-0.00510535253927776,2026-10-01,COMP
4,-0.002409805694785695,2026-10-01,COMP
5,-0.004274827632236619,2026-10-01,COMP
6,-0.001060256030761359,2026-10-01,COMP
7,-0.0010442270661339612,2026-10-01,COMP
8,0.00017042093369954255,2026-10-01,COMP
9,0.0029559611832270603,2026-10-01,COMP
10,0.0057336024250666745,2026-10-01,COMP
11,-0.005791713203868576,2026-10-01,COMP
12,0.004118101746517533,2026-10-01,COMP
13,0.00228477924085468,2026-10-01,COMP
14,0.006643887371787682,2026-10-01,COMP
1,-0.0009363224187311258,2026-10-01,COO
2,-0.0006977209036349107,2026-10-01,COO
3,0.004501217022261656,2026-10-01,COO
4,-0.0028514662771645678,2026-10-01,COO
5,0.0014785708305057163,2026-10-01,COO
6,-0.004250962864144407,2026-10-01,COO
7,-0.004746721832714906,2026-10-01,COO
8,0.0006838740767309901,2026-10-01,COO
9,-0.0012127134584933286,2026-10-01,COO
10,0.002621492347700642,2026-10-01,COO
11,0.0022900584909058327,2026-10-01,COO
12,-0.00507167607020577,2026-10-01,COO
13,-0.005905552254049979,2026-10-01,COO
14,-0.0020775546408855865,2026-10-01,COO
1,0.0005406006954961045,2026-10-01,COP
2,3.333722648419762e-05,2026-10-01,COP
3,0.0009225564631030331,2026-10-01,COP
4,0.00044055220619842924,2026-10-01,COP
5,0.0005192109036397202,2026-10-01,COP
6,0.0035537674466946598,2026-10-01,COP
7,0.004394652752221446,2026-10-01,COP
8,0.0016694858800376945,2026-10-01,COP
9,0.0010074761064558758,2026-10-01,COP
10,-0.000653687149711942,2026-10-01,COP
11,0.0036462727821247507,2026-10-01,COP
12,0.003437985022204478,2026-10-01,COP
13,0.003422312750472806,2026-10-01,COP
14,-0.0009184099974225822,2026-10-01,COP
1,0.0005032750296525743,2026-10-01,COR
2,7.499806415474565e-05,2026-10-01,COR
3,0.0014145140480343826,2026-10-01,COR
4,0.0006093279677482549,2026-10-01,COR
5,0.0017886173958854997,2026-10-01,COR
6,0.00220048576346947,2026-10-01,COR
7,0.0014875304893995842,2026-10-01,COR
8,-0.0005060734042093657,2026-10-01,COR
9,0.0054841660409233285,2026-10-01,COR
10,-0.0004921174653154349,2026-10-01,COR
11,0.004077355969287634,2026-10-01,COR
12,0.00586688927648516,2026-10-01,COR
13,0.003914165316043196,2026-10-01,COR
14,0.0021751639294588514,2026-10-01,COR
1,0.0006673373955465068,2026-10-01,COST
2,-0.00011150898408970952,2026-10-01,COST
3,0.0018068400120349434,2026-10-01,COST
4,-0.0001139201946346412,2026-10-01,COST
5,0.0009557996228945855,2026-10-01,COST
6,0.0029733015655121473,2026-10-01,COST
7,0.0027881637003416334,2026-10-01,COST
8,-0.0016807291418165715,2026-10-01,COST
9,0.003768984692069096,2026-10-01,COST
10,-0.0011267420339069252,2026-10-01,COST
11,0.001552944985840175,2026-10-01,COST
12,0.0037712496432742875,2026-10-01,COST
13,0.005401379312774832,2026-10-01,COST
14,0.00020206833720185722,2026-10-01,COST
1,-0.0013400228762377139,2026-10-01,COTY
2,-1.618323410344956e-05,2026-10-01,COTY
3,0.003809392700716882,2026-10-01,COTY
4,-0.0025684027600858476,2026-10-01,COTY
5,-0.001127834992799494,2026-10-01,COTY
6,-0.0063665396800076405,2026-10-01,COTY
7,-0.0013065701336533386,2026-10-01,COTY
8,0.0034636806443878567,2026-10-01,COTY
9,-0.003970098263626856,2026-10-01,COTY
10,0.0009368104941327994,2026-10-01,COTY
11,-0.0013455105871944483,2026-10-01,COTY
12,-5.099751691602427e-05,2026-10-01,COTY
13,-0.009337203603652611,2026-10-01,COTY
14,-0.0025534378151766905,2026-10-01,COTY
1,0.0017017381090726669,2026-10-01,COUR
2,0.0033477235246984556,2026-10-01,COUR
3,-0.0057281328257413455,2026-10-01,COUR
4,-0.003919470110999694,2026-10-01,COUR
5,-0.00614827889757818,2026-10-01,COUR
6,-0.003051378163832977,2026-10-01,COUR
7,-0.0005095475815983868,2026-10-01,COUR
8,-0.00043044322221142913,2026-10-01,COUR
9,-0.0018276583501783733,2026-10-01,COUR
10,0.0033949465511775253,2026-10-01,COUR
11,-0.008452710238023926,2026-10-01,COUR
12,0.003256959785901083,2026-10-01,COUR
13,0.005013277928357553,2026-10-01,COUR
14,0.005949517672762409,2026-10-01,COUR
1,0.00048592098546858443,2026-10-01,CP
2,-0.00012135332860033237,2026-10-01,CP
3,0.0004970411386570385,2026-10-01,CP
4,0.001040633865725051,2026-10-01,CP
5,0.0020039411098516898,2026-10-01,CP
6,0.004239799171522186,2026-10-01,CP
7,0.0033366571876582304,2026-10-01,CP
8,-0.0006091734760820516,2026-10-01,CP
9,0.005800928915890566,2026-10-01,CP
10,-0.003148190619521978,2026-10-01,CP
11,0.005629565419223485,2026-10-01,CP
12,0.004260809896627379,2026-10-01,CP
13,0.006269888793128087,2026-10-01,CP
14,-0.0006921722951379502,2026-10-01,CP
1,-0.0009658460564218547,2026-10-01,CPB
2,-0.0014668695967416394,2026-10-01,CPB
3,0.004051920297708951,2026-10-01,CPB
4,-0.0034256514506129116,2026-10-01,CPB
5,0.0001472034222977257,2026-10-01,CPB
6,-0.003671119034576519,2026-10-01,CPB
7,-0.005332679414325491,2026-10-01,CPB
8,-0.00015270479945850545,2026-10-01,CPB
9,-0.003062054338508089,2026-10-01,CPB
10,0.0017554703458591899,2026-10-01,CPB
11,0.0006777900837962494,2026-10-01,CPB
12,-0.0015643650935234575,2026-10-01,CPB
13,-0.006848789741368363,2026-10-01,CPB
14,-0.0018577374958588587,2026-10-01,CPB
1,-0.0008475639800731299,2026-10-01,CPNG
2,-0.0006953143362196109,2026-10-01,CPNG
3,0.0023938427280568463,2026-10-01,CPNG
4,-0.0013733104089655487,2026-10-01,CPNG
5,0.0006565707096036748,2026-10-01,CPNG
6,-0.003669120580788574,2026-10-01,CPNG
7,-0.002766321688925912,2026-10-01,CPNG
8,-0.00044234700943571176,2026-10-01,CPNG
9,-0.00010460706062635906,2026-10-01,CPNG
10,0.0030445639665766942,2026-10-01,CPNG
11,0.005100633954372343,2026-10-01,CPNG
12,-0.000633157583684607,2026-10-01,CPNG
13,-0.005971142194831097,2026-10-01,CPNG
14,0.0008900955418349409,2026-10-01,CPNG
1,0.002039667151478326,2026-10-01,CPRI
2,0.005013974367232475,2026-10-01,CPRI
3,-0.004221358850848336,2026-10-01,CPRI
4,-0.0035414744168226616,2026-10-01,CPRI
5,-0.004975343288883161,2026-10-01,CPRI
6,0.0016583603008802777,2026-10-01,CPRI
7,-0.0008738803186833817,2026-10-01,CPRI
8,-0.003078586761709111,2026-10-01,CPRI
9,-0.005344948838116879,2026-10-01,CPRI
10,0.002811315029459366,2026-10-01,CPRI
11,-0.00312928996775155,2026-10-01,CPRI
12,0.006377041224242187,2026-10-01,CPRI
13,0.002629856809551073,2026-10-01,CPRI
14,0.009461139924597968,2026-10-01,CPRI
1,0.0010103690510600333,2026-10-01,CPRT
2,-0.0001766595291985978,2026-10-01,CPRT
3,0.0009989950567364965,2026-10-01,CPRT
4,0.0010555813303943643,2026-10-01,CPRT
5,0.0030208633586135706,2026-10-01,CPRT
6,0.004201399650865473,2026-10-01,CPRT
7,0.0035290964436893906,2026-10-01,CPRT
8,-0.0016030304775304192,2026-10-01,CPRT
9,0.004342610004439648,2026-10-01,CPRT
10,-0.0024473747247520964,2026-10-01,CPRT
11,0.003275543140576473,2026-10-01,CPRT
12,0.005031824037048955,2026-10-01,CPRT
13,0.005426815871849389,2026-10-01,CPRT
14,-0.0005496464799720778,2026-10-01,CPRT
1,-0.0011707521922554463,2026-10-01,CRBG
2,-0.000978626886106361,2026-10-01,CRBG
3,0.0022999795184606266,2026-10-01,CRBG
4,-0.002736397570261681,2026-10-01,CRBG
5,-0.0015010180585995376,2026-10-01,CRBG
6,-0.006291754287316741,2026-10-01,CRBG
7,-0.004538092273640541,2026-10-01,CRBG
8,0.002573978856177411,2026-10-01,CRBG
9,-0.0019770840820883717,2026-10-01,CRBG
10,0.0014296422823990892,2026-10-01,CRBG
11,0.0029218210626533753,2026-10-01,CRBG
12,0.001959622972015887,2026-10-01,CRBG
13,-0.0069214928464634935,2026-10-01,CRBG
14,-0.0015486682561011672,2026-10-01,CRBG
1,0.0017112342770950896,2026-10-01,CRC
2,0.0032984293344583133,2026-10-01,CRC
3,-0.0050730541288742876,2026-10-01,CRC
4,-0.004527404985042342,2026-10-01,CRC
5,-0.00560709255738573,2026-10-01,CRC
6,0.0008574836067269364,2026-10-01,CRC
7,-0.0017216057644445963,2026-10-01,CRC
8,0.0028014895797944866,2026-10-01,CRC
9,-0.002101494209482046,2026-10-01,CRC
10,0.003526566362990834,2026-10-01,CRC
11,-0.007633950090397139,2026-10-01,CRC
12,0.0004971890902732463,2026-10-01,CRC
13,0.007895807402605036,2026-10-01,CRC
14,0.005847140622363446,2026-10-01,CRC
1,0.0016100088575178577,2026-10-01,CRDO
2,0.005447430710635791,2026-10-01,CRDO
3,-0.003640941741892132,2026-10-01,CRDO
4,-0.001073975183629605,2026-10-01,CRDO
5,-0.013637948593756074,2026-10-01,CRDO
6,-0.007364961264068636,2026-10-01,CRDO
7,0.001415705942458765,2026-10-01,CRDO
8,-0.003921672474524664,2026-10-01,CRDO
9,9.188303457284597e-05,2026-10-01,CRDO
10,0.003957083708963778,2026-10-01,CRDO
11,-0.005666991733776075,2026-10-01,CRDO
12,0.0020756280616017852,2026-10-01,CRDO
13,-0.004791730678293731,2026-10-01,CRDO
14,0.003949549914053159,2026-10-01,CRDO
1,0.0008575522976620371,2026-10-01,CRGY
2,0.003591106930471047,2026-10-01,CRGY
3,-0.0016816635698744407,2026-10-01,CRGY
4,-0.005836634435354735,2026-10-01,CRGY
5,-0.00901860604386163,2026-10-01,CRGY
6,-0.002496135458354334,2026-10-01,CRGY
7,-0.0024287797990565473,2026-10-01,CRGY
8,-0.0030922590693100768,2026-10-01,CRGY
9,-0.0020325457300872747,2026-10-01,CRGY
10,0.004540859173208474,2026-10-01,CRGY
11,-0.0075580261429438736,2026-10-01,CRGY
12,-0.0030801821876000994,2026-10-01,CRGY
13,0.00693108115586222,2026-10-01,CRGY
14,0.0036058055709272158,2026-10-01,CRGY
1,0.00045559086349494907,2026-10-01,CRH
2,0.0002464523344991928,2026-10-01,CRH
3,0.001310193902359972,2026-10-01,CRH
4,0.0010338124255686262,2026-10-01,CRH
5,0.0030176256320760754,2026-10-01,CRH
6,0.00448736860829045,2026-10-01,CRH
7,0.003629374034852497,2026-10-01,CRH
8,0.0007280442469306482,2026-10-01,CRH
9,0.0011356712113110724,2026-10-01,CRH
10,-0.0030311703973492834,2026-10-01,CRH
11,0.001792451548798906,2026-10-01,CRH
12,0.00036448408254196094,2026-10-01,CRH
13,0.002717377779560235,2026-10-01,CRH
14,0.0009280205048410196,2026-10-01,CRH
1,0.0017618547892223621,2026-10-01,CRI
2,0.005293079064280563,2026-10-01,CRI
3,-0.004419533211195111,2026-10-01,CRI
4,-0.0025447967719482377,2026-10-01,CRI
5,-0.007881627387461098,2026-10-01,CRI
6,-0.00046070019601231025,2026-10-01,CRI
7,0.0023674294597589023,2026-10-01,CRI
8,-0.0007038121125565367,2026-10-01,CRI
9,-0.0002575946605364061,2026-10-01,CRI
10,0.002973988088211805,2026-10-01,CRI
11,-0.0008600910629085485,2026-10-01,CRI
12,0.0028613683412808005,2026-10-01,CRI
13,0.000505489773719009,2026-10-01,CRI
14,0.007056354010666248,2026-10-01,CRI
1,0.0014717913835959446,2026-10-01,CRK
2,0.004614932387299631,2026-10-01,CRK
3,-0.003020733979482324,2026-10-01,CRK
4,-0.003206602291881831,2026-10-01,CRK
5,-0.007279202452295356,2026-10-01,CRK
6,0.0024544914896809985,2026-10-01,CRK
7,-0.000407773975344242,2026-10-01,CRK
8,0.0007989267339809312,2026-10-01,CRK
9,-0.004673384186066318,2026-10-01,CRK
10,0.0027408756985983582,2026-10-01,CRK
11,-0.0030673067389963937,2026-10-01,CRK
12,-0.0007511400149267354,2026-10-01,CRK
13,0.008520793632976312,2026-10-01,CRK
14,0.006328113594672894,2026-10-01,CRK
1,0.0006060276722359028,2026-10-01,CRM
2,0.0012234751158704455,2026-10-01,CRM
3,0.0013298767164086332,2026-10-01,CRM
4,0.0011656003487059922,2026-10-01,CRM
5,0.003109741581966106,2026-10-01,CRM
6,0.004263928715115969,2026-10-01,CRM
7,0.0041557606461268765,2026-10-01,CRM
8,0.00028540406070312716,2026-10-01,CRM
9,0.001895127605426772,2026-10-01,CRM
10,-0.0025671808638425457,2026-10-01,CRM
11,0.0011075251727132058,2026-10-01,CRM
12,-0.0009695657336046376,2026-10-01,CRM
13,0.0047242500474202215,2026-10-01,CRM
14,-0.0015465173019682775,2026-10-01,CRM
1,0.001436380150676536,2026-10-01,CRON
2,0.004307060883880738,2026-10-01,CRON
3,-0.0022210755875163007,2026-10-01,CRON
4,-0.005535810781069576,2026-10-01,CRON
5,-0.006052565598172041,2026-10-01,CRON
6,0.0012324416355463462,2026-10-01,CRON
7,-0.0014565152295436298,2026-10-01,CRON
8,0.0014026682271756853,2026-10-01,CRON
9,0.0015120601362333943,2026-10-01,CRON
10,0.003819301374402868,2026-10-01,CRON
11,-0.005756364045027532,2026-10-01,CRON
12,0.006302377882691165,2026-10-01,CRON
13,0.00893384523658172,2026-10-01,CRON
14,0.002134000704916298,2026-10-01,CRON
1,-0.0015396042008224517,2026-10-01,CROX
2,-0.0029543760753064953,2026-10-01,CROX
3,0.00362567591267102,2026-10-01,CROX
4,-0.00375987298287539,2026-10-01,CROX
5,-0.0018376553755404344,2026-10-01,CROX
6,-0.003717788732831515,2026-10-01,CROX
7,-0.005421822592396581,2026-10-01,CROX
8,-0.0007372556084582965,2026-10-01,CROX
9,-0.0022923381205108674,2026-10-01,CROX
10,0.0024607040752624276,2026-10-01,CROX
11,0.00301584205205697,2026-10-01,CROX
12,-0.0012688243225394235,2026-10-01,CROX
13,-0.005251323415511347,2026-10-01,CROX
14,-0.004737136371743225,2026-10-01,CROX
1,0.0006554901727666159,2026-10-01,CRSP
2,0.004736901575818583,2026-10-01,CRSP
3,-0.004255138713717227,2026-10-01,CRSP
4,-0.006598428027245986,2026-10-01,CRSP
5,-0.011217303547829661,2026-10-01,CRSP
6,-0.0038723333220606606,2026-10-01,CRSP
7,-0.0028163500741687155,2026-10-01,CRSP
8,0.0019043820388391132,2026-10-01,CRSP
9,-0.0013155288517545775,2026-10-01,CRSP
10,-0.0006537129696152489,2026-10-01,CRSP
11,-0.008624415168871484,2026-10-01,CRSP
12,-0.00080067823006932,2026-10-01,CRSP
13,0.0019575902137163354,2026-10-01,CRSP
14,-0.002883934944206122,2026-10-01,CRSP
1,0.00014771947843315408,2026-10-01,CSCO
2,0.0008183968166148518,2026-10-01,CSCO
3,0.0015556035538766115,2026-10-01,CSCO
4,0.00030096486779782614,2026-10-01,CSCO
5,0.0015521197404702951,2026-10-01,CSCO
6,0.0026637033063296486,2026-10-01,CSCO
7,0.00534433929696643,2026-10-01,CSCO
8,-0.00011820420129731407,2026-10-01,CSCO
9,0.0008360503598552084,2026-10-01,CSCO
10,-0.00045481039382456757,2026-10-01,CSCO
11,0.0030518114183436065,2026-10-01,CSCO
12,0.002728917711914571,2026-10-01,CSCO
13,0.005707037161703918,2026-10-01,CSCO
14,-0.00015180376091723132,2026-10-01,CSCO
1,-0.001329361114356868,2026-10-01,CSGP
2,-0.0026453773501616453,2026-10-01,CSGP
3,0.002774317715303016,2026-10-01,CSGP
4,-0.0017766820110862844,2026-10-01,CSGP
5,0.0005130585822923954,2026-10-01,CSGP
6,-0.0024793502578055195,2026-10-01,CSGP
7,-0.003911767393850724,2026-10-01,CSGP
8,-0.0008404427849267015,2026-10-01,CSGP
9,0.00024057620840701102,2026-10-01,CSGP
10,0.001302059422766509,2026-10-01,CSGP
11,0.0026220572865862215,2026-10-01,CSGP
12,-0.002433864731885526,2026-10-01,CSGP
13,-0.008976938426217976,2026-10-01,CSGP
14,-0.0066809049249015665,2026-10-01,CSGP
1,0.0021209693890526502,2026-10-01,CSIQ
2,0.0069830857077389005,2026-10-01,CSIQ
3,-0.00425208189051111,2026-10-01,CSIQ
4,-0.0031964547314444866,2026-10-01,CSIQ
5,-0.00844197622268528,2026-10-01,CSIQ
6,-0.003733452737323759,2026-10-01,CSIQ
7,-0.0038923151709441433,2026-10-01,CSIQ
8,-0.0014714197480402127,2026-10-01,CSIQ
9,-0.007053775542380735,2026-10-01,CSIQ
10,0.0032776214192123273,2026-10-01,CSIQ
11,-0.004940623658516283,2026-10-01,CSIQ
12,0.005533707131374568,2026-10-01,CSIQ
13,0.00464772941334711,2026-10-01,CSIQ
14,0.007527611648194254,2026-10-01,CSIQ
1,0.0005557748190068432,2026-10-01,CSTM
2,-0.0023382486819928834,2026-10-01,CSTM
3,0.003999739443996258,2026-10-01,CSTM
4,-0.002765348687810055,2026-10-01,CSTM
5,-0.001427897652056992,2026-10-01,CSTM
6,-0.0020584433500967117,2026-10-01,CSTM
7,-0.0011732820496047252,2026-10-01,CSTM
8,0.0024949845692422276,2026-10-01,CSTM
9,-0.0017672377285940233,2026-10-01,CSTM
10,0.001275599760955084,2026-10-01,CSTM
11,0.0037576360432623524,2026-10-01,CSTM
12,9.519537861791905e-05,2026-10-01,CSTM
13,-0.006401881289349849,2026-10-01,CSTM
14,-0.005036698240207423,2026-10-01,CSTM
1,0.0004467989051723031,2026-10-01,CSX
2,0.00010071217471412344,2026-10-01,CSX
3,0.0003875046308417396,2026-10-01,CSX
4,0.0015231398579548313,2026-10-01,CSX
5,0.003055935501258546,2026-10-01,CSX
6,0.0039849146040709235,2026-10-01,CSX
7,0.003406113372485023,2026-10-01,CSX
8,-0.00023017722569738065,2026-10-01,CSX
9,0.005032912411197767,2026-10-01,CSX
10,-0.0018038811536979778,2026-10-01,CSX
11,0.005891832105356621,2026-10-01,CSX
12,0.004663992223277918,2026-10-01,CSX
13,0.0056545897623341106,2026-10-01,CSX
14,0.0002465060315049872,2026-10-01,CSX
1,0.001756104021171867,2026-10-01,CTRE
2,0.005079441496427699,2026-10-01,CTRE
3,-0.004500789908626143,2026-10-01,CTRE
4,-0.004658784564814003,2026-10-01,CTRE
5,-0.005087145936793137,2026-10-01,CTRE
6,-0.0015092476385315148,2026-10-01,CTRE
7,0.0001599661845834456,2026-10-01,CTRE
8,-0.00018796747251308726,2026-10-01,CTRE
9,-0.0018838886284505663,2026-10-01,CTRE
10,0.001300602114847236,2026-10-01,CTRE
11,-0.00434783875523109,2026-10-01,CTRE
12,0.005409052747222733,2026-10-01,CTRE
13,0.0041307294494040935,2026-10-01,CTRE
14,0.006400412416016978,2026-10-01,CTRE
1,-0.0017266599543852774,2026-10-01,CTSH
2,-0.0011035035901813437,2026-10-01,CTSH
3,0.0020244468400080072,2026-10-01,CTSH
4,-0.0018197164889128003,2026-10-01,CTSH
5,-0.0005107924627609268,2026-10-01,CTSH
6,-0.0027622652201772665,2026-10-01,CTSH
7,-0.005641461405125263,2026-10-01,CTSH
8,0.0017802412157072649,2026-10-01,CTSH
9,-0.002476467008293326,2026-10-01,CTSH
10,0.0010132365983405434,2026-10-01,CTSH
11,0.0021031884634961054,2026-10-01,CTSH
12,-0.0028394347273196178,2026-10-01,CTSH
13,-0.006543927004885133,2026-10-01,CTSH
14,-0.002692353604134906,2026-10-01,CTSH
1,0.0002513410452128561,2026-10-01,CTVA
2,-0.0011832397820510925,2026-10-01,CTVA
3,0.007975743623761177,2026-10-01,CTVA
4,-0.001223777678308704,2026-10-01,CTVA
5,0.0008690395532138776,2026-10-01,CTVA
6,-0.002389513828736639,2026-10-01,CTVA
7,-0.004065982682802592,2026-10-01,CTVA
8,0.0007557646671755831,2026-10-01,CTVA
9,-0.0035079460113545693,2026-10-01,CTVA
10,0.0021052237592875857,2026-10-01,CTVA
11,0.0009844580820713707,2026-10-01,CTVA
12,-0.002176408710811349,2026-10-01,CTVA
13,-0.004340218524494006,2026-10-01,CTVA
14,-0.0037763985995344484,2026-10-01,CTVA
1,-0.000523524800141735,2026-10-01,CUBE
2,-0.002103537189162338,2026-10-01,CUBE
3,0.0013606684785864344,2026-10-01,CUBE
4,-0.002407859140703867,2026-10-01,CUBE
5,-0.0012792213680031385,2026-10-01,CUBE
6,-0.0036298897669859594,2026-10-01,CUBE
7,-0.0017135594847287484,2026-10-01,CUBE
8,0.0003315606507853035,2026-10-01,CUBE
9,-0.000864527261619753,2026-10-01,CUBE
10,0.0020997038569987724,2026-10-01,CUBE
11,0.001598441599813623,2026-10-01,CUBE
12,-0.002335935028701893,2026-10-01,CUBE
13,-0.0070840404795208456,2026-10-01,CUBE
14,-0.002050555438516181,2026-10-01,CUBE
1,-0.00017353008945507751,2026-10-01,CUZ
2,-0.0019507395352027347,2026-10-01,CUZ
3,0.001659927604329372,2026-10-01,CUZ
4,-0.002513081530292832,2026-10-01,CUZ
5,-0.00190274226118806,2026-10-01,CUZ
6,-0.0033309476180593154,2026-10-01,CUZ
7,-0.0021004377365601186,2026-10-01,CUZ
8,0.0028065977992294136,2026-10-01,CUZ
9,-0.003505145346978672,2026-10-01,CUZ
10,9.58351427075423e-05,2026-10-01,CUZ
11,0.0017229492024079742,2026-10-01,CUZ
12,-4.243532333553813e-05,2026-10-01,CUZ
13,-0.008269714166602073,2026-10-01,CUZ
14,-0.003679153526397653,2026-10-01,CUZ
1,-0.0017132207832747243,2026-10-01,CVE
2,-0.0008903900159649218,2026-10-01,CVE
3,0.0016505873692053633,2026-10-01,CVE
4,-0.0020482643582306883,2026-10-01,CVE
5,-0.00012180395061598827,2026-10-01,CVE
6,-0.004565171895793066,2026-10-01,CVE
7,-0.004462352510403095,2026-10-01,CVE
8,0.0022804087423389232,2026-10-01,CVE
9,-0.0035151835886280823,2026-10-01,CVE
10,0.0005427032568893239,2026-10-01,CVE
11,0.0017083047397537588,2026-10-01,CVE
12,0.0012821491473170266,2026-10-01,CVE
13,-0.005208073113995302,2026-10-01,CVE
14,-0.0017517059169315293,2026-10-01,CVE
1,-0.0019134451183141668,2026-10-01,CVNA
2,-0.002460609181006862,2026-10-01,CVNA
3,0.006562589539076251,2026-10-01,CVNA
4,-0.0043219435037620945,2026-10-01,CVNA
5,-0.001156237986258743,2026-10-01,CVNA
6,-0.0025886654058096844,2026-10-01,CVNA
7,-0.0031230317820217326,2026-10-01,CVNA
8,0.00013472644688711065,2026-10-01,CVNA
9,-0.004372534550599439,2026-10-01,CVNA
10,0.0023907352313724682,2026-10-01,CVNA
11,0.001153923171077896,2026-10-01,CVNA
12,-0.005213901227293497,2026-10-01,CVNA
13,-0.008578278058927843,2026-10-01,CVNA
14,-0.0030869218545063106,2026-10-01,CVNA
1,0.0004317921668717218,2026-10-01,CVS
2,0.0003417549454478336,2026-10-01,CVS
3,0.0009539600924978012,2026-10-01,CVS
4,0.0009164073128956652,2026-10-01,CVS
5,0.003738245214348615,2026-10-01,CVS
6,0.003929803935509111,2026-10-01,CVS
7,0.0034208125396866422,2026-10-01,CVS
8,-0.0008019824621097022,2026-10-01,CVS
9,0.0026283226878899384,2026-10-01,CVS
10,-0.002362054507252075,2026-10-01,CVS
11,0.0030280333385463787,2026-10-01,CVS
12,0.005348774822686279,2026-10-01,CVS
13,0.005677584459986123,2026-10-01,CVS
14,0.001732684113479682,2026-10-01,CVS
1,0.00044986507298279426,2026-10-01,CVX
2,0.0004387676774317337,2026-10-01,CVX
3,0.0006647813806975765,2026-10-01,CVX
4,0.00021078176533906613,2026-10-01,CVX
5,0.001434242966232994,2026-10-01,CVX
6,0.0029272045708031093,2026-10-01,CVX
7,0.0038869259212463386,2026-10-01,CVX
8,0.00097744789235514,2026-10-01,CVX
9,0.002259063538802693,2026-10-01,CVX
10,-0.0020123436132409903,2026-10-01,CVX
11,0.0026350576459029766,2026-10-01,CVX
12,0.0026775206718639595,2026-10-01,CVX
13,0.004400320523726342,2026-10-01,CVX
14,0.002185496175736398,2026-10-01,CVX
1,0.0025992346694531827,2026-10-01,CWH
2,0.004371920559470316,2026-10-01,CWH
3,-0.00473265527900291,2026-10-01,CWH
4,-0.001085446118183037,2026-10-01,CWH
5,-0.007676908353117955,2026-10-01,CWH
6,-0.0013771615336694869,2026-10-01,CWH
7,-0.0019310720394342643,2026-10-01,CWH
8,6.034077572738529e-05,2026-10-01,CWH
9,0.0019026205342279404,2026-10-01,CWH
10,0.0016002539186713077,2026-10-01,CWH
11,-0.007205622438196576,2026-10-01,CWH
12,0.006631614617492428,2026-10-01,CWH
13,0.007757328740041988,2026-10-01,CWH
14,0.004273446108885851,2026-10-01,CWH
1,0.0006081556879632053,2026-10-01,CWK
2,0.004011673620882858,2026-10-01,CWK
3,-0.0026976686009430074,2026-10-01,CWK
4,-0.004302022114012331,2026-10-01,CWK
5,-0.005451099466617559,2026-10-01,CWK
6,0.0015215774282154766,2026-10-01,CWK
7,-0.002486209956710505,2026-10-01,CWK
8,-0.0057524279463325055,2026-10-01,CWK
9,-0.013741076689066213,2026-10-01,CWK
10,0.0026357122850491116,2026-10-01,CWK
11,-0.009307687711491527,2026-10-01,CWK
12,0.002573149816151183,2026-10-01,CWK
13,0.0025124120105241205,2026-10-01,CWK
14,0.0037062364098407437,2026-10-01,CWK
1,-0.00039413837934371176,2026-10-01,CX
2,0.0004346221100066964,2026-10-01,CX
3,0.003617824489073607,2026-10-01,CX
4,-0.0004350929656728177,2026-10-01,CX
5,-0.002315257905558933,2026-10-01,CX
6,-0.00378492951889176,2026-10-01,CX
7,-0.004928239500171799,2026-10-01,CX
8,0.000992796098388323,2026-10-01,CX
9,-0.001609991103873665,2026-10-01,CX
10,0.00340194380844776,2026-10-01,CX
11,0.0030571109333553666,2026-10-01,CX
12,-0.0019035299166179252,2026-10-01,CX
13,-0.00530379612195635,2026-10-01,CX
14,-0.0013457923924159734,2026-10-01,CX
1,0.0016561731312098433,2026-10-01,CXM
2,0.00439278382856575,2026-10-01,CXM
3,-0.004158483100654457,2026-10-01,CXM
4,-0.003654867060558961,2026-10-01,CXM
5,-0.0052133888742788926,2026-10-01,CXM
6,-0.0016555296053576507,2026-10-01,CXM
7,-0.00333308845656621,2026-10-01,CXM
8,-0.0006010788318246342,2026-10-01,CXM
9,0.0017502552589750552,2026-10-01,CXM
10,0.0008902389359290588,2026-10-01,CXM
11,-0.0025246971252744755,2026-10-01,CXM
12,0.004044702597346006,2026-10-01,CXM
13,0.005314368823923687,2026-10-01,CXM
14,0.008437908195119666,2026-10-01,CXM
1,-0.0003521153874558519,2026-10-01,CYTK
2,-0.002482463297113839,2026-10-01,CYTK
3,0.0033355129718087135,2026-10-01,CYTK
4,-0.0016858541787508074,2026-10-01,CYTK
5,0.0018170812083412003,2026-10-01,CYTK
6,-0.004139627272537822,2026-10-01,CYTK
7,-0.004934190914229897,2026-10-01,CYTK
8,1.748068306814928e-05,2026-10-01,CYTK
9,-0.0025734700843446415,2026-10-01,CYTK
10,0.0037989812459319674,2026-10-01,CYTK
11,0.0010358947771187987,2026-10-01,CYTK
12,0.00024012668783838338,2026-10-01,CYTK
13,0.000814955322479242,2026-10-01,CYTK
14,0.0032995407010793752,2026-10-01,CYTK
1,-0.0013176424955663067,2026-10-01,CZR
2,-0.0005381341649061603,2026-10-01,CZR
3,0.002679633582413242,2026-10-01,CZR
4,0.0013976080714742673,2026-10-01,CZR
5,-0.0007239786081705454,2026-10-01,CZR
6,-0.005288233836306038,2026-10-01,CZR
7,-0.002874395643710382,2026-10-01,CZR
8,-0.00015726480035705708,2026-10-01,CZR
9,-0.0023264344010677936,2026-10-01,CZR
10,3.5771570956939897e-05,2026-10-01,CZR
11,-0.0005901631536647025,2026-10-01,CZR
12,-0.00204898555109887,2026-10-01,CZR
13,-0.00843724538688878,2026-10-01,CZR
14,-0.004584020269126694,2026-10-01,CZR
1,-0.0010477558641529044,2026-10-01,D
2,-0.0010537139092405712,2026-10-01,D
3,0.004381333240914484,2026-10-01,D
4,-0.0016058017566107131,2026-10-01,D
5,-0.0006572700456426292,2026-10-01,D
6,-0.003969187774695406,2026-10-01,D
7,-0.003761585625768922,2026-10-01,D
8,0.00029510851925970504,2026-10-01,D
9,0.0009641753331324377,2026-10-01,D
10,0.0037913418592892376,2026-10-01,D
11,0.0026368619176313285,2026-10-01,D
12,-0.0016082872846895223,2026-10-01,D
13,-0.0067084145954625736,2026-10-01,D
14,-0.0015961158908010908,2026-10-01,D
1,-0.00023727155258606686,2026-10-01,DAL
2,-0.0003221705531710172,2026-10-01,DAL
3,0.0030159397353471604,2026-10-01,DAL
4,-0.001840817744652707,2026-10-01,DAL
5,-0.0017977979507134646,2026-10-01,DAL
6,-0.00651462889186723,2026-10-01,DAL
7,-0.010318706146681683,2026-10-01,DAL
8,-0.0004146178483113361,2026-10-01,DAL
9,-0.005156748505701816,2026-10-01,DAL
10,-0.0006799830114113789,2026-10-01,DAL
11,-0.000279737844256815,2026-10-01,DAL
12,-0.002708050092702783,2026-10-01,DAL
13,-0.009419383480040735,2026-10-01,DAL
14,-0.005472108525101279,2026-10-01,DAL
1,0.0010918847261693462,2026-10-01,DAN
2,0.006320194755289501,2026-10-01,DAN
3,-0.0011023088526902224,2026-10-01,DAN
4,0.0010094125960148127,2026-10-01,DAN
5,-0.006238674272000519,2026-10-01,DAN
6,-0.0034941759414504454,2026-10-01,DAN
7,-0.002327586058562069,2026-10-01,DAN
8,0.0015735236421183375,2026-10-01,DAN
9,-0.00031854904542804495,2026-10-01,DAN
10,0.005527395352445806,2026-10-01,DAN
11,-0.007583287855484284,2026-10-01,DAN
12,0.0028640835378539284,2026-10-01,DAN
13,0.007255212245060072,2026-10-01,DAN
14,0.005406023894669585,2026-10-01,DAN
1,0.001704661161969283,2026-10-01,DAR
2,0.0023897488292629245,2026-10-01,DAR
3,-0.00594862607633483,2026-10-01,DAR
4,-0.0016896758337309106,2026-10-01,DAR
5,-0.00643598166579622,2026-10-01,DAR
6,0.0006989310774327133,2026-10-01,DAR
7,-0.0022474126942108375,2026-10-01,DAR
8,0.0033906611105849836,2026-10-01,DAR
9,-0.003951306405980424,2026-10-01,DAR
10,-0.0005839271094393238,2026-10-01,DAR
11,-0.0002457694362847555,2026-10-01,DAR
12,0.004014351109825409,2026-10-01,DAR
13,-0.000719653759883892,2026-10-01,DAR
14,0.0060837741122319764,2026-10-01,DAR
1,0.0003226470293169957,2026-10-01,DASH
2,-0.0007995901681769052,2026-10-01,DASH
3,0.0017775258511207985,2026-10-01,DASH
4,0.0027904203866231736,2026-10-01,DASH
5,0.000921186804388724,2026-10-01,DASH
6,0.003423465762886737,2026-10-01,DASH
7,0.005149870861538783,2026-10-01,DASH
8,0.0003219375433486745,2026-10-01,DASH
9,0.0018256769469467682,2026-10-01,DASH
10,-0.0012129518185603288,2026-10-01,DASH
11,0.0006295261878796688,2026-10-01,DASH
12,0.003862085345779686,2026-10-01,DASH
13,0.0037553288054481874,2026-10-01,DASH
14,-0.0018517410616609219,2026-10-01,DASH
1,-0.0007326163931532023,2026-10-01,DB
2,-0.0007084315895662712,2026-10-01,DB
3,0.004388058275475616,2026-10-01,DB
4,-0.0008018403001572331,2026-10-01,DB
5,-0.0021119310640539783,2026-10-01,DB
6,-0.004006172441332097,2026-10-01,DB
7,-0.0047551610356455325,2026-10-01,DB
8,0.0012360707399345278,2026-10-01,DB
9,-0.002722925766564255,2026-10-01,DB
10,0.0031386252925985785,2026-10-01,DB
11,0.003040528807343195,2026-10-01,DB
12,0.00027857145114351347,2026-10-01,DB
13,-0.006240404021282846,2026-10-01,DB
14,-0.001739970022577572,2026-10-01,DB
1,-0.0001398077362391871,2026-10-01,DBX
2,-0.0011150756357848391,2026-10-01,DBX
3,0.0028362929050342075,2026-10-01,DBX
4,-0.0031114200896370232,2026-10-01,DBX
5,-0.0029479014166804455,2026-10-01,DBX
6,-0.002802365186932048,2026-10-01,DBX
7,-0.0030871320378373004,2026-10-01,DBX
8,0.0008920499269702504,2026-10-01,DBX
9,-0.0011601394541030192,2026-10-01,DBX
10,0.004524979503898852,2026-10-01,DBX
11,0.0047630410956375595,2026-10-01,DBX
12,-0.00258656355861947,2026-10-01,DBX
13,-0.005653021422352916,2026-10-01,DBX
14,-0.002785216323362974,2026-10-01,DBX
1,0.000551412160044162,2026-10-01,DD
2,0.0006065739517502701,2026-10-01,DD
3,0.000990465841724865,2026-10-01,DD
4,0.00035292358804483266,2026-10-01,DD
5,0.0028074881558493806,2026-10-01,DD
6,0.004046992315160664,2026-10-01,DD
7,0.0032653652080618825,2026-10-01,DD
8,-0.0006145246844426581,2026-10-01,DD
9,0.005521690205014262,2026-10-01,DD
10,-0.00018519675566658927,2026-10-01,DD
11,0.004481511560680528,2026-10-01,DD
12,0.0050395287686662614,2026-10-01,DD
13,0.005526525156690768,2026-10-01,DD
14,6.604222607557075e-06,2026-10-01,DD
1,-0.0004875760654883072,2026-10-01,DDOG
2,-0.003496545589695553,2026-10-01,DDOG
3,0.00262687147010163,2026-10-01,DDOG
4,-0.0031604291086169524,2026-10-01,DDOG
5,-0.0011936225652823716,2026-10-01,DDOG
6,-0.005522967842626578,2026-10-01,DDOG
7,-0.0032046537487848176,2026-10-01,DDOG
8,0.001253895896380628,2026-10-01,DDOG
9,-0.0021146063190352294,2026-10-01,DDOG
10,0.0006895736940096331,2026-10-01,DDOG
11,0.0015437837400882565,2026-10-01,DDOG
12,-0.002957578722713128,2026-10-01,DDOG
13,-0.00774793576774159,2026-10-01,DDOG
14,-0.002964258189214856,2026-10-01,DDOG
1,0.0009502086572040015,2026-10-01,DE
2,0.0009571657868866086,2026-10-01,DE
3,0.0016366600517146261,2026-10-01,DE
4,0.00029728632703880095,2026-10-01,DE
5,0.003311294525081374,2026-10-01,DE
6,0.003024946273869151,2026-10-01,DE
7,0.0033261749302607594,2026-10-01,DE
8,0.001178403686605619,2026-10-01,DE
9,0.0016759098031438185,2026-10-01,DE
10,-0.0009926939075627183,2026-10-01,DE
11,0.0009341405841862464,2026-10-01,DE
12,0.003841698537945113,2026-10-01,DE
13,0.007364294515591062,2026-10-01,DE
14,0.00026173615867268983,2026-10-01,DE
1,0.0008817351754069412,2026-10-01,DEA
2,0.003370423051790038,2026-10-01,DEA
3,-0.002230622602849879,2026-10-01,DEA
4,-0.00202672392317419,2026-10-01,DEA
5,-0.004607394936236871,2026-10-01,DEA
6,6.752134750689733e-05,2026-10-01,DEA
7,-0.0017895628272367942,2026-10-01,DEA
8,-0.0010270691818865228,2026-10-01,DEA
9,0.001860196817441415,2026-10-01,DEA
10,6.138932454022704e-05,2026-10-01,DEA
11,-0.00483856902474815,2026-10-01,DEA
12,0.0010706113808468503,2026-10-01,DEA
13,0.005007811672664181,2026-10-01,DEA
14,0.006374484485350808,2026-10-01,DEA
1,0.0018761595455843256,2026-10-01,DEI
2,0.003358304863781103,2026-10-01,DEI
3,-0.005461138786116335,2026-10-01,DEI
4,-0.00284714441428176,2026-10-01,DEI
5,-0.005709009292109143,2026-10-01,DEI
6,-0.000166905320302181,2026-10-01,DEI
7,-0.0009722030960372372,2026-10-01,DEI
8,0.0009572964296364238,2026-10-01,DEI
9,-0.0017300560616781454,2026-10-01,DEI
10,-0.0012227248223483282,2026-10-01,DEI
11,-0.0036046517959094464,2026-10-01,DEI
12,0.0022088661586090056,2026-10-01,DEI
13,0.0069553806131558175,2026-10-01,DEI
14,0.0089872646419327,2026-10-01,DEI
1,0.0013056265326282443,2026-10-01,DELL
2,0.0008121624404415157,2026-10-01,DELL
3,0.002671853860496875,2026-10-01,DELL
4,0.0009199957116077987,2026-10-01,DELL
5,0.0036103610098006974,2026-10-01,DELL
6,0.0018929605979617933,2026-10-01,DELL
7,-0.0014213059564015225,2026-10-01,DELL
8,0.0003389073816211827,2026-10-01,DELL
9,-0.0007195602850455294,2026-10-01,DELL
10,-0.0015342933320109458,2026-10-01,DELL
11,0.0018959115958611526,2026-10-01,DELL
12,0.002649029288743197,2026-10-01,DELL
13,0.00479756739128019,2026-10-01,DELL
14,0.0014563454551475017,2026-10-01,DELL
1,-0.0016054473462356088,2026-10-01,DG
2,-0.001450674232473823,2026-10-01,DG
3,0.002765410747345786,2026-10-01,DG
4,-0.0032182613879203027,2026-10-01,DG
5,6.786833684282732e-05,2026-10-01,DG
6,-0.004798338275364202,2026-10-01,DG
7,-0.0024706708184759085,2026-10-01,DG
8,0.0014220520786430108,2026-10-01,DG
9,-0.0031430389347300966,2026-10-01,DG
10,0.002142253900484639,2026-10-01,DG
11,0.0026402946314372107,2026-10-01,DG
12,0.0020583685389886624,2026-10-01,DG
13,-0.006378853740377532,2026-10-01,DG
14,-0.0033108509041018513,2026-10-01,DG
1,0.0005732220430372589,2026-10-01,DH
2,0.006515965822705543,2026-10-01,DH
3,-0.002913892926717965,2026-10-01,DH
4,0.0003449322437294609,2026-10-01,DH
5,-0.004632820406932546,2026-10-01,DH
6,-0.0008835070277122462,2026-10-01,DH
7,0.0035471818194363985,2026-10-01,DH
8,0.004276944177571175,2026-10-01,DH
9,0.0005995486827397285,2026-10-01,DH
10,0.008598228476891677,2026-10-01,DH
11,-0.007686605712217277,2026-10-01,DH
12,0.009961680800490907,2026-10-01,DH
13,0.009866114408073084,2026-10-01,DH
14,0.005022649969461542,2026-10-01,DH
1,-0.0011757903019316955,2026-10-01,DHI
2,-0.0012894531256442035,2026-10-01,DHI
3,0.003237918574922532,2026-10-01,DHI
4,-0.0023975108917029257,2026-10-01,DHI
5,-0.00013119798132566865,2026-10-01,DHI
6,-0.005293101542522103,2026-10-01,DHI
7,-0.0039457550266034595,2026-10-01,DHI
8,0.0018068465606494997,2026-10-01,DHI
9,-0.0013394837958390436,2026-10-01,DHI
10,0.003946663052162286,2026-10-01,DHI
11,0.0050732694143329985,2026-10-01,DHI
12,0.0006065156230115734,2026-10-01,DHI
13,-0.006283528289800858,2026-10-01,DHI
14,-0.003506192470521807,2026-10-01,DHI
1,0.0005629325504760338,2026-10-01,DHR
2,0.00031106322875559735,2026-10-01,DHR
3,0.0011813308382454574,2026-10-01,DHR
4,-0.0002874268429712301,2026-10-01,DHR
5,0.0021268909786636464,2026-10-01,DHR
6,0.003393046205371308,2026-10-01,DHR
7,0.002369291399423058,2026-10-01,DHR
8,-0.0003625521433120507,2026-10-01,DHR
9,0.0036112221649911317,2026-10-01,DHR
10,-0.0012330787786244922,2026-10-01,DHR
11,0.0038398897255868046,2026-10-01,DHR
12,0.0046413961917045965,2026-10-01,DHR
13,0.0059003066166829305,2026-10-01,DHR
14,0.0006759385310489232,2026-10-01,DHR
1,0.00047994725536158435,2026-10-01,DHT
2,0.004006821562832597,2026-10-01,DHT
3,-0.002033277492787597,2026-10-01,DHT
4,-0.00324121314466745,2026-10-01,DHT
5,-0.008320743530823816,2026-10-01,DHT
6,-0.003695728007881985,2026-10-01,DHT
7,-0.0028063736560564275,2026-10-01,DHT
8,-0.0012382795359348615,2026-10-01,DHT
9,-0.004465631357400594,2026-10-01,DHT
10,0.007171798490127385,2026-10-01,DHT
11,-0.005099353264430138,2026-10-01,DHT
12,0.003833493726761767,2026-10-01,DHT
13,0.004944815952539393,2026-10-01,DHT
14,0.0055065061994981875,2026-10-01,DHT
1,-0.0005146948424212742,2026-10-01,DINO
2,-0.0023997830806431852,2026-10-01,DINO
3,0.004696215072413573,2026-10-01,DINO
4,-0.0011580183360283035,2026-10-01,DINO
5,-0.001176888469483214,2026-10-01,DINO
6,-0.001702965360160848,2026-10-01,DINO
7,-0.002902643401446732,2026-10-01,DINO
8,-0.0007031853699529394,2026-10-01,DINO
9,-0.0007980563305294957,2026-10-01,DINO
10,0.005682578648694329,2026-10-01,DINO
11,0.0021002495823785215,2026-10-01,DINO
12,-0.0005182601372093086,2026-10-01,DINO
13,-0.007724327559320111,2026-10-01,DINO
14,-0.005111893551662649,2026-10-01,DINO
1,0.0006390467089950573,2026-10-01,DIS
2,0.0008589394624027825,2026-10-01,DIS
3,0.0010715973955712226,2026-10-01,DIS
4,-0.0004207929930760367,2026-10-01,DIS
5,0.0007579973489106637,2026-10-01,DIS
6,0.005432872772296073,2026-10-01,DIS
7,0.00255040597637491,2026-10-01,DIS
8,0.00017808170474085792,2026-10-01,DIS
9,0.00042035635352738693,2026-10-01,DIS
10,-0.0022193997476917826,2026-10-01,DIS
11,3.6510661627395796e-05,2026-10-01,DIS
12,0.00041058988168270335,2026-10-01,DIS
13,0.004112021978327202,2026-10-01,DIS
14,-0.00011451073817303088,2026-10-01,DIS
1,0.0002683436110397817,2026-10-01,DK
2,0.0037808975354213085,2026-10-01,DK
3,-0.004997339930544676,2026-10-01,DK
4,-0.00578039109621823,2026-10-01,DK
5,-0.0038254871002351737,2026-10-01,DK
6,0.000272410403062909,2026-10-01,DK
7,-0.003693469568159156,2026-10-01,DK
8,0.00013990982337972526,2026-10-01,DK
9,-0.0019789664768085987,2026-10-01,DK
10,0.003339995679882032,2026-10-01,DK
11,-0.005558831116756335,2026-10-01,DK
12,0.0023796472120151393,2026-10-01,DK
13,0.0030543089784931515,2026-10-01,DK
14,0.0007380508305147055,2026-10-01,DK
1,-0.0005984097206005823,2026-10-01,DKNG
2,-0.002603713540171799,2026-10-01,DKNG
3,0.0017706433610908587,2026-10-01,DKNG
4,-0.0017859314096233764,2026-10-01,DKNG
5,-0.0001950438362960904,2026-10-01,DKNG
6,-0.007391872350702645,2026-10-01,DKNG
7,-0.0049877249932056885,2026-10-01,DKNG
8,-2.8004591638031343e-05,2026-10-01,DKNG
9,-0.001463076813185701,2026-10-01,DKNG
10,0.0037313629625212526,2026-10-01,DKNG
11,0.004756203593834797,2026-10-01,DKNG
12,-0.0019338175169621066,2026-10-01,DKNG
13,-0.006631022487894641,2026-10-01,DKNG
14,-0.003580749074247421,2026-10-01,DKNG
1,-0.001446318534480524,2026-10-01,DKS
2,-0.0017406560942486292,2026-10-01,DKS
3,0.005804269798256933,2026-10-01,DKS
4,-0.0016330265730204491,2026-10-01,DKS
5,0.0007367145659879615,2026-10-01,DKS
6,-0.00175784375346241,2026-10-01,DKS
7,-0.004001140305418696,2026-10-01,DKS
8,0.0014750623849877646,2026-10-01,DKS
9,-0.004693959742282293,2026-10-01,DKS
10,0.003819731135507117,2026-10-01,DKS
11,0.00104100387909208,2026-10-01,DKS
12,-0.004142763188519179,2026-10-01,DKS
13,-0.006027355975932778,2026-10-01,DKS
14,-0.005608685331243143,2026-10-01,DKS
1,0.0009870192960492383,2026-10-01,DLO
2,0.002684635391215357,2026-10-01,DLO
3,-0.001351084988924428,2026-10-01,DLO
4,-0.0028398238837257232,2026-10-01,DLO
5,-0.005792451847356107,2026-10-01,DLO
6,-0.003067202446634206,2026-10-01,DLO
7,0.0010421650066847247,2026-10-01,DLO
8,0.0009067603597982237,2026-10-01,DLO
9,0.0009094116236745077,2026-10-01,DLO
10,0.005030631420350892,2026-10-01,DLO
11,-0.0016921893689965557,2026-10-01,DLO
12,0.00415355076237563,2026-10-01,DLO
13,0.0012853213221209144,2026-10-01,DLO
14,0.010372794441271378,2026-10-01,DLO
1,-0.0003471152721595731,2026-10-01,DLR
2,-0.0019856027657784193,2026-10-01,DLR
3,0.0019070209690286242,2026-10-01,DLR
4,-0.0028357149437030567,2026-10-01,DLR
5,-0.0023616430803716994,2026-10-01,DLR
6,-0.0015055265347266385,2026-10-01,DLR
7,-0.0024795355405239326,2026-10-01,DLR
8,0.0015209011546980082,2026-10-01,DLR
9,-0.003378239050994611,2026-10-01,DLR
10,0.004128034932816536,2026-10-01,DLR
11,0.003549496612373985,2026-10-01,DLR
12,-0.002988134745002789,2026-10-01,DLR
13,-0.008670223279672496,2026-10-01,DLR
14,-0.004037608168623729,2026-10-01,DLR
1,-0.002103405785468751,2026-10-01,DLTR
2,-0.000895865082778897,2026-10-01,DLTR
3,0.0033440645856807135,2026-10-01,DLTR
4,-0.002878135605927921,2026-10-01,DLTR
5,0.0006628038114752426,2026-10-01,DLTR
6,-0.0038737644864986756,2026-10-01,DLTR
7,-0.004936243917664552,2026-10-01,DLTR
8,0.0019856939152815617,2026-10-01,DLTR
9,-0.00040840120163408277,2026-10-01,DLTR
10,0.003600582164980763,2026-10-01,DLTR
11,0.002733448931341905,2026-10-01,DLTR
12,0.0003408332251796353,2026-10-01,DLTR
13,-0.004788549646141727,2026-10-01,DLTR
14,-0.0017606888873843228,2026-10-01,DLTR
1,0.0013465322333456773,2026-10-01,DNLI
2,0.0031001217536914733,2026-10-01,DNLI
3,-0.0024141183176887284,2026-10-01,DNLI
4,-0.0041181138616273785,2026-10-01,DNLI
5,-0.009087764005016116,2026-10-01,DNLI
6,-0.0005059682334543533,2026-10-01,DNLI
7,-0.00245985349961192,2026-10-01,DNLI
8,0.002260086900961778,2026-10-01,DNLI
9,-0.0014839821826488095,2026-10-01,DNLI
10,0.00022598672958798208,2026-10-01,DNLI
11,-0.007243788714204959,2026-10-01,DNLI
12,-0.000593267738924945,2026-10-01,DNLI
13,0.0056774197235403,2026-10-01,DNLI
14,-0.000726613621151909,2026-10-01,DNLI
1,0.0023249981988065593,2026-10-01,DNUT
2,0.005499556094569163,2026-10-01,DNUT
3,-0.0018450094647575518,2026-10-01,DNUT
4,-0.0006444613427291907,2026-10-01,DNUT
5,-0.005960747553407617,2026-10-01,DNUT
6,-0.0015985840180994249,2026-10-01,DNUT
7,0.0010356618809710665,2026-10-01,DNUT
8,0.0015575740235002026,2026-10-01,DNUT
9,-0.0053680109072993705,2026-10-01,DNUT
10,0.00507019871676254,2026-10-01,DNUT
11,-0.008434110623705186,2026-10-01,DNUT
12,-0.0035678839381928728,2026-10-01,DNUT
13,0.010928481359747649,2026-10-01,DNUT
14,0.009863317434579098,2026-10-01,DNUT
1,-0.000576617210396357,2026-10-01,DOC
2,-0.0004420551556772595,2026-10-01,DOC
3,0.0015499329642736546,2026-10-01,DOC
4,-0.0024764543316430094,2026-10-01,DOC
5,-0.0018768485938350417,2026-10-01,DOC
6,-0.00480969835544919,2026-10-01,DOC
7,-0.0024120555273879057,2026-10-01,DOC
8,0.0021063893406706316,2026-10-01,DOC
9,-0.0030432012016741784,2026-10-01,DOC
10,0.0029550099897221343,2026-10-01,DOC
11,0.0013779539060511093,2026-10-01,DOC
12,-0.002623511668434,2026-10-01,DOC
13,-0.0069903456853878726,2026-10-01,DOC
14,-0.0016027168572631885,2026-10-01,DOC
1,0.0008654524016115106,2026-10-01,DOCN
2,0.004835177903793084,2026-10-01,DOCN
3,-0.0011350767949341262,2026-10-01,DOCN
4,-0.0010660363014642765,2026-10-01,DOCN
5,-0.006186239244402474,2026-10-01,DOCN
6,-0.002848103305517544,2026-10-01,DOCN
7,-0.0008991070970168262,2026-10-01,DOCN
8,0.002302215128149674,2026-10-01,DOCN
9,-0.005390670314075178,2026-10-01,DOCN
10,0.005385868516221599,2026-10-01,DOCN
11,-0.00509243024933821,2026-10-01,DOCN
12,0.002989805335928619,2026-10-01,DOCN
13,0.00582174468780284,2026-10-01,DOCN
14,0.006450708253123359,2026-10-01,DOCN
1,-0.0013021685039548761,2026-10-01,DOCS
2,-0.002354217347438856,2026-10-01,DOCS
3,0.00468091771484003,2026-10-01,DOCS
4,-0.0030748770031638734,2026-10-01,DOCS
5,0.0012232842427948472,2026-10-01,DOCS
6,-0.0027542192582682267,2026-10-01,DOCS
7,-0.0054599844718483505,2026-10-01,DOCS
8,-0.0011917735505726033,2026-10-01,DOCS
9,-0.002836763895102808,2026-10-01,DOCS
10,0.0003393917034637792,2026-10-01,DOCS
11,0.0019415751100289836,2026-10-01,DOCS
12,-0.0015856783657137656,2026-10-01,DOCS
13,-0.006278164965731634,2026-10-01,DOCS
14,0.00010272222868572412,2026-10-01,DOCS
1,-0.001931030930192035,2026-10-01,DOCU
2,-0.003161317585363912,2026-10-01,DOCU
3,0.00508547637606999,2026-10-01,DOCU
4,-0.0031890782251617796,2026-10-01,DOCU
5,5.422237555934838e-05,2026-10-01,DOCU
6,-0.003800247502397904,2026-10-01,DOCU
7,-0.006683894141039556,2026-10-01,DOCU
8,-0.0005878988947084106,2026-10-01,DOCU
9,-0.0029972978224841926,2026-10-01,DOCU
10,0.0007812514185601178,2026-10-01,DOCU
11,0.0009304869529224329,2026-10-01,DOCU
12,-0.005086169340318805,2026-10-01,DOCU
13,-0.007005572490225205,2026-10-01,DOCU
14,-0.00039230979974947376,2026-10-01,DOCU
1,-0.0026720659848890635,2026-10-01,DOV
2,-0.0006510905232847672,2026-10-01,DOV
3,0.003442639341314032,2026-10-01,DOV
4,-0.0018243568724320054,2026-10-01,DOV
5,-0.002008576852946602,2026-10-01,DOV
6,-0.006073259429211221,2026-10-01,DOV
7,-0.006789464836605925,2026-10-01,DOV
8,0.0018083712613042597,2026-10-01,DOV
9,-0.004398772930138762,2026-10-01,DOV
10,0.002253599823195093,2026-10-01,DOV
11,0.0030394168428673645,2026-10-01,DOV
12,-0.0013146297416200528,2026-10-01,DOV
13,-0.00856226645588937,2026-10-01,DOV
14,-0.0041317561934745934,2026-10-01,DOV
1,0.0005299073139052524,2026-10-01,DOW
2,-0.0001836913386248809,2026-10-01,DOW
3,-0.0011739319367173556,2026-10-01,DOW
4,0.00011793699138298131,2026-10-01,DOW
5,0.0028121057224436796,2026-10-01,DOW
6,0.0022237251718572764,2026-10-01,DOW
7,0.003609669413857802,2026-10-01,DOW
8,-0.0009475192199135023,2026-10-01,DOW
9,0.004509672777466413,2026-10-01,DOW
10,-0.0015076972115324531,2026-10-01,DOW
11,0.0030232042796511562,2026-10-01,DOW
12,0.00598125301190856,2026-10-01,DOW
13,0.00470846046718373,2026-10-01,DOW
14,-0.0005772930173442412,2026-10-01,DOW
1,-0.001429235166330586,2026-10-01,DOX
2,-0.0019012527801393166,2026-10-01,DOX
3,0.0015096876311060236,2026-10-01,DOX
4,-0.0020105294169368774,2026-10-01,DOX
5,0.0007402301235330733,2026-10-01,DOX
6,-0.0025122774145737033,2026-10-01,DOX
7,-0.004407032441738194,2026-10-01,DOX
8,0.0011179483511694576,2026-10-01,DOX
9,-0.0025210377499835625,2026-10-01,DOX
10,0.0026635964404952755,2026-10-01,DOX
11,0.003175132590826358,2026-10-01,DOX
12,-0.0005916855409211839,2026-10-01,DOX
13,-0.003685166630164816,2026-10-01,DOX
14,-0.002997246619718036,2026-10-01,DOX
1,0.0016665223082501074,2026-10-01,DRH
2,0.0049143432780005,2026-10-01,DRH
3,-0.0037051102900697614,2026-10-01,DRH
4,-0.0023658850074780996,2026-10-01,DRH
5,-0.004675490943450071,2026-10-01,DRH
6,3.7219684213748314e-06,2026-10-01,DRH
7,-0.0008290059725835364,2026-10-01,DRH
8,0.0006027399574720762,2026-10-01,DRH
9,-0.006551752597891116,2026-10-01,DRH
10,0.0014957098100081964,2026-10-01,DRH
11,-0.0026148820579223373,2026-10-01,DRH
12,0.006128360949053664,2026-10-01,DRH
13,0.003894709678798048,2026-10-01,DRH
14,0.007124411318048724,2026-10-01,DRH
1,-0.0002979111845707429,2026-10-01,DRI
2,-0.0014416872014155386,2026-10-01,DRI
3,0.003838741215192053,2026-10-01,DRI
4,-0.002478098105186307,2026-10-01,DRI
5,-0.0007842856199037003,2026-10-01,DRI
6,-0.005229924649925526,2026-10-01,DRI
7,-0.0012343381016176147,2026-10-01,DRI
8,0.0014423889081179643,2026-10-01,DRI
9,-0.002244674640442553,2026-10-01,DRI
10,0.005230548800075505,2026-10-01,DRI
11,0.004008545851858165,2026-10-01,DRI
12,-0.0015601716187195486,2026-10-01,DRI
13,-0.008072147448672226,2026-10-01,DRI
14,-0.0038364798459913658,2026-10-01,DRI
1,0.0005898918072567753,2026-10-01,DRVN
2,0.0022150312042687895,2026-10-01,DRVN
3,-0.005319925239525927,2026-10-01,DRVN
4,-0.0006331235342773036,2026-10-01,DRVN
5,-0.008633666584865623,2026-10-01,DRVN
6,-0.0009140123323133266,2026-10-01,DRVN
7,8.84580430745086e-05,2026-10-01,DRVN
8,-0.0003964137868581061,2026-10-01,DRVN
9,-0.0014800429955264388,2026-10-01,DRVN
10,0.0013351074950830786,2026-10-01,DRVN
11,-0.007808068185071042,2026-10-01,DRVN
12,0.003521440676858446,2026-10-01,DRVN
13,0.007613468220109176,2026-10-01,DRVN
14,0.004539857553226765,2026-10-01,DRVN
1,-0.0014178442100450956,2026-10-01,DT
2,-0.0031986798716799898,2026-10-01,DT
3,0.002264706561573755,2026-10-01,DT
4,-0.00295181194072449,2026-10-01,DT
5,-0.0007993328665279374,2026-10-01,DT
6,-0.0033240105506163317,2026-10-01,DT
7,-0.005180690025467997,2026-10-01,DT
8,-0.0002622945523354607,2026-10-01,DT
9,-0.0024073002353109316,2026-10-01,DT
10,0.0015545737944859086,2026-10-01,DT
11,0.0011283674140809257,2026-10-01,DT
12,-0.0029842614405844858,2026-10-01,DT
13,-0.0079347849474252,2026-10-01,DT
14,-0.0027463683627586633,2026-10-01,DT
1,-0.0005664968250716904,2026-10-01,DTE
2,-0.0005247714687019621,2026-10-01,DTE
3,0.0038094689994756063,2026-10-01,DTE
4,-0.001582685317375961,2026-10-01,DTE
5,0.0005057564632263668,2026-10-01,DTE
6,-0.0051724152830746346,2026-10-01,DTE
7,-0.004973605060147164,2026-10-01,DTE
8,0.0009771921931517483,2026-10-01,DTE
9,0.00027528760726051627,2026-10-01,DTE
10,0.0034145848351250486,2026-10-01,DTE
11,0.00046926749286379523,2026-10-01,DTE
12,0.0012093797489604024,2026-10-01,DTE
13,-0.006963726233722928,2026-10-01,DTE
14,-0.003400406038845206,2026-10-01,DTE
1,0.0003634422947038234,2026-10-01,DUK
2,0.0005711527970641446,2026-10-01,DUK
3,0.0013198556533409076,2026-10-01,DUK
4,-0.00047155198922611954,2026-10-01,DUK
5,0.00237000019548416,2026-10-01,DUK
6,0.004206661108164409,2026-10-01,DUK
7,0.0033245419111689353,2026-10-01,DUK
8,0.0006220141414786649,2026-10-01,DUK
9,-0.0009720706533587178,2026-10-01,DUK
10,-0.003212994110789582,2026-10-01,DUK
11,-0.001962474682182838,2026-10-01,DUK
12,-0.00010179474521708353,2026-10-01,DUK
13,0.004061865802540765,2026-10-01,DUK
14,5.258231860493799e-05,2026-10-01,DUK
1,0.0014061299491248769,2026-10-01,DV
2,0.004241417882091837,2026-10-01,DV
3,-0.004366479087190264,2026-10-01,DV
4,-0.0030138590214856278,2026-10-01,DV
5,-0.005753743680638897,2026-10-01,DV
6,-0.0007153631697099395,2026-10-01,DV
7,0.0012734420524834465,2026-10-01,DV
8,0.008176114809820558,2026-10-01,DV
9,-0.0009721831567230901,2026-10-01,DV
10,0.007674740167721763,2026-10-01,DV
11,-0.008576836481055372,2026-10-01,DV
12,0.005553105084676449,2026-10-01,DV
13,0.006844043626497947,2026-10-01,DV
14,0.006613106916766829,2026-10-01,DV
1,-0.0012863074970656762,2026-10-01,DVA
2,-0.0014235823789001923,2026-10-01,DVA
3,0.0032906749904188545,2026-10-01,DVA
4,-0.0014999726600211764,2026-10-01,DVA
5,-0.0012214062940168724,2026-10-01,DVA
6,-0.003906826605658556,2026-10-01,DVA
7,-0.0032757708057035533,2026-10-01,DVA
8,0.0010968944802919574,2026-10-01,DVA
9,-0.0005377344066566608,2026-10-01,DVA
10,0.005385725410483339,2026-10-01,DVA
11,0.004448858885470957,2026-10-01,DVA
12,-0.0014505150291338335,2026-10-01,DVA
13,-0.005923003520727062,2026-10-01,DVA
14,-0.001606296408422053,2026-10-01,DVA
1,-0.000843077991666109,2026-10-01,DVN
2,-0.0018831040069182232,2026-10-01,DVN
3,0.0012953292248825722,2026-10-01,DVN
4,0.0003928598849287438,2026-10-01,DVN
5,0.0005433084277673898,2026-10-01,DVN
6,-0.003686133653547509,2026-10-01,DVN
7,-0.0051837373252956774,2026-10-01,DVN
8,-0.0007515066204193806,2026-10-01,DVN
9,-0.0044270245774445036,2026-10-01,DVN
10,-0.00031496912993594613,2026-10-01,DVN
11,-0.00046331918001308144,2026-10-01,DVN
12,0.0011028724749031732,2026-10-01,DVN
13,-0.0034176035403103515,2026-10-01,DVN
14,-0.0026830515650909134,2026-10-01,DVN
1,0.002836841342259533,2026-10-01,DX
2,0.004314406165422209,2026-10-01,DX
3,-0.003226248295394021,2026-10-01,DX
4,-0.002332566368395257,2026-10-01,DX
5,-0.00430058000128689,2026-10-01,DX
6,-0.0013576755600033172,2026-10-01,DX
7,-0.0014162452176590204,2026-10-01,DX
8,0.00046628039460445275,2026-10-01,DX
9,0.004383230690955436,2026-10-01,DX
10,-0.0041436770213689215,2026-10-01,DX
11,-0.0036411912273786474,2026-10-01,DX
12,0.0015185342172438648,2026-10-01,DX
13,0.0038338765968517806,2026-10-01,DX
14,0.007572556970834082,2026-10-01,DX
1,0.0012014190154742224,2026-10-01,DXC
2,0.004746648549237091,2026-10-01,DXC
3,-0.0011027122135801224,2026-10-01,DXC
4,-0.0010368980666282887,2026-10-01,DXC
5,-0.0027112102139144546,2026-10-01,DXC
6,0.001138753822557777,2026-10-01,DXC
7,-0.0010763682683732408,2026-10-01,DXC
8,0.006648810194422794,2026-10-01,DXC
9,0.0031935430668230055,2026-10-01,DXC
10,0.0034638641623504743,2026-10-01,DXC
11,-0.002627507021062949,2026-10-01,DXC
12,0.020785229522336638,2026-10-01,DXC
13,0.002462618517303924,2026-10-01,DXC
14,0.007513090706637137,2026-10-01,DXC
1,-0.0011062265307885371,2026-10-01,DXCM
2,-0.0011138730608193825,2026-10-01,DXCM
3,0.002253448795732786,2026-10-01,DXCM
4,-0.002281082973262121,2026-10-01,DXCM
5,-0.0008307211571034319,2026-10-01,DXCM
6,-0.0023717662207204007,2026-10-01,DXCM
7,-0.0033271107355125865,2026-10-01,DXCM
8,0.0018261463675839176,2026-10-01,DXCM
9,-0.0023426616954340426,2026-10-01,DXCM
10,0.00493541740000396,2026-10-01,DXCM
11,0.0005460498734893486,2026-10-01,DXCM
12,-0.0025145163356368955,2026-10-01,DXCM
13,-0.006641311624728178,2026-10-01,DXCM
14,-0.0011078243057152195,2026-10-01,DXCM
1,-4.4883605103510095e-05,2026-10-01,DYN
2,-0.0016093789295488499,2026-10-01,DYN
3,0.0036285325326734785,2026-10-01,DYN
4,-0.002837448131865838,2026-10-01,DYN
5,0.0015779285930852776,2026-10-01,DYN
6,-0.003973132422514938,2026-10-01,DYN
7,-0.005935644713338889,2026-10-01,DYN
8,0.0018156533818153165,2026-10-01,DYN
9,-0.0025772307782794615,2026-10-01,DYN
10,0.0022814004777902607,2026-10-01,DYN
11,0.004263263719732029,2026-10-01,DYN
12,-0.0042989656693950455,2026-10-01,DYN
13,-0.0075161780479601,2026-10-01,DYN
14,-0.003192247020463743,2026-10-01,DYN
1,0.0020830499954389895,2026-10-01,EAT
2,0.0056618595678779105,2026-10-01,EAT
3,-0.005450609012504619,2026-10-01,EAT
4,-0.0026654970252797247,2026-10-01,EAT
5,-0.003259086552825097,2026-10-01,EAT
6,-0.002086113443357772,2026-10-01,EAT
7,0.0003262903527723177,2026-10-01,EAT
8,-0.0022652408267185655,2026-10-01,EAT
9,0.0013009028120274128,2026-10-01,EAT
10,-0.0004061106005745465,2026-10-01,EAT
11,-0.004497826128594258,2026-10-01,EAT
12,0.004063259283453552,2026-10-01,EAT
13,0.00481697039752516,2026-10-01,EAT
14,0.0036355928000547846,2026-10-01,EAT
1,-0.0012721778591763082,2026-10-01,EBAY
2,-4.454041293133398e-05,2026-10-01,EBAY
3,0.0022638646620367904,2026-10-01,EBAY
4,0.0001970296577864949,2026-10-01,EBAY
5,-0.0016101702191634033,2026-10-01,EBAY
6,-0.00594027317782963,2026-10-01,EBAY
7,-0.004296579257591877,2026-10-01,EBAY
8,0.0010433169103238322,2026-10-01,EBAY
9,-0.003387828635859506,2026-10-01,EBAY
10,0.0018410412203900552,2026-10-01,EBAY
11,0.0032585890538505756,2026-10-01,EBAY
12,-0.0012126694562513082,2026-10-01,EBAY
13,-0.0029337221287681218,2026-10-01,EBAY
14,-0.0004312752723160763,2026-10-01,EBAY
1,-0.001383646704130716,2026-10-01,EC
2,0.0003940652476210426,2026-10-01,EC
3,0.0024696246772973824,2026-10-01,EC
4,-0.0013649876707746331,2026-10-01,EC
5,0.00012594900056329126,2026-10-01,EC
6,-0.0022310163553176114,2026-10-01,EC
7,-0.0051713086911964355,2026-10-01,EC
8,0.0018615795964762587,2026-10-01,EC
9,-0.0015403324560603162,2026-10-01,EC
10,0.002992901596634623,2026-10-01,EC
11,0.0006748107950014356,2026-10-01,EC
12,0.001497090806903624,2026-10-01,EC
13,-0.006750368034602998,2026-10-01,EC
14,-0.0019162528022357845,2026-10-01,EC
1,0.0006043452955992921,2026-10-01,ECL
2,0.00022825267240459307,2026-10-01,ECL
3,-0.0007752959227062646,2026-10-01,ECL
4,-0.0008734327350016113,2026-10-01,ECL
5,0.0005272444394636304,2026-10-01,ECL
6,0.0031082458071963626,2026-10-01,ECL
7,0.0034949928239510365,2026-10-01,ECL
8,-0.0005324938964606172,2026-10-01,ECL
9,0.003882640823385066,2026-10-01,ECL
10,-0.0013697848160958697,2026-10-01,ECL
11,0.004048776427047776,2026-10-01,ECL
12,0.003932559212915179,2026-10-01,ECL
13,0.0033589987982491055,2026-10-01,ECL
14,-0.0016926835799820697,2026-10-01,ECL
1,-0.0004905654940758149,2026-10-01,ED
2,-0.001726544754577514,2026-10-01,ED
3,0.004581179039977169,2026-10-01,ED
4,7.169443138201544e-05,2026-10-01,ED
5,-0.0007926072299974309,2026-10-01,ED
6,-0.004717946114626413,2026-10-01,ED
7,-0.006344508700942514,2026-10-01,ED
8,0.0008471994485752502,2026-10-01,ED
9,-0.0012018967747205653,2026-10-01,ED
10,0.0054485276535637065,2026-10-01,ED
11,0.0029023551894981708,2026-10-01,ED
12,-0.000553629044264202,2026-10-01,ED
13,-0.005265540608723619,2026-10-01,ED
14,-0.002129819122754153,2026-10-01,ED
1,-0.0014440303100377871,2026-10-01,EDU
2,0.0002013030051503377,2026-10-01,EDU
3,0.0038995522366484163,2026-10-01,EDU
4,-0.0038129570917359596,2026-10-01,EDU
5,9.74805101941044e-05,2026-10-01,EDU
6,-0.004310853735369264,2026-10-01,EDU
7,-0.00516985924348256,2026-10-01,EDU
8,0.0012320547989173997,2026-10-01,EDU
9,-0.001243685160075745,2026-10-01,EDU
10,7.297537643356379e-05,2026-10-01,EDU
11,0.0013028125777876614,2026-10-01,EDU
12,0.0011213372025627054,2026-10-01,EDU
13,-0.0003530566023702105,2026-10-01,EDU
14,-0.0036055694802137935,2026-10-01,EDU
1,0.0017404147296458663,2026-10-01,EFC
2,0.0033914661051244605,2026-10-01,EFC
3,-0.0035562493248912546,2026-10-01,EFC
4,-0.0038574992019014135,2026-10-01,EFC
5,-0.004502546656626195,2026-10-01,EFC
6,-0.0008342609223209479,2026-10-01,EFC
7,0.0008418988022237775,2026-10-01,EFC
8,-0.002327704412244566,2026-10-01,EFC
9,0.0011982891624346048,2026-10-01,EFC
10,-0.0001598851586687436,2026-10-01,EFC
11,-0.005596847877600282,2026-10-01,EFC
12,0.0027939923221008208,2026-10-01,EFC
13,0.004455909301592431,2026-10-01,EFC
14,0.005999437353209042,2026-10-01,EFC
1,-0.0006748375344827842,2026-10-01,EFX
2,-0.0016833886851356267,2026-10-01,EFX
3,0.003688680300708136,2026-10-01,EFX
4,-0.0028764473086287877,2026-10-01,EFX
5,0.0003771470456894888,2026-10-01,EFX
6,-0.004000718622354848,2026-10-01,EFX
7,-0.005736788713132954,2026-10-01,EFX
8,0.0011840505246540599,2026-10-01,EFX
9,-0.002741772380888957,2026-10-01,EFX
10,0.0023247875556875303,2026-10-01,EFX
11,0.004135790208288653,2026-10-01,EFX
12,0.0007081954085835891,2026-10-01,EFX
13,-0.007404552340027326,2026-10-01,EFX
14,-0.005631722274337558,2026-10-01,EFX
1,-0.0005961875498386028,2026-10-01,EGO
2,-0.0003452904141093249,2026-10-01,EGO
3,0.003793844422036048,2026-10-01,EGO
4,0.0004475331954795608,2026-10-01,EGO
5,0.0015794894028921093,2026-10-01,EGO
6,-0.0034605467591343766,2026-10-01,EGO
7,-0.0018821068271120183,2026-10-01,EGO
8,0.0008827791747228018,2026-10-01,EGO
9,-0.0039240839668946035,2026-10-01,EGO
10,0.0018765185831190986,2026-10-01,EGO
11,0.005900705294810479,2026-10-01,EGO
12,0.0003243218111449797,2026-10-01,EGO
13,-0.007649200322974089,2026-10-01,EGO
14,-0.0016305399243353095,2026-10-01,EGO
1,0.0014101297600858233,2026-10-01,EH
2,0.00434209028886727,2026-10-01,EH
3,-0.0012017945671113188,2026-10-01,EH
4,-0.0011667679312693925,2026-10-01,EH
5,-0.00499566265367295,2026-10-01,EH
6,-0.0006396208755174219,2026-10-01,EH
7,0.0018697484281115049,2026-10-01,EH
8,-0.0031595647709165248,2026-10-01,EH
9,0.00011475704451825121,2026-10-01,EH
10,0.004222324425375732,2026-10-01,EH
11,0.0004922082187098236,2026-10-01,EH
12,0.003973453779345951,2026-10-01,EH
13,0.002491218493346418,2026-10-01,EH
14,0.005195214302189402,2026-10-01,EH
1,-0.0009348841690575054,2026-10-01,EIX
2,-0.0018046884232087131,2026-10-01,EIX
3,0.003323473649652944,2026-10-01,EIX
4,-0.0037067626345031264,2026-10-01,EIX
5,-0.0010385471019070172,2026-10-01,EIX
6,-0.004819035220519563,2026-10-01,EIX
7,-0.003665385178824178,2026-10-01,EIX
8,0.0010161674679102018,2026-10-01,EIX
9,-0.004373408614598825,2026-10-01,EIX
10,0.0013807902606673508,2026-10-01,EIX
11,0.0016983776870755363,2026-10-01,EIX
12,-0.001730863171421453,2026-10-01,EIX
13,-0.005587811784669059,2026-10-01,EIX
14,-0.004238543297897366,2026-10-01,EIX
1,-0.0012757711341477237,2026-10-01,EL
2,-0.0013664275078218823,2026-10-01,EL
3,0.003073515041215181,2026-10-01,EL
4,-0.004021129219757988,2026-10-01,EL
5,-0.00044440737049427487,2026-10-01,EL
6,-0.00580261617062054,2026-10-01,EL
7,-0.006910643977283585,2026-10-01,EL
8,-0.00010091330658916766,2026-10-01,EL
9,-0.005556228659345979,2026-10-01,EL
10,0.002905858780394806,2026-10-01,EL
11,0.0002697914758293585,2026-10-01,EL
12,-0.0011170474702758358,2026-10-01,EL
13,-0.0002461832283747184,2026-10-01,EL
14,-0.0006232218467665186,2026-10-01,EL
1,-0.00048220202638448627,2026-10-01,ELAN
2,-0.0011211742091997896,2026-10-01,ELAN
3,0.003874088616231619,2026-10-01,ELAN
4,-0.002078225770237345,2026-10-01,ELAN
5,0.0013731117571480665,2026-10-01,ELAN
6,-0.0046074162703549975,2026-10-01,ELAN
7,-0.005457440248060023,2026-10-01,ELAN
8,0.0035349908187109007,2026-10-01,ELAN
9,-0.0009787774038958845,2026-10-01,ELAN
10,0.0038455007912324406,2026-10-01,ELAN
11,0.004467573441196604,2026-10-01,ELAN
12,-0.0023784051589296313,2026-10-01,ELAN
13,-0.007393136347673677,2026-10-01,ELAN
14,-0.007254079854460993,2026-10-01,ELAN
1,-0.002167249094743964,2026-10-01,ELF
2,-0.002299336896181491,2026-10-01,ELF
3,0.0024372203157296698,2026-10-01,ELF
4,-0.0036977883295082167,2026-10-01,ELF
5,-0.002831349907979785,2026-10-01,ELF
6,-0.005569980394819509,2026-10-01,ELF
7,-0.004845150739067742,2026-10-01,ELF
8,0.0009514176406807322,2026-10-01,ELF
9,-0.003951665612285936,2026-10-01,ELF
10,0.001726780623367912,2026-10-01,ELF
11,0.00046859983397736,2026-10-01,ELF
12,-0.001701409471737824,2026-10-01,ELF
13,-0.004253101293452264,2026-10-01,ELF
14,-0.0015015426210426906,2026-10-01,ELF
1,-0.0007218437765967948,2026-10-01,ELS
2,-0.0010188648723120372,2026-10-01,ELS
3,0.0016305498739531453,2026-10-01,ELS
4,-0.0024691413289589584,2026-10-01,ELS
5,-0.00032877195632429,2026-10-01,ELS
6,-0.004309529844735054,2026-10-01,ELS
7,-0.003818069783489324,2026-10-01,ELS
8,0.0016641661257582702,2026-10-01,ELS
9,-0.0017331014375957397,2026-10-01,ELS
10,0.0014596527544224267,2026-10-01,ELS
11,0.0002154911759831599,2026-10-01,ELS
12,4.690910601613442e-05,2026-10-01,ELS
13,-0.007043698856672037,2026-10-01,ELS
14,-0.0030334061044846013,2026-10-01,ELS
1,0.00021477075384031833,2026-10-01,ELV
2,-0.001261433182290082,2026-10-01,ELV
3,0.0007840223162839491,2026-10-01,ELV
4,0.0012328056795632722,2026-10-01,ELV
5,0.0013113076538910872,2026-10-01,ELV
6,0.004331806575882185,2026-10-01,ELV
7,0.004398433049340147,2026-10-01,ELV
8,0.0024753352602573976,2026-10-01,ELV
9,0.002204051804055594,2026-10-01,ELV
10,-0.0035706625053979818,2026-10-01,ELV
11,0.0013949718817172724,2026-10-01,ELV
12,0.004341474602820088,2026-10-01,ELV
13,0.004695164343412303,2026-10-01,ELV
14,0.00022511294479820638,2026-10-01,ELV
1,-0.0009981875060539956,2026-10-01,EMN
2,0.0003294115643877035,2026-10-01,EMN
3,0.004291799594460785,2026-10-01,EMN
4,-0.003120007376506704,2026-10-01,EMN
5,-0.0025653813890202104,2026-10-01,EMN
6,-0.005994224395497683,2026-10-01,EMN
7,-0.0044114457368674325,2026-10-01,EMN
8,0.0023666425915213007,2026-10-01,EMN
9,-0.0027433704624506027,2026-10-01,EMN
10,0.0011851605509242003,2026-10-01,EMN
11,0.002330640394381915,2026-10-01,EMN
12,-0.0037480600956642314,2026-10-01,EMN
13,-0.004925327103809911,2026-10-01,EMN
14,-0.004517437479036193,2026-10-01,EMN
1,0.0010770680820816566,2026-10-01,EMR
2,0.0008692466831414254,2026-10-01,EMR
3,0.0014985591042162008,2026-10-01,EMR
4,-0.0004087700454971042,2026-10-01,EMR
5,0.0017995589838419063,2026-10-01,EMR
6,0.002596533228588091,2026-10-01,EMR
7,0.00524648685784668,2026-10-01,EMR
8,-0.0008424299227988241,2026-10-01,EMR
9,0.0004733172944434255,2026-10-01,EMR
10,-0.002399339417100776,2026-10-01,EMR
11,0.003313768719854463,2026-10-01,EMR
12,0.0039061914995679476,2026-10-01,EMR
13,0.005736171221748116,2026-10-01,EMR
14,-0.00040180465799822813,2026-10-01,EMR
1,0.00029693543196102653,2026-10-01,ENB
2,0.00020136290815665607,2026-10-01,ENB
3,0.000761693517092854,2026-10-01,ENB
4,0.00048812112275553506,2026-10-01,ENB
5,0.0019819798744495987,2026-10-01,ENB
6,0.003749038972386032,2026-10-01,ENB
7,0.0038212648927107573,2026-10-01,ENB
8,0.0003655660307513785,2026-10-01,ENB
9,0.0026515865498055106,2026-10-01,ENB
10,-0.0024717918051945483,2026-10-01,ENB
11,0.0014985458454727118,2026-10-01,ENB
12,0.004276630996981629,2026-10-01,ENB
13,0.005262733953526801,2026-10-01,ENB
14,6.485581887821707e-05,2026-10-01,ENB
1,-0.0009304346921951053,2026-10-01,ENPH
2,-0.000437511004588939,2026-10-01,ENPH
3,0.0014094504811477716,2026-10-01,ENPH
4,-0.0031553810548296236,2026-10-01,ENPH
5,-0.002834118402326566,2026-10-01,ENPH
6,-0.0031696496588239143,2026-10-01,ENPH
7,-0.004479358520845647,2026-10-01,ENPH
8,-0.000678633768438064,2026-10-01,ENPH
9,-0.003284197781711521,2026-10-01,ENPH
10,0.0032965220181663665,2026-10-01,ENPH
11,-0.0005967034294411678,2026-10-01,ENPH
12,-0.005176663194497423,2026-10-01,ENPH
13,-0.008822379551572808,2026-10-01,ENPH
14,-0.0015694311696489575,2026-10-01,ENPH
1,-0.0026621939019424675,2026-10-01,ENTG
2,-0.0010344853837790987,2026-10-01,ENTG
3,0.0038752147043578356,2026-10-01,ENTG
4,-0.0025275114684784796,2026-10-01,ENTG
5,-0.0014645343174808773,2026-10-01,ENTG
6,-0.004430126922858868,2026-10-01,ENTG
7,-0.006755602910823531,2026-10-01,ENTG
8,0.0010406236869160502,2026-10-01,ENTG
9,-0.00381019721664666,2026-10-01,ENTG
10,0.0009856603196959299,2026-10-01,ENTG
11,0.0011949085278703067,2026-10-01,ENTG
12,0.0003525325073279693,2026-10-01,ENTG
13,-0.008314922520924207,2026-10-01,ENTG
14,-0.004167032643600006,2026-10-01,ENTG
1,0.0026281810918178613,2026-10-01,ENVX
2,0.012461441201378713,2026-10-01,ENVX
3,-0.004238358582273632,2026-10-01,ENVX
4,-0.012390408924302168,2026-10-01,ENVX
5,-0.008243391735096103,2026-10-01,ENVX
6,-0.005773476393351645,2026-10-01,ENVX
7,-0.012128754750920834,2026-10-01,ENVX
8,-0.0028092028504574846,2026-10-01,ENVX
9,-0.02172302104968859,2026-10-01,ENVX
10,0.002399644426018486,2026-10-01,ENVX
11,-0.014281294129460963,2026-10-01,ENVX
12,0.0029169468944959796,2026-10-01,ENVX
13,-0.00779236952439123,2026-10-01,ENVX
14,-0.0052740953552670375,2026-10-01,ENVX
1,0.00043348003992741107,2026-10-01,EOG
2,-0.0005521328202380853,2026-10-01,EOG
3,0.001013666619858587,2026-10-01,EOG
4,-0.0002695447346360172,2026-10-01,EOG
5,0.0005620390707752478,2026-10-01,EOG
6,0.003621109351244124,2026-10-01,EOG
7,0.0030671586549441522,2026-10-01,EOG
8,0.001884543191967401,2026-10-01,EOG
9,0.0007127713318399058,2026-10-01,EOG
10,-0.000453409012223846,2026-10-01,EOG
11,0.0024392345460225455,2026-10-01,EOG
12,0.004898719580578219,2026-10-01,EOG
13,0.0024781690889179096,2026-10-01,EOG
14,-0.0018735312591092394,2026-10-01,EOG
1,-0.001751876967188214,2026-10-01,EPAM
2,-0.001632763251984472,2026-10-01,EPAM
3,0.0021393118922361214,2026-10-01,EPAM
4,-0.0017085202956817513,2026-10-01,EPAM
5,0.0011077759599736755,2026-10-01,EPAM
6,-0.0029002304684628876,2026-10-01,EPAM
7,-0.005061679700548505,2026-10-01,EPAM
8,0.0017060702795867317,2026-10-01,EPAM
9,-0.003149019113630703,2026-10-01,EPAM
10,0.0014894636255543456,2026-10-01,EPAM
11,0.0021955658819019395,2026-10-01,EPAM
12,-0.002665883206623345,2026-10-01,EPAM
13,-0.0069415570290428975,2026-10-01,EPAM
14,-0.0020309671594202334,2026-10-01,EPAM
1,0.0004167619359587742,2026-10-01,EPD
2,-0.0005672658647661173,2026-10-01,EPD
3,0.0014354197480533316,2026-10-01,EPD
4,0.0011570248101169102,2026-10-01,EPD
5,0.002025683289617701,2026-10-01,EPD
6,0.004782548691733064,2026-10-01,EPD
7,0.002671407125545366,2026-10-01,EPD
8,0.0002387200659266689,2026-10-01,EPD
9,0.001041222892325552,2026-10-01,EPD
10,-0.0030886233890799353,2026-10-01,EPD
11,0.0025357722171655632,2026-10-01,EPD
12,0.002039570837088782,2026-10-01,EPD
13,0.006604792590865433,2026-10-01,EPD
14,0.0010568403147381941,2026-10-01,EPD
1,0.001695811420060483,2026-10-01,EPRT
2,0.004301997815682707,2026-10-01,EPRT
3,-0.003503329386724357,2026-10-01,EPRT
4,-0.0037770153428441215,2026-10-01,EPRT
5,-0.006780766560272674,2026-10-01,EPRT
6,-0.0017286681516138487,2026-10-01,EPRT
7,-0.0006408189268610321,2026-10-01,EPRT
8,-0.002177779265063919,2026-10-01,EPRT
9,0.004369212883084942,2026-10-01,EPRT
10,0.002759089664178629,2026-10-01,EPRT
11,-0.006623527897144759,2026-10-01,EPRT
12,0.007410779541682426,2026-10-01,EPRT
13,0.001804025695412019,2026-10-01,EPRT
14,0.0038896728913631155,2026-10-01,EPRT
1,-0.0013300062855123144,2026-10-01,EQH
2,-0.0011295858767366826,2026-10-01,EQH
3,0.003461206726678223,2026-10-01,EQH
4,-0.003002775091154152,2026-10-01,EQH
5,-0.002008536157791355,2026-10-01,EQH
6,-0.007482712820744198,2026-10-01,EQH
7,-0.003647375668551948,2026-10-01,EQH
8,0.0012456997751854302,2026-10-01,EQH
9,-0.003256388163220177,2026-10-01,EQH
10,0.0014661777585087566,2026-10-01,EQH
11,0.002832448591982374,2026-10-01,EQH
12,-0.00040965791573455986,2026-10-01,EQH
13,-0.008205492792772672,2026-10-01,EQH
14,-0.0017373571147301918,2026-10-01,EQH
1,0.0006037842967755716,2026-10-01,EQNR
2,0.000924688916714413,2026-10-01,EQNR
3,0.0004904544161664501,2026-10-01,EQNR
4,0.0007349377564441861,2026-10-01,EQNR
5,0.0002934571586183035,2026-10-01,EQNR
6,0.0032906392202540612,2026-10-01,EQNR
7,0.004480643237222586,2026-10-01,EQNR
8,0.0005944387225789741,2026-10-01,EQNR
9,0.0011563140904968362,2026-10-01,EQNR
10,-0.0016894909796913943,2026-10-01,EQNR
11,0.0028422532667247155,2026-10-01,EQNR
12,0.0034096467669651326,2026-10-01,EQNR
13,0.0038241134117748456,2026-10-01,EQNR
14,0.0010221259314063542,2026-10-01,EQNR
1,-0.001920852839396663,2026-10-01,EQT
2,-0.0017017946165995082,2026-10-01,EQT
3,0.001845856482340281,2026-10-01,EQT
4,-0.0019938695098238248,2026-10-01,EQT
5,0.00021553161830450813,2026-10-01,EQT
6,-0.0035162938764306696,2026-10-01,EQT
7,-0.005914674833748905,2026-10-01,EQT
8,0.0016478120306114747,2026-10-01,EQT
9,-0.004683880541537257,2026-10-01,EQT
10,0.0022966996050121625,2026-10-01,EQT
11,0.0029047364617813152,2026-10-01,EQT
12,0.0008221044577940681,2026-10-01,EQT
13,-0.0016740491548694072,2026-10-01,EQT
14,-0.001566816205498869,2026-10-01,EQT
1,0.0007154528399277101,2026-10-01,EQX
2,0.005649584418000665,2026-10-01,EQX
3,-0.001419662520530124,2026-10-01,EQX
4,-0.00140491307622866,2026-10-01,EQX
5,-0.004776489722214851,2026-10-01,EQX
6,0.001167399021318726,2026-10-01,EQX
7,0.001246934004660722,2026-10-01,EQX
8,4.3901095833153904e-05,2026-10-01,EQX
9,0.0004182223535514459,2026-10-01,EQX
10,0.0026996239689532115,2026-10-01,EQX
11,-0.003668252691629897,2026-10-01,EQX
12,0.00584763433571898,2026-10-01,EQX
13,0.0014925768281696266,2026-10-01,EQX
14,0.004109179921431408,2026-10-01,EQX
1,-0.0005881988234735003,2026-10-01,ERIC
2,-0.00020459038806946487,2026-10-01,ERIC
3,0.003949381213814798,2026-10-01,ERIC
4,-0.00014800139875329528,2026-10-01,ERIC
5,-0.0010343687662670127,2026-10-01,ERIC
6,-0.0003587482034816718,2026-10-01,ERIC
7,-0.0023793249794970776,2026-10-01,ERIC
8,0.004431829488815949,2026-10-01,ERIC
9,0.00505395766273356,2026-10-01,ERIC
10,0.006712519209587252,2026-10-01,ERIC
11,0.006396068344124175,2026-10-01,ERIC
12,0.002250035679953763,2026-10-01,ERIC
13,-0.005553928030647329,2026-10-01,ERIC
14,0.006997680769318839,2026-10-01,ERIC
1,-0.0007069656509622705,2026-10-01,ES
2,-0.0012818375859274204,2026-10-01,ES
3,0.004430696628613995,2026-10-01,ES
4,-0.001714986552078775,2026-10-01,ES
5,0.0010609148513438867,2026-10-01,ES
6,-0.004829747858071046,2026-10-01,ES
7,-0.006132162107457654,2026-10-01,ES
8,0.0008227758374252384,2026-10-01,ES
9,0.0016453414727803349,2026-10-01,ES
10,0.0044047353664015635,2026-10-01,ES
11,0.00488774901804591,2026-10-01,ES
12,-0.0019307948970003978,2026-10-01,ES
13,-0.0051268226516356895,2026-10-01,ES
14,5.808528118804107e-05,2026-10-01,ES
1,6.868255310778932e-05,2026-10-01,ESI
2,-0.0014168894549674675,2026-10-01,ESI
3,0.0029136526885510682,2026-10-01,ESI
4,-0.0027506495782732227,2026-10-01,ESI
5,-0.0018963203764064101,2026-10-01,ESI
6,-0.002150461654028365,2026-10-01,ESI
7,-0.002615229403898205,2026-10-01,ESI
8,-0.00022963873033359124,2026-10-01,ESI
9,-0.0021292745022122614,2026-10-01,ESI
10,0.0027002219987327727,2026-10-01,ESI
11,0.0016941568999779722,2026-10-01,ESI
12,-0.001885278216859697,2026-10-01,ESI
13,-0.007375197317799381,2026-10-01,ESI
14,-0.0029163029548677235,2026-10-01,ESI
1,0.0022317501985461095,2026-10-01,ESRT
2,0.004375676490435825,2026-10-01,ESRT
3,-0.003935195488842935,2026-10-01,ESRT
4,-0.00441622211219618,2026-10-01,ESRT
5,-0.006188876416180558,2026-10-01,ESRT
6,-0.00033553299996224103,2026-10-01,ESRT
7,0.003401015286990156,2026-10-01,ESRT
8,0.0013476583115460696,2026-10-01,ESRT
9,0.002741421944004626,2026-10-01,ESRT
10,-0.0004553689968449071,2026-10-01,ESRT
11,-0.009217378054026802,2026-10-01,ESRT
12,0.0023334351851895274,2026-10-01,ESRT
13,0.004961841955320012,2026-10-01,ESRT
14,0.010023496675077612,2026-10-01,ESRT
1,-0.0011011003450955167,2026-10-01,ESTC
2,-0.0031597953436387958,2026-10-01,ESTC
3,0.002708064799587522,2026-10-01,ESTC
4,-0.0031054186858106496,2026-10-01,ESTC
5,-0.00018747839054626057,2026-10-01,ESTC
6,-0.0033280145755756503,2026-10-01,ESTC
7,-0.004813038043482177,2026-10-01,ESTC
8,0.00037167690192402,2026-10-01,ESTC
9,-0.001852810589069457,2026-10-01,ESTC
10,0.0012831579804596768,2026-10-01,ESTC
11,0.002019952339705169,2026-10-01,ESTC
12,-0.0034533438218625682,2026-10-01,ESTC
13,-0.007390120550598015,2026-10-01,ESTC
14,-0.0035416555529749864,2026-10-01,ESTC
1,-0.001248302222046108,2026-10-01,ET
2,-0.0018936135714684524,2026-10-01,ET
3,0.003472703773688573,2026-10-01,ET
4,-0.0002242022679395298,2026-10-01,ET
5,-0.0026448553841014505,2026-10-01,ET
6,-0.0037095407724157007,2026-10-01,ET
7,-0.003689560368095889,2026-10-01,ET
8,0.0013377476070430357,2026-10-01,ET
9,-0.0017001467215122354,2026-10-01,ET
10,0.002062134385000496,2026-10-01,ET
11,0.0014625664145062733,2026-10-01,ET
12,-0.0002613704129806921,2026-10-01,ET
13,-0.007303974520882964,2026-10-01,ET
14,-0.001906481872603054,2026-10-01,ET
1,0.0006857918514262367,2026-10-01,ETN
2,0.0003592822972519384,2026-10-01,ETN
3,0.0017012368665348797,2026-10-01,ETN
4,0.0015336817748942103,2026-10-01,ETN
5,0.0014246541987468766,2026-10-01,ETN
6,0.005176473808984796,2026-10-01,ETN
7,0.0023968021785844844,2026-10-01,ETN
8,0.0012015422205624933,2026-10-01,ETN
9,-0.0012399340492495834,2026-10-01,ETN
10,-0.0005013680019624604,2026-10-01,ETN
11,0.00421139433146812,2026-10-01,ETN
12,0.005522439282386013,2026-10-01,ETN
13,0.004946245152595926,2026-10-01,ETN
14,-0.0023650211390928316,2026-10-01,ETN
1,-0.0007914082978414898,2026-10-01,ETR
2,-0.0019526000352390544,2026-10-01,ETR
3,0.003820934490332938,2026-10-01,ETR
4,-0.0014443170636533119,2026-10-01,ETR
5,-0.002963109871383031,2026-10-01,ETR
6,-0.004288915246152956,2026-10-01,ETR
7,-0.004474404051994732,2026-10-01,ETR
8,0.0014043202719263392,2026-10-01,ETR
9,-0.002503637526390734,2026-10-01,ETR
10,0.0037810053582996482,2026-10-01,ETR
11,0.0036287569593694015,2026-10-01,ETR
12,-0.00010237271033595342,2026-10-01,ETR
13,-0.005292905303497971,2026-10-01,ETR
14,-0.0017382162957584298,2026-10-01,ETR
1,-0.000665221689320861,2026-10-01,ETSY
2,-0.0017911876333959994,2026-10-01,ETSY
3,0.003253648423789217,2026-10-01,ETSY
4,-0.00285749569598144,2026-10-01,ETSY
5,-0.000920542132583148,2026-10-01,ETSY
6,-0.003897665022646157,2026-10-01,ETSY
7,-0.0035157669958510653,2026-10-01,ETSY
8,0.0011195867069733886,2026-10-01,ETSY
9,-0.0025154883575339952,2026-10-01,ETSY
10,0.0004914346567705725,2026-10-01,ETSY
11,0.004456330341201617,2026-10-01,ETSY
12,0.00031760747371330206,2026-10-01,ETSY
13,-0.0022971612080598027,2026-10-01,ETSY
14,-0.001989674346090664,2026-10-01,ETSY
1,-0.0003077686231980693,2026-10-01,EVH
2,0.0035260850396043775,2026-10-01,EVH
3,-0.0036875255983718908,2026-10-01,EVH
4,-0.002572242009717575,2026-10-01,EVH
5,-0.007897041648456367,2026-10-01,EVH
6,-0.0063769706932446085,2026-10-01,EVH
7,-0.001376107143502657,2026-10-01,EVH
8,-0.000393616164486461,2026-10-01,EVH
9,-0.0018955167119516418,2026-10-01,EVH
10,0.003820907091122112,2026-10-01,EVH
11,-0.008846727311568435,2026-10-01,EVH
12,0.0107684778748941,2026-10-01,EVH
13,0.010414937217564193,2026-10-01,EVH
14,0.00867660426453852,2026-10-01,EVH
1,-0.0017881230004914597,2026-10-01,EVRG
2,-0.001060124773450076,2026-10-01,EVRG
3,0.004384769541468925,2026-10-01,EVRG
4,-0.002030735089615207,2026-10-01,EVRG
5,-0.0012042000007652862,2026-10-01,EVRG
6,-0.0044505671599868665,2026-10-01,EVRG
7,-0.0039036169854670373,2026-10-01,EVRG
8,0.00117503339561509,2026-10-01,EVRG
9,-0.0004260934456818701,2026-10-01,EVRG
10,0.0026949326180272515,2026-10-01,EVRG
11,0.004190492659113363,2026-10-01,EVRG
12,-0.0012588115398442549,2026-10-01,EVRG
13,-0.0052923506190679995,2026-10-01,EVRG
14,-0.001493727779071965,2026-10-01,EVRG
1,4.335065399581954e-05,2026-10-01,EW
2,0.00043412689769667796,2026-10-01,EW
3,0.0016243579710820137,2026-10-01,EW
4,0.000376629728873554,2026-10-01,EW
5,0.0025748922066283915,2026-10-01,EW
6,0.0032202343064789965,2026-10-01,EW
7,0.0016796633066413244,2026-10-01,EW
8,0.0004888947307858362,2026-10-01,EW
9,0.004895489212321413,2026-10-01,EW
10,-0.001682564269374101,2026-10-01,EW
11,0.00527884649963426,2026-10-01,EW
12,0.0035197110804767863,2026-10-01,EW
13,0.003998161042124381,2026-10-01,EW
14,-0.0009523315978872484,2026-10-01,EW
1,-0.001080790008493779,2026-10-01,EXC
2,-0.0006199883166934962,2026-10-01,EXC
3,0.0039589476751092844,2026-10-01,EXC
4,-0.0016159268798815324,2026-10-01,EXC
5,-0.0004983829903850544,2026-10-01,EXC
6,-0.0035372327891563353,2026-10-01,EXC
7,-0.0033467651145306443,2026-10-01,EXC
8,-0.001628772989562429,2026-10-01,EXC
9,0.001482665436978247,2026-10-01,EXC
10,0.0019795217436715997,2026-10-01,EXC
11,0.004453109925157158,2026-10-01,EXC
12,0.0002682859727102917,2026-10-01,EXC
13,-0.005530030901811234,2026-10-01,EXC
14,-0.0006720524170618244,2026-10-01,EXC
1,0.0014857689535058619,2026-10-01,EXEL
2,0.003372894955394251,2026-10-01,EXEL
3,-0.0018493942923201402,2026-10-01,EXEL
4,-0.001316611684058524,2026-10-01,EXEL
5,-0.004724054253100659,2026-10-01,EXEL
6,0.0030276167311156393,2026-10-01,EXEL
7,-0.0021139634029128285,2026-10-01,EXEL
8,0.003703828912842621,2026-10-01,EXEL
9,-0.002735228373387854,2026-10-01,EXEL
10,-0.0023223875190869214,2026-10-01,EXEL
11,-0.0026017648586391163,2026-10-01,EXEL
12,0.0024101449375374573,2026-10-01,EXEL
13,0.0053982793501802535,2026-10-01,EXEL
14,0.0049559221943899865,2026-10-01,EXEL
1,0.0012984380690211903,2026-10-01,EXK
2,0.004804281282719581,2026-10-01,EXK
3,-0.004221405481741541,2026-10-01,EXK
4,-0.0004133693497262883,2026-10-01,EXK
5,-0.0025015605196994483,2026-10-01,EXK
6,0.002270013224811659,2026-10-01,EXK
7,3.45816822473791e-05,2026-10-01,EXK
8,0.004021256521817521,2026-10-01,EXK
9,0.00038852223313015584,2026-10-01,EXK
10,0.0022436417247002987,2026-10-01,EXK
11,-0.005050571730509858,2026-10-01,EXK
12,0.004263160006239308,2026-10-01,EXK
13,0.0041805894832788616,2026-10-01,EXK
14,0.007408297450980535,2026-10-01,EXK
1,0.0016326488185024657,2026-10-01,EXLS
2,0.004495973915846758,2026-10-01,EXLS
3,-0.0009030236875356676,2026-10-01,EXLS
4,-0.00012467627682885118,2026-10-01,EXLS
5,0.0003263684986380838,2026-10-01,EXLS
6,-0.000491653303752308,2026-10-01,EXLS
7,-0.0017787749517074187,2026-10-01,EXLS
8,0.006424652927792228,2026-10-01,EXLS
9,0.0010209722129584623,2026-10-01,EXLS
10,-0.0014450909648891668,2026-10-01,EXLS
11,-0.0035057997376725693,2026-10-01,EXLS
12,0.02061189342863258,2026-10-01,EXLS
13,0.0026043047276143416,2026-10-01,EXLS
14,0.007709032794614173,2026-10-01,EXLS
1,-0.0006524189218058508,2026-10-01,EXPD
2,-0.0014220789102867175,2026-10-01,EXPD
3,0.0036516193832303355,2026-10-01,EXPD
4,-0.0002735278916068659,2026-10-01,EXPD
5,-0.0022840882012043115,2026-10-01,EXPD
6,-0.004761763728344297,2026-10-01,EXPD
7,-0.0030138942648548182,2026-10-01,EXPD
8,0.00024236823928664022,2026-10-01,EXPD
9,-0.003392064268962093,2026-10-01,EXPD
10,0.0014633543661474629,2026-10-01,EXPD
11,0.001732382731446472,2026-10-01,EXPD
12,-0.002049255001546696,2026-10-01,EXPD
13,-0.009277557632565433,2026-10-01,EXPD
14,-0.004196335304263906,2026-10-01,EXPD
1,-0.0005020973625792353,2026-10-01,EXPE
2,-0.0006233825378468279,2026-10-01,EXPE
3,0.006411480321711622,2026-10-01,EXPE
4,-0.003189483036531907,2026-10-01,EXPE
5,0.000890409092311302,2026-10-01,EXPE
6,-0.004410761391023717,2026-10-01,EXPE
7,-0.0047000072208963775,2026-10-01,EXPE
8,0.0011252987329674867,2026-10-01,EXPE
9,-0.0016760342800264706,2026-10-01,EXPE
10,0.003239875938959004,2026-10-01,EXPE
11,0.004071628732600193,2026-10-01,EXPE
12,-0.0010163654152730475,2026-10-01,EXPE
13,-0.007513128261940192,2026-10-01,EXPE
14,-0.0054218429364743005,2026-10-01,EXPE
1,-0.0007220664469825178,2026-10-01,EXR
2,-0.002467796086534697,2026-10-01,EXR
3,0.0019423507469037817,2026-10-01,EXR
4,-0.0020447209645345545,2026-10-01,EXR
5,-0.001974329378579953,2026-10-01,EXR
6,-0.0038146705608918174,2026-10-01,EXR
7,-0.002206803031192309,2026-10-01,EXR
8,0.0018120177517675791,2026-10-01,EXR
9,-0.0009149169411550384,2026-10-01,EXR
10,0.000767200144524792,2026-10-01,EXR
11,0.0016090216393778083,2026-10-01,EXR
12,-0.001989279314798514,2026-10-01,EXR
13,-0.007467846558303288,2026-10-01,EXR
14,-0.003772627417855248,2026-10-01,EXR
1,0.0019359296433254314,2026-10-01,EXTR
2,0.005435124501944191,2026-10-01,EXTR
3,-0.004646298869052534,2026-10-01,EXTR
4,-0.001662049030627336,2026-10-01,EXTR
5,-0.008125732539808875,2026-10-01,EXTR
6,-0.003853742894795378,2026-10-01,EXTR
7,0.00015246111693803519,2026-10-01,EXTR
8,-0.005144979079720364,2026-10-01,EXTR
9,0.0012600321059873254,2026-10-01,EXTR
10,0.002278331571001462,2026-10-01,EXTR
11,-0.008892742470684868,2026-10-01,EXTR
12,0.006191211345383311,2026-10-01,EXTR
13,0.0019409480239503394,2026-10-01,EXTR
14,0.008116670820191102,2026-10-01,EXTR
1,0.002252201595001194,2026-10-01,EYE
2,0.005392808568594423,2026-10-01,EYE
3,-0.004163932062550075,2026-10-01,EYE
4,-0.001976626480785318,2026-10-01,EYE
5,-0.007877981578426545,2026-10-01,EYE
6,-0.0012466889577879736,2026-10-01,EYE
7,-0.003929461286993693,2026-10-01,EYE
8,0.000311958058717523,2026-10-01,EYE
9,-0.0010563612249543987,2026-10-01,EYE
10,0.0025922812942909845,2026-10-01,EYE
11,-0.00632495311707255,2026-10-01,EYE
12,0.007638850730757847,2026-10-01,EYE
13,0.008766467652810214,2026-10-01,EYE
14,0.007192354997846297,2026-10-01,EYE
1,0.0011638040689316868,2026-10-01,F
2,0.0006804258953839567,2026-10-01,F
3,0.0012199801920850923,2026-10-01,F
4,0.001488127656000382,2026-10-01,F
5,0.0038529009305260293,2026-10-01,F
6,0.003173255667569118,2026-10-01,F
7,0.0040860262773694455,2026-10-01,F
8,0.0002658975439544355,2026-10-01,F
9,0.005123791673767176,2026-10-01,F
10,-0.0018702392788954225,2026-10-01,F
11,0.004822888857789052,2026-10-01,F
12,0.006663815344181724,2026-10-01,F
13,0.005943868733271826,2026-10-01,F
14,-0.0016581167979454032,2026-10-01,F
1,-0.0006671217415959326,2026-10-01,FANG
2,-0.0015864320401759882,2026-10-01,FANG
3,0.0033714123169445577,2026-10-01,FANG
4,-0.0013467182919451512,2026-10-01,FANG
5,-0.0005517509693410627,2026-10-01,FANG
6,-0.0019549847719979425,2026-10-01,FANG
7,-0.004795990968559935,2026-10-01,FANG
8,0.001552876219999573,2026-10-01,FANG
9,-0.00028895790381073383,2026-10-01,FANG
10,-3.562607744230229e-05,2026-10-01,FANG
11,0.004435888547241868,2026-10-01,FANG
12,-0.003421228662622426,2026-10-01,FANG
13,-0.0068670875181157465,2026-10-01,FANG
14,-0.0007622247936556777,2026-10-01,FANG
1,-0.0013795370990069978,2026-10-01,FAST
2,-0.0015748230583088093,2026-10-01,FAST
3,0.004722223540184565,2026-10-01,FAST
4,-0.001453296983657048,2026-10-01,FAST
5,-0.0005525626748380153,2026-10-01,FAST
6,-0.003630095403550599,2026-10-01,FAST
7,-0.004588487788816721,2026-10-01,FAST
8,0.0017767104338692727,2026-10-01,FAST
9,-0.0011748620143117784,2026-10-01,FAST
10,0.001234624394526638,2026-10-01,FAST
11,0.0013518108238636435,2026-10-01,FAST
12,-0.0016003716406072415,2026-10-01,FAST
13,-0.0066624323805444365,2026-10-01,FAST
14,-0.002119108642106618,2026-10-01,FAST
1,0.0002764729434984166,2026-10-01,FBIN
2,0.004538226609011935,2026-10-01,FBIN
3,-0.004905485554079148,2026-10-01,FBIN
4,-0.003636507441493514,2026-10-01,FBIN
5,-0.0022378879179949934,2026-10-01,FBIN
6,-0.0024133023140573404,2026-10-01,FBIN
7,0.000740526091066949,2026-10-01,FBIN
8,0.0021195678346846267,2026-10-01,FBIN
9,-0.003310895212930074,2026-10-01,FBIN
10,0.0015998313063505857,2026-10-01,FBIN
11,-0.0021917362311392715,2026-10-01,FBIN
12,0.005115921475696334,2026-10-01,FBIN
13,0.0019503158301027237,2026-10-01,FBIN
14,0.005721091804475491,2026-10-01,FBIN
1,0.0017611623769771844,2026-10-01,FCX
2,0.001343575948051893,2026-10-01,FCX
3,0.002878832361347479,2026-10-01,FCX
4,0.0019067917279369032,2026-10-01,FCX
5,0.0031709014984677222,2026-10-01,FCX
6,0.0015287802320578731,2026-10-01,FCX
7,0.004705169180717108,2026-10-01,FCX
8,0.00433101115871561,2026-10-01,FCX
9,-0.0007087123789505234,2026-10-01,FCX
10,-0.002130823449562458,2026-10-01,FCX
11,0.0053095593401965065,2026-10-01,FCX
12,0.0030906869612067098,2026-10-01,FCX
13,0.006059245242358097,2026-10-01,FCX
14,2.610675763056644e-05,2026-10-01,FCX
1,0.0008153264779864309,2026-10-01,FDX
2,-0.0010301931023945284,2026-10-01,FDX
3,-0.00014906760681735585,2026-10-01,FDX
4,0.001922090995946817,2026-10-01,FDX
5,0.0016533439251806624,2026-10-01,FDX
6,0.0026452644743825437,2026-10-01,FDX
7,0.004295137076363297,2026-10-01,FDX
8,0.0007690607352795322,2026-10-01,FDX
9,0.003705315730313193,2026-10-01,FDX
10,-0.0030104289437303503,2026-10-01,FDX
11,0.0012018145824192663,2026-10-01,FDX
12,0.0036803357744593173,2026-10-01,FDX
13,0.005141769329755996,2026-10-01,FDX
14,0.0003207163569213506,2026-10-01,FDX
1,-0.001312453611902612,2026-10-01,FE
2,-0.0008320000496518926,2026-10-01,FE
3,0.0035673484985231587,2026-10-01,FE
4,-0.002162394183728003,2026-10-01,FE
5,-0.0019405570439622029,2026-10-01,FE
6,-0.004548215757397676,2026-10-01,FE
7,-0.0027210972784629983,2026-10-01,FE
8,-0.0004721573110644543,2026-10-01,FE
9,0.0007151638308931445,2026-10-01,FE
10,0.0035255842776157095,2026-10-01,FE
11,0.0027267119679269957,2026-10-01,FE
12,0.0010491547871796932,2026-10-01,FE
13,-0.008425100102876466,2026-10-01,FE
14,-0.001856228664788299,2026-10-01,FE
1,-0.0010578303187806783,2026-10-01,FERG
2,-0.0012151979825029016,2026-10-01,FERG
3,0.0038263555040160377,2026-10-01,FERG
4,-0.0031553965553260473,2026-10-01,FERG
5,-0.000981741760045598,2026-10-01,FERG
6,-0.0036469073420509184,2026-10-01,FERG
7,-0.0038267242861367633,2026-10-01,FERG
8,0.0017932112196412074,2026-10-01,FERG
9,-0.0025020084507857516,2026-10-01,FERG
10,0.0007878917066023959,2026-10-01,FERG
11,0.004223094111759914,2026-10-01,FERG
12,-0.0023176300707665747,2026-10-01,FERG
13,-0.0064561931199276675,2026-10-01,FERG
14,-0.002568116366194992,2026-10-01,FERG
1,0.001544223155771141,2026-10-01,FHI
2,0.00483885365815049,2026-10-01,FHI
3,-0.0035009090585383564,2026-10-01,FHI
4,-0.0036543795676573206,2026-10-01,FHI
5,-0.007193231068901018,2026-10-01,FHI
6,0.0006260206871723837,2026-10-01,FHI
7,-0.002267809810590661,2026-10-01,FHI
8,0.00015140975292146256,2026-10-01,FHI
9,0.0001010075035392969,2026-10-01,FHI
10,-0.0030497605533471046,2026-10-01,FHI
11,-0.003913028020765773,2026-10-01,FHI
12,0.0034674592785466393,2026-10-01,FHI
13,0.00801247462708121,2026-10-01,FHI
14,0.006515523412265055,2026-10-01,FHI
1,0.001623619717033036,2026-10-01,FHN
2,0.0035659668069938314,2026-10-01,FHN
3,-0.004390132150433686,2026-10-01,FHN
4,-0.004130784367682754,2026-10-01,FHN
5,-0.0051295743924141485,2026-10-01,FHN
6,0.00035605886822823163,2026-10-01,FHN
7,-0.0006505022525954872,2026-10-01,FHN
8,0.0030240892648583924,2026-10-01,FHN
9,-0.0009755415502534396,2026-10-01,FHN
10,0.0003710400376540812,2026-10-01,FHN
11,-0.0012000567168545442,2026-10-01,FHN
12,0.0032440586837666594,2026-10-01,FHN
13,0.003096156500230504,2026-10-01,FHN
14,0.004410258122120411,2026-10-01,FHN
1,-0.0008124276191328421,2026-10-01,FIS
2,-0.0025352825041137094,2026-10-01,FIS
3,0.004461188186214946,2026-10-01,FIS
4,-0.0007428179901066626,2026-10-01,FIS
5,-0.0020784332614692323,2026-10-01,FIS
6,-0.004271753000431066,2026-10-01,FIS
7,-0.007703933044255317,2026-10-01,FIS
8,0.0012321934873878574,2026-10-01,FIS
9,-0.0023916024820370666,2026-10-01,FIS
10,0.0026328742215259385,2026-10-01,FIS
11,0.0017702258135575458,2026-10-01,FIS
12,3.316159884837389e-05,2026-10-01,FIS
13,-0.006081985463457246,2026-10-01,FIS
14,-0.0005697404677535716,2026-10-01,FIS
1,-0.0007313012579839129,2026-10-01,FITB
2,-0.0003428001673346411,2026-10-01,FITB
3,0.003363068477069164,2026-10-01,FITB
4,-0.0018506156379154077,2026-10-01,FITB
5,-0.003058870329204321,2026-10-01,FITB
6,-0.004886548857483781,2026-10-01,FITB
7,-0.0035197587907122613,2026-10-01,FITB
8,0.0017026240659354264,2026-10-01,FITB
9,-3.754271591848699e-05,2026-10-01,FITB
10,0.005615080448341349,2026-10-01,FITB
11,0.003516003930226986,2026-10-01,FITB
12,-0.0017885179760441766,2026-10-01,FITB
13,-0.00793593676043945,2026-10-01,FITB
14,-0.0011549007654613227,2026-10-01,FITB
1,0.0020619481904418546,2026-10-01,FIVE
2,0.005503143133792895,2026-10-01,FIVE
3,-0.004195457221484908,2026-10-01,FIVE
4,-0.0027551879730307385,2026-10-01,FIVE
5,-0.006815469249804817,2026-10-01,FIVE
6,-0.0009488101737539206,2026-10-01,FIVE
7,-0.0010465634784629938,2026-10-01,FIVE
8,0.0003964480477950773,2026-10-01,FIVE
9,-0.004122994511788469,2026-10-01,FIVE
10,0.0007375537662132573,2026-10-01,FIVE
11,-0.007595302611314577,2026-10-01,FIVE
12,-9.248047645998316e-05,2026-10-01,FIVE
13,0.003350129786550121,2026-10-01,FIVE
14,0.006700649203907643,2026-10-01,FIVE
1,0.001716931487525479,2026-10-01,FIVN
2,0.005549048053574753,2026-10-01,FIVN
3,-0.002328991497951457,2026-10-01,FIVN
4,-0.0012416194303924988,2026-10-01,FIVN
5,-0.0051879900559092754,2026-10-01,FIVN
6,-0.0026728293062725367,2026-10-01,FIVN
7,6.473681123028421e-06,2026-10-01,FIVN
8,-0.0007732159277141664,2026-10-01,FIVN
9,-0.0042038373763326085,2026-10-01,FIVN
10,0.00739704490705907,2026-10-01,FIVN
11,-0.004585698805870943,2026-10-01,FIVN
12,0.0035621825920417616,2026-10-01,FIVN
13,0.004655974465678982,2026-10-01,FIVN
14,0.009868520175108713,2026-10-01,FIVN
1,0.0012494941473346248,2026-10-01,FLEX
2,0.005652276205823196,2026-10-01,FLEX
3,-0.00583013066421702,2026-10-01,FLEX
4,-0.0022952487612509747,2026-10-01,FLEX
5,-0.008623704873754353,2026-10-01,FLEX
6,-0.004644348851655859,2026-10-01,FLEX
7,-0.006100960219978754,2026-10-01,FLEX
8,-0.00250032026082343,2026-10-01,FLEX
9,-0.011577335339211244,2026-10-01,FLEX
10,0.0004326697599702292,2026-10-01,FLEX
11,-0.0057050509512579775,2026-10-01,FLEX
12,0.001957479807994259,2026-10-01,FLEX
13,0.0035345058759909086,2026-10-01,FLEX
14,0.0050699214372434374,2026-10-01,FLEX
1,0.002209308593268887,2026-10-01,FLNC
2,0.011618032348761798,2026-10-01,FLNC
3,-0.0031627280376244813,2026-10-01,FLNC
4,-0.014252473154147365,2026-10-01,FLNC
5,-0.010927488829327894,2026-10-01,FLNC
6,-0.006595496637519829,2026-10-01,FLNC
7,-0.00969300254536151,2026-10-01,FLNC
8,-0.0016516551431890638,2026-10-01,FLNC
9,-0.021623228539035137,2026-10-01,FLNC
10,0.004270768639404616,2026-10-01,FLNC
11,-0.015848662902652622,2026-10-01,FLNC
12,0.009050760501015491,2026-10-01,FLNC
13,-0.01138884441763805,2026-10-01,FLNC
14,-0.00502132981698275,2026-10-01,FLNC
1,0.0018913004140466067,2026-10-01,FLO
2,0.004339876478659661,2026-10-01,FLO
3,-0.006300906699649138,2026-10-01,FLO
4,-0.0027828088982060173,2026-10-01,FLO
5,-0.008000510250237663,2026-10-01,FLO
6,-0.0026997904660677,2026-10-01,FLO
7,-0.001911856461209622,2026-10-01,FLO
8,0.004872158537283713,2026-10-01,FLO
9,0.0024333199579406406,2026-10-01,FLO
10,0.0006979583913719706,2026-10-01,FLO
11,-0.00495062781060849,2026-10-01,FLO
12,0.0017003072576201165,2026-10-01,FLO
13,0.005746700170769991,2026-10-01,FLO
14,0.0029108705696674372,2026-10-01,FLO
1,0.0013319462296845293,2026-10-01,FLR
2,0.004229647232589141,2026-10-01,FLR
3,-0.0027852673933178155,2026-10-01,FLR
4,-0.00466732882826929,2026-10-01,FLR
5,-0.007426482335564276,2026-10-01,FLR
6,-0.0004499873619925912,2026-10-01,FLR
7,0.0021333851930700944,2026-10-01,FLR
8,-0.0024037525814037536,2026-10-01,FLR
9,0.004027807338016099,2026-10-01,FLR
10,0.002148262475259582,2026-10-01,FLR
11,-0.005777361158176451,2026-10-01,FLR
12,0.0024357026043627613,2026-10-01,FLR
13,0.007317555616688333,2026-10-01,FLR
14,0.006910076598806173,2026-10-01,FLR
1,0.0006428996741369797,2026-10-01,FLS
2,0.003948132557103342,2026-10-01,FLS
3,-0.001425420187892077,2026-10-01,FLS
4,-0.0024462976511171004,2026-10-01,FLS
5,-0.007528458888286179,2026-10-01,FLS
6,-0.00316448179095956,2026-10-01,FLS
7,-0.002201220872714831,2026-10-01,FLS
8,0.005361563562729971,2026-10-01,FLS
9,0.004646990914585567,2026-10-01,FLS
10,0.002061599218471951,2026-10-01,FLS
11,0.006095321640615015,2026-10-01,FLS
12,0.0023920863510105317,2026-10-01,FLS
13,0.007522484101071414,2026-10-01,FLS
14,0.002447343312012081,2026-10-01,FLS
1,-0.0004324702418387159,2026-10-01,FLUT
2,-0.0015126342958194467,2026-10-01,FLUT
3,0.002937949847207191,2026-10-01,FLUT
4,-0.0005619059712576308,2026-10-01,FLUT
5,0.0005341469634027029,2026-10-01,FLUT
6,-0.004117465117566253,2026-10-01,FLUT
7,-0.006842802685781903,2026-10-01,FLUT
8,-0.0009270913453711693,2026-10-01,FLUT
9,-0.005327351304190332,2026-10-01,FLUT
10,0.003491120469766981,2026-10-01,FLUT
11,0.0008883243620441063,2026-10-01,FLUT
12,0.0007043857039108838,2026-10-01,FLUT
13,-0.004713873335597084,2026-10-01,FLUT
14,0.0007682427915028184,2026-10-01,FLUT
1,0.001402981567455895,2026-10-01,FLYW
2,0.0037229017070809175,2026-10-01,FLYW
3,-0.0019022258794373038,2026-10-01,FLYW
4,-0.0026597607535220353,2026-10-01,FLYW
5,-0.010014061854866594,2026-10-01,FLYW
6,-0.005268378352859265,2026-10-01,FLYW
7,-0.0032470350612980895,2026-10-01,FLYW
8,-0.0046578692363285126,2026-10-01,FLYW
9,-0.002431810812569312,2026-10-01,FLYW
10,-0.00012641266290430348,2026-10-01,FLYW
11,-0.006756028792642202,2026-10-01,FLYW
12,0.0018053056182005844,2026-10-01,FLYW
13,0.005574827870573871,2026-10-01,FLYW
14,-0.001142795490570201,2026-10-01,FLYW
1,0.0007622805739308795,2026-10-01,FMC
2,0.003824457913473181,2026-10-01,FMC
3,-0.003879631489038994,2026-10-01,FMC
4,-0.00976169699857418,2026-10-01,FMC
5,-0.0051272408711677845,2026-10-01,FMC
6,-0.004800703023295499,2026-10-01,FMC
7,-0.0020928825112504486,2026-10-01,FMC
8,-0.00018569166824757894,2026-10-01,FMC
9,0.0014430715951141801,2026-10-01,FMC
10,0.003154615979305204,2026-10-01,FMC
11,-0.0076424573836871125,2026-10-01,FMC
12,0.005056438252879934,2026-10-01,FMC
13,0.0029174410324572324,2026-10-01,FMC
14,0.0008613189076129138,2026-10-01,FMC
1,0.0020105319955632107,2026-10-01,FNB
2,0.004313827767877541,2026-10-01,FNB
3,-0.0052131000575635226,2026-10-01,FNB
4,-0.003390661605452573,2026-10-01,FNB
5,-0.006259093712716683,2026-10-01,FNB
6,0.0038262541964108453,2026-10-01,FNB
7,-0.0011515606048375566,2026-10-01,FNB
8,-0.0014971166098616173,2026-10-01,FNB
9,-0.000682747721984316,2026-10-01,FNB
10,0.0003383360257609836,2026-10-01,FNB
11,-0.0032607734138854916,2026-10-01,FNB
12,0.002989454497400265,2026-10-01,FNB
13,0.0068615845382145255,2026-10-01,FNB
14,0.009783255806617491,2026-10-01,FNB
1,0.0009888053088036794,2026-10-01,FND
2,0.005767997098290981,2026-10-01,FND
3,-0.00592726588568804,2026-10-01,FND
4,-0.0013700887654172628,2026-10-01,FND
5,-0.005725296954478753,2026-10-01,FND
6,-0.0040977646285841355,2026-10-01,FND
7,-0.0009256357844702838,2026-10-01,FND
8,-0.0007944087862218868,2026-10-01,FND
9,0.0016844252781989897,2026-10-01,FND
10,0.0008027338025673059,2026-10-01,FND
11,-0.005958821088964705,2026-10-01,FND
12,0.006598979957643938,2026-10-01,FND
13,0.004728143350843102,2026-10-01,FND
14,0.010455341322136083,2026-10-01,FND
1,-0.00032089684234789265,2026-10-01,FNF
2,-0.001207492377229981,2026-10-01,FNF
3,0.00300787168062332,2026-10-01,FNF
4,-0.0027300186924939444,2026-10-01,FNF
5,-0.0010701734014582518,2026-10-01,FNF
6,-0.0027062951365612944,2026-10-01,FNF
7,-0.004057606901186657,2026-10-01,FNF
8,0.0018491277611538868,2026-10-01,FNF
9,-0.0031818500864717065,2026-10-01,FNF
10,0.0042012711653337895,2026-10-01,FNF
11,0.0021896517499765925,2026-10-01,FNF
12,-0.000994068199844194,2026-10-01,FNF
13,-0.003164989796251907,2026-10-01,FNF
14,-0.001592333572031793,2026-10-01,FNF
1,-0.0008622414208822825,2026-10-01,FNV
2,-0.0016377034486247716,2026-10-01,FNV
3,0.0026540153071120246,2026-10-01,FNV
4,0.001444919425879823,2026-10-01,FNV
5,0.0019507710998296908,2026-10-01,FNV
6,-0.004293149017591993,2026-10-01,FNV
7,-0.0018058995988036505,2026-10-01,FNV
8,0.00017532789154273474,2026-10-01,FNV
9,-0.004514899831907466,2026-10-01,FNV
10,0.004578990793810903,2026-10-01,FNV
11,0.00818857388667966,2026-10-01,FNV
12,0.002375840106161365,2026-10-01,FNV
13,-0.0070054550155393466,2026-10-01,FNV
14,0.0012957173074602541,2026-10-01,FNV
1,7.1134164218379e-05,2026-10-01,FOUR
2,0.003575363886000767,2026-10-01,FOUR
3,-0.00490503685906498,2026-10-01,FOUR
4,0.0017591253517485453,2026-10-01,FOUR
5,-0.004680881030351373,2026-10-01,FOUR
6,-0.004031554572397187,2026-10-01,FOUR
7,0.0009453939169721331,2026-10-01,FOUR
8,0.0028112174295672377,2026-10-01,FOUR
9,0.002475801384782574,2026-10-01,FOUR
10,0.003534644998236282,2026-10-01,FOUR
11,-0.005805460930579506,2026-10-01,FOUR
12,0.007369766877092165,2026-10-01,FOUR
13,0.01012116143488139,2026-10-01,FOUR
14,0.005489302514592052,2026-10-01,FOUR
1,-0.001229576784151568,2026-10-01,FOX
2,-0.00025178159113456493,2026-10-01,FOX
3,0.002977206775205578,2026-10-01,FOX
4,-0.004599663876247558,2026-10-01,FOX
5,-0.0005722832255571162,2026-10-01,FOX
6,-0.003936858182175961,2026-10-01,FOX
7,-0.001692904566563097,2026-10-01,FOX
8,1.8970723079290931e-06,2026-10-01,FOX
9,-0.0033308646835272177,2026-10-01,FOX
10,0.000973464901997675,2026-10-01,FOX
11,0.004270150811682572,2026-10-01,FOX
12,-0.0007850861883975011,2026-10-01,FOX
13,-0.004417555308837749,2026-10-01,FOX
14,-0.0027510511907219426,2026-10-01,FOX
1,-0.0014334332028567427,2026-10-01,FOXA
2,-0.0010770286330152412,2026-10-01,FOXA
3,0.0031138676506758385,2026-10-01,FOXA
4,-0.0026685305157526187,2026-10-01,FOXA
5,0.00023158865417981006,2026-10-01,FOXA
6,-0.00496694251479708,2026-10-01,FOXA
7,-0.0008445567233054937,2026-10-01,FOXA
8,-0.0013188219447685078,2026-10-01,FOXA
9,-0.004391240824732704,2026-10-01,FOXA
10,0.001474777063119032,2026-10-01,FOXA
11,0.003966081847227901,2026-10-01,FOXA
12,-0.0019584378556472843,2026-10-01,FOXA
13,-0.00412857519055913,2026-10-01,FOXA
14,-0.002458959778051716,2026-10-01,FOXA
1,0.0011257048954409156,2026-10-01,FOXF
2,0.004704569304138644,2026-10-01,FOXF
3,-0.002963894536163368,2026-10-01,FOXF
4,0.0009121585604724887,2026-10-01,FOXF
5,-0.0058033405942077565,2026-10-01,FOXF
6,0.00025662588617720385,2026-10-01,FOXF
7,-0.0005454553535398512,2026-10-01,FOXF
8,0.0011999158231947903,2026-10-01,FOXF
9,0.0012655082728450528,2026-10-01,FOXF
10,0.0038660728894950535,2026-10-01,FOXF
11,-0.008288716864631349,2026-10-01,FOXF
12,0.0023876325591112133,2026-10-01,FOXF
13,0.011153607185615472,2026-10-01,FOXF
14,0.0076053027846703005,2026-10-01,FOXF
1,0.001986964185520039,2026-10-01,FR
2,0.005567118223420014,2026-10-01,FR
3,-0.00331967320464541,2026-10-01,FR
4,-0.0038282227048779737,2026-10-01,FR
5,-0.00620988998759385,2026-10-01,FR
6,0.001140723976982283,2026-10-01,FR
7,-0.0007610568288387401,2026-10-01,FR
8,0.001558345593469428,2026-10-01,FR
9,-0.004222810256457471,2026-10-01,FR
10,0.0005665364484278794,2026-10-01,FR
11,-0.002526297757182973,2026-10-01,FR
12,0.002228708273612588,2026-10-01,FR
13,0.004510298912738641,2026-10-01,FR
14,0.006523434033995917,2026-10-01,FR
1,0.001349429448671749,2026-10-01,FRO
2,0.004912892138733431,2026-10-01,FRO
3,-0.0058936851770238505,2026-10-01,FRO
4,-0.004310554456210667,2026-10-01,FRO
5,-0.00458744418187713,2026-10-01,FRO
6,-0.0016818978856386947,2026-10-01,FRO
7,6.007906957153247e-05,2026-10-01,FRO
8,0.0014553744343515766,2026-10-01,FRO
9,-0.0029192262361916175,2026-10-01,FRO
10,0.004444681664175646,2026-10-01,FRO
11,-0.0008684822540962955,2026-10-01,FRO
12,0.002253286529879824,2026-10-01,FRO
13,4.112326023949826e-05,2026-10-01,FRO
14,0.00852176718092676,2026-10-01,FRO
1,0.0013853602511677593,2026-10-01,FROG
2,0.005809264399791776,2026-10-01,FROG
3,-0.003132173918694881,2026-10-01,FROG
4,-0.0012361051917963509,2026-10-01,FROG
5,-0.005167249727953144,2026-10-01,FROG
6,-0.0004307938400903849,2026-10-01,FROG
7,-0.004281795883416234,2026-10-01,FROG
8,0.0050181178381944365,2026-10-01,FROG
9,-0.000989931221537997,2026-10-01,FROG
10,0.009130677370272787,2026-10-01,FROG
11,-0.0024941371352607063,2026-10-01,FROG
12,0.002945606836964698,2026-10-01,FROG
13,0.007488883587631255,2026-10-01,FROG
14,0.0022687276495145067,2026-10-01,FROG
1,0.0009244777285827118,2026-10-01,FRSH
2,0.005306152956447542,2026-10-01,FRSH
3,0.00039199442925002404,2026-10-01,FRSH
4,0.00034217220118121146,2026-10-01,FRSH
5,-0.008879244095220904,2026-10-01,FRSH
6,-0.0019590038861011017,2026-10-01,FRSH
7,-0.00394857153453948,2026-10-01,FRSH
8,-0.0009119879815453363,2026-10-01,FRSH
9,-0.003160531917293845,2026-10-01,FRSH
10,0.00546817010934274,2026-10-01,FRSH
11,-0.005240117219688723,2026-10-01,FRSH
12,0.003388419020475562,2026-10-01,FRSH
13,0.004122671557003399,2026-10-01,FRSH
14,0.000180286220403118,2026-10-01,FRSH
1,0.0026608215472532673,2026-10-01,FSK
2,0.004152269494164733,2026-10-01,FSK
3,-0.0021661418957515015,2026-10-01,FSK
4,-0.0035713402510665617,2026-10-01,FSK
5,-0.004729673240737865,2026-10-01,FSK
6,-0.00042867874584733885,2026-10-01,FSK
7,0.0008209011499759099,2026-10-01,FSK
8,0.0023401032697444985,2026-10-01,FSK
9,0.0004407344190452679,2026-10-01,FSK
10,0.0036002515124278754,2026-10-01,FSK
11,-0.00606054960985525,2026-10-01,FSK
12,0.0027408782254502062,2026-10-01,FSK
13,0.00457405248008315,2026-10-01,FSK
14,0.007237083207450941,2026-10-01,FSK
1,-0.0005521423093606629,2026-10-01,FSLR
2,1.1848280241381134e-05,2026-10-01,FSLR
3,0.0033218891058013514,2026-10-01,FSLR
4,-0.0006930095151158424,2026-10-01,FSLR
5,0.00030205676376651394,2026-10-01,FSLR
6,-0.004042375533962495,2026-10-01,FSLR
7,-0.006220216550558308,2026-10-01,FSLR
8,0.0011451586123156132,2026-10-01,FSLR
9,-0.00015023224534537998,2026-10-01,FSLR
10,0.002733840003108511,2026-10-01,FSLR
11,-0.000831167469186888,2026-10-01,FSLR
12,-0.0031532231839838695,2026-10-01,FSLR
13,-0.007495132440917485,2026-10-01,FSLR
14,-0.0021598171643027403,2026-10-01,FSLR
1,0.001803592310713699,2026-10-01,FSLY
2,0.005568992809590298,2026-10-01,FSLY
3,-0.0009362677192772743,2026-10-01,FSLY
4,-0.0006475659706434149,2026-10-01,FSLY
5,-0.012095717388700179,2026-10-01,FSLY
6,-0.007201841592904506,2026-10-01,FSLY
7,0.000538642078049419,2026-10-01,FSLY
8,-0.0017637390073938456,2026-10-01,FSLY
9,-0.002966146833232941,2026-10-01,FSLY
10,0.005070161462280039,2026-10-01,FSLY
11,-0.005530194269620383,2026-10-01,FSLY
12,0.005702502084695359,2026-10-01,FSLY
13,0.0016131312415771073,2026-10-01,FSLY
14,0.0007023510337966997,2026-10-01,FSLY
1,-0.0004725099565235117,2026-10-01,FTAI
2,-0.003335606288447569,2026-10-01,FTAI
3,0.0030395783253717172,2026-10-01,FTAI
4,-0.0035656662042384706,2026-10-01,FTAI
5,-0.0015122847125654754,2026-10-01,FTAI
6,-0.003649032205300267,2026-10-01,FTAI
7,-0.0032275501997679726,2026-10-01,FTAI
8,0.0009850744084260075,2026-10-01,FTAI
9,-0.0014235477629731378,2026-10-01,FTAI
10,0.0029988062980665546,2026-10-01,FTAI
11,0.004353931782692207,2026-10-01,FTAI
12,-0.0017166113622156176,2026-10-01,FTAI
13,-0.008276413658403581,2026-10-01,FTAI
14,-0.0007945313216964962,2026-10-01,FTAI
1,0.0014698905619611356,2026-10-01,FTDR
2,0.004636336930827009,2026-10-01,FTDR
3,-0.003142106454033727,2026-10-01,FTDR
4,-0.002307996800328309,2026-10-01,FTDR
5,-0.007037340528171024,2026-10-01,FTDR
6,-0.000904369913686512,2026-10-01,FTDR
7,-0.003549662947711613,2026-10-01,FTDR
8,0.00014740945262420587,2026-10-01,FTDR
9,-0.0015946064399714748,2026-10-01,FTDR
10,-0.0013577039914626943,2026-10-01,FTDR
11,-0.007763274659993821,2026-10-01,FTDR
12,0.005259410603260436,2026-10-01,FTDR
13,0.007392359871395538,2026-10-01,FTDR
14,0.0031660069894124355,2026-10-01,FTDR
1,-0.0010480303890632622,2026-10-01,FTI
2,-0.0021998853407500384,2026-10-01,FTI
3,0.00595418897056601,2026-10-01,FTI
4,-0.001643519445809841,2026-10-01,FTI
5,-0.0011254902099331265,2026-10-01,FTI
6,-0.003389789000027382,2026-10-01,FTI
7,-0.003920699233885516,2026-10-01,FTI
8,-0.0005618868177633012,2026-10-01,FTI
9,-0.0017601939483233087,2026-10-01,FTI
10,0.0018912063340374226,2026-10-01,FTI
11,0.004452319839430966,2026-10-01,FTI
12,-0.003787148818356276,2026-10-01,FTI
13,-0.0008215843346359669,2026-10-01,FTI
14,-0.001402389049066683,2026-10-01,FTI
1,-0.0011882986579490364,2026-10-01,FTNT
2,-0.0007688149361002711,2026-10-01,FTNT
3,0.002682310011052659,2026-10-01,FTNT
4,-0.001403523097129704,2026-10-01,FTNT
5,0.0007115876350239041,2026-10-01,FTNT
6,-0.001964434913407877,2026-10-01,FTNT
7,-0.005998082467546614,2026-10-01,FTNT
8,0.0007050871980753478,2026-10-01,FTNT
9,-0.0035299333255458124,2026-10-01,FTNT
10,0.0016259574228523626,2026-10-01,FTNT
11,0.001149993701854505,2026-10-01,FTNT
12,-0.0038184106879888603,2026-10-01,FTNT
13,-0.00608487644451197,2026-10-01,FTNT
14,-0.0007388954938191563,2026-10-01,FTNT
1,7.990464221373328e-05,2026-10-01,FTRE
2,0.0023902428980171744,2026-10-01,FTRE
3,-0.0033853912744949023,2026-10-01,FTRE
4,-0.002839499724940598,2026-10-01,FTRE
5,-0.006871952976662183,2026-10-01,FTRE
6,-0.0036412551194755314,2026-10-01,FTRE
7,-0.0005528217079709318,2026-10-01,FTRE
8,8.209377035007658e-05,2026-10-01,FTRE
9,-0.0028333334613400386,2026-10-01,FTRE
10,0.0019173698864077672,2026-10-01,FTRE
11,-0.005929853074540433,2026-10-01,FTRE
12,0.00815861982474286,2026-10-01,FTRE
13,0.008190665314109356,2026-10-01,FTRE
14,0.005980866718271002,2026-10-01,FTRE
1,5.141882431719647e-05,2026-10-01,FTV
2,-0.0014739209442750252,2026-10-01,FTV
3,0.004280381482132661,2026-10-01,FTV
4,-0.0024018785011199213,2026-10-01,FTV
5,0.00020390140912575079,2026-10-01,FTV
6,-0.00313129315666192,2026-10-01,FTV
7,-0.0035840591724177013,2026-10-01,FTV
8,-0.0007778107228316623,2026-10-01,FTV
9,0.00036281071270573186,2026-10-01,FTV
10,0.0005297506108164725,2026-10-01,FTV
11,0.002328286062988875,2026-10-01,FTV
12,-0.0021270767795582,2026-10-01,FTV
13,-0.006032139768512391,2026-10-01,FTV
14,-0.0034883419768031577,2026-10-01,FTV
1,0.0016035755477742909,2026-10-01,FULT
2,0.005792870263839041,2026-10-01,FULT
3,-0.004309857509143833,2026-10-01,FULT
4,-0.007150665352797031,2026-10-01,FULT
5,-0.007727511855413402,2026-10-01,FULT
6,0.0017343772359072888,2026-10-01,FULT
7,-0.0009809344970273198,2026-10-01,FULT
8,0.0017423705415101315,2026-10-01,FULT
9,-0.0007439402078506912,2026-10-01,FULT
10,0.0021015284049316365,2026-10-01,FULT
11,-0.0036675657310870262,2026-10-01,FULT
12,0.0012283176763869903,2026-10-01,FULT
13,0.008183245800600081,2026-10-01,FULT
14,0.00829920644088206,2026-10-01,FULT
1,0.00012399953890743275,2026-10-01,FUTU
2,0.003782760867925461,2026-10-01,FUTU
3,-0.0023113876878223844,2026-10-01,FUTU
4,-0.0015434976984829765,2026-10-01,FUTU
5,-0.004093944712889194,2026-10-01,FUTU
6,-0.0021689761586085802,2026-10-01,FUTU
7,-0.002567832503998442,2026-10-01,FUTU
8,0.0026880415035386127,2026-10-01,FUTU
9,-0.00011836918634400317,2026-10-01,FUTU
10,0.0046337359424226485,2026-10-01,FUTU
11,-0.003909383201035573,2026-10-01,FUTU
12,0.004902579651204204,2026-10-01,FUTU
13,0.0028125826408528223,2026-10-01,FUTU
14,0.004562062600580933,2026-10-01,FUTU
1,0.00044006458572971586,2026-10-01,FWONK
2,0.0004197938718179684,2026-10-01,FWONK
3,0.0007975300059751082,2026-10-01,FWONK
4,8.654425463592028e-05,2026-10-01,FWONK
5,0.002649658460985052,2026-10-01,FWONK
6,0.004751179288639412,2026-10-01,FWONK
7,0.0022455473401984914,2026-10-01,FWONK
8,0.00042013089044252983,2026-10-01,FWONK
9,0.001915070258743498,2026-10-01,FWONK
10,-0.003232428317880049,2026-10-01,FWONK
11,-0.0009171850737287556,2026-10-01,FWONK
12,0.0010490200799159544,2026-10-01,FWONK
13,0.0033759397108864588,2026-10-01,FWONK
14,-0.000677998917714791,2026-10-01,FWONK
1,0.0002793747440347843,2026-10-01,G
2,0.0036345966059551523,2026-10-01,G
3,-0.005494587165200888,2026-10-01,G
4,-0.00277185523205076,2026-10-01,G
5,-0.00535445977766155,2026-10-01,G
6,-0.0013633230684410194,2026-10-01,G
7,-0.0006236443572753022,2026-10-01,G
8,0.002053333617688076,2026-10-01,G
9,0.0023625634277403937,2026-10-01,G
10,0.005861010116295013,2026-10-01,G
11,-0.00397854677574818,2026-10-01,G
12,0.006532574130188337,2026-10-01,G
13,0.010038686487082137,2026-10-01,G
14,0.005948670808224649,2026-10-01,G
1,0.0006185738972846707,2026-10-01,GD
2,0.0005295800306742165,2026-10-01,GD
3,0.000829126579143274,2026-10-01,GD
4,0.00012811919736933802,2026-10-01,GD
5,0.0022408125678412094,2026-10-01,GD
6,0.004122508714251496,2026-10-01,GD
7,0.003831985090628416,2026-10-01,GD
8,-0.0009685848220671202,2026-10-01,GD
9,0.005044363037482659,2026-10-01,GD
10,-0.0030684911086395566,2026-10-01,GD
11,0.0043148555192262655,2026-10-01,GD
12,0.00519612430641774,2026-10-01,GD
13,0.004285653179837587,2026-10-01,GD
14,0.0010947528910587674,2026-10-01,GD
1,-0.0006607663895348336,2026-10-01,GDDY
2,-0.002054540849551455,2026-10-01,GDDY
3,0.0013211486743571965,2026-10-01,GDDY
4,-0.002110089308735883,2026-10-01,GDDY
5,-0.002743045925892321,2026-10-01,GDDY
6,-0.0037087505265743005,2026-10-01,GDDY
7,-0.003585621948097543,2026-10-01,GDDY
8,0.001046958862564156,2026-10-01,GDDY
9,-0.0028445614885898533,2026-10-01,GDDY
10,0.0027823255471375215,2026-10-01,GDDY
11,0.0036436649828369464,2026-10-01,GDDY
12,0.0010305045985059577,2026-10-01,GDDY
13,-0.010741563910938442,2026-10-01,GDDY
14,-0.004152172031330865,2026-10-01,GDDY
1,0.0017870144564771488,2026-10-01,GDRX
2,0.0034144048986361197,2026-10-01,GDRX
3,-0.004550681315650287,2026-10-01,GDRX
4,-0.003238394160555806,2026-10-01,GDRX
5,-0.006754228869254302,2026-10-01,GDRX
6,-0.001914275889642016,2026-10-01,GDRX
7,-0.0010441422209940556,2026-10-01,GDRX
8,0.0011282838815834771,2026-10-01,GDRX
9,-0.005220118264806569,2026-10-01,GDRX
10,0.0033104634560124375,2026-10-01,GDRX
11,-0.007184463535196657,2026-10-01,GDRX
12,0.005855663994644749,2026-10-01,GDRX
13,0.0061061553284699095,2026-10-01,GDRX
14,0.003106269456724981,2026-10-01,GDRX
1,0.0015045515025446207,2026-10-01,GDS
2,0.007245765170102669,2026-10-01,GDS
3,-0.000270103405955959,2026-10-01,GDS
4,7.002284911058191e-05,2026-10-01,GDS
5,-0.007340617969120235,2026-10-01,GDS
6,-0.0006195671737191338,2026-10-01,GDS
7,0.0013202544259008511,2026-10-01,GDS
8,0.006887287824862669,2026-10-01,GDS
9,0.0033726123581178345,2026-10-01,GDS
10,0.002269703695166005,2026-10-01,GDS
11,-0.006814392435649538,2026-10-01,GDS
12,0.012808012484721933,2026-10-01,GDS
13,0.0069406442098672505,2026-10-01,GDS
14,0.007052025619592422,2026-10-01,GDS
1,0.0004413278397616171,2026-10-01,GE
2,0.00023454074919488117,2026-10-01,GE
3,0.00333608233076992,2026-10-01,GE
4,0.0006867179592324737,2026-10-01,GE
5,0.0026741938946143614,2026-10-01,GE
6,0.003745320514569452,2026-10-01,GE
7,0.005530115805194524,2026-10-01,GE
8,0.00011999164443107205,2026-10-01,GE
9,0.00035980220688328253,2026-10-01,GE
10,-0.002323227529454322,2026-10-01,GE
11,0.003629437980032897,2026-10-01,GE
12,0.004412587888631842,2026-10-01,GE
13,0.004470360010797033,2026-10-01,GE
14,8.309448491562526e-05,2026-10-01,GE
1,-0.0018880628192768684,2026-10-01,GEHC
2,-0.0008627319084497626,2026-10-01,GEHC
3,0.005059178343185196,2026-10-01,GEHC
4,-0.003424807303026597,2026-10-01,GEHC
5,0.0009249039278467381,2026-10-01,GEHC
6,-0.0027650752008815107,2026-10-01,GEHC
7,-0.0043683815179066995,2026-10-01,GEHC
8,-0.0007141602626234301,2026-10-01,GEHC
9,-0.0027977005935945717,2026-10-01,GEHC
10,0.0020468812313760385,2026-10-01,GEHC
11,0.0032736151199388042,2026-10-01,GEHC
12,-0.0013228979406827057,2026-10-01,GEHC
13,-0.0032043846804068925,2026-10-01,GEHC
14,-0.006216297221077553,2026-10-01,GEHC
1,-0.0009941463996354185,2026-10-01,GEN
2,-0.0024423350343452175,2026-10-01,GEN
3,0.004127609234115611,2026-10-01,GEN
4,-0.0010155696227555475,2026-10-01,GEN
5,0.0006137159525727518,2026-10-01,GEN
6,-0.002958238567748021,2026-10-01,GEN
7,-0.006192237981026276,2026-10-01,GEN
8,0.001812454710303072,2026-10-01,GEN
9,-0.0024141067863574857,2026-10-01,GEN
10,0.00017710114070320664,2026-10-01,GEN
11,0.00304723048271436,2026-10-01,GEN
12,-0.0009160688362837664,2026-10-01,GEN
13,-0.008115879966372317,2026-10-01,GEN
14,-0.0034958521426765496,2026-10-01,GEN
1,0.0009036759897320321,2026-10-01,GENI
2,0.004689810954762699,2026-10-01,GENI
3,-0.0024253088331436775,2026-10-01,GENI
4,-0.0016099021826534018,2026-10-01,GENI
5,-0.0052239896476221695,2026-10-01,GENI
6,0.0002089518432526319,2026-10-01,GENI
7,6.426134112898654e-05,2026-10-01,GENI
8,-7.629190624250076e-06,2026-10-01,GENI
9,0.0014860558181333061,2026-10-01,GENI
10,0.00493546630836829,2026-10-01,GENI
11,-0.004436635187444496,2026-10-01,GENI
12,0.0075586889055112684,2026-10-01,GENI
13,0.007141497599752818,2026-10-01,GENI
14,0.004843250273371433,2026-10-01,GENI
1,0.0017275341645188174,2026-10-01,GERN
2,0.002986543395013814,2026-10-01,GERN
3,-0.0026153957748913234,2026-10-01,GERN
4,-0.0038150002518672105,2026-10-01,GERN
5,-0.01174192804587361,2026-10-01,GERN
6,-0.0003660588761614691,2026-10-01,GERN
7,3.1050790425453106e-05,2026-10-01,GERN
8,0.0020014791796493293,2026-10-01,GERN
9,0.00048125439790437977,2026-10-01,GERN
10,-0.00036544265924603423,2026-10-01,GERN
11,-0.011453242027489237,2026-10-01,GERN
12,-0.0008530499862882148,2026-10-01,GERN
13,0.00808947349877102,2026-10-01,GERN
14,0.002202675061128769,2026-10-01,GERN
1,0.00044933096522264764,2026-10-01,GEV
2,0.00014389530176564045,2026-10-01,GEV
3,0.0014917231076160126,2026-10-01,GEV
4,0.00040807429628739606,2026-10-01,GEV
5,0.002458704844599588,2026-10-01,GEV
6,0.005399748072006486,2026-10-01,GEV
7,0.0021123933008182646,2026-10-01,GEV
8,0.00045203746342116475,2026-10-01,GEV
9,-0.0009138421320902485,2026-10-01,GEV
10,-0.0004046865416740681,2026-10-01,GEV
11,0.0030330789790082185,2026-10-01,GEV
12,0.003977305945480668,2026-10-01,GEV
13,0.007642881512890944,2026-10-01,GEV
14,2.958330364803772e-05,2026-10-01,GEV
1,0.0011936117349222528,2026-10-01,GFF
2,0.004675356626226141,2026-10-01,GFF
3,-0.003948092544387864,2026-10-01,GFF
4,-0.003868068495215048,2026-10-01,GFF
5,-0.004857797713551814,2026-10-01,GFF
6,-0.0021589809066535587,2026-10-01,GFF
7,-0.003895279523394754,2026-10-01,GFF
8,-0.00255791337942073,2026-10-01,GFF
9,-0.004202678362785487,2026-10-01,GFF
10,-0.00046584964671074296,2026-10-01,GFF
11,-0.007912708144635334,2026-10-01,GFF
12,0.0017885464173226957,2026-10-01,GFF
13,0.006084666453631157,2026-10-01,GFF
14,0.003377073725003594,2026-10-01,GFF
1,0.001366494449525907,2026-10-01,GFI
2,0.005343799484207956,2026-10-01,GFI
3,-0.003376227193511141,2026-10-01,GFI
4,-0.00010978714099802376,2026-10-01,GFI
5,-0.0010917930023782068,2026-10-01,GFI
6,0.0019628784216561283,2026-10-01,GFI
7,0.0016521999302495237,2026-10-01,GFI
8,0.007717638449268996,2026-10-01,GFI
9,8.671607911409235e-05,2026-10-01,GFI
10,0.006187743112599225,2026-10-01,GFI
11,-0.0031039100360148236,2026-10-01,GFI
12,0.0067821346313122486,2026-10-01,GFI
13,0.004818162577991758,2026-10-01,GFI
14,0.008902216366424626,2026-10-01,GFI
1,0.0007734076101058714,2026-10-01,GFL
2,0.004697660438081254,2026-10-01,GFL
3,-0.004108447775501923,2026-10-01,GFL
4,-0.002551112508247246,2026-10-01,GFL
5,-0.006476814986495156,2026-10-01,GFL
6,0.0007667923423997834,2026-10-01,GFL
7,0.0017000350125028552,2026-10-01,GFL
8,0.00301072822245275,2026-10-01,GFL
9,-0.004651485014116981,2026-10-01,GFL
10,0.003939867031986442,2026-10-01,GFL
11,-0.005010928695793147,2026-10-01,GFL
12,0.005426009979859934,2026-10-01,GFL
13,0.006398943311312573,2026-10-01,GFL
14,0.009573894427296106,2026-10-01,GFL
1,-0.0005604715107711922,2026-10-01,GFS
2,0.0005225940922001413,2026-10-01,GFS
3,0.003933447721160121,2026-10-01,GFS
4,-0.0020568319242009,2026-10-01,GFS
5,-0.0017130973666348475,2026-10-01,GFS
6,-0.0037046025821338238,2026-10-01,GFS
7,-0.004195753971797549,2026-10-01,GFS
8,0.0011353523723811598,2026-10-01,GFS
9,-0.0034187467130279412,2026-10-01,GFS
10,0.002398736971031476,2026-10-01,GFS
11,-0.000370637062488148,2026-10-01,GFS
12,-0.0035162901203566617,2026-10-01,GFS
13,-0.004695622131205147,2026-10-01,GFS
14,-0.0017466139801132056,2026-10-01,GFS
1,0.0009429837355846536,2026-10-01,GGB
2,0.00445216507578085,2026-10-01,GGB
3,-0.004070500275921302,2026-10-01,GGB
4,-0.0020494018108119885,2026-10-01,GGB
5,-0.005163790160618731,2026-10-01,GGB
6,-0.004537462464345257,2026-10-01,GGB
7,-0.004989592735768719,2026-10-01,GGB
8,0.0033927587481689943,2026-10-01,GGB
9,0.0017424695574724833,2026-10-01,GGB
10,0.003448526714583088,2026-10-01,GGB
11,-0.006148192757950952,2026-10-01,GGB
12,0.004474127203448791,2026-10-01,GGB
13,0.006835605117332754,2026-10-01,GGB
14,0.005726559331480453,2026-10-01,GGB
1,-0.00011991675601652476,2026-10-01,GH
2,0.004433675225396814,2026-10-01,GH
3,-0.002922170753773758,2026-10-01,GH
4,-0.0033620917399483133,2026-10-01,GH
5,-0.010243999774861259,2026-10-01,GH
6,0.001326197451810322,2026-10-01,GH
7,-0.0016223527400725257,2026-10-01,GH
8,0.0003096023559888638,2026-10-01,GH
9,-0.0065885592431232124,2026-10-01,GH
10,0.004771387645937827,2026-10-01,GH
11,-0.0060726905000683794,2026-10-01,GH
12,0.006297991958747562,2026-10-01,GH
13,0.005491444648719655,2026-10-01,GH
14,0.00804957558448585,2026-10-01,GH
1,-0.0011825001881014716,2026-10-01,GILD
2,0.0027631306754031053,2026-10-01,GILD
3,0.0009805966362575202,2026-10-01,GILD
4,0.0011378120717107534,2026-10-01,GILD
5,0.0004327987062176925,2026-10-01,GILD
6,0.006227491705908323,2026-10-01,GILD
7,0.005686665146141331,2026-10-01,GILD
8,0.002357844273762016,2026-10-01,GILD
9,-9.26097287900449e-05,2026-10-01,GILD
10,-0.0021273471719852432,2026-10-01,GILD
11,0.003815823266543295,2026-10-01,GILD
12,0.003979923597370706,2026-10-01,GILD
13,0.0037241905331620423,2026-10-01,GILD
14,-0.0004365116420238181,2026-10-01,GILD
1,-0.0012643115698485177,2026-10-01,GIS
2,-0.001253432732880217,2026-10-01,GIS
3,0.0031639233528649195,2026-10-01,GIS
4,-0.002437247471145849,2026-10-01,GIS
5,0.0001748701170490805,2026-10-01,GIS
6,-0.003007169942258096,2026-10-01,GIS
7,-0.005437686597577334,2026-10-01,GIS
8,-0.00018788877283703226,2026-10-01,GIS
9,-0.005290178896681565,2026-10-01,GIS
10,0.0016087807190413295,2026-10-01,GIS
11,0.001735528594391387,2026-10-01,GIS
12,-0.0030010430456537487,2026-10-01,GIS
13,-0.005441041732738895,2026-10-01,GIS
14,-0.0013058261165788683,2026-10-01,GIS
1,0.002519987474531766,2026-10-01,GL
2,0.004728926414708286,2026-10-01,GL
3,-0.0037328830726124232,2026-10-01,GL
4,-0.004573125476906173,2026-10-01,GL
5,-0.006332391955470542,2026-10-01,GL
6,0.002043332561322832,2026-10-01,GL
7,-0.0009889702815495413,2026-10-01,GL
8,0.003290728425379795,2026-10-01,GL
9,-0.0020107060383539794,2026-10-01,GL
10,0.005992158646668465,2026-10-01,GL
11,-0.007473890763170771,2026-10-01,GL
12,0.003248414594416091,2026-10-01,GL
13,0.005116094561714533,2026-10-01,GL
14,0.007371815423592123,2026-10-01,GL
1,0.0007297743387584716,2026-10-01,GLBE
2,0.004026959991102371,2026-10-01,GLBE
3,-0.0029801728533289575,2026-10-01,GLBE
4,-0.0006612616998760823,2026-10-01,GLBE
5,-0.007682720700782222,2026-10-01,GLBE
6,-0.00047002462186156613,2026-10-01,GLBE
7,-0.0009892145176742465,2026-10-01,GLBE
8,0.00205737469581275,2026-10-01,GLBE
9,0.006248713994210456,2026-10-01,GLBE
10,0.0030673729449312297,2026-10-01,GLBE
11,-0.0008708618047360983,2026-10-01,GLBE
12,0.0016028145348891882,2026-10-01,GLBE
13,0.004189530852584904,2026-10-01,GLBE
14,0.006187993626518554,2026-10-01,GLBE
1,0.0015966999472661109,2026-10-01,GLNG
2,0.004548458471592941,2026-10-01,GLNG
3,-0.004357519737171649,2026-10-01,GLNG
4,-0.0036554104128043246,2026-10-01,GLNG
5,-0.003458752422261424,2026-10-01,GLNG
6,-0.0006468931704200692,2026-10-01,GLNG
7,-0.001154268579317567,2026-10-01,GLNG
8,0.0024186138707929044,2026-10-01,GLNG
9,-0.0009049863355700248,2026-10-01,GLNG
10,0.005356878069566383,2026-10-01,GLNG
11,-0.003947288795915324,2026-10-01,GLNG
12,0.0036052945442852083,2026-10-01,GLNG
13,0.0062162528012259695,2026-10-01,GLNG
14,0.006163055885044386,2026-10-01,GLNG
1,0.001627301134332109,2026-10-01,GLPI
2,0.0035327331758103395,2026-10-01,GLPI
3,-0.0038582916284831364,2026-10-01,GLPI
4,-0.002081634136347919,2026-10-01,GLPI
5,-0.005037195076155052,2026-10-01,GLPI
6,-0.000918143885190506,2026-10-01,GLPI
7,-0.00020015681599564966,2026-10-01,GLPI
8,0.0029820747138531254,2026-10-01,GLPI
9,-0.001678510115468836,2026-10-01,GLPI
10,-0.0004441083623947223,2026-10-01,GLPI
11,-0.005271670618323204,2026-10-01,GLPI
12,0.005704187547207248,2026-10-01,GLPI
13,0.007675174864502786,2026-10-01,GLPI
14,0.00434786235543247,2026-10-01,GLPI
1,-0.0005944727948892124,2026-10-01,GLW
2,-0.0008944827080206439,2026-10-01,GLW
3,0.0034372640810710134,2026-10-01,GLW
4,-0.0016541239727399018,2026-10-01,GLW
5,-0.002019803017468828,2026-10-01,GLW
6,-0.004358997077909445,2026-10-01,GLW
7,-0.003791767727936108,2026-10-01,GLW
8,0.0015128211194360486,2026-10-01,GLW
9,-0.0018907022330910282,2026-10-01,GLW
10,0.004965804568969446,2026-10-01,GLW
11,0.002414116220900837,2026-10-01,GLW
12,-0.0004976387238153747,2026-10-01,GLW
13,-0.008807248589146681,2026-10-01,GLW
14,-0.0018798836641092348,2026-10-01,GLW
1,0.0011239388242584413,2026-10-01,GM
2,0.0005585339416164585,2026-10-01,GM
3,0.0009873043917277998,2026-10-01,GM
4,0.0015584250975621034,2026-10-01,GM
5,0.003557055629474085,2026-10-01,GM
6,0.0029806824017283074,2026-10-01,GM
7,0.004691370096605076,2026-10-01,GM
8,0.0017595976505508876,2026-10-01,GM
9,0.004111790472705526,2026-10-01,GM
10,-0.0018044567496927604,2026-10-01,GM
11,0.0038725931435593416,2026-10-01,GM
12,0.0060912274555834185,2026-10-01,GM
13,0.004386991243338584,2026-10-01,GM
14,-0.0012957302235343197,2026-10-01,GM
1,0.0016554805078815992,2026-10-01,GMED
2,0.004589449360007256,2026-10-01,GMED
3,-0.007502152690448223,2026-10-01,GMED
4,-0.004765365252342107,2026-10-01,GMED
5,-0.006267406956001491,2026-10-01,GMED
6,-0.0010195909599549882,2026-10-01,GMED
7,-0.003167888875466809,2026-10-01,GMED
8,-0.001820188970837105,2026-10-01,GMED
9,-0.00595451383641093,2026-10-01,GMED
10,0.0038680687983123504,2026-10-01,GMED
11,-0.005078642769198352,2026-10-01,GMED
12,0.009744492309606926,2026-10-01,GMED
13,0.0018174259991060556,2026-10-01,GMED
14,0.007619541632998571,2026-10-01,GMED
1,0.001976802277388915,2026-10-01,GNL
2,0.003636411501914048,2026-10-01,GNL
3,-0.0031641929956332093,2026-10-01,GNL
4,-0.004000785732629965,2026-10-01,GNL
5,-0.006007317464986601,2026-10-01,GNL
6,-0.0033083418575877944,2026-10-01,GNL
7,-0.00023582061956916017,2026-10-01,GNL
8,0.0004179660194992274,2026-10-01,GNL
9,-0.002249927801938217,2026-10-01,GNL
10,0.002779222832684645,2026-10-01,GNL
11,-0.004513676590362468,2026-10-01,GNL
12,0.001827279096469608,2026-10-01,GNL
13,0.00664779420375852,2026-10-01,GNL
14,0.006971388234201487,2026-10-01,GNL
1,0.0014759123713183229,2026-10-01,GNTX
2,0.0035785198826854088,2026-10-01,GNTX
3,-0.004661823660086345,2026-10-01,GNTX
4,-0.0020591206481888643,2026-10-01,GNTX
5,-0.004444947363983076,2026-10-01,GNTX
6,-0.0012223954477136605,2026-10-01,GNTX
7,-0.0014053323506842675,2026-10-01,GNTX
8,0.0021371278879515412,2026-10-01,GNTX
9,-0.005920165440402207,2026-10-01,GNTX
10,0.002286011387102263,2026-10-01,GNTX
11,-0.0076789284476477745,2026-10-01,GNTX
12,0.0029602551996776322,2026-10-01,GNTX
13,0.01042303694600382,2026-10-01,GNTX
14,0.012654912273404357,2026-10-01,GNTX
1,0.0009474374711772275,2026-10-01,GO
2,0.004093154169348428,2026-10-01,GO
3,-0.004729469071476074,2026-10-01,GO
4,-0.0024992204580383186,2026-10-01,GO
5,-0.003541085111936638,2026-10-01,GO
6,-6.486373769645032e-05,2026-10-01,GO
7,0.00034952293457745135,2026-10-01,GO
8,0.00040544560335159497,2026-10-01,GO
9,-0.002853122212775774,2026-10-01,GO
10,0.002473646629784408,2026-10-01,GO
11,-0.00328877606885562,2026-10-01,GO
12,0.005203951127720806,2026-10-01,GO
13,0.004760471453243193,2026-10-01,GO
14,0.006205493433228948,2026-10-01,GO
1,0.0021083277967166815,2026-10-01,GOGL
2,0.004235811128452179,2026-10-01,GOGL
3,-0.003881585528949295,2026-10-01,GOGL
4,-0.003489695442862732,2026-10-01,GOGL
5,-0.004165806263270838,2026-10-01,GOGL
6,-0.0016388652004449822,2026-10-01,GOGL
7,-0.002498374949768527,2026-10-01,GOGL
8,0.0027973954095866635,2026-10-01,GOGL
9,-0.0004750023017984438,2026-10-01,GOGL
10,0.00337208027374657,2026-10-01,GOGL
11,-0.004868952791616915,2026-10-01,GOGL
12,0.004098518184784408,2026-10-01,GOGL
13,0.005973008076434005,2026-10-01,GOGL
14,0.006050333285647599,2026-10-01,GOGL
1,0.00042845701343842977,2026-10-01,GOLD
2,0.0002178820788297938,2026-10-01,GOLD
3,0.0011525499702348134,2026-10-01,GOLD
4,0.0009365100082829853,2026-10-01,GOLD
5,0.002356820842899684,2026-10-01,GOLD
6,0.004757665907895313,2026-10-01,GOLD
7,0.0027291138984491207,2026-10-01,GOLD
8,-0.0009863333638813012,2026-10-01,GOLD
9,0.00181890971416258,2026-10-01,GOLD
10,-0.0022286859736341848,2026-10-01,GOLD
11,0.003464948196072526,2026-10-01,GOLD
12,0.005596578949323636,2026-10-01,GOLD
13,0.003332894835368989,2026-10-01,GOLD
14,0.0008201694083592205,2026-10-01,GOLD
1,0.000292440982610508,2026-10-01,GOOG
2,0.00030955288016032537,2026-10-01,GOOG
3,0.0011512424333987145,2026-10-01,GOOG
4,0.0003347957915023198,2026-10-01,GOOG
5,0.0014574547644345738,2026-10-01,GOOG
6,0.0010450026808143486,2026-10-01,GOOG
7,0.005087508621836819,2026-10-01,GOOG
8,-0.002335183132416549,2026-10-01,GOOG
9,0.0025964701160268353,2026-10-01,GOOG
10,-0.0008808690092858095,2026-10-01,GOOG
11,0.004580627697101021,2026-10-01,GOOG
12,0.003219411107375357,2026-10-01,GOOG
13,0.007860001414682656,2026-10-01,GOOG
14,-0.0007527039367430412,2026-10-01,GOOG
1,0.000441136224866222,2026-10-01,GOOGL
2,0.0002337041317734635,2026-10-01,GOOGL
3,0.0010433197623724202,2026-10-01,GOOGL
4,0.000560973760545969,2026-10-01,GOOGL
5,0.0016444203329485938,2026-10-01,GOOGL
6,0.0013034084924810872,2026-10-01,GOOGL
7,0.004873344790284008,2026-10-01,GOOGL
8,-0.002060657726062112,2026-10-01,GOOGL
9,0.0024944525902469124,2026-10-01,GOOGL
10,-0.0009036422552694158,2026-10-01,GOOGL
11,0.004869867725453842,2026-10-01,GOOGL
12,0.003369996698669724,2026-10-01,GOOGL
13,0.008159432906606158,2026-10-01,GOOGL
14,-0.0005439884443413835,2026-10-01,GOOGL
1,0.00015363124662674438,2026-10-01,GOTU
2,0.0036600293527657246,2026-10-01,GOTU
3,-0.0036913183618681768,2026-10-01,GOTU
4,-0.003685799275677687,2026-10-01,GOTU
5,-0.005974012534840739,2026-10-01,GOTU
6,-0.002301748971519472,2026-10-01,GOTU
7,0.00023313921240828282,2026-10-01,GOTU
8,-0.0017225732862081481,2026-10-01,GOTU
9,0.0006373116477830735,2026-10-01,GOTU
10,0.0033664178197999805,2026-10-01,GOTU
11,-0.006603750146839208,2026-10-01,GOTU
12,0.010579511218347692,2026-10-01,GOTU
13,0.008485014527118962,2026-10-01,GOTU
14,0.006423923899549306,2026-10-01,GOTU
1,-0.000981062325251023,2026-10-01,GPC
2,-0.0010496498061994465,2026-10-01,GPC
3,0.0037763366277807704,2026-10-01,GPC
4,-0.003786149648084967,2026-10-01,GPC
5,-0.00021147839345240883,2026-10-01,GPC
6,-0.004034035851212748,2026-10-01,GPC
7,-0.003932854770947207,2026-10-01,GPC
8,-0.00021406434638903332,2026-10-01,GPC
9,-0.0017539735157172246,2026-10-01,GPC
10,0.0034055338992195496,2026-10-01,GPC
11,0.0038207716702340156,2026-10-01,GPC
12,-0.00034081637745082767,2026-10-01,GPC
13,-0.006573098824597233,2026-10-01,GPC
14,-0.001416990459668019,2026-10-01,GPC
1,-0.000378600978094484,2026-10-01,GPCR
2,0.004327744496212005,2026-10-01,GPCR
3,-0.0030281464559729506,2026-10-01,GPCR
4,-0.00098849390335568,2026-10-01,GPCR
5,-0.006468184393743209,2026-10-01,GPCR
6,-0.004095958535455776,2026-10-01,GPCR
7,-0.00036710983872161013,2026-10-01,GPCR
8,-0.001817759278796835,2026-10-01,GPCR
9,-0.001229126673179807,2026-10-01,GPCR
10,0.003551698025527992,2026-10-01,GPCR
11,-0.010007458710386715,2026-10-01,GPCR
12,0.007640832766575301,2026-10-01,GPCR
13,0.006857386593672856,2026-10-01,GPCR
14,0.00678982438310859,2026-10-01,GPCR
1,0.0020767639301351713,2026-10-01,GPK
2,0.0050879198317407195,2026-10-01,GPK
3,-0.004298816248621603,2026-10-01,GPK
4,-0.001446937608645952,2026-10-01,GPK
5,-0.005145246793021666,2026-10-01,GPK
6,0.00012568350617971291,2026-10-01,GPK
7,-0.003023742282295388,2026-10-01,GPK
8,-0.000562914779544261,2026-10-01,GPK
9,-0.0031149428071182376,2026-10-01,GPK
10,0.00022557447285141905,2026-10-01,GPK
11,-0.00380176757554792,2026-10-01,GPK
12,0.0015563847966608307,2026-10-01,GPK
13,0.00562505907633273,2026-10-01,GPK
14,0.004615064761663796,2026-10-01,GPK
1,-0.0005062777697310481,2026-10-01,GPN
2,-0.0012302219249886084,2026-10-01,GPN
3,0.004199620851338241,2026-10-01,GPN
4,-0.0015557006718791996,2026-10-01,GPN
5,-0.0006377598872879256,2026-10-01,GPN
6,-0.0020013556265755113,2026-10-01,GPN
7,-0.0047848011824921455,2026-10-01,GPN
8,0.0031980546232780347,2026-10-01,GPN
9,-0.002533730553114978,2026-10-01,GPN
10,0.002976315498444938,2026-10-01,GPN
11,0.001591174715606641,2026-10-01,GPN
12,-0.0010580734972883165,2026-10-01,GPN
13,-0.0019030679920138097,2026-10-01,GPN
14,-0.0004707404106720369,2026-10-01,GPN
1,0.0022013544512153927,2026-10-01,GPRE
2,0.007520344800558505,2026-10-01,GPRE
3,-0.004972424130448625,2026-10-01,GPRE
4,-0.006095301715148437,2026-10-01,GPRE
5,-0.009699164068698226,2026-10-01,GPRE
6,-0.002824280176354586,2026-10-01,GPRE
7,-0.0019570790688109266,2026-10-01,GPRE
8,-0.005403304671093762,2026-10-01,GPRE
9,-0.0029776127595728306,2026-10-01,GPRE
10,0.001974044403707488,2026-10-01,GPRE
11,-0.010851848963036856,2026-10-01,GPRE
12,0.002049725453301326,2026-10-01,GPRE
13,0.002828990029545264,2026-10-01,GPRE
14,0.0009337349085197977,2026-10-01,GPRE
1,0.0007044194660394159,2026-10-01,GRAB
2,0.005209837760550431,2026-10-01,GRAB
3,0.0001846665504389812,2026-10-01,GRAB
4,-0.00032984246300604085,2026-10-01,GRAB
5,-0.00504378795295652,2026-10-01,GRAB
6,-0.0036551043730919486,2026-10-01,GRAB
7,-0.002754172279524575,2026-10-01,GRAB
8,0.004488810217235804,2026-10-01,GRAB
9,-0.0031395900816244193,2026-10-01,GRAB
10,0.0038379280468769485,2026-10-01,GRAB
11,-0.004592002778426594,2026-10-01,GRAB
12,0.001286814620449223,2026-10-01,GRAB
13,0.009426280020637575,2026-10-01,GRAB
14,0.0032038082117645883,2026-10-01,GRAB
1,0.0006190714388270192,2026-10-01,GS
2,-0.0007444528170801089,2026-10-01,GS
3,0.0003441521519468517,2026-10-01,GS
4,0.0014089279390039056,2026-10-01,GS
5,0.0028270551248258434,2026-10-01,GS
6,0.0030799017248742434,2026-10-01,GS
7,0.0038011723549428783,2026-10-01,GS
8,-0.00035247189124417843,2026-10-01,GS
9,0.001493867497858063,2026-10-01,GS
10,-0.00427225354394418,2026-10-01,GS
11,0.0018691608922130202,2026-10-01,GS
12,0.0021466254610015894,2026-10-01,GS
13,0.006568255437974173,2026-10-01,GS
14,0.0003924081282162379,2026-10-01,GS
1,0.00050705578378802,2026-10-01,GSK
2,0.0005370913086522642,2026-10-01,GSK
3,0.0014001656572285197,2026-10-01,GSK
4,0.0009096761934130562,2026-10-01,GSK
5,0.002085607900123942,2026-10-01,GSK
6,0.004413321805956949,2026-10-01,GSK
7,0.004455308952198895,2026-10-01,GSK
8,0.0006412850837328731,2026-10-01,GSK
9,0.006087448802172928,2026-10-01,GSK
10,-0.0008802102537644811,2026-10-01,GSK
11,0.004808602133362369,2026-10-01,GSK
12,0.0031843625672611548,2026-10-01,GSK
13,0.005511807129698278,2026-10-01,GSK
14,-0.0010733856687762716,2026-10-01,GSK
1,0.0028278952055700887,2026-10-01,GT
2,0.004018552285566838,2026-10-01,GT
3,-0.00254530914398964,2026-10-01,GT
4,-0.0024805810857085123,2026-10-01,GT
5,-0.004848187790840852,2026-10-01,GT
6,-0.0020840811412750865,2026-10-01,GT
7,0.000244552486434298,2026-10-01,GT
8,0.0003086142463231536,2026-10-01,GT
9,0.0031754416225358074,2026-10-01,GT
10,0.0027935627488688292,2026-10-01,GT
11,-0.005303384401943136,2026-10-01,GT
12,-0.0014939723120125723,2026-10-01,GT
13,0.007406221671161032,2026-10-01,GT
14,0.00398180869213762,2026-10-01,GT
1,0.0004832273460564134,2026-10-01,GTES
2,0.0018211526701280107,2026-10-01,GTES
3,-0.0015693774281252248,2026-10-01,GTES
4,0.00010857842858843735,2026-10-01,GTES
5,-0.0049669991849233585,2026-10-01,GTES
6,-0.003560461028064515,2026-10-01,GTES
7,-0.004635882233981962,2026-10-01,GTES
8,0.004914826416632242,2026-10-01,GTES
9,-0.003086655950615096,2026-10-01,GTES
10,0.005159400473444918,2026-10-01,GTES
11,0.002276112823700118,2026-10-01,GTES
12,0.0038653482835385735,2026-10-01,GTES
13,0.014646185304809418,2026-10-01,GTES
14,0.007402360408339379,2026-10-01,GTES
1,0.000496341526832858,2026-10-01,GTLB
2,0.0041952312155567615,2026-10-01,GTLB
3,-0.0019423527666180727,2026-10-01,GTLB
4,-0.0021488896985453823,2026-10-01,GTLB
5,-0.0068652674685642885,2026-10-01,GTLB
6,-0.0013552839445305639,2026-10-01,GTLB
7,-0.004930296118845889,2026-10-01,GTLB
8,0.0023228388327891573,2026-10-01,GTLB
9,-0.0019112454417241278,2026-10-01,GTLB
10,0.006624699270430628,2026-10-01,GTLB
11,-0.007655419613026852,2026-10-01,GTLB
12,0.00492095119950787,2026-10-01,GTLB
13,0.002671366709651591,2026-10-01,GTLB
14,0.007001132564478969,2026-10-01,GTLB
1,0.0007498070992868347,2026-10-01,GXO
2,0.00394206581596815,2026-10-01,GXO
3,-0.0028388791357426436,2026-10-01,GXO
4,-0.003701674084931516,2026-10-01,GXO
5,-0.006570141055061923,2026-10-01,GXO
6,0.0012720688025610275,2026-10-01,GXO
7,-0.001287312621546189,2026-10-01,GXO
8,0.0008738974730602729,2026-10-01,GXO
9,-0.0035348782804430785,2026-10-01,GXO
10,0.0006214944995270692,2026-10-01,GXO
11,-0.004046043246488894,2026-10-01,GXO
12,0.0010093256155527686,2026-10-01,GXO
13,0.0019090007096793289,2026-10-01,GXO
14,0.006394423821489132,2026-10-01,GXO
1,-0.0012025262647447697,2026-10-01,HAL
2,-0.0020590716085302483,2026-10-01,HAL
3,0.004828154753216102,2026-10-01,HAL
4,-0.0012435209804691515,2026-10-01,HAL
5,-0.003679629082802088,2026-10-01,HAL
6,-0.004658524912660505,2026-10-01,HAL
7,-0.004313073853840268,2026-10-01,HAL
8,0.0026859634300357587,2026-10-01,HAL
9,-0.002090209432984942,2026-10-01,HAL
10,0.004438769046272286,2026-10-01,HAL
11,0.0020851241907684876,2026-10-01,HAL
12,0.0013128745056869512,2026-10-01,HAL
13,-0.0018452973894830633,2026-10-01,HAL
14,-0.0011753771225770041,2026-10-01,HAL
1,-0.0006492594319188681,2026-10-01,HALO
2,-0.0009543647917555543,2026-10-01,HALO
3,0.0032477516622154558,2026-10-01,HALO
4,-0.001767565162986089,2026-10-01,HALO
5,0.00025359242249120675,2026-10-01,HALO
6,-0.0030140533195162672,2026-10-01,HALO
7,-0.00527267600139532,2026-10-01,HALO
8,0.0022086442339786043,2026-10-01,HALO
9,-0.0032600808620893186,2026-10-01,HALO
10,0.002484155357989287,2026-10-01,HALO
11,0.0016491159221869356,2026-10-01,HALO
12,-0.0024243215885365586,2026-10-01,HALO
13,-0.008258443848220007,2026-10-01,HALO
14,-0.005932594035058323,2026-10-01,HALO
1,0.0016641483071153556,2026-10-01,HAS
2,0.006212732711651285,2026-10-01,HAS
3,-0.004596413204577944,2026-10-01,HAS
4,-0.0031275956634172633,2026-10-01,HAS
5,-0.006415662349304811,2026-10-01,HAS
6,0.0007559043440640657,2026-10-01,HAS
7,-0.0010030775402255121,2026-10-01,HAS
8,-0.0016787244892673893,2026-10-01,HAS
9,-0.003703964461835469,2026-10-01,HAS
10,0.0067981764051083405,2026-10-01,HAS
11,-0.007597286177885213,2026-10-01,HAS
12,0.0011131758670593318,2026-10-01,HAS
13,0.003603131481896464,2026-10-01,HAS
14,0.004787125154148203,2026-10-01,HAS
1,0.0018012221049695304,2026-10-01,HASI
2,0.0036899473795735135,2026-10-01,HASI
3,-0.0039668782739117345,2026-10-01,HASI
4,-0.0017535482509707502,2026-10-01,HASI
5,-0.004755127301750476,2026-10-01,HASI
6,-0.0022946918405711662,2026-10-01,HASI
7,-0.0014956521594428679,2026-10-01,HASI
8,0.00225917624481032,2026-10-01,HASI
9,0.002120091754509482,2026-10-01,HASI
10,0.0003020686783513548,2026-10-01,HASI
11,-0.002679540045830223,2026-10-01,HASI
12,0.004378523811849491,2026-10-01,HASI
13,0.002712532366311233,2026-10-01,HASI
14,0.004576243681106607,2026-10-01,HASI
1,0.0026463525449761127,2026-10-01,HAYW
2,0.004814385490353051,2026-10-01,HAYW
3,-0.001569275326584592,2026-10-01,HAYW
4,-0.0004927150528487262,2026-10-01,HAYW
5,-0.00493083013416626,2026-10-01,HAYW
6,-0.003070918101658638,2026-10-01,HAYW
7,-0.0011793137790766831,2026-10-01,HAYW
8,-0.0031471008650404073,2026-10-01,HAYW
9,-0.00484332557170501,2026-10-01,HAYW
10,0.0009091515627532732,2026-10-01,HAYW
11,-0.005263296138294852,2026-10-01,HAYW
12,0.0027729433217621217,2026-10-01,HAYW
13,0.0067549061056063455,2026-10-01,HAYW
14,0.0077901290511033375,2026-10-01,HAYW
1,-0.0014474708648525992,2026-10-01,HBAN
2,-0.0006579896545335246,2026-10-01,HBAN
3,0.003405273448135966,2026-10-01,HBAN
4,-0.00032334625643180696,2026-10-01,HBAN
5,-0.0014970663797397258,2026-10-01,HBAN
6,-0.0038132568012119662,2026-10-01,HBAN
7,-0.004981800525187705,2026-10-01,HBAN
8,0.001351388799731623,2026-10-01,HBAN
9,0.0002515037920461962,2026-10-01,HBAN
10,0.0006684217995171171,2026-10-01,HBAN
11,0.007203246464567155,2026-10-01,HBAN
12,-0.0026550850571783117,2026-10-01,HBAN
13,-0.008909200828716941,2026-10-01,HBAN
14,-0.002154503197815636,2026-10-01,HBAN
1,0.000679433125468315,2026-10-01,HBM
2,0.006994070023165271,2026-10-01,HBM
3,-0.0031664527614028585,2026-10-01,HBM
4,-0.0027004193872903885,2026-10-01,HBM
5,-0.004104415321860171,2026-10-01,HBM
6,-0.002728896282768369,2026-10-01,HBM
7,-0.0013710286267249446,2026-10-01,HBM
8,-0.00039012165926277436,2026-10-01,HBM
9,-0.006249135132082278,2026-10-01,HBM
10,0.0034853468499893535,2026-10-01,HBM
11,-0.0048722989161483375,2026-10-01,HBM
12,0.001737311313757144,2026-10-01,HBM
13,-0.0006641142156536573,2026-10-01,HBM
14,0.0051222969231219115,2026-10-01,HBM
1,0.00038127185879252817,2026-10-01,HCA
2,0.0009113673968733846,2026-10-01,HCA
3,0.0010789428401874088,2026-10-01,HCA
4,0.0005801273300052424,2026-10-01,HCA
5,0.002681214347012372,2026-10-01,HCA
6,0.003939877713038087,2026-10-01,HCA
7,0.003854250007450054,2026-10-01,HCA
8,0.0006299608406167769,2026-10-01,HCA
9,0.001886161584074414,2026-10-01,HCA
10,-0.0014846863975402813,2026-10-01,HCA
11,0.002866391163383875,2026-10-01,HCA
12,0.0060573138668686315,2026-10-01,HCA
13,0.00573154846717517,2026-10-01,HCA
14,0.002357867637683612,2026-10-01,HCA
1,0.001150433878262017,2026-10-01,HCC
2,0.004519462755198062,2026-10-01,HCC
3,-0.00566001078812731,2026-10-01,HCC
4,-0.0033147287119920073,2026-10-01,HCC
5,-0.004706774227531129,2026-10-01,HCC
6,-0.001899746704316834,2026-10-01,HCC
7,0.0005511377288333955,2026-10-01,HCC
8,0.00025000553426397093,2026-10-01,HCC
9,-0.0018362779260167848,2026-10-01,HCC
10,0.0036760467105782764,2026-10-01,HCC
11,-0.009005940799777064,2026-10-01,HCC
12,-0.0009247237825266064,2026-10-01,HCC
13,0.0070919861904972835,2026-10-01,HCC
14,0.009478498425392883,2026-10-01,HCC
1,0.0007646435740520903,2026-10-01,HD
2,0.0007181788454626059,2026-10-01,HD
3,0.0010272332105661745,2026-10-01,HD
4,0.001296310978370197,2026-10-01,HD
5,0.0031381251052598,2026-10-01,HD
6,0.004675417357339577,2026-10-01,HD
7,0.004566435207211581,2026-10-01,HD
8,0.0013095323316004194,2026-10-01,HD
9,0.0015064310031714513,2026-10-01,HD
10,-0.004167042962938087,2026-10-01,HD
11,0.0013395311409033417,2026-10-01,HD
12,0.001796925651735894,2026-10-01,HD
13,0.005297172887025953,2026-10-01,HD
14,-6.950676470800392e-05,2026-10-01,HD
1,0.00042935773316856086,2026-10-01,HDB
2,-0.0001060673486056254,2026-10-01,HDB
3,0.0014269637068673405,2026-10-01,HDB
4,0.00044966385623627903,2026-10-01,HDB
5,0.0017281469760383548,2026-10-01,HDB
6,0.0032024211984627493,2026-10-01,HDB
7,0.0031314119157154464,2026-10-01,HDB
8,0.0010723806950249594,2026-10-01,HDB
9,0.0013746937805089734,2026-10-01,HDB
10,-0.0004501465437110948,2026-10-01,HDB
11,0.006035496557494959,2026-10-01,HDB
12,0.0029105718606187957,2026-10-01,HDB
13,0.00487861907486696,2026-10-01,HDB
14,-0.0019602551954712856,2026-10-01,HDB
1,-0.0009557755292600931,2026-10-01,HIG
2,-0.0023674592878595415,2026-10-01,HIG
3,0.00408882863764186,2026-10-01,HIG
4,-0.0005934356954591266,2026-10-01,HIG
5,-0.0024909137222347217,2026-10-01,HIG
6,-0.004950020751752374,2026-10-01,HIG
7,-0.005031311198103839,2026-10-01,HIG
8,0.0016169323391275988,2026-10-01,HIG
9,3.63667103904744e-05,2026-10-01,HIG
10,0.003703320682412599,2026-10-01,HIG
11,0.0024197896101330126,2026-10-01,HIG
12,-0.00021449524799593375,2026-10-01,HIG
13,-0.004763634749328941,2026-10-01,HIG
14,7.748425195487127e-05,2026-10-01,HIG
1,-0.000523676392165978,2026-10-01,HIMS
2,0.004693808289176561,2026-10-01,HIMS
3,-0.004219053511598958,2026-10-01,HIMS
4,-0.003021698611061365,2026-10-01,HIMS
5,-0.008237222805731508,2026-10-01,HIMS
6,-0.0002117339259101868,2026-10-01,HIMS
7,0.003245437391063613,2026-10-01,HIMS
8,0.004335196714279236,2026-10-01,HIMS
9,-0.004934616054193527,2026-10-01,HIMS
10,0.0053470156224568206,2026-10-01,HIMS
11,-0.00444509840556205,2026-10-01,HIMS
12,0.008039588739035338,2026-10-01,HIMS
13,0.0013586995599199497,2026-10-01,HIMS
14,0.008672287232985895,2026-10-01,HIMS
1,0.0025124516737305563,2026-10-01,HIW
2,0.003914274497224656,2026-10-01,HIW
3,-0.0024619222778197837,2026-10-01,HIW
4,-0.004901668522485657,2026-10-01,HIW
5,-0.005456443760988453,2026-10-01,HIW
6,-0.0009456732189301752,2026-10-01,HIW
7,0.0006555874776001787,2026-10-01,HIW
8,0.0037271240063171712,2026-10-01,HIW
9,-0.0017326615407543284,2026-10-01,HIW
10,0.0018123400342449293,2026-10-01,HIW
11,-0.005100998528086341,2026-10-01,HIW
12,0.00021532980935177006,2026-10-01,HIW
13,0.002459993565965274,2026-10-01,HIW
14,0.009242085588928188,2026-10-01,HIW
1,0.0016722517957146242,2026-10-01,HL
2,0.00598068343673952,2026-10-01,HL
3,-0.0034941918367261526,2026-10-01,HL
4,8.961982441705113e-05,2026-10-01,HL
5,-0.002501962497795489,2026-10-01,HL
6,0.003176602559893748,2026-10-01,HL
7,0.0008498685541706176,2026-10-01,HL
8,0.0014153987706522545,2026-10-01,HL
9,0.002670133161530325,2026-10-01,HL
10,0.0037229186730687244,2026-10-01,HL
11,-0.004825471398054637,2026-10-01,HL
12,0.0037845600692786,2026-10-01,HL
13,0.0027229915131886276,2026-10-01,HL
14,0.007951200988942355,2026-10-01,HL
1,0.0010110849698513938,2026-10-01,HLF
2,0.003462707571653187,2026-10-01,HLF
3,-0.003794513148535441,2026-10-01,HLF
4,-0.002937649967714668,2026-10-01,HLF
5,-0.006111648103401184,2026-10-01,HLF
6,-0.00150432851913491,2026-10-01,HLF
7,-0.005373851615501579,2026-10-01,HLF
8,0.0008745311177584356,2026-10-01,HLF
9,-0.008114753936898134,2026-10-01,HLF
10,0.004372752215814161,2026-10-01,HLF
11,-0.008354275961374684,2026-10-01,HLF
12,-0.00046013936480627637,2026-10-01,HLF
13,0.003976702918121951,2026-10-01,HLF
14,-0.0015702016225978565,2026-10-01,HLF
1,0.0009847083808502961,2026-10-01,HLIT
2,0.004084710268711834,2026-10-01,HLIT
3,-0.003223300021959434,2026-10-01,HLIT
4,0.00040678857869998593,2026-10-01,HLIT
5,-0.00422245372692195,2026-10-01,HLIT
6,0.0011242597019895247,2026-10-01,HLIT
7,-0.0005909504129129743,2026-10-01,HLIT
8,-0.001973494334871666,2026-10-01,HLIT
9,0.0013066144238937948,2026-10-01,HLIT
10,0.006514051444158445,2026-10-01,HLIT
11,-0.0026549555856257324,2026-10-01,HLIT
12,0.007589209657847723,2026-10-01,HLIT
13,0.0015003609776729635,2026-10-01,HLIT
14,0.009077261675295696,2026-10-01,HLIT
1,-0.0015451441769005567,2026-10-01,HLN
2,-0.0013159355108234045,2026-10-01,HLN
3,0.0024192031930873135,2026-10-01,HLN
4,-0.003543890787091181,2026-10-01,HLN
5,-0.0008154755008950482,2026-10-01,HLN
6,-0.003998945339918773,2026-10-01,HLN
7,-0.004268455064431504,2026-10-01,HLN
8,0.001454861004835901,2026-10-01,HLN
9,-0.0013847400999515787,2026-10-01,HLN
10,0.0024015169629650252,2026-10-01,HLN
11,0.005204292498575817,2026-10-01,HLN
12,-0.0012061342783516692,2026-10-01,HLN
13,-0.006269208433978428,2026-10-01,HLN
14,-0.0027296359437293883,2026-10-01,HLN
1,0.0005234794241892683,2026-10-01,HLT
2,0.00019607790111247155,2026-10-01,HLT
3,0.0013132584505367482,2026-10-01,HLT
4,0.0003415577683602162,2026-10-01,HLT
5,0.0016168444983344582,2026-10-01,HLT
6,0.002976774300717801,2026-10-01,HLT
7,0.00574458869637544,2026-10-01,HLT
8,-0.0021035713603489497,2026-10-01,HLT
9,0.00438938979018442,2026-10-01,HLT
10,-0.001198821848829185,2026-10-01,HLT
11,0.004775251865708542,2026-10-01,HLT
12,0.004682007938435783,2026-10-01,HLT
13,0.0064236557682118434,2026-10-01,HLT
14,0.0019441936111736257,2026-10-01,HLT
1,0.00035823476149712363,2026-10-01,HOG
2,0.003487532480166397,2026-10-01,HOG
3,-0.0038167790346935685,2026-10-01,HOG
4,-0.004668713069844494,2026-10-01,HOG
5,-0.004364878219447408,2026-10-01,HOG
6,0.0006683717278520944,2026-10-01,HOG
7,0.0017344203219147483,2026-10-01,HOG
8,0.007324301826129648,2026-10-01,HOG
9,-0.004040648780141593,2026-10-01,HOG
10,0.003242704507798436,2026-10-01,HOG
11,-0.006359201107046182,2026-10-01,HOG
12,2.3152958772996365e-06,2026-10-01,HOG
13,0.005514452785318544,2026-10-01,HOG
14,0.0012758973618989275,2026-10-01,HOG
1,0.0024186550105537268,2026-10-01,HOMB
2,0.004434062868976127,2026-10-01,HOMB
3,-0.004514583914915745,2026-10-01,HOMB
4,-0.005595072101991701,2026-10-01,HOMB
5,-0.007835266359863226,2026-10-01,HOMB
6,0.0007536457483250515,2026-10-01,HOMB
7,-0.0021451544866598225,2026-10-01,HOMB
8,-0.0006348903344244852,2026-10-01,HOMB
9,0.0013914741466703778,2026-10-01,HOMB
10,0.002094279581993006,2026-10-01,HOMB
11,-0.0038931477498127427,2026-10-01,HOMB
12,0.0019226900203103158,2026-10-01,HOMB
13,0.004786679977990766,2026-10-01,HOMB
14,0.008846443666550777,2026-10-01,HOMB
1,0.00019580361623103477,2026-10-01,HON
2,0.0006421017231905766,2026-10-01,HON
3,0.0013224777740151361,2026-10-01,HON
4,-6.108089851436976e-05,2026-10-01,HON
5,0.0010513088212270644,2026-10-01,HON
6,0.0033740396677329055,2026-10-01,HON
7,0.0030487379120959423,2026-10-01,HON
8,-0.00015539152089267584,2026-10-01,HON
9,0.004575232886130797,2026-10-01,HON
10,-0.0012229699010398274,2026-10-01,HON
11,0.004945004271108316,2026-10-01,HON
12,0.0038565106017271395,2026-10-01,HON
13,0.0057992975631808615,2026-10-01,HON
14,-0.0003954466962532074,2026-10-01,HON
1,0.0001501186452005771,2026-10-01,HOOD
2,-0.0021003887494960133,2026-10-01,HOOD
3,0.003808134191750256,2026-10-01,HOOD
4,-0.001799583758216687,2026-10-01,HOOD
5,-0.0011306153411762589,2026-10-01,HOOD
6,-0.003906262980401138,2026-10-01,HOOD
7,-0.0016905364486295637,2026-10-01,HOOD
8,0.0014893566060938895,2026-10-01,HOOD
9,-0.0023259719472874317,2026-10-01,HOOD
10,0.0008725010790527451,2026-10-01,HOOD
11,0.004764085258835473,2026-10-01,HOOD
12,0.0007458973982640742,2026-10-01,HOOD
13,-0.005484033414935643,2026-10-01,HOOD
14,-0.003885925671895795,2026-10-01,HOOD
1,0.002173779593566007,2026-10-01,HP
2,0.007140792944023867,2026-10-01,HP
3,-0.0030023660086817695,2026-10-01,HP
4,-0.0018876897148397845,2026-10-01,HP
5,-0.006330537492668327,2026-10-01,HP
6,-0.003003584122882392,2026-10-01,HP
7,0.00139876774673051,2026-10-01,HP
8,0.00048784332050255013,2026-10-01,HP
9,0.0005777038378920541,2026-10-01,HP
10,0.0008474289350169635,2026-10-01,HP
11,-0.004309984211290493,2026-10-01,HP
12,0.0023171478955333574,2026-10-01,HP
13,0.0053999891850778714,2026-10-01,HP
14,0.006013086725569461,2026-10-01,HP
1,-0.0009979456429326855,2026-10-01,HPE
2,-0.0002081133119400563,2026-10-01,HPE
3,0.00399168302393195,2026-10-01,HPE
4,-0.0009905330001153403,2026-10-01,HPE
5,-0.0011101689311945862,2026-10-01,HPE
6,-0.004070853462038708,2026-10-01,HPE
7,-0.004092633537991814,2026-10-01,HPE
8,0.00016074554153409475,2026-10-01,HPE
9,-0.0036833812189494843,2026-10-01,HPE
10,0.0007927771365757955,2026-10-01,HPE
11,0.0037737806389872897,2026-10-01,HPE
12,-0.0004988357994442199,2026-10-01,HPE
13,-0.0075242232509136866,2026-10-01,HPE
14,-0.0028358086468149545,2026-10-01,HPE
1,-0.0012711578674596525,2026-10-01,HPQ
2,-0.0002908706962326695,2026-10-01,HPQ
3,0.004474071762214791,2026-10-01,HPQ
4,-0.00042925258189028376,2026-10-01,HPQ
5,-0.000703031575271282,2026-10-01,HPQ
6,-0.0031926295029832295,2026-10-01,HPQ
7,-0.004278059224831783,2026-10-01,HPQ
8,0.0031195358955755296,2026-10-01,HPQ
9,-0.001791059993411445,2026-10-01,HPQ
10,0.0020035595915073776,2026-10-01,HPQ
11,0.0018074742153173877,2026-10-01,HPQ
12,0.0006724198350976432,2026-10-01,HPQ
13,-0.00586873122795787,2026-10-01,HPQ
14,-0.0009813762675727673,2026-10-01,HPQ
1,0.0015788573320463487,2026-10-01,HR
2,0.004084980317829535,2026-10-01,HR
3,-0.0038900957435158163,2026-10-01,HR
4,-0.005096903978946205,2026-10-01,HR
5,-0.006115070655447817,2026-10-01,HR
6,-0.0032739528262224244,2026-10-01,HR
7,0.00020278079965793894,2026-10-01,HR
8,-0.0005404450676662134,2026-10-01,HR
9,-0.00030330060422976556,2026-10-01,HR
10,-4.382474666454808e-05,2026-10-01,HR
11,-0.0065921914419920504,2026-10-01,HR
12,0.0009381375272396932,2026-10-01,HR
13,0.0051123014684587706,2026-10-01,HR
14,0.005598802577901452,2026-10-01,HR
1,-0.0011277548627659651,2026-10-01,HRL
2,-0.002513233421386359,2026-10-01,HRL
3,0.004690757277233781,2026-10-01,HRL
4,-0.002693485683181562,2026-10-01,HRL
5,-0.0005550913908039922,2026-10-01,HRL
6,-0.004836449132211815,2026-10-01,HRL
7,-0.004408700677370451,2026-10-01,HRL
8,-3.2779305653404644e-05,2026-10-01,HRL
9,-0.0024968392963049552,2026-10-01,HRL
10,0.00032034991242594284,2026-10-01,HRL
11,0.0015081101066415574,2026-10-01,HRL
12,-0.002136590257446723,2026-10-01,HRL
13,-0.007950193559686404,2026-10-01,HRL
14,-0.0027013133545357804,2026-10-01,HRL
1,0.0021259463712434393,2026-10-01,HSIC
2,0.004008754088860399,2026-10-01,HSIC
3,-0.0035669714651754736,2026-10-01,HSIC
4,-0.0032674705316875635,2026-10-01,HSIC
5,-0.006899947138799186,2026-10-01,HSIC
6,-0.002041056336376201,2026-10-01,HSIC
7,-0.0036184972242743244,2026-10-01,HSIC
8,0.0005855962399528215,2026-10-01,HSIC
9,-0.005367636015695385,2026-10-01,HSIC
10,0.0040740026844396935,2026-10-01,HSIC
11,-0.004645815561061187,2026-10-01,HSIC
12,0.002464107610740418,2026-10-01,HSIC
13,0.0009004251030762777,2026-10-01,HSIC
14,0.003900236105309425,2026-10-01,HSIC
1,0.0014183505701226434,2026-10-01,HST
2,0.0026883988798433564,2026-10-01,HST
3,-0.0052671316370462365,2026-10-01,HST
4,-0.0030459884135300474,2026-10-01,HST
5,-0.0064099646902091596,2026-10-01,HST
6,0.0012319047937760597,2026-10-01,HST
7,-0.0030422522287817666,2026-10-01,HST
8,0.0047324332511844295,2026-10-01,HST
9,-0.002728726967159635,2026-10-01,HST
10,0.003144355627825764,2026-10-01,HST
11,-0.004742019689036641,2026-10-01,HST
12,0.0018042332494457437,2026-10-01,HST
13,0.0037546968800232883,2026-10-01,HST
14,0.008138776221310562,2026-10-01,HST
1,-0.0012105458672115172,2026-10-01,HSY
2,-0.0014295095726504132,2026-10-01,HSY
3,0.004415130018892232,2026-10-01,HSY
4,-0.002030304660279773,2026-10-01,HSY
5,0.0013970316274650807,2026-10-01,HSY
6,-0.0032901154636777665,2026-10-01,HSY
7,-0.0051939831790449335,2026-10-01,HSY
8,0.00017657080487365438,2026-10-01,HSY
9,-0.0038880051025137353,2026-10-01,HSY
10,0.002674369819350825,2026-10-01,HSY
11,0.0009750037482850216,2026-10-01,HSY
12,-0.0021287836774084856,2026-10-01,HSY
13,-0.005401897388076139,2026-10-01,HSY
14,-0.0006140196682391781,2026-10-01,HSY
1,0.001345292961761239,2026-10-01,HTHT
2,0.005072129151033457,2026-10-01,HTHT
3,-0.003920698053926731,2026-10-01,HTHT
4,-0.003975923489985252,2026-10-01,HTHT
5,-0.0036499053249111385,2026-10-01,HTHT
6,-0.0004533987849592458,2026-10-01,HTHT
7,0.0008855130896835416,2026-10-01,HTHT
8,-0.0010905928063882815,2026-10-01,HTHT
9,-0.0030441181509358833,2026-10-01,HTHT
10,0.0008716511016080995,2026-10-01,HTHT
11,-0.004733574947942648,2026-10-01,HTHT
12,0.0063187567488212455,2026-10-01,HTHT
13,0.006509078866193123,2026-10-01,HTHT
14,0.007175742598014293,2026-10-01,HTHT
1,0.0014782078632531632,2026-10-01,HTZ
2,0.006053706216905179,2026-10-01,HTZ
3,-0.0009423313011700775,2026-10-01,HTZ
4,-0.0021215311454947255,2026-10-01,HTZ
5,-0.009015268444087347,2026-10-01,HTZ
6,-0.004823683676048046,2026-10-01,HTZ
7,-0.0027531287344132863,2026-10-01,HTZ
8,0.006180649221753687,2026-10-01,HTZ
9,-0.002663448135731879,2026-10-01,HTZ
10,0.0032509242343433478,2026-10-01,HTZ
11,-0.007636845863794352,2026-10-01,HTZ
12,-0.005552406349914961,2026-10-01,HTZ
13,0.012885186384760508,2026-10-01,HTZ
14,0.012005611564289038,2026-10-01,HTZ
1,-0.0003138582523679477,2026-10-01,HUM
2,-0.0020202776839981763,2026-10-01,HUM
3,0.002776823567476389,2026-10-01,HUM
4,5.500550116993762e-05,2026-10-01,HUM
5,0.0015603325901645331,2026-10-01,HUM
6,-0.0015277367497105124,2026-10-01,HUM
7,-0.0010244603168671662,2026-10-01,HUM
8,0.0017202485037617953,2026-10-01,HUM
9,0.0028151709226266575,2026-10-01,HUM
10,0.005696331390442463,2026-10-01,HUM
11,0.00390086208687313,2026-10-01,HUM
12,0.001438953280399015,2026-10-01,HUM
13,0.006228597929144279,2026-10-01,HUM
14,0.004797079008197693,2026-10-01,HUM
1,0.001071304281020414,2026-10-01,HUN
2,0.0050541543181776135,2026-10-01,HUN
3,-0.002831482907746095,2026-10-01,HUN
4,-0.00022461110240198055,2026-10-01,HUN
5,-0.00833465757483823,2026-10-01,HUN
6,-0.0029920021115399345,2026-10-01,HUN
7,-0.001844932181635937,2026-10-01,HUN
8,-0.0015400575186598961,2026-10-01,HUN
9,0.006082084117204225,2026-10-01,HUN
10,0.001851575605329611,2026-10-01,HUN
11,-0.009888183095336503,2026-10-01,HUN
12,0.004482527121560914,2026-10-01,HUN
13,0.006801583769371043,2026-10-01,HUN
14,0.009561039383749588,2026-10-01,HUN
1,-0.00013468407972799438,2026-10-01,HUYA
2,0.0016996425468609748,2026-10-01,HUYA
3,-0.0027914635686627737,2026-10-01,HUYA
4,-0.002871967888783319,2026-10-01,HUYA
5,-0.005851325371671906,2026-10-01,HUYA
6,-0.0007214958129703747,2026-10-01,HUYA
7,-0.000196687972891842,2026-10-01,HUYA
8,0.0008113615560155268,2026-10-01,HUYA
9,0.00010760412439580259,2026-10-01,HUYA
10,0.007799698598522728,2026-10-01,HUYA
11,-0.010176631692986535,2026-10-01,HUYA
12,0.010093921220837862,2026-10-01,HUYA
13,0.008765811489681937,2026-10-01,HUYA
14,0.005796096717952067,2026-10-01,HUYA
1,-0.0014349695686622086,2026-10-01,HWM
2,-0.00039689750341113066,2026-10-01,HWM
3,0.0021555027318806825,2026-10-01,HWM
4,-0.002289468554383191,2026-10-01,HWM
5,-0.0013582816857397775,2026-10-01,HWM
6,-0.004849963659120672,2026-10-01,HWM
7,-0.0027246465184065844,2026-10-01,HWM
8,0.0007546471119175561,2026-10-01,HWM
9,-0.0024238736756095297,2026-10-01,HWM
10,0.001578998022302164,2026-10-01,HWM
11,0.0047011901159708675,2026-10-01,HWM
12,-0.002441461101941413,2026-10-01,HWM
13,-0.006295715408873579,2026-10-01,HWM
14,0.00014843056187750762,2026-10-01,HWM
1,0.0013275645728996986,2026-10-01,HXL
2,0.0036885798513232636,2026-10-01,HXL
3,-0.00389498712362695,2026-10-01,HXL
4,-0.0020454764506914564,2026-10-01,HXL
5,-0.005999297479853504,2026-10-01,HXL
6,-0.002902026016787316,2026-10-01,HXL
7,-0.004054556906760093,2026-10-01,HXL
8,0.0028905347995723126,2026-10-01,HXL
9,0.00010130401390679496,2026-10-01,HXL
10,0.004529113920262665,2026-10-01,HXL
11,-0.0051277482303639065,2026-10-01,HXL
12,0.003954777951208852,2026-10-01,HXL
13,0.007773017793808057,2026-10-01,HXL
14,0.004743858535328036,2026-10-01,HXL
1,0.0015751824232899617,2026-10-01,IAG
2,0.0052386868669775976,2026-10-01,IAG
3,-0.0028581731771729372,2026-10-01,IAG
4,0.0009182805652544383,2026-10-01,IAG
5,-0.0006796084431602382,2026-10-01,IAG
6,0.0036183646653360803,2026-10-01,IAG
7,-0.000690492870978431,2026-10-01,IAG
8,0.006899497268279893,2026-10-01,IAG
9,0.0028534620042300974,2026-10-01,IAG
10,0.004691335249074568,2026-10-01,IAG
11,-0.002376844066367397,2026-10-01,IAG
12,0.003992182033726443,2026-10-01,IAG
13,0.006131039432569523,2026-10-01,IAG
14,0.0056342619916307625,2026-10-01,IAG
1,0.0023490641440559786,2026-10-01,IART
2,0.004649504424516237,2026-10-01,IART
3,-0.0024317844692227537,2026-10-01,IART
4,-0.0012891578211070666,2026-10-01,IART
5,-0.00765482121446804,2026-10-01,IART
6,-0.003225384120138367,2026-10-01,IART
7,-0.004713671146474483,2026-10-01,IART
8,-0.0018124384700898047,2026-10-01,IART
9,-0.009249873036030549,2026-10-01,IART
10,-0.0004120766316344866,2026-10-01,IART
11,-0.005738713112006109,2026-10-01,IART
12,0.0011727293614952586,2026-10-01,IART
13,0.0057529006259879134,2026-10-01,IART
14,0.002516589708360906,2026-10-01,IART
1,0.000624038973568597,2026-10-01,IBM
2,0.0010977880698656618,2026-10-01,IBM
3,0.0011568428087349591,2026-10-01,IBM
4,0.0004737260871268677,2026-10-01,IBM
5,0.000653200125698473,2026-10-01,IBM
6,0.004670692883650221,2026-10-01,IBM
7,0.0020776094740618304,2026-10-01,IBM
8,0.0006807808835378966,2026-10-01,IBM
9,0.0018856616641867285,2026-10-01,IBM
10,-0.001539245443000721,2026-10-01,IBM
11,-0.0007864147236068205,2026-10-01,IBM
12,-0.0013029577825853205,2026-10-01,IBM
13,0.004042677339799471,2026-10-01,IBM
14,0.0009653399046150636,2026-10-01,IBM
1,5.616850058887438e-05,2026-10-01,IBN
2,2.35187113495011e-05,2026-10-01,IBN
3,0.000966704794557842,2026-10-01,IBN
4,0.0002515564855142056,2026-10-01,IBN
5,0.0027095208160962453,2026-10-01,IBN
6,0.005154000278840154,2026-10-01,IBN
7,0.002022518864873676,2026-10-01,IBN
8,-0.0006514949317340295,2026-10-01,IBN
9,0.0011069203928028466,2026-10-01,IBN
10,-0.0016041740041696905,2026-10-01,IBN
11,0.0014640042026862379,2026-10-01,IBN
12,0.0012461112436946377,2026-10-01,IBN
13,0.0032705649589127774,2026-10-01,IBN
14,0.00039156828023861906,2026-10-01,IBN
1,9.579687212262584e-05,2026-10-01,ICE
2,-0.0002845999340785798,2026-10-01,ICE
3,0.0014876244299041497,2026-10-01,ICE
4,0.0007517627968108496,2026-10-01,ICE
5,0.0015631410831105548,2026-10-01,ICE
6,0.003255257662989863,2026-10-01,ICE
7,0.003010173872908594,2026-10-01,ICE
8,8.646965539908281e-05,2026-10-01,ICE
9,0.0003078365262251904,2026-10-01,ICE
10,-0.003186474878721212,2026-10-01,ICE
11,0.0031627525061755364,2026-10-01,ICE
12,0.004111628030822803,2026-10-01,ICE
13,0.006951032701277415,2026-10-01,ICE
14,-0.0006551029674978317,2026-10-01,ICE
1,0.0011806171770047903,2026-10-01,IDYA
2,0.002409124103647845,2026-10-01,IDYA
3,-0.001152423695387162,2026-10-01,IDYA
4,-0.0010664487193775712,2026-10-01,IDYA
5,-0.004596765558985273,2026-10-01,IDYA
6,-0.0007076967310912581,2026-10-01,IDYA
7,0.0012614423198190955,2026-10-01,IDYA
8,0.0019597445467513766,2026-10-01,IDYA
9,-0.0015618993328792114,2026-10-01,IDYA
10,0.001749828125550364,2026-10-01,IDYA
11,-0.002074740662235141,2026-10-01,IDYA
12,0.006652733340368199,2026-10-01,IDYA
13,-0.001880317620081405,2026-10-01,IDYA
14,0.008288596871547179,2026-10-01,IDYA
1,-0.001456939276763416,2026-10-01,IFF
2,-0.0005939659480295535,2026-10-01,IFF
3,0.003815998272964429,2026-10-01,IFF
4,-0.0032283489477000476,2026-10-01,IFF
5,5.042981656078297e-07,2026-10-01,IFF
6,-0.005577303168523702,2026-10-01,IFF
7,-0.00880990594419305,2026-10-01,IFF
8,0.0006321383960760256,2026-10-01,IFF
9,-0.0006684239972182055,2026-10-01,IFF
10,0.001559792119804726,2026-10-01,IFF
11,-0.0008085839920855815,2026-10-01,IFF
12,-0.0030278675524679642,2026-10-01,IFF
13,-0.0018296702361525637,2026-10-01,IFF
14,-0.001714675188258256,2026-10-01,IFF
1,-0.0007036799851373144,2026-10-01,ILMN
2,-0.0011829837429348405,2026-10-01,ILMN
3,0.004229776387703535,2026-10-01,ILMN
4,-0.002360808893073708,2026-10-01,ILMN
5,-0.00022357707971537648,2026-10-01,ILMN
6,-0.004759099950325543,2026-10-01,ILMN
7,-0.006322227291841612,2026-10-01,ILMN
8,0.002550421529128302,2026-10-01,ILMN
9,-0.0011864107128286136,2026-10-01,ILMN
10,0.0022404940100836327,2026-10-01,ILMN
11,0.0029080337320017092,2026-10-01,ILMN
12,-0.0005216941949317204,2026-10-01,ILMN
13,-0.004028736492296527,2026-10-01,ILMN
14,-0.006623174599613493,2026-10-01,ILMN
1,0.001412780029858943,2026-10-01,IMCR
2,0.0030713768956212753,2026-10-01,IMCR
3,-0.0015473236042359082,2026-10-01,IMCR
4,-0.009760843794454509,2026-10-01,IMCR
5,-0.009024334198727153,2026-10-01,IMCR
6,-0.0015623107802553036,2026-10-01,IMCR
7,0.0008299571186579659,2026-10-01,IMCR
8,0.005528342957807656,2026-10-01,IMCR
9,-0.0032435943658297673,2026-10-01,IMCR
10,0.0019887524944509597,2026-10-01,IMCR
11,-0.009923361427456607,2026-10-01,IMCR
12,-0.005685682579532357,2026-10-01,IMCR
13,0.004441909285275254,2026-10-01,IMCR
14,-0.0011546486249068742,2026-10-01,IMCR
1,0.0013860508359897074,2026-10-01,IMVT
2,0.0038018150828216875,2026-10-01,IMVT
3,-0.004708803048289579,2026-10-01,IMVT
4,-0.007386984419429959,2026-10-01,IMVT
5,-0.009452936959086347,2026-10-01,IMVT
6,-0.0022253804895975334,2026-10-01,IMVT
7,-0.0010031490269702544,2026-10-01,IMVT
8,0.0017684954988929046,2026-10-01,IMVT
9,-0.00024106519424078917,2026-10-01,IMVT
10,0.00013554057854340634,2026-10-01,IMVT
11,-0.009832350590899156,2026-10-01,IMVT
12,0.0015453864926655433,2026-10-01,IMVT
13,0.008119338171056435,2026-10-01,IMVT
14,-0.0018191199952864556,2026-10-01,IMVT
1,0.001305515349477079,2026-10-01,INCY
2,0.003994277006094891,2026-10-01,INCY
3,-0.0012521210020520316,2026-10-01,INCY
4,-0.004490971759477326,2026-10-01,INCY
5,-0.004929847190983672,2026-10-01,INCY
6,-0.0002543729233392984,2026-10-01,INCY
7,0.0010554256829136818,2026-10-01,INCY
8,0.002427246244684337,2026-10-01,INCY
9,-0.0009768236317087857,2026-10-01,INCY
10,0.004367917682147406,2026-10-01,INCY
11,-0.001035399069351372,2026-10-01,INCY
12,0.005752370244096753,2026-10-01,INCY
13,0.0020448219768016518,2026-10-01,INCY
14,0.010204409356648316,2026-10-01,INCY
1,0.0018701507480950255,2026-10-01,INDI
2,0.008134094480096077,2026-10-01,INDI
3,-0.0016412545852776048,2026-10-01,INDI
4,-0.004033997707020289,2026-10-01,INDI
5,-0.009548522730756334,2026-10-01,INDI
6,-0.005256655644816932,2026-10-01,INDI
7,-0.0007918652445621043,2026-10-01,INDI
8,-0.00373739738246649,2026-10-01,INDI
9,-0.0010563282437368253,2026-10-01,INDI
10,0.0034041711542685984,2026-10-01,INDI
11,-0.008855754370328088,2026-10-01,INDI
12,0.007408994790165262,2026-10-01,INDI
13,0.009380858632417263,2026-10-01,INDI
14,0.004493449654267363,2026-10-01,INDI
1,-6.095832371991388e-05,2026-10-01,INFY
2,-0.0007569790598122127,2026-10-01,INFY
3,0.0028906868089348765,2026-10-01,INFY
4,0.0016262369598612502,2026-10-01,INFY
5,0.00024232298239009302,2026-10-01,INFY
6,0.005040276631137018,2026-10-01,INFY
7,0.004563561460983852,2026-10-01,INFY
8,0.00022337058628773036,2026-10-01,INFY
9,0.0033776396268722616,2026-10-01,INFY
10,-0.001439574351700111,2026-10-01,INFY
11,0.003035276501314251,2026-10-01,INFY
12,0.005687646861076472,2026-10-01,INFY
13,0.005039736429915714,2026-10-01,INFY
14,0.0004692652313576236,2026-10-01,INFY
1,0.0005255772156772626,2026-10-01,ING
2,-5.4855805696146135e-05,2026-10-01,ING
3,0.0019407573528335258,2026-10-01,ING
4,0.0005368079383478723,2026-10-01,ING
5,0.001595425912090324,2026-10-01,ING
6,0.003765549158782188,2026-10-01,ING
7,0.0027216596946807417,2026-10-01,ING
8,0.00039856760337995695,2026-10-01,ING
9,0.0015278901939331764,2026-10-01,ING
10,-0.0007320693276769281,2026-10-01,ING
11,0.0065936808817382425,2026-10-01,ING
12,0.003376053922003425,2026-10-01,ING
13,0.008311585189200462,2026-10-01,ING
14,-0.002318831934670501,2026-10-01,ING
1,0.0019215398479442624,2026-10-01,INMD
2,0.003353587418038744,2026-10-01,INMD
3,-0.002929002070760994,2026-10-01,INMD
4,-0.005125378431803038,2026-10-01,INMD
5,-0.007450225139001838,2026-10-01,INMD
6,-0.0019735640385880973,2026-10-01,INMD
7,-0.003524966622104435,2026-10-01,INMD
8,-0.001586517633252835,2026-10-01,INMD
9,-0.0019340430200827186,2026-10-01,INMD
10,0.00010398818659985187,2026-10-01,INMD
11,-0.007242260938882597,2026-10-01,INMD
12,0.003040140543390978,2026-10-01,INMD
13,0.004461793194790743,2026-10-01,INMD
14,0.004973506994738065,2026-10-01,INMD
1,0.0011422443218051536,2026-10-01,INSM
2,0.0029698723636385114,2026-10-01,INSM
3,-0.003002153538095354,2026-10-01,INSM
4,-0.004249450968715376,2026-10-01,INSM
5,-0.004092192052035404,2026-10-01,INSM
6,0.001106844191327304,2026-10-01,INSM
7,-0.0026989116991479505,2026-10-01,INSM
8,0.0037523265632977173,2026-10-01,INSM
9,-0.0008973478400431253,2026-10-01,INSM
10,0.00168781500374552,2026-10-01,INSM
11,-0.001429541563360604,2026-10-01,INSM
12,0.00487628532322859,2026-10-01,INSM
13,0.002185519822391856,2026-10-01,INSM
14,0.006206861571494669,2026-10-01,INSM
1,0.0012661678402902633,2026-10-01,INTC
2,0.0003655254841384024,2026-10-01,INTC
3,0.0021615095040688876,2026-10-01,INTC
4,0.0012979226337404876,2026-10-01,INTC
5,0.0025218198399412787,2026-10-01,INTC
6,0.004172028546715269,2026-10-01,INTC
7,0.0024896611554343483,2026-10-01,INTC
8,0.003480580944254338,2026-10-01,INTC
9,-0.0006108738535423934,2026-10-01,INTC
10,-0.0038192015587674055,2026-10-01,INTC
11,-0.002586308954902268,2026-10-01,INTC
12,0.002271379975213907,2026-10-01,INTC
13,0.003614592732842297,2026-10-01,INTC
14,-0.0007090715961702484,2026-10-01,INTC
1,0.001419576639191151,2026-10-01,INTR
2,0.003224618329237481,2026-10-01,INTR
3,-0.003326060613317399,2026-10-01,INTR
4,-0.0036962991963546943,2026-10-01,INTR
5,-0.005247697616224422,2026-10-01,INTR
6,-0.0009463589510928396,2026-10-01,INTR
7,-0.00038287025863890885,2026-10-01,INTR
8,0.002336046774020858,2026-10-01,INTR
9,-0.002376864162871857,2026-10-01,INTR
10,0.004705697620708102,2026-10-01,INTR
11,-0.0038755272963402324,2026-10-01,INTR
12,0.0012507498342886189,2026-10-01,INTR
13,0.008977407227974993,2026-10-01,INTR
14,0.0047355705580158555,2026-10-01,INTR
1,0.0008500260832331489,2026-10-01,INTU
2,0.00015789456378499723,2026-10-01,INTU
3,0.0009716998827315255,2026-10-01,INTU
4,0.003393105393093131,2026-10-01,INTU
5,0.002826829698771549,2026-10-01,INTU
6,0.005985088239024339,2026-10-01,INTU
7,0.0037205756164929668,2026-10-01,INTU
8,-0.001046829493797621,2026-10-01,INTU
9,0.003384594200678258,2026-10-01,INTU
10,-0.003128312761345586,2026-10-01,INTU
11,-0.00034830377118263923,2026-10-01,INTU
12,-0.001919624801836304,2026-10-01,INTU
13,0.005097711669235539,2026-10-01,INTU
14,-0.0014240629490836771,2026-10-01,INTU
1,-0.0010643497568045557,2026-10-01,INVH
2,-0.002110687132012654,2026-10-01,INVH
3,0.002281479012260839,2026-10-01,INVH
4,-0.0029279977577507652,2026-10-01,INVH
5,-0.0014079651772182862,2026-10-01,INVH
6,-0.004448367629085258,2026-10-01,INVH
7,-0.0005048501893277822,2026-10-01,INVH
8,0.00047711206298525056,2026-10-01,INVH
9,-0.0016515687098387554,2026-10-01,INVH
10,0.0003501569688995745,2026-10-01,INVH
11,0.0032395402208253896,2026-10-01,INVH
12,-0.003407798241472327,2026-10-01,INVH
13,-0.008961953638860558,2026-10-01,INVH
14,-0.003463535800270729,2026-10-01,INVH
1,0.0006052747643912574,2026-10-01,IONQ
2,0.0054764172081472095,2026-10-01,IONQ
3,-0.005811741266956878,2026-10-01,IONQ
4,-0.004741898795699086,2026-10-01,IONQ
5,-0.01042538313281087,2026-10-01,IONQ
6,-0.003960057568575022,2026-10-01,IONQ
7,-0.001629159383407602,2026-10-01,IONQ
8,-0.00019645483231157,2026-10-01,IONQ
9,-0.002108592993493048,2026-10-01,IONQ
10,0.0037278884384779644,2026-10-01,IONQ
11,-0.010909709957796563,2026-10-01,IONQ
12,0.00313093392218854,2026-10-01,IONQ
13,0.0003702259188008253,2026-10-01,IONQ
14,0.009692222350192087,2026-10-01,IONQ
1,0.0014452775714737802,2026-10-01,IONS
2,0.0032037627028422295,2026-10-01,IONS
3,-0.00309878795614373,2026-10-01,IONS
4,-0.004111248147721626,2026-10-01,IONS
5,-0.004280983741605728,2026-10-01,IONS
6,-0.004128734856926615,2026-10-01,IONS
7,0.006296909170071791,2026-10-01,IONS
8,0.0020694432320660723,2026-10-01,IONS
9,-0.0039506628015550235,2026-10-01,IONS
10,0.002419558778260076,2026-10-01,IONS
11,-0.002975510364258879,2026-10-01,IONS
12,0.004016129514470964,2026-10-01,IONS
13,0.006294829096052709,2026-10-01,IONS
14,0.012173413486338984,2026-10-01,IONS
1,-0.0017379998134147735,2026-10-01,IOT
2,-0.002888850534542743,2026-10-01,IOT
3,0.0038699870429109266,2026-10-01,IOT
4,-0.001665517781373771,2026-10-01,IOT
5,-1.9333224264794977e-05,2026-10-01,IOT
6,-0.0050762199232329604,2026-10-01,IOT
7,-0.008342345901618791,2026-10-01,IOT
8,0.004072757439858039,2026-10-01,IOT
9,-0.0003529104859751229,2026-10-01,IOT
10,0.0031188497159592,2026-10-01,IOT
11,0.0010331713056966228,2026-10-01,IOT
12,-0.001992559263764208,2026-10-01,IOT
13,-0.006935516632371137,2026-10-01,IOT
14,-0.002914111816501848,2026-10-01,IOT
1,0.001393790862445704,2026-10-01,IOVA
2,0.00509613373533828,2026-10-01,IOVA
3,-0.003608985723110839,2026-10-01,IOVA
4,-0.005586695695435059,2026-10-01,IOVA
5,-0.010730897900274879,2026-10-01,IOVA
6,-0.0005602827154267563,2026-10-01,IOVA
7,-0.00332484093498343,2026-10-01,IOVA
8,0.0005662606917104733,2026-10-01,IOVA
9,-0.0031446683683699927,2026-10-01,IOVA
10,-0.0007229497153872625,2026-10-01,IOVA
11,-0.011293934173435865,2026-10-01,IOVA
12,0.003403471532543729,2026-10-01,IOVA
13,0.0070824205458916425,2026-10-01,IOVA
14,-0.00017275823814388435,2026-10-01,IOVA
1,-0.00044544871017483255,2026-10-01,IP
2,-0.0009608336284833026,2026-10-01,IP
3,0.002921607752250243,2026-10-01,IP
4,-0.002721830428769526,2026-10-01,IP
5,-0.0009304897036694038,2026-10-01,IP
6,-0.00446391838968184,2026-10-01,IP
7,-0.006932705103944006,2026-10-01,IP
8,0.0013101716933165996,2026-10-01,IP
9,-0.004088141558294157,2026-10-01,IP
10,-2.9986684419696597e-05,2026-10-01,IP
11,0.0006414845518529941,2026-10-01,IP
12,-0.002215279034489373,2026-10-01,IP
13,-0.006681014892850354,2026-10-01,IP
14,-0.0015852635861131352,2026-10-01,IP
1,0.0012483343350459166,2026-10-01,IQ
2,0.0057887014127087685,2026-10-01,IQ
3,-0.006061120249243691,2026-10-01,IQ
4,-0.002703359404152158,2026-10-01,IQ
5,-0.0072660978879204394,2026-10-01,IQ
6,-0.004047076437461379,2026-10-01,IQ
7,-0.002933681373581139,2026-10-01,IQ
8,0.003001004738120823,2026-10-01,IQ
9,-0.0035559423923388826,2026-10-01,IQ
10,0.0041728050527055326,2026-10-01,IQ
11,-0.0023996651491689273,2026-10-01,IQ
12,0.00641448190831666,2026-10-01,IQ
13,0.0076972073154608096,2026-10-01,IQ
14,0.0031022107934392472,2026-10-01,IQ
1,-0.0009367728531325076,2026-10-01,IQV
2,-0.0006755166372324698,2026-10-01,IQV
3,0.003824383069198165,2026-10-01,IQV
4,-0.0011316278524018146,2026-10-01,IQV
5,-0.0015808216563487627,2026-10-01,IQV
6,-0.0028450461045198398,2026-10-01,IQV
7,-0.004632846171337361,2026-10-01,IQV
8,0.0022906006880239263,2026-10-01,IQV
9,-0.0005864471384623211,2026-10-01,IQV
10,0.003758657099063771,2026-10-01,IQV
11,0.0022991604016006045,2026-10-01,IQV
12,-0.00027709823077451737,2026-10-01,IQV
13,-0.004770777674976977,2026-10-01,IQV
14,-0.0024975957279351137,2026-10-01,IQV
1,0.00025823769219148433,2026-10-01,IR
2,0.0006482908150471498,2026-10-01,IR
3,0.003348839085778997,2026-10-01,IR
4,0.0005849072423116983,2026-10-01,IR
5,0.0021719455264442764,2026-10-01,IR
6,0.0034421000146841875,2026-10-01,IR
7,0.0057128941636324935,2026-10-01,IR
8,7.55979735731656e-05,2026-10-01,IR
9,0.0007576008267080324,2026-10-01,IR
10,-0.0005025437923719192,2026-10-01,IR
11,0.0030114093863831785,2026-10-01,IR
12,0.0032101317692270408,2026-10-01,IR
13,0.004034288261308374,2026-10-01,IR
14,-0.00110911298298746,2026-10-01,IR
1,0.0016709557203313462,2026-10-01,IRDM
2,0.003564277653593133,2026-10-01,IRDM
3,-0.006584507172513762,2026-10-01,IRDM
4,-0.004215397397347087,2026-10-01,IRDM
5,-0.0074807891127122205,2026-10-01,IRDM
6,-0.0014401006302127374,2026-10-01,IRDM
7,-0.002873623158626115,2026-10-01,IRDM
8,-0.0029792491564610752,2026-10-01,IRDM
9,-0.00025133758075641846,2026-10-01,IRDM
10,0.002180242278724593,2026-10-01,IRDM
11,-0.006148103972318175,2026-10-01,IRDM
12,0.0028903137522295038,2026-10-01,IRDM
13,0.0016708785417819548,2026-10-01,IRDM
14,0.004674945429909728,2026-10-01,IRDM
1,0.001065474416973642,2026-10-01,IREN
2,0.007839522048440626,2026-10-01,IREN
3,-0.0005640816470101866,2026-10-01,IREN
4,-0.0017869844066115228,2026-10-01,IREN
5,-0.004350757258032059,2026-10-01,IREN
6,-0.0008194348222588133,2026-10-01,IREN
7,-0.001340668211134143,2026-10-01,IREN
8,0.004777127697573738,2026-10-01,IREN
9,0.002120832810834591,2026-10-01,IREN
10,-0.0013608927108471488,2026-10-01,IREN
11,-0.012260722006368005,2026-10-01,IREN
12,0.01858292514871144,2026-10-01,IREN
13,0.002854907199801353,2026-10-01,IREN
14,0.004740040465540409,2026-10-01,IREN
1,-0.00041447350744064007,2026-10-01,IRM
2,-0.0005970665458974467,2026-10-01,IRM
3,0.0014104592231312038,2026-10-01,IRM
4,-0.0032043903493715995,2026-10-01,IRM
5,-0.002031335531419737,2026-10-01,IRM
6,-0.005738647552214507,2026-10-01,IRM
7,-0.0032044609822543127,2026-10-01,IRM
8,0.002808070047674667,2026-10-01,IRM
9,-0.003354739565335309,2026-10-01,IRM
10,0.0010100620550353957,2026-10-01,IRM
11,0.002099149247206285,2026-10-01,IRM
12,-0.0008775884505009019,2026-10-01,IRM
13,-0.006286939809913965,2026-10-01,IRM
14,-0.0014285381753128075,2026-10-01,IRM
1,0.0019391023336649907,2026-10-01,IRT
2,0.004141467546370519,2026-10-01,IRT
3,-0.004670892200689554,2026-10-01,IRT
4,-0.003692008873257615,2026-10-01,IRT
5,-0.004954145817958022,2026-10-01,IRT
6,-0.0017897893807476578,2026-10-01,IRT
7,-0.0005710950169228078,2026-10-01,IRT
8,-0.0008027815362185372,2026-10-01,IRT
9,-6.237344439568669e-05,2026-10-01,IRT
10,-0.0007968420611209451,2026-10-01,IRT
11,-0.0038604481215970448,2026-10-01,IRT
12,0.0021603138097509075,2026-10-01,IRT
13,0.006449792528476773,2026-10-01,IRT
14,0.00739175127346423,2026-10-01,IRT
1,0.0015566710630150289,2026-10-01,IRWD
2,0.002788974809153133,2026-10-01,IRWD
3,-0.0030599292241244606,2026-10-01,IRWD
4,-0.003950488056686364,2026-10-01,IRWD
5,-0.006034747924980222,2026-10-01,IRWD
6,-0.0012213920459942273,2026-10-01,IRWD
7,0.0018116286114225443,2026-10-01,IRWD
8,0.0010900215276309897,2026-10-01,IRWD
9,-0.0005925827172547971,2026-10-01,IRWD
10,0.005021737841387038,2026-10-01,IRWD
11,-0.005538213067347139,2026-10-01,IRWD
12,0.00397369519170218,2026-10-01,IRWD
13,0.004617472917111607,2026-10-01,IRWD
14,0.010665954412915676,2026-10-01,IRWD
1,0.000541114254319294,2026-10-01,ISRG
2,0.00019333861701995676,2026-10-01,ISRG
3,0.0008165520089488384,2026-10-01,ISRG
4,-1.0747608932810065e-05,2026-10-01,ISRG
5,0.0016664003392103676,2026-10-01,ISRG
6,0.0037202917059917942,2026-10-01,ISRG
7,0.0026372227201879876,2026-10-01,ISRG
8,0.0004162019364874332,2026-10-01,ISRG
9,0.0035588794953590637,2026-10-01,ISRG
10,-0.0024929030558060927,2026-10-01,ISRG
11,0.004822097842506399,2026-10-01,ISRG
12,0.004868214105390823,2026-10-01,ISRG
13,0.0031892964784332243,2026-10-01,ISRG
14,-0.00018055960904924206,2026-10-01,ISRG
1,0.001246026646911476,2026-10-01,ITRI
2,0.004719014837199663,2026-10-01,ITRI
3,-0.004705547366776925,2026-10-01,ITRI
4,-0.0039408202527172805,2026-10-01,ITRI
5,-0.004607045352990671,2026-10-01,ITRI
6,0.00026304193709178757,2026-10-01,ITRI
7,-0.0007592246956060931,2026-10-01,ITRI
8,-0.002530886439248438,2026-10-01,ITRI
9,0.0016091739730376034,2026-10-01,ITRI
10,0.0008846207933678533,2026-10-01,ITRI
11,-0.004090837926990117,2026-10-01,ITRI
12,0.005213268281562688,2026-10-01,ITRI
13,0.003994321485082286,2026-10-01,ITRI
14,0.006568455277388281,2026-10-01,ITRI
1,0.00015195842997899712,2026-10-01,ITW
2,0.0006473383599562182,2026-10-01,ITW
3,0.0009465692643734205,2026-10-01,ITW
4,0.0012433511995067264,2026-10-01,ITW
5,0.0032429267299493724,2026-10-01,ITW
6,0.0038596896617989203,2026-10-01,ITW
7,0.0040388656086189426,2026-10-01,ITW
8,-0.0002502142578911854,2026-10-01,ITW
9,0.003342000966845429,2026-10-01,ITW
10,-0.001619229633685462,2026-10-01,ITW
11,0.0039138010625878565,2026-10-01,ITW
12,0.005581679947500997,2026-10-01,ITW
13,0.0038267433608198285,2026-10-01,ITW
14,0.001044001102559481,2026-10-01,ITW
1,0.003185448701448195,2026-10-01,IVZ
2,0.00359321506306876,2026-10-01,IVZ
3,-0.0019858650864072133,2026-10-01,IVZ
4,-0.004320585336244887,2026-10-01,IVZ
5,-0.006785382006201115,2026-10-01,IVZ
6,-0.0010738010678629855,2026-10-01,IVZ
7,9.031703537755377e-05,2026-10-01,IVZ
8,0.002018451732165065,2026-10-01,IVZ
9,-0.0001569645911671848,2026-10-01,IVZ
10,0.003296170705576959,2026-10-01,IVZ
11,-0.007332189332922609,2026-10-01,IVZ
12,-0.00014949007938592276,2026-10-01,IVZ
13,0.005416492209541193,2026-10-01,IVZ
14,0.006522121726192309,2026-10-01,IVZ
1,0.0007953901169546372,2026-10-01,JAZZ
2,0.003286439027966449,2026-10-01,JAZZ
3,-0.0011906389367364767,2026-10-01,JAZZ
4,-0.0030824892155107346,2026-10-01,JAZZ
5,-0.0021354216295120148,2026-10-01,JAZZ
6,0.0005169131871169196,2026-10-01,JAZZ
7,0.004870865747859719,2026-10-01,JAZZ
8,3.22943943433301e-05,2026-10-01,JAZZ
9,-0.004756957530899714,2026-10-01,JAZZ
10,-0.0009922512661305872,2026-10-01,JAZZ
11,-0.0026337935187723273,2026-10-01,JAZZ
12,0.0030435890746549556,2026-10-01,JAZZ
13,0.009113525304880453,2026-10-01,JAZZ
14,0.009361720418545352,2026-10-01,JAZZ
1,-0.0005020103798091702,2026-10-01,JBHT
2,-0.0005035244319579906,2026-10-01,JBHT
3,0.006853324387791901,2026-10-01,JBHT
4,-0.0019698483239067865,2026-10-01,JBHT
5,0.00038411874115991347,2026-10-01,JBHT
6,-0.00462882698252482,2026-10-01,JBHT
7,-0.0018423860157332527,2026-10-01,JBHT
8,0.0010334125989650467,2026-10-01,JBHT
9,-0.0012514171600837625,2026-10-01,JBHT
10,0.0054929338781592955,2026-10-01,JBHT
11,0.006258668950692574,2026-10-01,JBHT
12,-0.0012867992708954432,2026-10-01,JBHT
13,-0.0036256199448189167,2026-10-01,JBHT
14,0.0026086516183518502,2026-10-01,JBHT
1,0.001870691468624744,2026-10-01,JBI
2,0.0033423216872901134,2026-10-01,JBI
3,-0.004734399698710246,2026-10-01,JBI
4,-0.00313501459173573,2026-10-01,JBI
5,-0.003760793895069672,2026-10-01,JBI
6,0.0006788700864801755,2026-10-01,JBI
7,0.00034743885457378103,2026-10-01,JBI
8,-0.002112827065231052,2026-10-01,JBI
9,-0.0007971192252394558,2026-10-01,JBI
10,-0.0004502148405762205,2026-10-01,JBI
11,-0.005158039324608543,2026-10-01,JBI
12,0.0007398324448816481,2026-10-01,JBI
13,0.007793057645193421,2026-10-01,JBI
14,0.007190644479765067,2026-10-01,JBI
1,0.00041137905290393093,2026-10-01,JBL
2,0.003986636334180963,2026-10-01,JBL
3,-0.00437532132343657,2026-10-01,JBL
4,-0.0011744335614540325,2026-10-01,JBL
5,-0.0029104187003261488,2026-10-01,JBL
6,-0.0006441093105098205,2026-10-01,JBL
7,0.00028975435003479654,2026-10-01,JBL
8,0.0034137133952283657,2026-10-01,JBL
9,0.0015527729674252426,2026-10-01,JBL
10,0.0022879197981789316,2026-10-01,JBL
11,0.006942098097660611,2026-10-01,JBL
12,0.002715315944518543,2026-10-01,JBL
13,0.007211951472921113,2026-10-01,JBL
14,0.005928375285585589,2026-10-01,JBL
1,0.0014964524901457887,2026-10-01,JBLU
2,0.005638608513258307,2026-10-01,JBLU
3,-0.006100134415042201,2026-10-01,JBLU
4,-0.0015367700129785492,2026-10-01,JBLU
5,-0.003930346333488213,2026-10-01,JBLU
6,0.0024123139817446926,2026-10-01,JBLU
7,0.0018536044487713374,2026-10-01,JBLU
8,1.459522891696811e-05,2026-10-01,JBLU
9,-0.0026310079827865235,2026-10-01,JBLU
10,-0.0001663067024650301,2026-10-01,JBLU
11,-0.003670563539320945,2026-10-01,JBLU
12,0.0036459279986757053,2026-10-01,JBLU
13,0.001459727164126702,2026-10-01,JBLU
14,0.007767409900905461,2026-10-01,JBLU
1,0.0005430865556008996,2026-10-01,JCI
2,0.0001801043170108922,2026-10-01,JCI
3,0.0031530547494425802,2026-10-01,JCI
4,0.0017746719821391313,2026-10-01,JCI
5,0.0008375272370343655,2026-10-01,JCI
6,0.0034277940917394265,2026-10-01,JCI
7,0.004554719613297294,2026-10-01,JCI
8,-0.0005505391642527303,2026-10-01,JCI
9,-0.0007151585492848296,2026-10-01,JCI
10,-0.0006836790984106412,2026-10-01,JCI
11,0.0031295790075781442,2026-10-01,JCI
12,0.0036051458545381617,2026-10-01,JCI
13,0.004786056706081428,2026-10-01,JCI
14,-0.002051333639188309,2026-10-01,JCI
1,-0.00116224987473208,2026-10-01,JD
2,-0.0008387549253929818,2026-10-01,JD
3,0.0017700130082489852,2026-10-01,JD
4,-0.0007709502674271678,2026-10-01,JD
5,-0.00117233265987859,2026-10-01,JD
6,-0.0037514996053498763,2026-10-01,JD
7,-0.0039030474095443613,2026-10-01,JD
8,0.0018044503056034152,2026-10-01,JD
9,-0.0017990158277811934,2026-10-01,JD
10,0.002811318398314834,2026-10-01,JD
11,0.003871805354911635,2026-10-01,JD
12,-0.00026186729715666103,2026-10-01,JD
13,-0.004498379151324347,2026-10-01,JD
14,-0.00043257606062730683,2026-10-01,JD
1,0.0005446055883466392,2026-10-01,JNJ
2,0.00043448076719230995,2026-10-01,JNJ
3,0.001915166683993406,2026-10-01,JNJ
4,0.0006339156743380499,2026-10-01,JNJ
5,0.0011891947664661605,2026-10-01,JNJ
6,0.0038950415149572194,2026-10-01,JNJ
7,0.003702079519333681,2026-10-01,JNJ
8,0.0005669232121979294,2026-10-01,JNJ
9,0.005670445627484108,2026-10-01,JNJ
10,-0.0015689050460380518,2026-10-01,JNJ
11,0.0034182156755833623,2026-10-01,JNJ
12,0.0042587205439950215,2026-10-01,JNJ
13,0.007401547552846409,2026-10-01,JNJ
14,0.0024858582198764778,2026-10-01,JNJ
1,0.0009405274781489237,2026-10-01,JOBY
2,0.003608290598249458,2026-10-01,JOBY
3,-0.0023677331634468068,2026-10-01,JOBY
4,-0.0010131748230333235,2026-10-01,JOBY
5,-0.00855682325007429,2026-10-01,JOBY
6,-0.003982873402094895,2026-10-01,JOBY
7,-0.0035964626033373323,2026-10-01,JOBY
8,-0.001096220317659711,2026-10-01,JOBY
9,-0.0024951598251655616,2026-10-01,JOBY
10,-0.0003061013676279968,2026-10-01,JOBY
11,-0.007376049535859661,2026-10-01,JOBY
12,0.0025068253479073356,2026-10-01,JOBY
13,0.005005364515600139,2026-10-01,JOBY
14,0.0068938779787013705,2026-10-01,JOBY
1,0.0008881714127189747,2026-10-01,JPM
2,-0.0007096204699330119,2026-10-01,JPM
3,0.0013464494975892797,2026-10-01,JPM
4,0.0014037006336946076,2026-10-01,JPM
5,-0.000553751539587616,2026-10-01,JPM
6,0.003870569425044247,2026-10-01,JPM
7,0.004696371971180966,2026-10-01,JPM
8,-0.0007911720259159786,2026-10-01,JPM
9,0.0012520470930656865,2026-10-01,JPM
10,-0.002841072970135827,2026-10-01,JPM
11,0.002033821271210232,2026-10-01,JPM
12,0.003209002922124841,2026-10-01,JPM
13,0.006533332871499724,2026-10-01,JPM
14,-0.00012811154122254997,2026-10-01,JPM
1,0.0011963549901468538,2026-10-01,KBH
2,0.004824690705519657,2026-10-01,KBH
3,-0.004825618488080498,2026-10-01,KBH
4,-0.0035470032816619906,2026-10-01,KBH
5,-0.006257079627343951,2026-10-01,KBH
6,-0.0006747595213091918,2026-10-01,KBH
7,-0.0006116596528160644,2026-10-01,KBH
8,-0.0019862303163302665,2026-10-01,KBH
9,-0.002527152669117149,2026-10-01,KBH
10,0.005737449100680885,2026-10-01,KBH
11,-0.0030693223693912014,2026-10-01,KBH
12,0.007552475573740642,2026-10-01,KBH
13,0.0004499627066418708,2026-10-01,KBH
14,0.011023672454237778,2026-10-01,KBH
1,-0.0018293546312668923,2026-10-01,KDP
2,-0.0021107563302900662,2026-10-01,KDP
3,0.0036732758107640906,2026-10-01,KDP
4,-0.003204340600986848,2026-10-01,KDP
5,-0.0007316757752434081,2026-10-01,KDP
6,-0.005178431518277039,2026-10-01,KDP
7,-0.00416366518308338,2026-10-01,KDP
8,0.0005953186353176295,2026-10-01,KDP
9,-0.002239608127638359,2026-10-01,KDP
10,0.00203790628617243,2026-10-01,KDP
11,0.0019304916696830014,2026-10-01,KDP
12,-0.002924273991579572,2026-10-01,KDP
13,-0.005488506403090201,2026-10-01,KDP
14,-0.0037514828910102634,2026-10-01,KDP
1,0.0011502969131886546,2026-10-01,KEY
2,0.0034590280946043875,2026-10-01,KEY
3,-0.005266734764430663,2026-10-01,KEY
4,-0.002785857473595714,2026-10-01,KEY
5,-0.006110173078772496,2026-10-01,KEY
6,-0.0008111025363286235,2026-10-01,KEY
7,-0.00035872782044129035,2026-10-01,KEY
8,0.004330312267174556,2026-10-01,KEY
9,-0.0029073949090197395,2026-10-01,KEY
10,0.00041774346146659024,2026-10-01,KEY
11,-0.0019293240384665226,2026-10-01,KEY
12,0.0031702743835781973,2026-10-01,KEY
13,0.00647763812873975,2026-10-01,KEY
14,0.005955122850913482,2026-10-01,KEY
1,0.00012497227985455058,2026-10-01,KEYS
2,-2.30479112534053e-05,2026-10-01,KEYS
3,0.0031257777988473274,2026-10-01,KEYS
4,-0.0005146163386666126,2026-10-01,KEYS
5,-0.000803858971621355,2026-10-01,KEYS
6,-0.003740866684804347,2026-10-01,KEYS
7,-0.00432740938069095,2026-10-01,KEYS
8,-0.0004529929350103725,2026-10-01,KEYS
9,-0.0005333449641186208,2026-10-01,KEYS
10,0.0034691876871602192,2026-10-01,KEYS
11,0.0013133266028609873,2026-10-01,KEYS
12,-0.0020642448863301137,2026-10-01,KEYS
13,-0.007209892106202141,2026-10-01,KEYS
14,-0.0027940980844442438,2026-10-01,KEYS
1,0.0012628280386120852,2026-10-01,KGC
2,0.004991173935237103,2026-10-01,KGC
3,-0.00340996298753239,2026-10-01,KGC
4,0.00028573472511141807,2026-10-01,KGC
5,-0.0006956368097008008,2026-10-01,KGC
6,0.00071762858999186,2026-10-01,KGC
7,-0.000684018604045793,2026-10-01,KGC
8,0.00762356136911124,2026-10-01,KGC
9,0.00409687985360528,2026-10-01,KGC
10,0.005670350249060541,2026-10-01,KGC
11,-0.004311745120568081,2026-10-01,KGC
12,0.004918614278590443,2026-10-01,KGC
13,0.006501139885799474,2026-10-01,KGC
14,0.006862880367222991,2026-10-01,KGC
1,-0.0012139936299809442,2026-10-01,KHC
2,-0.0015381749932792575,2026-10-01,KHC
3,0.003906406661406583,2026-10-01,KHC
4,-0.0020579857885481235,2026-10-01,KHC
5,0.0014241228088783691,2026-10-01,KHC
6,-0.002456692427498975,2026-10-01,KHC
7,-0.0037257360170434473,2026-10-01,KHC
8,-0.00016157913491160982,2026-10-01,KHC
9,-0.004514801848019011,2026-10-01,KHC
10,0.001808045657684818,2026-10-01,KHC
11,0.0022025068307440655,2026-10-01,KHC
12,-0.002374451534513105,2026-10-01,KHC
13,-0.004761138670628308,2026-10-01,KHC
14,-0.0021890967380210477,2026-10-01,KHC
1,-0.0010696955559856905,2026-10-01,KIM
2,-0.001428178182739558,2026-10-01,KIM
3,0.0017322738222581905,2026-10-01,KIM
4,-0.0006720323500638179,2026-10-01,KIM
5,-0.0015585115046235119,2026-10-01,KIM
6,-0.0044818232181497684,2026-10-01,KIM
7,-0.0024070087701537957,2026-10-01,KIM
8,0.0029737816712112567,2026-10-01,KIM
9,-0.001905378998350964,2026-10-01,KIM
10,0.002529828949719992,2026-10-01,KIM
11,0.0019489719470764642,2026-10-01,KIM
12,-0.0018097487048404947,2026-10-01,KIM
13,-0.008758988132510036,2026-10-01,KIM
14,-0.002810323312482408,2026-10-01,KIM
1,0.0011074262743352506,2026-10-01,KKR
2,4.469520164485331e-05,2026-10-01,KKR
3,0.0014566785878288545,2026-10-01,KKR
4,0.001165486369119248,2026-10-01,KKR
5,0.0033144993769399418,2026-10-01,KKR
6,0.0029858219062618313,2026-10-01,KKR
7,0.0019392255967701137,2026-10-01,KKR
8,0.0024382852665083047,2026-10-01,KKR
9,0.0037975976912544996,2026-10-01,KKR
10,-0.0035448009793002722,2026-10-01,KKR
11,0.008748233082682574,2026-10-01,KKR
12,0.00531054129230843,2026-10-01,KKR
13,0.007536473135742792,2026-10-01,KKR
14,0.0015590666535982888,2026-10-01,KKR
1,0.0012302904740621682,2026-10-01,KLAC
2,0.00039314473728122956,2026-10-01,KLAC
3,0.0012266090144332855,2026-10-01,KLAC
4,-0.0006030968432430652,2026-10-01,KLAC
5,0.0028303281706410794,2026-10-01,KLAC
6,0.0037765684612502525,2026-10-01,KLAC
7,0.0062226068530365905,2026-10-01,KLAC
8,7.90607541665595e-05,2026-10-01,KLAC
9,0.0015612086086239734,2026-10-01,KLAC
10,-0.003302299655363392,2026-10-01,KLAC
11,0.0012315774931134073,2026-10-01,KLAC
12,0.0034226572189388973,2026-10-01,KLAC
13,0.006014263348822033,2026-10-01,KLAC
14,-0.0005036782114298007,2026-10-01,KLAC
1,-0.0020299522811667078,2026-10-01,KMB
2,-0.0015443202083776253,2026-10-01,KMB
3,0.003752988113968414,2026-10-01,KMB
4,-0.0018705391307081254,2026-10-01,KMB
5,-0.000637677804629935,2026-10-01,KMB
6,-0.005334030864286093,2026-10-01,KMB
7,-0.005962809463915758,2026-10-01,KMB
8,5.0796411674600015e-05,2026-10-01,KMB
9,-0.0039059021379620495,2026-10-01,KMB
10,0.0008553907256193818,2026-10-01,KMB
11,-5.546694950158579e-05,2026-10-01,KMB
12,-0.00029007866928697104,2026-10-01,KMB
13,-0.0024109129423257993,2026-10-01,KMB
14,0.000367889523798915,2026-10-01,KMB
1,-0.0015126615779463936,2026-10-01,KMI
2,-0.002199627243943977,2026-10-01,KMI
3,0.0034278139704403926,2026-10-01,KMI
4,0.0006402402091007771,2026-10-01,KMI
5,-0.0031416548094531645,2026-10-01,KMI
6,-0.004420890173922567,2026-10-01,KMI
7,-0.005408681321540483,2026-10-01,KMI
8,0.002938361762295042,2026-10-01,KMI
9,-0.002936302219991769,2026-10-01,KMI
10,0.0015856865488814574,2026-10-01,KMI
11,0.003797500150648171,2026-10-01,KMI
12,-0.00026221983392648115,2026-10-01,KMI
13,-0.006372789630624947,2026-10-01,KMI
14,-0.00162365827688557,2026-10-01,KMI
1,0.001869855481019478,2026-10-01,KMX
2,0.004397764370903246,2026-10-01,KMX
3,-0.0032003514677625727,2026-10-01,KMX
4,-0.0022584861135711825,2026-10-01,KMX
5,-0.008413798005974239,2026-10-01,KMX
6,-0.004009185775400198,2026-10-01,KMX
7,-0.0010316452135651472,2026-10-01,KMX
8,-0.0013632446619154647,2026-10-01,KMX
9,-0.0009946890158946573,2026-10-01,KMX
10,-0.0020173562918239583,2026-10-01,KMX
11,-0.008839367361795447,2026-10-01,KMX
12,0.004374182464013156,2026-10-01,KMX
13,0.008477514826620973,2026-10-01,KMX
14,0.0033910050194376367,2026-10-01,KMX
1,-0.00029673537922873713,2026-10-01,KNX
2,-0.0008047082089746155,2026-10-01,KNX
3,0.004276392999559133,2026-10-01,KNX
4,-0.002149074556393444,2026-10-01,KNX
5,-0.0029534294455792662,2026-10-01,KNX
6,-0.005241021611051801,2026-10-01,KNX
7,-0.003266121010978532,2026-10-01,KNX
8,0.0014256164519969377,2026-10-01,KNX
9,-0.0001160710781312006,2026-10-01,KNX
10,0.004783232358551874,2026-10-01,KNX
11,0.0021809837356299125,2026-10-01,KNX
12,-0.0009343667455341164,2026-10-01,KNX
13,-0.0005886475951591794,2026-10-01,KNX
14,0.002394555333498794,2026-10-01,KNX
1,0.0005681731073419658,2026-10-01,KO
2,0.00029948133621006303,2026-10-01,KO
3,0.0011625951279338,2026-10-01,KO
4,0.0001442067189050044,2026-10-01,KO
5,0.00041747735356175504,2026-10-01,KO
6,0.0028655191944481533,2026-10-01,KO
7,0.0029811174491931485,2026-10-01,KO
8,0.000334662480927068,2026-10-01,KO
9,0.001401906115058196,2026-10-01,KO
10,-0.002164664580655771,2026-10-01,KO
11,0.0020609708405957276,2026-10-01,KO
12,0.003587506843136693,2026-10-01,KO
13,0.0054573213380182594,2026-10-01,KO
14,8.18251782488489e-06,2026-10-01,KO
1,0.0005850544337531253,2026-10-01,KOS
2,0.005017067917670649,2026-10-01,KOS
3,-0.005232206300589847,2026-10-01,KOS
4,-0.004477593021564912,2026-10-01,KOS
5,-0.005053830026905715,2026-10-01,KOS
6,0.0020677748967226793,2026-10-01,KOS
7,-0.00321935292132995,2026-10-01,KOS
8,0.005476907205827882,2026-10-01,KOS
9,-0.00705523169537133,2026-10-01,KOS
10,0.00502534366374692,2026-10-01,KOS
11,-0.006085334660248268,2026-10-01,KOS
12,0.004093405208332785,2026-10-01,KOS
13,0.007077253590921019,2026-10-01,KOS
14,0.004287115216488587,2026-10-01,KOS
1,-0.0011446010218963468,2026-10-01,KR
2,-0.0008999539361752363,2026-10-01,KR
3,0.004005780035707571,2026-10-01,KR
4,-0.0012428201371349201,2026-10-01,KR
5,0.0022820556731930042,2026-10-01,KR
6,-0.0002758951063618922,2026-10-01,KR
7,-0.0029877412321335627,2026-10-01,KR
8,-1.1617708357809879e-05,2026-10-01,KR
9,-0.002379852145210033,2026-10-01,KR
10,0.003934420893668567,2026-10-01,KR
11,-0.0023729098277873563,2026-10-01,KR
12,0.0007966551360453322,2026-10-01,KR
13,-0.010396606810027511,2026-10-01,KR
14,-0.0016063170138759613,2026-10-01,KR
1,0.002156881055958943,2026-10-01,KRC
2,0.0036270496495130074,2026-10-01,KRC
3,-0.0049500629388128424,2026-10-01,KRC
4,-0.0034612322990837992,2026-10-01,KRC
5,-0.0042334659761990075,2026-10-01,KRC
6,-0.0017730758530231112,2026-10-01,KRC
7,-0.0014385210092575393,2026-10-01,KRC
8,-0.000200004426610406,2026-10-01,KRC
9,0.0022987300158256313,2026-10-01,KRC
10,-0.00036528870950291493,2026-10-01,KRC
11,-0.00286056482478847,2026-10-01,KRC
12,0.0032413144031094338,2026-10-01,KRC
13,0.005958162491132394,2026-10-01,KRC
14,0.009426286596623397,2026-10-01,KRC
1,0.001499490864438508,2026-10-01,KRG
2,0.004842386994657722,2026-10-01,KRG
3,-0.00547295528357281,2026-10-01,KRG
4,-0.003133608259254624,2026-10-01,KRG
5,-0.005215443759610624,2026-10-01,KRG
6,-0.00027191232455566497,2026-10-01,KRG
7,-0.001631040257396287,2026-10-01,KRG
8,0.0007776524393652065,2026-10-01,KRG
9,-0.0005617486466581931,2026-10-01,KRG
10,0.000232462644079567,2026-10-01,KRG
11,-0.0018354814155551638,2026-10-01,KRG
12,0.004185604404431943,2026-10-01,KRG
13,0.005985615017308691,2026-10-01,KRG
14,0.00868307866906993,2026-10-01,KRG
1,0.001174222992831208,2026-10-01,KRYS
2,0.0034866419580201263,2026-10-01,KRYS
3,-0.003074944372111353,2026-10-01,KRYS
4,-0.006572900620519978,2026-10-01,KRYS
5,-0.011354685741446595,2026-10-01,KRYS
6,-0.005025799553464632,2026-10-01,KRYS
7,-0.0035043039453500325,2026-10-01,KRYS
8,-0.0004065380827247659,2026-10-01,KRYS
9,0.0010888131490242486,2026-10-01,KRYS
10,0.0005118316758881859,2026-10-01,KRYS
11,-0.010260819416664523,2026-10-01,KRYS
12,-0.0006191606681493105,2026-10-01,KRYS
13,0.007396715063163209,2026-10-01,KRYS
14,-0.002086427860671781,2026-10-01,KRYS
1,0.003002220952694758,2026-10-01,KSS
2,0.003528830294509969,2026-10-01,KSS
3,-0.005931587464836189,2026-10-01,KSS
4,-0.0015886775604622952,2026-10-01,KSS
5,-0.008055016887372632,2026-10-01,KSS
6,0.00019639651680996846,2026-10-01,KSS
7,-0.003639751136656182,2026-10-01,KSS
8,0.0009560724196284277,2026-10-01,KSS
9,-0.0021696381417102375,2026-10-01,KSS
10,0.003136765460731289,2026-10-01,KSS
11,-0.0032619287745246726,2026-10-01,KSS
12,-4.993753616285779e-05,2026-10-01,KSS
13,0.006562728561922309,2026-10-01,KSS
14,0.004011979910002783,2026-10-01,KSS
1,0.0015953765498315695,2026-10-01,KTOS
2,0.005411001491654554,2026-10-01,KTOS
3,-0.004447223568533077,2026-10-01,KTOS
4,-0.0019739493606576934,2026-10-01,KTOS
5,-0.005438589080848197,2026-10-01,KTOS
6,-0.0006185902863391672,2026-10-01,KTOS
7,-0.002052746240511905,2026-10-01,KTOS
8,-0.002702593250574733,2026-10-01,KTOS
9,-0.004757148106785791,2026-10-01,KTOS
10,0.0031422117510095564,2026-10-01,KTOS
11,-0.005502544996810533,2026-10-01,KTOS
12,0.003830713238139007,2026-10-01,KTOS
13,0.0013401611619284987,2026-10-01,KTOS
14,0.004812571510829643,2026-10-01,KTOS
1,-0.00241853379168969,2026-10-01,KVUE
2,-0.0021563735056439213,2026-10-01,KVUE
3,0.0033472403533722256,2026-10-01,KVUE
4,-0.003125697202774915,2026-10-01,KVUE
5,-0.0017035366925758023,2026-10-01,KVUE
6,-0.005399613254302259,2026-10-01,KVUE
7,-0.006446096048751246,2026-10-01,KVUE
8,0.001813205621646856,2026-10-01,KVUE
9,-0.005201219910595205,2026-10-01,KVUE
10,4.470989634754268e-05,2026-10-01,KVUE
11,0.0007515503759679692,2026-10-01,KVUE
12,-0.001922452504835918,2026-10-01,KVUE
13,-0.0038070260214109106,2026-10-01,KVUE
14,-0.0011016778965134632,2026-10-01,KVUE
1,0.0009466846787119083,2026-10-01,KVYO
2,0.005327698274877796,2026-10-01,KVYO
3,-0.003495696184896776,2026-10-01,KVYO
4,-0.0016063412355584354,2026-10-01,KVYO
5,-0.003994748089376145,2026-10-01,KVYO
6,-0.0012360085394997047,2026-10-01,KVYO
7,0.00148213620559175,2026-10-01,KVYO
8,0.002453204005717699,2026-10-01,KVYO
9,-0.0002768258590390158,2026-10-01,KVYO
10,0.0060534166522136345,2026-10-01,KVYO
11,-0.005203456454575721,2026-10-01,KVYO
12,0.006552391788363773,2026-10-01,KVYO
13,0.005261956725533753,2026-10-01,KVYO
14,0.006134480727921526,2026-10-01,KVYO
1,-0.0007797279312566309,2026-10-01,LAZ
2,0.003987077799933816,2026-10-01,LAZ
3,-0.0028599287741129355,2026-10-01,LAZ
4,-0.0047463413879697165,2026-10-01,LAZ
5,-0.008242885153146771,2026-10-01,LAZ
6,-0.000270457313660307,2026-10-01,LAZ
7,-0.0013642629585035764,2026-10-01,LAZ
8,0.0010755649853980143,2026-10-01,LAZ
9,-0.0009308879134612418,2026-10-01,LAZ
10,0.01474798933233206,2026-10-01,LAZ
11,-0.005075150754659816,2026-10-01,LAZ
12,0.00682183899150109,2026-10-01,LAZ
13,0.0006067569036715022,2026-10-01,LAZ
14,0.0023439108938296247,2026-10-01,LAZ
1,0.0014553674241836597,2026-10-01,LBRT
2,0.004403815023647367,2026-10-01,LBRT
3,-0.0040828949019545285,2026-10-01,LBRT
4,-0.005095445801554436,2026-10-01,LBRT
5,-0.0031851515760939735,2026-10-01,LBRT
6,0.001613262901855559,2026-10-01,LBRT
7,0.00025250598569341516,2026-10-01,LBRT
8,0.001954977549597606,2026-10-01,LBRT
9,-0.0015347389339195635,2026-10-01,LBRT
10,0.007166022570416339,2026-10-01,LBRT
11,-0.0018126267968148805,2026-10-01,LBRT
12,0.0032472968378691263,2026-10-01,LBRT
13,0.0009372911697237945,2026-10-01,LBRT
14,0.005362464403325674,2026-10-01,LBRT
1,0.001413827753029131,2026-10-01,LBTYA
2,0.002974554298292588,2026-10-01,LBTYA
3,-0.005289231762930009,2026-10-01,LBTYA
4,-0.004537592448954307,2026-10-01,LBTYA
5,-0.006507227340834836,2026-10-01,LBTYA
6,-0.004079286564991041,2026-10-01,LBTYA
7,-0.004023150585095562,2026-10-01,LBTYA
8,-0.0013052680727266093,2026-10-01,LBTYA
9,-0.002525115121803233,2026-10-01,LBTYA
10,-0.00023611220240257787,2026-10-01,LBTYA
11,-0.007830891862077131,2026-10-01,LBTYA
12,0.0016219304728307127,2026-10-01,LBTYA
13,0.006883149989726483,2026-10-01,LBTYA
14,0.004045023119512691,2026-10-01,LBTYA
1,0.002341219734177484,2026-10-01,LBTYK
2,0.0025225326196294047,2026-10-01,LBTYK
3,-0.0024255756547241535,2026-10-01,LBTYK
4,-0.004265161578770086,2026-10-01,LBTYK
5,-0.0048702385736261915,2026-10-01,LBTYK
6,-0.002453743999357677,2026-10-01,LBTYK
7,0.0009092227201873221,2026-10-01,LBTYK
8,-0.0014502087073133957,2026-10-01,LBTYK
9,-0.0008078313203772904,2026-10-01,LBTYK
10,0.0007425495095908841,2026-10-01,LBTYK
11,-0.006156742914526385,2026-10-01,LBTYK
12,0.0012970157669953887,2026-10-01,LBTYK
13,0.006080965876496021,2026-10-01,LBTYK
14,0.0039313107618491674,2026-10-01,LBTYK
1,0.0008217788997223357,2026-10-01,LCID
2,0.002422023951476412,2026-10-01,LCID
3,-0.004168962583015256,2026-10-01,LCID
4,-0.004227604755198652,2026-10-01,LCID
5,-0.007345693036154493,2026-10-01,LCID
6,0.001870888771805624,2026-10-01,LCID
7,-0.0008753266920066482,2026-10-01,LCID
8,-0.0009246981458213877,2026-10-01,LCID
9,-0.004975191817493081,2026-10-01,LCID
10,0.003913802153723619,2026-10-01,LCID
11,-0.00438142284000224,2026-10-01,LCID
12,0.0047004620973085335,2026-10-01,LCID
13,0.00012217143855844097,2026-10-01,LCID
14,0.004863062464990988,2026-10-01,LCID
1,-0.0015298822657230074,2026-10-01,LDOS
2,-0.0010705166129366213,2026-10-01,LDOS
3,0.002982810679352411,2026-10-01,LDOS
4,-0.0029101180680603813,2026-10-01,LDOS
5,-0.0020245365921480836,2026-10-01,LDOS
6,-0.005546966418980412,2026-10-01,LDOS
7,-0.0034554575139358152,2026-10-01,LDOS
8,0.0012161386744580739,2026-10-01,LDOS
9,-0.0029717439995948056,2026-10-01,LDOS
10,0.004479197593619432,2026-10-01,LDOS
11,0.0017206333104057157,2026-10-01,LDOS
12,-3.7379673975260654e-05,2026-10-01,LDOS
13,-0.007303607993856794,2026-10-01,LDOS
14,0.0006229606402868393,2026-10-01,LDOS
1,7.277744337862221e-05,2026-10-01,LEA
2,0.005464760080927138,2026-10-01,LEA
3,-0.0032111472652029075,2026-10-01,LEA
4,-0.0005527312270232215,2026-10-01,LEA
5,-0.008260326069881953,2026-10-01,LEA
6,-0.0007247810721184471,2026-10-01,LEA
7,-0.002777038363809898,2026-10-01,LEA
8,0.00016555223910419206,2026-10-01,LEA
9,-0.004124884582158266,2026-10-01,LEA
10,0.012251136748669454,2026-10-01,LEA
11,-0.0058394250881441505,2026-10-01,LEA
12,0.002948077196461048,2026-10-01,LEA
13,0.006891993885253668,2026-10-01,LEA
14,0.0024735196399037953,2026-10-01,LEA
1,0.0013119198068598582,2026-10-01,LEGN
2,0.0024062133947609864,2026-10-01,LEGN
3,-0.0013760883074487565,2026-10-01,LEGN
4,-0.0020687306186527297,2026-10-01,LEGN
5,-0.006972152056733779,2026-10-01,LEGN
6,-0.0011149056108506765,2026-10-01,LEGN
7,0.0014748804243941034,2026-10-01,LEGN
8,0.0021024273355137292,2026-10-01,LEGN
9,-0.0016618239710841046,2026-10-01,LEGN
10,0.004727257402943977,2026-10-01,LEGN
11,-0.0016324297717753176,2026-10-01,LEGN
12,0.005471847064020676,2026-10-01,LEGN
13,0.004144231271343829,2026-10-01,LEGN
14,0.010161792529335066,2026-10-01,LEGN
1,-0.0013345289948262055,2026-10-01,LEN
2,-0.0016667671672707545,2026-10-01,LEN
3,0.0040909954074764285,2026-10-01,LEN
4,-0.0013935699593654073,2026-10-01,LEN
5,-5.135728656166471e-05,2026-10-01,LEN
6,-0.00409642401307191,2026-10-01,LEN
7,-0.004257369110454093,2026-10-01,LEN
8,0.001035332811805138,2026-10-01,LEN
9,-0.0022698685528421483,2026-10-01,LEN
10,0.002923407919572003,2026-10-01,LEN
11,0.002989001807292182,2026-10-01,LEN
12,0.000631585543346115,2026-10-01,LEN
13,-0.0070496785586299186,2026-10-01,LEN
14,-0.004391234655802619,2026-10-01,LEN
1,0.0026687842343917608,2026-10-01,LESL
2,0.003998875694828868,2026-10-01,LESL
3,-0.0033666977676185643,2026-10-01,LESL
4,-0.002667055086227724,2026-10-01,LESL
5,-0.007952848556872028,2026-10-01,LESL
6,-0.003296981940153181,2026-10-01,LESL
7,-0.0009520025951757984,2026-10-01,LESL
8,0.0028703340108111024,2026-10-01,LESL
9,-0.0030287237557725887,2026-10-01,LESL
10,0.0014241506752742644,2026-10-01,LESL
11,-0.005207104870573713,2026-10-01,LESL
12,0.004780454542376032,2026-10-01,LESL
13,0.008346101466832907,2026-10-01,LESL
14,0.005421990357346708,2026-10-01,LESL
1,0.0028209955767197065,2026-10-01,LEVI
2,0.0037502551402502837,2026-10-01,LEVI
3,-0.0057735316737415,2026-10-01,LEVI
4,-0.003347085165865588,2026-10-01,LEVI
5,-0.004943292465682568,2026-10-01,LEVI
6,-0.00047067107304286595,2026-10-01,LEVI
7,-0.0014477323210249557,2026-10-01,LEVI
8,-0.001429528508779215,2026-10-01,LEVI
9,-0.003050225819406361,2026-10-01,LEVI
10,0.0016826558030558901,2026-10-01,LEVI
11,-0.006437987478688762,2026-10-01,LEVI
12,0.0019854164866605693,2026-10-01,LEVI
13,0.005401504502601117,2026-10-01,LEVI
14,0.008194109920057811,2026-10-01,LEVI
1,0.001109820339205874,2026-10-01,LFST
2,0.005084024739923057,2026-10-01,LFST
3,-0.005450255794167185,2026-10-01,LFST
4,-0.003548533746953108,2026-10-01,LFST
5,-0.008172537744158973,2026-10-01,LFST
6,0.0030338116859888486,2026-10-01,LFST
7,-0.0007516233818208222,2026-10-01,LFST
8,0.0009881393219764779,2026-10-01,LFST
9,-0.0021687542571129413,2026-10-01,LFST
10,0.003303207527989717,2026-10-01,LFST
11,-0.008229258007160295,2026-10-01,LFST
12,0.006158945814780891,2026-10-01,LFST
13,0.005317976636647897,2026-10-01,LFST
14,0.01078409746148217,2026-10-01,LFST
1,-0.0016749044741436638,2026-10-01,LI
2,-0.0021519165725877886,2026-10-01,LI
3,0.005214910423671101,2026-10-01,LI
4,-0.0023540211644582677,2026-10-01,LI
5,-0.00026551426941539007,2026-10-01,LI
6,-0.003090980989951044,2026-10-01,LI
7,0.001307200890187518,2026-10-01,LI
8,0.003557633809924898,2026-10-01,LI
9,-0.0015882971838345422,2026-10-01,LI
10,-0.00034733144741529225,2026-10-01,LI
11,-0.0002602057847479528,2026-10-01,LI
12,-0.002554600246593659,2026-10-01,LI
13,-0.000962537801122585,2026-10-01,LI
14,-0.005902938210455768,2026-10-01,LI
1,0.0028801989474556747,2026-10-01,LILAK
2,0.005154061930604715,2026-10-01,LILAK
3,-0.004344283298626849,2026-10-01,LILAK
4,-0.003154448155065584,2026-10-01,LILAK
5,-0.0062585047267621425,2026-10-01,LILAK
6,-0.000582927399331874,2026-10-01,LILAK
7,-0.002902049765129602,2026-10-01,LILAK
8,-0.0012920776989858785,2026-10-01,LILAK
9,-0.0037999689508384513,2026-10-01,LILAK
10,0.004779958339467718,2026-10-01,LILAK
11,-0.0039013933116884337,2026-10-01,LILAK
12,0.007413019673460321,2026-10-01,LILAK
13,0.0033575790765075263,2026-10-01,LILAK
14,0.007836661474453745,2026-10-01,LILAK
1,0.0006814643361066487,2026-10-01,LIN
2,-0.00031322566863302203,2026-10-01,LIN
3,-0.00047542859711146386,2026-10-01,LIN
4,-0.00045849051770796974,2026-10-01,LIN
5,0.0009738962654159264,2026-10-01,LIN
6,0.0031601735012673363,2026-10-01,LIN
7,0.0032765285345471543,2026-10-01,LIN
8,-0.0007404909301513814,2026-10-01,LIN
9,0.003728540569436821,2026-10-01,LIN
10,-0.0015873911721035244,2026-10-01,LIN
11,0.004437742455229676,2026-10-01,LIN
12,0.005262007013715454,2026-10-01,LIN
13,0.007482895195355334,2026-10-01,LIN
14,-0.0006044369107057332,2026-10-01,LIN
1,0.0018216784120922134,2026-10-01,LITE
2,0.010168642960715943,2026-10-01,LITE
3,-0.0063493448733248255,2026-10-01,LITE
4,-0.012160712314291918,2026-10-01,LITE
5,-0.011696494412683105,2026-10-01,LITE
6,-0.003798613960964485,2026-10-01,LITE
7,-0.005942994457118129,2026-10-01,LITE
8,-0.0016982388376407386,2026-10-01,LITE
9,-0.015680711226205374,2026-10-01,LITE
10,0.004203057709734586,2026-10-01,LITE
11,-0.012947387488543662,2026-10-01,LITE
12,0.008001217661990226,2026-10-01,LITE
13,-0.010511900695897983,2026-10-01,LITE
14,-0.00578490543878141,2026-10-01,LITE
1,0.0025700736642979075,2026-10-01,LKQ
2,0.005135943847079752,2026-10-01,LKQ
3,-0.0014164309437109661,2026-10-01,LKQ
4,-0.0007260408615628388,2026-10-01,LKQ
5,-0.006319343797504068,2026-10-01,LKQ
6,-0.0021710596130739357,2026-10-01,LKQ
7,-0.002296666751506984,2026-10-01,LKQ
8,0.0008195145135492175,2026-10-01,LKQ
9,-0.002603012626140877,2026-10-01,LKQ
10,-0.0018190624941557027,2026-10-01,LKQ
11,-0.003999193861949768,2026-10-01,LKQ
12,-0.0032031500777906555,2026-10-01,LKQ
13,0.005471347542909937,2026-10-01,LKQ
14,0.005802719892016652,2026-10-01,LKQ
1,0.0007707045100973315,2026-10-01,LLY
2,0.00039600998075064347,2026-10-01,LLY
3,0.0024894704830196665,2026-10-01,LLY
4,0.0009820988226904458,2026-10-01,LLY
5,0.00040255911705127506,2026-10-01,LLY
6,0.003155165276987013,2026-10-01,LLY
7,0.0031775720108377626,2026-10-01,LLY
8,0.0018084022152760576,2026-10-01,LLY
9,0.0063782084831707445,2026-10-01,LLY
10,-0.0021231021616288106,2026-10-01,LLY
11,0.0025230819805216876,2026-10-01,LLY
12,0.0025110584754770957,2026-10-01,LLY
13,0.005833479680019893,2026-10-01,LLY
14,0.0007849094649200382,2026-10-01,LLY
1,0.0009570629558945403,2026-10-01,LMND
2,0.005358276845585197,2026-10-01,LMND
3,-0.0037380770052412786,2026-10-01,LMND
4,-0.007209028525603201,2026-10-01,LMND
5,-0.004273221113104589,2026-10-01,LMND
6,0.0006414815581739392,2026-10-01,LMND
7,-0.0027261379301161508,2026-10-01,LMND
8,0.00475660245979517,2026-10-01,LMND
9,-0.0005949259947292563,2026-10-01,LMND
10,0.010905910046386873,2026-10-01,LMND
11,-0.004324885780390794,2026-10-01,LMND
12,0.007717868411976816,2026-10-01,LMND
13,0.009123023696864921,2026-10-01,LMND
14,0.010397907052205311,2026-10-01,LMND
1,0.0006776254407948133,2026-10-01,LMT
2,0.00020742606813433468,2026-10-01,LMT
3,0.0011021208143803744,2026-10-01,LMT
4,0.0002454328443536248,2026-10-01,LMT
5,0.0026867355550867973,2026-10-01,LMT
6,0.003604033044119048,2026-10-01,LMT
7,0.004166786768898789,2026-10-01,LMT
8,-0.0007506141764402222,2026-10-01,LMT
9,0.005099866221573988,2026-10-01,LMT
10,-0.0024424195299954533,2026-10-01,LMT
11,0.003618787298877529,2026-10-01,LMT
12,0.0027303805043070763,2026-10-01,LMT
13,0.00589033510666641,2026-10-01,LMT
14,0.00036228995616984763,2026-10-01,LMT
1,0.0009003467357968658,2026-10-01,LNC
2,0.004554909598310345,2026-10-01,LNC
3,-0.0045539710229205044,2026-10-01,LNC
4,-0.0017294085230611126,2026-10-01,LNC
5,-0.0066974268083678954,2026-10-01,LNC
6,-0.002238554963605609,2026-10-01,LNC
7,-0.00033321157606958427,2026-10-01,LNC
8,0.004111270331459693,2026-10-01,LNC
9,0.00033131578989489607,2026-10-01,LNC
10,0.0023171602008281895,2026-10-01,LNC
11,-0.00545970345712316,2026-10-01,LNC
12,0.004140928894866911,2026-10-01,LNC
13,0.006812964894484339,2026-10-01,LNC
14,0.001800790796714283,2026-10-01,LNC
1,-0.001169499511131445,2026-10-01,LNG
2,-0.0014863201897585155,2026-10-01,LNG
3,0.003651999877503672,2026-10-01,LNG
4,-0.0007017498445212061,2026-10-01,LNG
5,-0.0013496067326979806,2026-10-01,LNG
6,-0.005235032602102588,2026-10-01,LNG
7,-0.0018170438602172763,2026-10-01,LNG
8,0.0012543476556440304,2026-10-01,LNG
9,-0.0029362276289314833,2026-10-01,LNG
10,0.0036172464192753013,2026-10-01,LNG
11,0.004428345394010364,2026-10-01,LNG
12,-0.003919408900018193,2026-10-01,LNG
13,-0.00705161580570557,2026-10-01,LNG
14,-0.0020085704294591725,2026-10-01,LNG
1,0.001073633954959649,2026-10-01,LNT
2,0.003993004478562512,2026-10-01,LNT
3,-0.005336160575722522,2026-10-01,LNT
4,-0.002846416682290086,2026-10-01,LNT
5,-0.005468111040274375,2026-10-01,LNT
6,-5.744521614841309e-05,2026-10-01,LNT
7,-0.0012811617239392521,2026-10-01,LNT
8,0.005403914203243588,2026-10-01,LNT
9,-0.002493305272642397,2026-10-01,LNT
10,0.0058229232687445134,2026-10-01,LNT
11,-0.0010155230753289702,2026-10-01,LNT
12,0.004796592554246941,2026-10-01,LNT
13,0.004488506485391899,2026-10-01,LNT
14,0.008040751818619504,2026-10-01,LNT
1,0.00044470163772664535,2026-10-01,LOW
2,0.0005450492868217946,2026-10-01,LOW
3,0.0007404965165189264,2026-10-01,LOW
4,0.0012006084067052985,2026-10-01,LOW
5,0.0028154699577959677,2026-10-01,LOW
6,0.005949136210338241,2026-10-01,LOW
7,0.0045442326850917225,2026-10-01,LOW
8,0.0016296781588862107,2026-10-01,LOW
9,0.002088714436617054,2026-10-01,LOW
10,-0.0025128101169462247,2026-10-01,LOW
11,0.0025352934406304433,2026-10-01,LOW
12,0.0005199253740954958,2026-10-01,LOW
13,0.002829109708506108,2026-10-01,LOW
14,8.861829248145015e-05,2026-10-01,LOW
1,0.0011227278941376628,2026-10-01,LPX
2,0.0031897474778944035,2026-10-01,LPX
3,-0.0007433076535649908,2026-10-01,LPX
4,-0.0034546018004250182,2026-10-01,LPX
5,-0.005554624855306749,2026-10-01,LPX
6,-0.00406574335726346,2026-10-01,LPX
7,0.0017293209633229307,2026-10-01,LPX
8,-0.0010884995356094918,2026-10-01,LPX
9,-0.0015240220150978842,2026-10-01,LPX
10,0.003254513106963855,2026-10-01,LPX
11,-0.008148546728315127,2026-10-01,LPX
12,0.00025807344349179623,2026-10-01,LPX
13,0.009296395275957006,2026-10-01,LPX
14,0.009754116149046565,2026-10-01,LPX
1,0.0011578146966766034,2026-10-01,LQDA
2,0.0029034367976375768,2026-10-01,LQDA
3,-0.002464318159210608,2026-10-01,LQDA
4,-0.004784864830711823,2026-10-01,LQDA
5,-0.003963138924093326,2026-10-01,LQDA
6,-0.0022884872378130063,2026-10-01,LQDA
7,0.0023470213773062985,2026-10-01,LQDA
8,0.001348218336926473,2026-10-01,LQDA
9,-0.0019058381186269275,2026-10-01,LQDA
10,0.0005959356095317832,2026-10-01,LQDA
11,-0.004654076619784797,2026-10-01,LQDA
12,0.006376440984693999,2026-10-01,LQDA
13,0.0031901601576408297,2026-10-01,LQDA
14,0.007266166698756301,2026-10-01,LQDA
1,0.0005128668341342219,2026-10-01,LRCX
2,0.00042883692896487154,2026-10-01,LRCX
3,0.0028656035003289683,2026-10-01,LRCX
4,0.0008873546040969757,2026-10-01,LRCX
5,0.0029165113581528907,2026-10-01,LRCX
6,0.003145781301747915,2026-10-01,LRCX
7,0.0038104622173526503,2026-10-01,LRCX
8,-0.0007684608425585712,2026-10-01,LRCX
9,0.0011731767429216397,2026-10-01,LRCX
10,-0.0009934300715966826,2026-10-01,LRCX
11,0.0020942367191203242,2026-10-01,LRCX
12,0.005536678490745383,2026-10-01,LRCX
13,0.004241691064494604,2026-10-01,LRCX
14,-0.0005926062477827175,2026-10-01,LRCX
1,0.0016781950489926153,2026-10-01,LSCC
2,0.008521131307004163,2026-10-01,LSCC
3,-0.0052225220629954,2026-10-01,LSCC
4,-0.003660760620488761,2026-10-01,LSCC
5,-0.00658276491342084,2026-10-01,LSCC
6,-0.002670390674149516,2026-10-01,LSCC
7,-0.00413586104329039,2026-10-01,LSCC
8,0.0022183160340219703,2026-10-01,LSCC
9,-0.004266400763326305,2026-10-01,LSCC
10,0.0075604260105461675,2026-10-01,LSCC
11,-0.00678639074345754,2026-10-01,LSCC
12,0.007320114816454371,2026-10-01,LSCC
13,0.004631166760051251,2026-10-01,LSCC
14,0.0058985562538276136,2026-10-01,LSCC
1,-0.0006457457054647114,2026-10-01,LSPD
2,0.004161543229529831,2026-10-01,LSPD
3,-0.0008868376337100015,2026-10-01,LSPD
4,-0.00046036160090786953,2026-10-01,LSPD
5,-0.011755690376896942,2026-10-01,LSPD
6,-0.0036004491437784214,2026-10-01,LSPD
7,-0.008125202731337407,2026-10-01,LSPD
8,-0.00648137755241345,2026-10-01,LSPD
9,-0.007375185601267175,2026-10-01,LSPD
10,0.01181797178109741,2026-10-01,LSPD
11,-0.007047603175723755,2026-10-01,LSPD
12,0.004007993713810559,2026-10-01,LSPD
13,0.004513132091805731,2026-10-01,LSPD
14,-0.0007396499168985494,2026-10-01,LSPD
1,0.0011466663126944428,2026-10-01,LU
2,0.004399288806241303,2026-10-01,LU
3,-0.004060989161112453,2026-10-01,LU
4,-0.001130721168663531,2026-10-01,LU
5,-0.006090327697372652,2026-10-01,LU
6,-0.0018442823981473315,2026-10-01,LU
7,-0.0013743726055488882,2026-10-01,LU
8,-0.0009249613763528667,2026-10-01,LU
9,0.0013303879856048874,2026-10-01,LU
10,0.007671246466034116,2026-10-01,LU
11,-0.001112733997664366,2026-10-01,LU
12,0.011930034490203694,2026-10-01,LU
13,0.002955445538771421,2026-10-01,LU
14,0.010453434821252024,2026-10-01,LU
1,-0.001074219702222615,2026-10-01,LULU
2,-0.0012792667837541766,2026-10-01,LULU
3,0.0014100172538033565,2026-10-01,LULU
4,-0.0015049522667460828,2026-10-01,LULU
5,-0.0008366931873097244,2026-10-01,LULU
6,-0.005418647482846622,2026-10-01,LULU
7,-0.006010771445108893,2026-10-01,LULU
8,-2.1922874929325778e-05,2026-10-01,LULU
9,-0.0037722022981639585,2026-10-01,LULU
10,0.002425884209049189,2026-10-01,LULU
11,0.004928027755449,2026-10-01,LULU
12,-0.00030815711351720923,2026-10-01,LULU
13,-0.00011484161730445342,2026-10-01,LULU
14,-0.000462301159671507,2026-10-01,LULU
1,-0.0008225316148912748,2026-10-01,LUV
2,-0.001267129295724785,2026-10-01,LUV
3,0.004380011035335858,2026-10-01,LUV
4,-0.0030534751033464355,2026-10-01,LUV
5,-0.0026568039529093115,2026-10-01,LUV
6,-0.0049161487001476,2026-10-01,LUV
7,-0.010299090967370776,2026-10-01,LUV
8,-0.001805800434600988,2026-10-01,LUV
9,-0.0030678311661173955,2026-10-01,LUV
10,0.000862147298502028,2026-10-01,LUV
11,-0.0007649982478234682,2026-10-01,LUV
12,-0.003000381592505157,2026-10-01,LUV
13,-0.007338335368121166,2026-10-01,LUV
14,-0.004645808559493063,2026-10-01,LUV
1,1.592888050667976e-05,2026-10-01,LVS
2,-0.0021893438729427405,2026-10-01,LVS
3,0.0027675934159985035,2026-10-01,LVS
4,-0.002098523897897698,2026-10-01,LVS
5,-0.0003423821614508468,2026-10-01,LVS
6,-0.002512442998208888,2026-10-01,LVS
7,-0.004670473875096116,2026-10-01,LVS
8,-0.001286100258209211,2026-10-01,LVS
9,-0.00276034270480552,2026-10-01,LVS
10,0.0020564753313909528,2026-10-01,LVS
11,0.002925677364291553,2026-10-01,LVS
12,-0.0005627853762662231,2026-10-01,LVS
13,-0.0062001348752035185,2026-10-01,LVS
14,-0.0003094629933550744,2026-10-01,LVS
1,0.001844725815310741,2026-10-01,LW
2,0.005117835365445127,2026-10-01,LW
3,-0.006250835294506905,2026-10-01,LW
4,-0.0024816982125306073,2026-10-01,LW
5,-0.0048698587664006195,2026-10-01,LW
6,-0.002707940538999104,2026-10-01,LW
7,-0.0012928666648371833,2026-10-01,LW
8,0.0039545891805117805,2026-10-01,LW
9,0.0014489581386608757,2026-10-01,LW
10,-0.001037236318829852,2026-10-01,LW
11,-0.005039897132877762,2026-10-01,LW
12,0.0038413951750938067,2026-10-01,LW
13,0.003177047505618753,2026-10-01,LW
14,0.0011717446795285256,2026-10-01,LW
1,0.0014316440009954291,2026-10-01,LXP
2,0.0028934643845577005,2026-10-01,LXP
3,-0.004559103628831592,2026-10-01,LXP
4,-0.003292730865000468,2026-10-01,LXP
5,-0.007216648614489375,2026-10-01,LXP
6,-0.0006180269802057432,2026-10-01,LXP
7,-0.0031064717496927206,2026-10-01,LXP
8,0.0042028170099486055,2026-10-01,LXP
9,-0.003210573596040012,2026-10-01,LXP
10,0.00017922063372110945,2026-10-01,LXP
11,-0.005787120078802598,2026-10-01,LXP
12,0.002446036138697462,2026-10-01,LXP
13,0.006738438215564523,2026-10-01,LXP
14,0.003173800729395941,2026-10-01,LXP
1,-0.0007021869994953012,2026-10-01,LYB
2,-0.0015640814990667043,2026-10-01,LYB
3,0.0031641438452647106,2026-10-01,LYB
4,-0.003098972964199045,2026-10-01,LYB
5,-0.0007398001324210339,2026-10-01,LYB
6,-0.0035469998439370547,2026-10-01,LYB
7,-0.002377460378567249,2026-10-01,LYB
8,0.0016527666779156474,2026-10-01,LYB
9,-0.0013289670073107402,2026-10-01,LYB
10,0.0005728911815836226,2026-10-01,LYB
11,0.0017047493599134794,2026-10-01,LYB
12,-0.0042068722665225345,2026-10-01,LYB
13,-0.0037597788889715948,2026-10-01,LYB
14,-0.002111712913246945,2026-10-01,LYB
1,0.0016968909028591771,2026-10-01,LYFT
2,0.005074463388246956,2026-10-01,LYFT
3,-0.004462972511335556,2026-10-01,LYFT
4,-0.00323953582856606,2026-10-01,LYFT
5,-0.004706266411238666,2026-10-01,LYFT
6,-0.0017767160821875732,2026-10-01,LYFT
7,-0.0002817984570732129,2026-10-01,LYFT
8,-0.0013533777935467906,2026-10-01,LYFT
9,-0.0010914911489609113,2026-10-01,LYFT
10,0.006697531311102412,2026-10-01,LYFT
11,-0.003907469451980956,2026-10-01,LYFT
12,0.004150638824365065,2026-10-01,LYFT
13,0.005239747014027049,2026-10-01,LYFT
14,0.009117804891484114,2026-10-01,LYFT
1,0.00037941054153051634,2026-10-01,LYG
2,-0.0010592466035932921,2026-10-01,LYG
3,0.004687258140941106,2026-10-01,LYG
4,0.00031623071576823513,2026-10-01,LYG
5,-0.002049162934328849,2026-10-01,LYG
6,-0.00450136143163236,2026-10-01,LYG
7,-0.004284008284754804,2026-10-01,LYG
8,0.003941087642152709,2026-10-01,LYG
9,0.00016448834916306143,2026-10-01,LYG
10,0.0028629015658687145,2026-10-01,LYG
11,0.006257561653284429,2026-10-01,LYG
12,0.0012184980843383908,2026-10-01,LYG
13,-0.00964924536526946,2026-10-01,LYG
14,-0.001817923720096321,2026-10-01,LYG
1,-0.001201707257624363,2026-10-01,LYV
2,-0.002104618958511953,2026-10-01,LYV
3,0.0029662358490492673,2026-10-01,LYV
4,-0.0011810022573806485,2026-10-01,LYV
5,-0.0017754108833921032,2026-10-01,LYV
6,-0.007510267047306386,2026-10-01,LYV
7,-0.005353700761167931,2026-10-01,LYV
8,0.0023964759026643377,2026-10-01,LYV
9,-0.002940506955280334,2026-10-01,LYV
10,0.0016320680408826384,2026-10-01,LYV
11,0.0012079752992992835,2026-10-01,LYV
12,-0.00028617309284443583,2026-10-01,LYV
13,-0.004085825860036379,2026-10-01,LYV
14,-0.0015649883572019807,2026-10-01,LYV
1,-0.00012872115788652597,2026-10-01,LZ
2,0.0028189119270123956,2026-10-01,LZ
3,-0.0034431199703844886,2026-10-01,LZ
4,-0.0036644563319207283,2026-10-01,LZ
5,-0.008243006822674308,2026-10-01,LZ
6,-0.0027071483232248552,2026-10-01,LZ
7,-0.0016178181714969775,2026-10-01,LZ
8,0.00046082356444537945,2026-10-01,LZ
9,-0.0033722498077442737,2026-10-01,LZ
10,0.00499132183807513,2026-10-01,LZ
11,-0.005589456099883269,2026-10-01,LZ
12,0.008033685135621348,2026-10-01,LZ
13,0.00782716725326311,2026-10-01,LZ
14,0.0057158716077025246,2026-10-01,LZ
1,0.0028499883327456413,2026-10-01,M
2,0.006436059573213355,2026-10-01,M
3,-0.004442177623818506,2026-10-01,M
4,-0.0018897608546735,2026-10-01,M
5,-0.008033878101964223,2026-10-01,M
6,0.001310794126427004,2026-10-01,M
7,-0.00363025890048125,2026-10-01,M
8,0.0024164080697667094,2026-10-01,M
9,-0.0009311094752764636,2026-10-01,M
10,-0.0017921044511811316,2026-10-01,M
11,-0.0047970741259857385,2026-10-01,M
12,0.005609446598712881,2026-10-01,M
13,0.0015826230875969557,2026-10-01,M
14,0.0005607434243802954,2026-10-01,M
1,0.0006607644464351138,2026-10-01,MA
2,-0.00037752338936044167,2026-10-01,MA
3,0.0006802341239972424,2026-10-01,MA
4,0.0006787109619637026,2026-10-01,MA
5,0.0005614333139216263,2026-10-01,MA
6,0.0029233570757163847,2026-10-01,MA
7,0.003398931340963949,2026-10-01,MA
8,-0.0005973764074376219,2026-10-01,MA
9,0.006373162180457198,2026-10-01,MA
10,-0.0028367699213265964,2026-10-01,MA
11,0.0032115961217962525,2026-10-01,MA
12,0.002829831879754339,2026-10-01,MA
13,0.005893563510350934,2026-10-01,MA
14,0.0014923109567801648,2026-10-01,MA
1,0.0021032025228034787,2026-10-01,MAC
2,0.003947660526919696,2026-10-01,MAC
3,-0.005618298228355289,2026-10-01,MAC
4,-0.0028280582625345644,2026-10-01,MAC
5,-0.005009109299918056,2026-10-01,MAC
6,-0.0025730250306739326,2026-10-01,MAC
7,-0.003187489911693458,2026-10-01,MAC
8,8.903688337714443e-05,2026-10-01,MAC
9,-0.0006305339556265187,2026-10-01,MAC
10,-0.0012817490411127198,2026-10-01,MAC
11,-0.0045414480758233546,2026-10-01,MAC
12,0.0026561407567304617,2026-10-01,MAC
13,0.006864663183155542,2026-10-01,MAC
14,0.0037638947951622124,2026-10-01,MAC
1,0.0005990569622020269,2026-10-01,MAR
2,0.00011240156569897578,2026-10-01,MAR
3,0.0013898237574021769,2026-10-01,MAR
4,-0.0005654295219704744,2026-10-01,MAR
5,0.00014873802677268637,2026-10-01,MAR
6,0.0031003909811844173,2026-10-01,MAR
7,0.005172541030639813,2026-10-01,MAR
8,-0.0005647981393858603,2026-10-01,MAR
9,0.0042250703179093395,2026-10-01,MAR
10,-0.001533206687301795,2026-10-01,MAR
11,0.004759806881990421,2026-10-01,MAR
12,0.005652584047442144,2026-10-01,MAR
13,0.0050087189463560115,2026-10-01,MAR
14,0.0021441838542134405,2026-10-01,MAR
1,-3.286997351622363e-05,2026-10-01,MARA
2,-0.0022517906822497194,2026-10-01,MARA
3,0.0021492145340451982,2026-10-01,MARA
4,-0.0034391607915381013,2026-10-01,MARA
5,-0.0016293615424798355,2026-10-01,MARA
6,-0.002862795273483249,2026-10-01,MARA
7,-0.0021442162697302126,2026-10-01,MARA
8,-0.0005842956273453743,2026-10-01,MARA
9,-0.0012396506071709595,2026-10-01,MARA
10,0.0013195474934552156,2026-10-01,MARA
11,0.007713939233625283,2026-10-01,MARA
12,-0.0016579314132044592,2026-10-01,MARA
13,-0.008807709601752077,2026-10-01,MARA
14,-0.0050226640534112065,2026-10-01,MARA
1,-0.0015176510218822784,2026-10-01,MAS
2,0.0002416930226702044,2026-10-01,MAS
3,0.005022877467014692,2026-10-01,MAS
4,-0.0032352701050434385,2026-10-01,MAS
5,-0.003897962257966985,2026-10-01,MAS
6,-0.006943621050695826,2026-10-01,MAS
7,-0.0021943257677072255,2026-10-01,MAS
8,4.9400097703859354e-05,2026-10-01,MAS
9,-0.0029169532073300966,2026-10-01,MAS
10,0.002038583038904888,2026-10-01,MAS
11,0.0017601120553658992,2026-10-01,MAS
12,4.5611964628510534e-05,2026-10-01,MAS
13,-0.006751665374669749,2026-10-01,MAS
14,-0.0030236262935277626,2026-10-01,MAS
1,-0.0013017508430144074,2026-10-01,MAT
2,-0.00035146075345235644,2026-10-01,MAT
3,0.004821975080867572,2026-10-01,MAT
4,-0.0022989091247680557,2026-10-01,MAT
5,-0.0020325780819300658,2026-10-01,MAT
6,-0.003615273573759614,2026-10-01,MAT
7,-0.0024597774799610264,2026-10-01,MAT
8,0.0014611835630911046,2026-10-01,MAT
9,-0.0007830002727558589,2026-10-01,MAT
10,0.0003136794953649663,2026-10-01,MAT
11,0.0026530237450883387,2026-10-01,MAT
12,-0.007319539894622717,2026-10-01,MAT
13,-0.006291857295270769,2026-10-01,MAT
14,-0.0029414001701841275,2026-10-01,MAT
1,-0.0006291585862095682,2026-10-01,MBLY
2,-0.0023437251527366654,2026-10-01,MBLY
3,0.00483437044475559,2026-10-01,MBLY
4,-0.0005893558228791726,2026-10-01,MBLY
5,-0.00020109629702590629,2026-10-01,MBLY
6,-0.004164022783341322,2026-10-01,MBLY
7,-0.006052053213464658,2026-10-01,MBLY
8,0.002147600551588004,2026-10-01,MBLY
9,-0.0008460407024580258,2026-10-01,MBLY
10,0.0018096751039815692,2026-10-01,MBLY
11,-0.0005137820924678773,2026-10-01,MBLY
12,-0.0012098793506074893,2026-10-01,MBLY
13,-0.006501473485167341,2026-10-01,MBLY
14,-0.0027509713576171105,2026-10-01,MBLY
1,0.0004364519360114415,2026-10-01,MCD
2,8.005802727842014e-05,2026-10-01,MCD
3,0.0007833946696881453,2026-10-01,MCD
4,0.0014497712691875398,2026-10-01,MCD
5,0.002316752569747096,2026-10-01,MCD
6,0.00449162913348511,2026-10-01,MCD
7,0.0032706134021765984,2026-10-01,MCD
8,0.0007442662869982382,2026-10-01,MCD
9,0.00039500998586479826,2026-10-01,MCD
10,-0.0037962936613231144,2026-10-01,MCD
11,0.0008299576349903331,2026-10-01,MCD
12,0.0028382099142551945,2026-10-01,MCD
13,0.00616609334911961,2026-10-01,MCD
14,-0.0003985680766081793,2026-10-01,MCD
1,0.0011082639937124387,2026-10-01,MCHP
2,0.0007503068598444013,2026-10-01,MCHP
3,0.0018301846668615528,2026-10-01,MCHP
4,0.0009869982903357474,2026-10-01,MCHP
5,0.0011556400718261773,2026-10-01,MCHP
6,0.004115531026155254,2026-10-01,MCHP
7,0.00198919543808542,2026-10-01,MCHP
8,0.002783514703251701,2026-10-01,MCHP
9,-0.003445769030918096,2026-10-01,MCHP
10,-0.0036419979353541137,2026-10-01,MCHP
11,-0.0037827283023917023,2026-10-01,MCHP
12,0.0010069453959168247,2026-10-01,MCHP
13,0.0026527176219085418,2026-10-01,MCHP
14,-0.002016262175528564,2026-10-01,MCHP
1,-0.0009733304894995159,2026-10-01,MDB
2,-0.0028747907584233006,2026-10-01,MDB
3,0.003891205057670906,2026-10-01,MDB
4,-0.0017829167986898927,2026-10-01,MDB
5,-0.0004918766202704639,2026-10-01,MDB
6,-0.005756994913197967,2026-10-01,MDB
7,-0.007213642865257101,2026-10-01,MDB
8,0.0022438753576935594,2026-10-01,MDB
9,-0.0016103574867659166,2026-10-01,MDB
10,0.0026764086534274032,2026-10-01,MDB
11,0.003199268350280365,2026-10-01,MDB
12,0.001199524124685136,2026-10-01,MDB
13,-0.007169683463845623,2026-10-01,MDB
14,-0.003609180924309984,2026-10-01,MDB
1,0.0004657631561095559,2026-10-01,MDLZ
2,0.0002321579939633114,2026-10-01,MDLZ
3,0.0014924770480564636,2026-10-01,MDLZ
4,0.0015353738219863245,2026-10-01,MDLZ
5,0.0025309199159840546,2026-10-01,MDLZ
6,0.004393554650381912,2026-10-01,MDLZ
7,0.004015564179489406,2026-10-01,MDLZ
8,0.0010716469268687494,2026-10-01,MDLZ
9,0.0016157598401777017,2026-10-01,MDLZ
10,-0.0036572703279286194,2026-10-01,MDLZ
11,-9.792118461444838e-05,2026-10-01,MDLZ
12,0.0010359742494736722,2026-10-01,MDLZ
13,0.00463709054466701,2026-10-01,MDLZ
14,0.0010859830274255258,2026-10-01,MDLZ
1,0.00024455056986794375,2026-10-01,MDT
2,-5.71639040198791e-05,2026-10-01,MDT
3,0.0014715340193989335,2026-10-01,MDT
4,0.0017686843691685403,2026-10-01,MDT
5,0.0033642195257920717,2026-10-01,MDT
6,0.003859010241013839,2026-10-01,MDT
7,0.0025461901341369184,2026-10-01,MDT
8,0.0016705191595645372,2026-10-01,MDT
9,0.004376240247248305,2026-10-01,MDT
10,-0.00015230287297058644,2026-10-01,MDT
11,0.0034542678143621303,2026-10-01,MDT
12,0.0044164269086791885,2026-10-01,MDT
13,0.003997291993372909,2026-10-01,MDT
14,0.00026940053667106635,2026-10-01,MDT
1,0.0005782957060694559,2026-10-01,MET
2,-0.000129816008076626,2026-10-01,MET
3,0.001952888083660137,2026-10-01,MET
4,-0.0005219576135772339,2026-10-01,MET
5,0.001199213455283774,2026-10-01,MET
6,0.0035475407118954303,2026-10-01,MET
7,0.0025178453521904937,2026-10-01,MET
8,0.0007333402342724088,2026-10-01,MET
9,0.0008929605348361827,2026-10-01,MET
10,-0.0013819104343286226,2026-10-01,MET
11,0.0042570350736707094,2026-10-01,MET
12,0.0035888483818147755,2026-10-01,MET
13,0.005833003557544664,2026-10-01,MET
14,-0.000804608908031001,2026-10-01,MET
1,0.0006292561362872269,2026-10-01,META
2,0.0005307183500992219,2026-10-01,META
3,0.0018116986850044779,2026-10-01,META
4,0.00029617382504451496,2026-10-01,META
5,0.0028990845149810722,2026-10-01,META
6,0.001266100811412495,2026-10-01,META
7,0.0038689527236913136,2026-10-01,META
8,-0.0016098136948350461,2026-10-01,META
9,0.0020203678894834902,2026-10-01,META
10,-0.0008155694387655969,2026-10-01,META
11,0.0038329882421715596,2026-10-01,META
12,0.0037131840718223185,2026-10-01,META
13,0.00865699765432841,2026-10-01,META
14,-0.0007481026280310529,2026-10-01,META
1,0.00032474063448243714,2026-10-01,MFC
2,-6.740658747195274e-05,2026-10-01,MFC
3,0.0017694345768187868,2026-10-01,MFC
4,0.0004004979860995147,2026-10-01,MFC
5,0.0014147339453526278,2026-10-01,MFC
6,0.0034408037897224616,2026-10-01,MFC
7,0.0024574715982660688,2026-10-01,MFC
8,0.0003314802854123237,2026-10-01,MFC
9,0.0021908630950454614,2026-10-01,MFC
10,-0.0015110533145734045,2026-10-01,MFC
11,0.00554951550629698,2026-10-01,MFC
12,0.004878245618790095,2026-10-01,MFC
13,0.007001633104306168,2026-10-01,MFC
14,-0.001159432750922786,2026-10-01,MFC
1,-0.0009503455258400275,2026-10-01,MGA
2,-0.0014649826626468704,2026-10-01,MGA
3,0.0031157141415718505,2026-10-01,MGA
4,-0.0025303366786702864,2026-10-01,MGA
5,-0.002507901193511269,2026-10-01,MGA
6,-0.0062854206472412345,2026-10-01,MGA
7,-0.005214894129755267,2026-10-01,MGA
8,-0.0016406512154305715,2026-10-01,MGA
9,-0.004004529516683971,2026-10-01,MGA
10,-0.0012131221214356524,2026-10-01,MGA
11,-0.004034364143335183,2026-10-01,MGA
12,-0.0016177816418602303,2026-10-01,MGA
13,-0.008888226772233485,2026-10-01,MGA
14,-0.005424786410836656,2026-10-01,MGA
1,-0.0006961315571416655,2026-10-01,MGM
2,-0.0010183186429662942,2026-10-01,MGM
3,0.0031997557267494673,2026-10-01,MGM
4,-0.0011515061042421035,2026-10-01,MGM
5,0.0007129037163300237,2026-10-01,MGM
6,-0.004363165540715949,2026-10-01,MGM
7,-0.005148026876717962,2026-10-01,MGM
8,-0.0005101171020407402,2026-10-01,MGM
9,-0.005144661075329816,2026-10-01,MGM
10,0.0025139663117272437,2026-10-01,MGM
11,0.0030573629253900815,2026-10-01,MGM
12,0.0004517421644835642,2026-10-01,MGM
13,-0.006124487913637624,2026-10-01,MGM
14,-0.0005231807832232218,2026-10-01,MGM
1,0.001119427188516385,2026-10-01,MGNI
2,0.004245964394849962,2026-10-01,MGNI
3,-0.0019239505240129012,2026-10-01,MGNI
4,-0.004363274200379176,2026-10-01,MGNI
5,-0.007815993934187826,2026-10-01,MGNI
6,-0.0018224240884038413,2026-10-01,MGNI
7,-0.0013889708026615674,2026-10-01,MGNI
8,-0.002506768874599452,2026-10-01,MGNI
9,-0.0011638022808800816,2026-10-01,MGNI
10,0.005433123238208724,2026-10-01,MGNI
11,-0.0040493660862339935,2026-10-01,MGNI
12,0.005674283862691346,2026-10-01,MGNI
13,0.003200306070631594,2026-10-01,MGNI
14,0.007820906978629777,2026-10-01,MGNI
1,-0.0004123206146568252,2026-10-01,MGY
2,-0.0035101962576248925,2026-10-01,MGY
3,0.00316143112019304,2026-10-01,MGY
4,-0.0018795550945195018,2026-10-01,MGY
5,-0.0013419925023228608,2026-10-01,MGY
6,-0.005293731556509041,2026-10-01,MGY
7,-0.0020824888715089483,2026-10-01,MGY
8,-0.001415246477487213,2026-10-01,MGY
9,-0.0027165773118543574,2026-10-01,MGY
10,-0.0001601363544089501,2026-10-01,MGY
11,0.0007108686055249903,2026-10-01,MGY
12,-0.0008255541323698483,2026-10-01,MGY
13,-0.004361411231146513,2026-10-01,MGY
14,-0.003571483565461093,2026-10-01,MGY
1,0.0009397736473860065,2026-10-01,MIRM
2,0.0037258793815573704,2026-10-01,MIRM
3,-0.002826367642586164,2026-10-01,MIRM
4,-0.00508867937957621,2026-10-01,MIRM
5,-0.004559752028257182,2026-10-01,MIRM
6,-0.0039766665793766025,2026-10-01,MIRM
7,0.0011119927785513174,2026-10-01,MIRM
8,0.0023007410886857504,2026-10-01,MIRM
9,-0.0016647226102076396,2026-10-01,MIRM
10,0.0038509170532965062,2026-10-01,MIRM
11,-0.004363161472053369,2026-10-01,MIRM
12,0.0062508182071289746,2026-10-01,MIRM
13,0.005601854898403724,2026-10-01,MIRM
14,0.009921000102474884,2026-10-01,MIRM
1,-0.0013929774771054,2026-10-01,MKC
2,-0.0011727579689292684,2026-10-01,MKC
3,0.003144769369748644,2026-10-01,MKC
4,-0.0025089678603978996,2026-10-01,MKC
5,-9.32256933466731e-05,2026-10-01,MKC
6,-0.003391581671872147,2026-10-01,MKC
7,-0.004709654803931408,2026-10-01,MKC
8,0.00026456488867580613,2026-10-01,MKC
9,-0.003782290224520331,2026-10-01,MKC
10,0.0029017224677162995,2026-10-01,MKC
11,0.0008423024833920317,2026-10-01,MKC
12,-0.003009702280111202,2026-10-01,MKC
13,-0.004656679593502242,2026-10-01,MKC
14,-0.0004351403827714712,2026-10-01,MKC
1,-0.0023012379154849355,2026-10-01,MKSI
2,-0.002106680592419948,2026-10-01,MKSI
3,0.0038865401495948664,2026-10-01,MKSI
4,-0.0005191277682926119,2026-10-01,MKSI
5,-0.0008022054055269152,2026-10-01,MKSI
6,-0.005421248870751656,2026-10-01,MKSI
7,-0.007399147807880425,2026-10-01,MKSI
8,0.0019732633885992004,2026-10-01,MKSI
9,-0.0011367347790735569,2026-10-01,MKSI
10,0.004178699822090051,2026-10-01,MKSI
11,0.0032727184570828507,2026-10-01,MKSI
12,0.0009575023243065426,2026-10-01,MKSI
13,-0.008526562036469218,2026-10-01,MKSI
14,-0.005927196205283799,2026-10-01,MKSI
1,0.0017929199360484115,2026-10-01,MLCO
2,0.004091226125378486,2026-10-01,MLCO
3,-0.0024396130101677327,2026-10-01,MLCO
4,-0.0049812547740094104,2026-10-01,MLCO
5,-0.005228228806426601,2026-10-01,MLCO
6,-0.0018250257284794897,2026-10-01,MLCO
7,-0.00020416249017632377,2026-10-01,MLCO
8,-7.000816725418751e-05,2026-10-01,MLCO
9,0.00067075002684278,2026-10-01,MLCO
10,-0.0007671227966790689,2026-10-01,MLCO
11,-0.004795961959713298,2026-10-01,MLCO
12,-0.00020831357895583706,2026-10-01,MLCO
13,0.004723805482340392,2026-10-01,MLCO
14,0.005323931682129924,2026-10-01,MLCO
1,0.00041347877614098297,2026-10-01,MMM
2,-8.002581016022095e-05,2026-10-01,MMM
3,0.0023602568227045445,2026-10-01,MMM
4,0.0005445690194680008,2026-10-01,MMM
5,0.0036737647638369407,2026-10-01,MMM
6,0.003851434098997429,2026-10-01,MMM
7,0.0028710238790464705,2026-10-01,MMM
8,0.00293768973694894,2026-10-01,MMM
9,0.0036143297806867413,2026-10-01,MMM
10,-0.0013112411083402297,2026-10-01,MMM
11,0.00863640229473826,2026-10-01,MMM
12,0.005149410127208842,2026-10-01,MMM
13,0.003357819194474995,2026-10-01,MMM
14,-0.0023872090117147736,2026-10-01,MMM
1,-0.0020915565239627448,2026-10-01,MNSO
2,-0.0020059180470502116,2026-10-01,MNSO
3,0.0050583423172202305,2026-10-01,MNSO
4,-0.0011223945342808146,2026-10-01,MNSO
5,0.0009148255368376634,2026-10-01,MNSO
6,-0.004524229145790954,2026-10-01,MNSO
7,-0.0032831147952318506,2026-10-01,MNSO
8,0.002684610403244922,2026-10-01,MNSO
9,-0.003930522332178547,2026-10-01,MNSO
10,0.0018514710783328,2026-10-01,MNSO
11,-0.0012257798575941252,2026-10-01,MNSO
12,-0.0027755693398016815,2026-10-01,MNSO
13,-0.009217242155663443,2026-10-01,MNSO
14,-0.006569855883790519,2026-10-01,MNSO
1,0.0007081776859133942,2026-10-01,MNST
2,-0.00021326932757516874,2026-10-01,MNST
3,0.0017103852776341824,2026-10-01,MNST
4,0.0012963925040423417,2026-10-01,MNST
5,0.0034391050873385774,2026-10-01,MNST
6,0.003984786890150244,2026-10-01,MNST
7,0.002839639034857654,2026-10-01,MNST
8,0.0004226842152565251,2026-10-01,MNST
9,0.0015455048353224278,2026-10-01,MNST
10,-0.003008735149978699,2026-10-01,MNST
11,0.0021397354060880953,2026-10-01,MNST
12,0.0037091817629266843,2026-10-01,MNST
13,0.004787309985021379,2026-10-01,MNST
14,0.0005820310005967303,2026-10-01,MNST
1,0.0003008771447324596,2026-10-01,MO
2,0.0003113104613559195,2026-10-01,MO
3,0.0005659202263900259,2026-10-01,MO
4,0.0004338278731299454,2026-10-01,MO
5,0.001977330028951154,2026-10-01,MO
6,0.002242046605804209,2026-10-01,MO
7,0.005234069345415801,2026-10-01,MO
8,-0.00039330277535633946,2026-10-01,MO
9,0.004868434444703958,2026-10-01,MO
10,-0.000977012298894535,2026-10-01,MO
11,0.005745343340772424,2026-10-01,MO
12,0.0036688348543600802,2026-10-01,MO
13,0.005842267117121571,2026-10-01,MO
14,-0.0004311987966253985,2026-10-01,MO
1,0.0025307172890776876,2026-10-01,MOMO
2,0.005344966226054789,2026-10-01,MOMO
3,-0.004178611421634043,2026-10-01,MOMO
4,-0.0031151457673142045,2026-10-01,MOMO
5,-0.005009551615740499,2026-10-01,MOMO
6,-0.0015135499955752914,2026-10-01,MOMO
7,-0.0003128051004057139,2026-10-01,MOMO
8,-0.0011042760301366837,2026-10-01,MOMO
9,0.0061830113598153385,2026-10-01,MOMO
10,0.0025465335847769835,2026-10-01,MOMO
11,-0.00522449669215332,2026-10-01,MOMO
12,0.007661019774085234,2026-10-01,MOMO
13,0.00718157345682738,2026-10-01,MOMO
14,0.009410353883522236,2026-10-01,MOMO
1,-0.00013893705856102382,2026-10-01,MOS
2,-0.00041733833565492736,2026-10-01,MOS
3,0.004929067085247117,2026-10-01,MOS
4,-0.0005215136053110048,2026-10-01,MOS
5,0.001728577587317331,2026-10-01,MOS
6,-0.002668574344918745,2026-10-01,MOS
7,-0.0032817554441138385,2026-10-01,MOS
8,0.0006436279610375076,2026-10-01,MOS
9,-0.001935091301536217,2026-10-01,MOS
10,0.0007970233908507407,2026-10-01,MOS
11,0.002469083190057505,2026-10-01,MOS
12,-0.0013817392296261526,2026-10-01,MOS
13,-0.0002960842488330504,2026-10-01,MOS
14,-0.0033156956393274,2026-10-01,MOS
1,0.0011978336642386221,2026-10-01,MP
2,0.007410320050622412,2026-10-01,MP
3,-0.002136783955049564,2026-10-01,MP
4,-0.0027799902662438707,2026-10-01,MP
5,-0.006109510877630235,2026-10-01,MP
6,-0.006094571455980597,2026-10-01,MP
7,-0.0013050921055584644,2026-10-01,MP
8,-0.0010264184332454257,2026-10-01,MP
9,0.0007920352630871846,2026-10-01,MP
10,0.003248841238922931,2026-10-01,MP
11,-0.008394288010331529,2026-10-01,MP
12,0.005087618850942813,2026-10-01,MP
13,0.0008427830973789372,2026-10-01,MP
14,0.003687969092815769,2026-10-01,MP
1,0.0007750992705710977,2026-10-01,MPC
2,0.0014972988805048554,2026-10-01,MPC
3,0.002406646156311109,2026-10-01,MPC
4,0.00047923232959923826,2026-10-01,MPC
5,0.0019081459527724258,2026-10-01,MPC
6,0.0036878424464018094,2026-10-01,MPC
7,0.004976575669453226,2026-10-01,MPC
8,-0.00048823706962700667,2026-10-01,MPC
9,0.00020660952933134486,2026-10-01,MPC
10,-0.004079902325623759,2026-10-01,MPC
11,0.002199494873531124,2026-10-01,MPC
12,0.005620100529955154,2026-10-01,MPC
13,0.005462568752012981,2026-10-01,MPC
14,0.0008099818383841064,2026-10-01,MPC
1,-8.354542822475313e-05,2026-10-01,MPLX
2,-0.0025529900045891257,2026-10-01,MPLX
3,0.005321594282640809,2026-10-01,MPLX
4,-0.0012056907152274002,2026-10-01,MPLX
5,-0.0006316784217496495,2026-10-01,MPLX
6,-0.004830612594009748,2026-10-01,MPLX
7,-0.0017493508598201758,2026-10-01,MPLX
8,-0.000516243082499043,2026-10-01,MPLX
9,0.00030490201324932207,2026-10-01,MPLX
10,0.0005182133854582516,2026-10-01,MPLX
11,0.0024630318778028942,2026-10-01,MPLX
12,-0.0018715917826100724,2026-10-01,MPLX
13,-0.006340008593290009,2026-10-01,MPLX
14,-0.003701418977036702,2026-10-01,MPLX
1,-4.528921638335689e-05,2026-10-01,MQ
2,0.0024180194812270465,2026-10-01,MQ
3,-0.004357472792443742,2026-10-01,MQ
4,-0.005688105375528435,2026-10-01,MQ
5,-0.00624570941609149,2026-10-01,MQ
6,-0.0023961647587478576,2026-10-01,MQ
7,-0.0004903541050773541,2026-10-01,MQ
8,0.002140829128443831,2026-10-01,MQ
9,-0.0009217400547563812,2026-10-01,MQ
10,0.004455800677690492,2026-10-01,MQ
11,-0.004146407316326946,2026-10-01,MQ
12,0.009015788964075608,2026-10-01,MQ
13,0.006770681164730274,2026-10-01,MQ
14,0.007647920012508286,2026-10-01,MQ
1,0.0003610983588122267,2026-10-01,MRK
2,0.0004614495241291153,2026-10-01,MRK
3,0.001876612577217549,2026-10-01,MRK
4,0.0006697474099778475,2026-10-01,MRK
5,0.0008984682194584218,2026-10-01,MRK
6,0.003966232262128269,2026-10-01,MRK
7,0.004040886707253294,2026-10-01,MRK
8,0.0013951443393580255,2026-10-01,MRK
9,0.005506414677004422,2026-10-01,MRK
10,-0.002269507634075005,2026-10-01,MRK
11,0.005721245771840485,2026-10-01,MRK
12,0.0035216827004606725,2026-10-01,MRK
13,0.004062273896610696,2026-10-01,MRK
14,-0.0002949781486223727,2026-10-01,MRK
1,-0.0007459071368686281,2026-10-01,MRNA
2,0.0016690363683016282,2026-10-01,MRNA
3,0.002375271137819786,2026-10-01,MRNA
4,0.0019127150798156545,2026-10-01,MRNA
5,0.001954971262490433,2026-10-01,MRNA
6,0.00789293361806824,2026-10-01,MRNA
7,0.006035101343781155,2026-10-01,MRNA
8,0.001915349514502314,2026-10-01,MRNA
9,0.00013274907107993159,2026-10-01,MRNA
10,-0.001693059918908125,2026-10-01,MRNA
11,0.003103001447041658,2026-10-01,MRNA
12,0.004585226678882765,2026-10-01,MRNA
13,0.004032024501983409,2026-10-01,MRNA
14,-0.003267494706246305,2026-10-01,MRNA
1,0.00027166409014813567,2026-10-01,MRVI
2,0.00534449147200523,2026-10-01,MRVI
3,-0.0056296285148333,2026-10-01,MRVI
4,-0.005097626095091634,2026-10-01,MRVI
5,-0.00895131010041563,2026-10-01,MRVI
6,-0.0007736578408519269,2026-10-01,MRVI
7,-0.002850640465407277,2026-10-01,MRVI
8,0.004223958616562467,2026-10-01,MRVI
9,-0.003923889342653531,2026-10-01,MRVI
10,-4.5836103286451284e-05,2026-10-01,MRVI
11,-0.008396677641868,2026-10-01,MRVI
12,0.007073452035982307,2026-10-01,MRVI
13,0.0028752721735167755,2026-10-01,MRVI
14,0.0012956157158256656,2026-10-01,MRVI
1,0.0010997207239076912,2026-10-01,MRVL
2,0.00031943306813304276,2026-10-01,MRVL
3,0.002891347621718813,2026-10-01,MRVL
4,0.0009166260004168908,2026-10-01,MRVL
5,0.004913811349907767,2026-10-01,MRVL
6,0.003815918484760938,2026-10-01,MRVL
7,0.0017862617439410883,2026-10-01,MRVL
8,0.003534552143663286,2026-10-01,MRVL
9,-0.0016838076088142783,2026-10-01,MRVL
10,-0.0018582367549881654,2026-10-01,MRVL
11,-0.003851562759964553,2026-10-01,MRVL
12,0.0026616116505603447,2026-10-01,MRVL
13,0.0022652771137217638,2026-10-01,MRVL
14,-0.0007527270033735191,2026-10-01,MRVL
1,0.0012897023538631788,2026-10-01,MS
2,0.0005592062615619057,2026-10-01,MS
3,0.001239364716782951,2026-10-01,MS
4,0.00259582671656453,2026-10-01,MS
5,0.0036191018595706902,2026-10-01,MS
6,0.00402945870006193,2026-10-01,MS
7,0.0025219345105482187,2026-10-01,MS
8,0.0024683797957988723,2026-10-01,MS
9,0.004018883482097507,2026-10-01,MS
10,-0.003132655182701249,2026-10-01,MS
11,0.007139251836581448,2026-10-01,MS
12,0.006830934499183221,2026-10-01,MS
13,0.006950165852340568,2026-10-01,MS
14,0.001619485678375411,2026-10-01,MS
1,0.0005332847272519189,2026-10-01,MSFT
2,0.0007698481289816702,2026-10-01,MSFT
3,0.001079135751612748,2026-10-01,MSFT
4,0.0020472426907705383,2026-10-01,MSFT
5,0.001666102435841984,2026-10-01,MSFT
6,0.0036146498453685635,2026-10-01,MSFT
7,0.0032617149576143175,2026-10-01,MSFT
8,0.002216471595913858,2026-10-01,MSFT
9,0.0025210278353523428,2026-10-01,MSFT
10,-0.0024115869305817673,2026-10-01,MSFT
11,0.0008007911544259449,2026-10-01,MSFT
12,-0.0014285963699602123,2026-10-01,MSFT
13,0.004230706430391127,2026-10-01,MSFT
14,-0.0017116682855144987,2026-10-01,MSFT
1,0.001512230147818468,2026-10-01,MSM
2,0.0059660495021988235,2026-10-01,MSM
3,-0.004704320691584088,2026-10-01,MSM
4,-0.004616956242529114,2026-10-01,MSM
5,-0.005488587352305381,2026-10-01,MSM
6,0.0006797548614713321,2026-10-01,MSM
7,-0.0009290010027720532,2026-10-01,MSM
8,0.0010633397046307378,2026-10-01,MSM
9,-0.003280165205851384,2026-10-01,MSM
10,0.003749153082488226,2026-10-01,MSM
11,-0.006952780391685598,2026-10-01,MSM
12,0.0016205121740873224,2026-10-01,MSM
13,0.00722935053008475,2026-10-01,MSM
14,0.010735849689641225,2026-10-01,MSM
1,-0.001304405517083044,2026-10-01,MSTR
2,-0.002003320423347298,2026-10-01,MSTR
3,0.004267994308850592,2026-10-01,MSTR
4,-0.00026746933479446,2026-10-01,MSTR
5,-0.0003368113488081565,2026-10-01,MSTR
6,-0.0019080708899491376,2026-10-01,MSTR
7,-0.005376826136003362,2026-10-01,MSTR
8,0.0008011136770803701,2026-10-01,MSTR
9,0.00011194283571215517,2026-10-01,MSTR
10,0.0007820574512318016,2026-10-01,MSTR
11,0.003450180247045276,2026-10-01,MSTR
12,-0.005077865922342974,2026-10-01,MSTR
13,-0.005892040260126749,2026-10-01,MSTR
14,-0.005777060111641812,2026-10-01,MSTR
1,-0.0005563505988285034,2026-10-01,MT
2,-0.0010790093262123047,2026-10-01,MT
3,0.005704395364509917,2026-10-01,MT
4,-0.0034270379247076416,2026-10-01,MT
5,-0.0010771733484650516,2026-10-01,MT
6,-0.005587792303310993,2026-10-01,MT
7,-0.0042217192730856406,2026-10-01,MT
8,-0.0001711489205385045,2026-10-01,MT
9,-0.0015833202522166153,2026-10-01,MT
10,0.0015143183006472132,2026-10-01,MT
11,0.003578106833705156,2026-10-01,MT
12,-0.002494934381847598,2026-10-01,MT
13,-0.0057980752156648495,2026-10-01,MT
14,-0.002402506590415049,2026-10-01,MT
1,-0.0010641670226844752,2026-10-01,MTB
2,-0.0007419965260133062,2026-10-01,MTB
3,0.004277675359256373,2026-10-01,MTB
4,-0.0009611138312404715,2026-10-01,MTB
5,-0.0020981569562064724,2026-10-01,MTB
6,-0.00448210292807156,2026-10-01,MTB
7,-0.0031067195961717513,2026-10-01,MTB
8,0.0021696390676574843,2026-10-01,MTB
9,-0.001167609130934865,2026-10-01,MTB
10,0.004879917413386759,2026-10-01,MTB
11,0.003760050977231065,2026-10-01,MTB
12,-0.0015712275331711569,2026-10-01,MTB
13,-0.006861859491015136,2026-10-01,MTB
14,-0.0013088651366451641,2026-10-01,MTB
1,-0.0016854949044569105,2026-10-01,MTCH
2,-0.0018348997328227925,2026-10-01,MTCH
3,0.0031593239958548026,2026-10-01,MTCH
4,-0.0015251904671795215,2026-10-01,MTCH
5,0.001957965445744107,2026-10-01,MTCH
6,-0.003516603508723478,2026-10-01,MTCH
7,-0.004821633979949714,2026-10-01,MTCH
8,0.0008468718288458214,2026-10-01,MTCH
9,0.0003490515135178792,2026-10-01,MTCH
10,0.001911388449231318,2026-10-01,MTCH
11,0.0016889595630969266,2026-10-01,MTCH
12,-0.003164351453778399,2026-10-01,MTCH
13,-0.006636450125066562,2026-10-01,MTCH
14,-0.004188042987484614,2026-10-01,MTCH
1,-0.0014272894642214406,2026-10-01,MTDR
2,-0.002290039448098248,2026-10-01,MTDR
3,0.0015038620003461531,2026-10-01,MTDR
4,-0.003556886378992579,2026-10-01,MTDR
5,-0.0006027660653976796,2026-10-01,MTDR
6,-0.0031952897762768506,2026-10-01,MTDR
7,-0.003434787587241327,2026-10-01,MTDR
8,-0.0008022367844672105,2026-10-01,MTDR
9,-0.003619623509650725,2026-10-01,MTDR
10,0.005474728778132494,2026-10-01,MTDR
11,0.0020655801011726376,2026-10-01,MTDR
12,-6.966116079446872e-05,2026-10-01,MTDR
13,-0.00390770759620841,2026-10-01,MTDR
14,-0.0012655372414479894,2026-10-01,MTDR
1,-0.0007262592211019556,2026-10-01,MTG
2,-0.002101872238537239,2026-10-01,MTG
3,0.0050858380952036545,2026-10-01,MTG
4,0.00023589079257000612,2026-10-01,MTG
5,-0.001123448392747775,2026-10-01,MTG
6,-0.002476256023981078,2026-10-01,MTG
7,-0.0025927290253503423,2026-10-01,MTG
8,0.0016867737921306867,2026-10-01,MTG
9,-0.0020841062740284766,2026-10-01,MTG
10,0.002590438878787436,2026-10-01,MTG
11,0.0028514248627260815,2026-10-01,MTG
12,-0.000844895549484425,2026-10-01,MTG
13,-0.006295667161575472,2026-10-01,MTG
14,-0.0005948630718501713,2026-10-01,MTG
1,-0.001064527716408834,2026-10-01,MTN
2,-0.0010276037736492811,2026-10-01,MTN
3,0.003311249569761064,2026-10-01,MTN
4,-0.0031472209655233237,2026-10-01,MTN
5,-0.00021004357896629565,2026-10-01,MTN
6,-0.004909939298697552,2026-10-01,MTN
7,-0.0012527798677938967,2026-10-01,MTN
8,0.0023486497800527958,2026-10-01,MTN
9,0.0003113241497624607,2026-10-01,MTN
10,0.000993898397554708,2026-10-01,MTN
11,0.00419496914391704,2026-10-01,MTN
12,0.0003890449372360979,2026-10-01,MTN
13,-0.006475928064074404,2026-10-01,MTN
14,-0.0021965721930564354,2026-10-01,MTN
1,0.0013577531937277564,2026-10-01,MU
2,0.00030354543475661727,2026-10-01,MU
3,0.002669612522163417,2026-10-01,MU
4,0.0009700914302918148,2026-10-01,MU
5,0.004700169205728481,2026-10-01,MU
6,0.00429477158295118,2026-10-01,MU
7,0.002330947452428594,2026-10-01,MU
8,0.003968354776594592,2026-10-01,MU
9,-0.00042072302367296546,2026-10-01,MU
10,-0.0030945072408125997,2026-10-01,MU
11,-0.0029074209825862125,2026-10-01,MU
12,0.0018671376775820025,2026-10-01,MU
13,0.0034469434931171865,2026-10-01,MU
14,-0.0012258085013277594,2026-10-01,MU
1,0.00042925692294017707,2026-10-01,MUFG
2,4.696292013517861e-06,2026-10-01,MUFG
3,0.0006394836386669478,2026-10-01,MUFG
4,0.0007199090763818536,2026-10-01,MUFG
5,0.0023852569554567043,2026-10-01,MUFG
6,0.0034635955547518736,2026-10-01,MUFG
7,0.004308920159235442,2026-10-01,MUFG
8,0.0010526035470595746,2026-10-01,MUFG
9,0.0013824442383114476,2026-10-01,MUFG
10,-0.0005330446005001579,2026-10-01,MUFG
11,0.0059133661800163054,2026-10-01,MUFG
12,0.003464532497742968,2026-10-01,MUFG
13,0.006204260595149219,2026-10-01,MUFG
14,-0.0023818613679052842,2026-10-01,MUFG
1,-0.0011190891698033018,2026-10-01,MUR
2,-0.002921424724480112,2026-10-01,MUR
3,0.004107902557888675,2026-10-01,MUR
4,-0.001006781610561587,2026-10-01,MUR
5,-0.0026455935599335773,2026-10-01,MUR
6,-0.004632197593767989,2026-10-01,MUR
7,-0.006087060511493508,2026-10-01,MUR
8,0.0026451077001601597,2026-10-01,MUR
9,-0.001766561996095354,2026-10-01,MUR
10,0.0021774062674503047,2026-10-01,MUR
11,0.0019787198818381866,2026-10-01,MUR
12,0.00017033597432367445,2026-10-01,MUR
13,-0.004988600650062049,2026-10-01,MUR
14,-0.0023787159254292675,2026-10-01,MUR
1,0.001418941664697645,2026-10-01,MWA
2,0.0037551017246529278,2026-10-01,MWA
3,-0.004556662821849743,2026-10-01,MWA
4,-0.0005760157825690646,2026-10-01,MWA
5,-0.0061447087634051625,2026-10-01,MWA
6,-0.002583034682531149,2026-10-01,MWA
7,0.00013023318656331663,2026-10-01,MWA
8,0.004932003239354929,2026-10-01,MWA
9,0.0005352172259107766,2026-10-01,MWA
10,-4.894132526095123e-05,2026-10-01,MWA
11,0.000846113739906328,2026-10-01,MWA
12,0.0037165301891053993,2026-10-01,MWA
13,0.01073761266107047,2026-10-01,MWA
14,0.007974551796812177,2026-10-01,MWA
1,0.0010821862192958824,2026-10-01,MYGN
2,0.0010341218724743294,2026-10-01,MYGN
3,-0.004764905772903406,2026-10-01,MYGN
4,-0.0010943681331138351,2026-10-01,MYGN
5,-0.007728346342696388,2026-10-01,MYGN
6,-0.0017939972585394159,2026-10-01,MYGN
7,0.00029130714037188906,2026-10-01,MYGN
8,0.00043891489652805047,2026-10-01,MYGN
9,-0.004196702898263319,2026-10-01,MYGN
10,0.004538977346095976,2026-10-01,MYGN
11,-0.00656170357799386,2026-10-01,MYGN
12,0.008884242811831748,2026-10-01,MYGN
13,0.005042896298177221,2026-10-01,MYGN
14,0.001326891105095097,2026-10-01,MYGN
1,0.002171605093429526,2026-10-01,NAT
2,0.00553420808720527,2026-10-01,NAT
3,-0.004329009790285092,2026-10-01,NAT
4,-0.004089097968339107,2026-10-01,NAT
5,-0.005321830457872725,2026-10-01,NAT
6,-0.0010890932228923322,2026-10-01,NAT
7,-0.003045548755752452,2026-10-01,NAT
8,-0.0010980131525387133,2026-10-01,NAT
9,0.0007286568209558579,2026-10-01,NAT
10,0.006027343958069135,2026-10-01,NAT
11,-0.005090910744838685,2026-10-01,NAT
12,0.004609568281011791,2026-10-01,NAT
13,0.004924035619382267,2026-10-01,NAT
14,0.008317101633442427,2026-10-01,NAT
1,0.0026987127122008727,2026-10-01,NAVI
2,0.0049537010740816735,2026-10-01,NAVI
3,-0.0016585228440458362,2026-10-01,NAVI
4,-0.0028105357163828834,2026-10-01,NAVI
5,-0.0060088405664916605,2026-10-01,NAVI
6,-0.0001021990410746855,2026-10-01,NAVI
7,0.00030811695193911433,2026-10-01,NAVI
8,-3.9551325165837955e-05,2026-10-01,NAVI
9,-0.0033203233757759607,2026-10-01,NAVI
10,0.0023401139356356328,2026-10-01,NAVI
11,-0.001665567165067574,2026-10-01,NAVI
12,0.006222209142481891,2026-10-01,NAVI
13,0.007278050820230991,2026-10-01,NAVI
14,0.009955151579179542,2026-10-01,NAVI
1,-0.001503776904424944,2026-10-01,NCLH
2,-0.0007160708476365729,2026-10-01,NCLH
3,0.004140870986946614,2026-10-01,NCLH
4,-0.0016957173044210782,2026-10-01,NCLH
5,0.000902716830614288,2026-10-01,NCLH
6,-0.006037946399952701,2026-10-01,NCLH
7,-0.001154639445265016,2026-10-01,NCLH
8,0.0003619037322354809,2026-10-01,NCLH
9,0.0018528641868839567,2026-10-01,NCLH
10,-0.0003877773001375383,2026-10-01,NCLH
11,0.004279044553093212,2026-10-01,NCLH
12,-0.0033340760617128636,2026-10-01,NCLH
13,-0.007437513265498355,2026-10-01,NCLH
14,-0.0037248206019750937,2026-10-01,NCLH
1,-0.0011198741447284001,2026-10-01,NCNO
2,-0.0034078367790317888,2026-10-01,NCNO
3,0.005828842103345449,2026-10-01,NCNO
4,-0.002703344348309044,2026-10-01,NCNO
5,-0.0009111387870892769,2026-10-01,NCNO
6,-0.005270980036389665,2026-10-01,NCNO
7,-0.0064347618071455325,2026-10-01,NCNO
8,0.0029733498844308663,2026-10-01,NCNO
9,-0.0028145304177733875,2026-10-01,NCNO
10,0.004114581002433828,2026-10-01,NCNO
11,0.0025614845697996343,2026-10-01,NCNO
12,-0.0036114420866917908,2026-10-01,NCNO
13,-0.005638808363576452,2026-10-01,NCNO
14,-0.00011877775452305977,2026-10-01,NCNO
1,-0.001354371650499395,2026-10-01,NDAQ
2,-0.0023332201640754004,2026-10-01,NDAQ
3,0.004837704670930109,2026-10-01,NDAQ
4,-0.00032081152312345764,2026-10-01,NDAQ
5,-0.0017645962852062983,2026-10-01,NDAQ
6,-0.003759257279435254,2026-10-01,NDAQ
7,-0.0030183574121462296,2026-10-01,NDAQ
8,0.002313735195199846,2026-10-01,NDAQ
9,-0.0018820232495972684,2026-10-01,NDAQ
10,0.004898123731690048,2026-10-01,NDAQ
11,0.0022374592712424758,2026-10-01,NDAQ
12,0.0024091183712580183,2026-10-01,NDAQ
13,-0.006281266889623069,2026-10-01,NDAQ
14,-0.00022260522051804305,2026-10-01,NDAQ
1,-0.0011332282423820212,2026-10-01,NE
2,-0.0014473457582100744,2026-10-01,NE
3,0.004196563266770111,2026-10-01,NE
4,-0.0017824235140579312,2026-10-01,NE
5,-0.002185632173512505,2026-10-01,NE
6,-0.002601343840271245,2026-10-01,NE
7,-0.002331680767026366,2026-10-01,NE
8,0.0007895900935327682,2026-10-01,NE
9,-0.0012274001048228058,2026-10-01,NE
10,-0.00015817764367002246,2026-10-01,NE
11,0.0047032208454551505,2026-10-01,NE
12,-0.003130093946271745,2026-10-01,NE
13,-0.007392810287589221,2026-10-01,NE
14,-0.004856829488163053,2026-10-01,NE
1,0.0004143412031547333,2026-10-01,NEE
2,0.0002631684505201131,2026-10-01,NEE
3,0.0012340491025727841,2026-10-01,NEE
4,0.00038396634488792146,2026-10-01,NEE
5,0.002683319251993043,2026-10-01,NEE
6,0.0043451157025861005,2026-10-01,NEE
7,0.0031177557571810876,2026-10-01,NEE
8,0.0007319959309748747,2026-10-01,NEE
9,-0.0010416325589982921,2026-10-01,NEE
10,-0.002229884700396057,2026-10-01,NEE
11,0.0003654574532419445,2026-10-01,NEE
12,-0.0006849846720878228,2026-10-01,NEE
13,0.004093243635610997,2026-10-01,NEE
14,-0.0017442929736611846,2026-10-01,NEE
1,-0.0002735607739658908,2026-10-01,NEM
2,-0.001160239671525245,2026-10-01,NEM
3,0.002717416643976491,2026-10-01,NEM
4,-0.00018933102480231295,2026-10-01,NEM
5,0.0009584616094561059,2026-10-01,NEM
6,-0.004535847392606099,2026-10-01,NEM
7,-0.002842047212901527,2026-10-01,NEM
8,0.0009555925831084158,2026-10-01,NEM
9,-0.0032299592313265804,2026-10-01,NEM
10,0.0037734874666014947,2026-10-01,NEM
11,0.007489978405251719,2026-10-01,NEM
12,0.001001827512963222,2026-10-01,NEM
13,-0.004245570018328251,2026-10-01,NEM
14,-0.00020323328502283564,2026-10-01,NEM
1,0.001444603654306524,2026-10-01,NEO
2,0.006181264942116896,2026-10-01,NEO
3,-0.0026747562050686495,2026-10-01,NEO
4,-0.003750882441704418,2026-10-01,NEO
5,-0.005240949875250135,2026-10-01,NEO
6,0.0011810132946975737,2026-10-01,NEO
7,-0.0009395392778201682,2026-10-01,NEO
8,0.006853143511099306,2026-10-01,NEO
9,-6.155487117290897e-05,2026-10-01,NEO
10,0.0037862358108265303,2026-10-01,NEO
11,-0.0036030521334954805,2026-10-01,NEO
12,0.004607569900030288,2026-10-01,NEO
13,0.009432860381819619,2026-10-01,NEO
14,0.009915258438923446,2026-10-01,NEO
1,-0.0008582711481158631,2026-10-01,NET
2,-0.002613963501898554,2026-10-01,NET
3,0.002786915417528465,2026-10-01,NET
4,-0.0033018273389426225,2026-10-01,NET
5,0.001820366350687975,2026-10-01,NET
6,-0.004635427074546048,2026-10-01,NET
7,-0.005229889509673964,2026-10-01,NET
8,0.0014810367295482413,2026-10-01,NET
9,-0.0011272883509785172,2026-10-01,NET
10,0.0035139473217288275,2026-10-01,NET
11,0.004175642821020221,2026-10-01,NET
12,-0.002776351739185251,2026-10-01,NET
13,-0.0035516503974339646,2026-10-01,NET
14,-0.00312634331728413,2026-10-01,NET
1,0.0010875015001791286,2026-10-01,NFE
2,0.005143221739742053,2026-10-01,NFE
3,-0.0037298951815744473,2026-10-01,NFE
4,-0.004584047472103166,2026-10-01,NFE
5,-0.006730710281497127,2026-10-01,NFE
6,-0.0029666474623242967,2026-10-01,NFE
7,-0.001738256436647776,2026-10-01,NFE
8,-0.0026964272021780047,2026-10-01,NFE
9,-0.0017609469334116845,2026-10-01,NFE
10,0.001220279973466102,2026-10-01,NFE
11,-0.010275225441152168,2026-10-01,NFE
12,0.0036228403197452372,2026-10-01,NFE
13,0.007962418415988715,2026-10-01,NFE
14,0.0055884619235547755,2026-10-01,NFE
1,0.00030251546563457224,2026-10-01,NFLX
2,0.001250659266083542,2026-10-01,NFLX
3,0.0003889639116820117,2026-10-01,NFLX
4,0.0014099942139172118,2026-10-01,NFLX
5,0.00433393129965321,2026-10-01,NFLX
6,0.0012412625486187185,2026-10-01,NFLX
7,0.004895980545706602,2026-10-01,NFLX
8,-0.0017970046556029056,2026-10-01,NFLX
9,0.004804312324604232,2026-10-01,NFLX
10,-0.0025715902581481234,2026-10-01,NFLX
11,0.006077626624738325,2026-10-01,NFLX
12,0.004071944042618043,2026-10-01,NFLX
13,0.00580042365283109,2026-10-01,NFLX
14,0.0006146239566693259,2026-10-01,NFLX
1,0.0004798686377345324,2026-10-01,NGG
2,0.0002571095337741004,2026-10-01,NGG
3,0.0010708008380937808,2026-10-01,NGG
4,-0.0009070361775608799,2026-10-01,NGG
5,0.0028162467116079424,2026-10-01,NGG
6,0.002874441057002884,2026-10-01,NGG
7,0.002723452301667491,2026-10-01,NGG
8,0.0012300202061856812,2026-10-01,NGG
9,-0.0008383907274763541,2026-10-01,NGG
10,-0.0017369059826827214,2026-10-01,NGG
11,-0.0008307970580447657,2026-10-01,NGG
12,-0.00033399322780631904,2026-10-01,NGG
13,0.003257504987970428,2026-10-01,NGG
14,-0.0013839970527967731,2026-10-01,NGG
1,-0.0017135941369066203,2026-10-01,NI
2,-0.0015413787646280232,2026-10-01,NI
3,0.0034431850493050176,2026-10-01,NI
4,-0.0003469430830193056,2026-10-01,NI
5,-0.0016265790180344532,2026-10-01,NI
6,-0.004956941273499669,2026-10-01,NI
7,-0.004021702767331918,2026-10-01,NI
8,0.00022613487936052031,2026-10-01,NI
9,-0.0023530484705450417,2026-10-01,NI
10,0.0026933457345058877,2026-10-01,NI
11,0.0006321664553537661,2026-10-01,NI
12,-0.0004895508284809327,2026-10-01,NI
13,-0.0060511066758556714,2026-10-01,NI
14,-0.001339402360289942,2026-10-01,NI
1,-0.0009847628255714293,2026-10-01,NICE
2,-0.0015130131398444983,2026-10-01,NICE
3,0.0025916659669379684,2026-10-01,NICE
4,-0.002215497733700812,2026-10-01,NICE
5,-0.0001393596185841464,2026-10-01,NICE
6,-0.002861365390875525,2026-10-01,NICE
7,-0.003334370306285336,2026-10-01,NICE
8,0.00020831606884101557,2026-10-01,NICE
9,-0.0029274767028189745,2026-10-01,NICE
10,0.0005971693996607291,2026-10-01,NICE
11,0.0025565174154944556,2026-10-01,NICE
12,-0.002031807565086487,2026-10-01,NICE
13,-0.005675776761203321,2026-10-01,NICE
14,-0.0032130639754428423,2026-10-01,NICE
1,-0.00029747670792226575,2026-10-01,NIO
2,-0.0023023177694563046,2026-10-01,NIO
3,0.006157682698102838,2026-10-01,NIO
4,-0.0029624750803023767,2026-10-01,NIO
5,0.002194147425255325,2026-10-01,NIO
6,-0.002560568831770397,2026-10-01,NIO
7,-0.0020175040799416334,2026-10-01,NIO
8,0.002985100051959461,2026-10-01,NIO
9,-0.0011669352783026667,2026-10-01,NIO
10,0.003031058651562662,2026-10-01,NIO
11,0.0004926352026156485,2026-10-01,NIO
12,0.00039071345068059,2026-10-01,NIO
13,-0.002685186650733691,2026-10-01,NIO
14,-0.007621167353810871,2026-10-01,NIO
1,0.0004667737747283009,2026-10-01,NKE
2,-0.00044615367288814665,2026-10-01,NKE
3,0.001337631769453749,2026-10-01,NKE
4,0.0006631237035297356,2026-10-01,NKE
5,0.002017528794132196,2026-10-01,NKE
6,0.004907938715655649,2026-10-01,NKE
7,0.003662468775956593,2026-10-01,NKE
8,0.0020372684135892077,2026-10-01,NKE
9,0.0007364424214076599,2026-10-01,NKE
10,-0.006175454175544731,2026-10-01,NKE
11,-0.0013750708687135051,2026-10-01,NKE
12,-0.005128599455533457,2026-10-01,NKE
13,-0.002411782516611482,2026-10-01,NKE
14,-0.004225432995559032,2026-10-01,NKE
1,-0.0005052985997539662,2026-10-01,NLY
2,-0.0014410657927486157,2026-10-01,NLY
3,0.001977724301622476,2026-10-01,NLY
4,-0.0016951159526832225,2026-10-01,NLY
5,0.00027431999050323686,2026-10-01,NLY
6,-0.0046700244997774365,2026-10-01,NLY
7,-0.00515339693479702,2026-10-01,NLY
8,0.0016912011300031814,2026-10-01,NLY
9,-0.001340118468550128,2026-10-01,NLY
10,0.002059350437027104,2026-10-01,NLY
11,0.001454690305461334,2026-10-01,NLY
12,-0.0020283036735400774,2026-10-01,NLY
13,-0.005138801867061106,2026-10-01,NLY
14,-0.00043374219634092527,2026-10-01,NLY
1,0.0004922151820779929,2026-10-01,NOC
2,1.4930448751089039e-06,2026-10-01,NOC
3,-1.4904329798875846e-05,2026-10-01,NOC
4,0.0008122273631186705,2026-10-01,NOC
5,0.0014066880000239135,2026-10-01,NOC
6,0.0034269520711771692,2026-10-01,NOC
7,0.004703817088209869,2026-10-01,NOC
8,-0.00025361732115147947,2026-10-01,NOC
9,0.005831206788696307,2026-10-01,NOC
10,-0.003558311483857789,2026-10-01,NOC
11,0.004007148929410009,2026-10-01,NOC
12,0.005142271413034082,2026-10-01,NOC
13,0.006525499755679362,2026-10-01,NOC
14,0.0029333570394625102,2026-10-01,NOC
1,-0.0011757419638316947,2026-10-01,NOG
2,-0.0036129724563564065,2026-10-01,NOG
3,0.004078418726338059,2026-10-01,NOG
4,-0.0021837245627510686,2026-10-01,NOG
5,0.0002977108055678821,2026-10-01,NOG
6,-0.0035739587766728596,2026-10-01,NOG
7,-0.0033711301775027373,2026-10-01,NOG
8,0.0016890096061843625,2026-10-01,NOG
9,-0.0020112144201483383,2026-10-01,NOG
10,0.0029947604967823483,2026-10-01,NOG
11,0.00436789067331028,2026-10-01,NOG
12,-0.001858119941363788,2026-10-01,NOG
13,-0.00479034373114112,2026-10-01,NOG
14,-0.0013644283538020087,2026-10-01,NOG
1,-0.0016857292070173151,2026-10-01,NOK
2,-0.0008104513034539183,2026-10-01,NOK
3,0.003398993895772974,2026-10-01,NOK
4,-0.0022346561420914512,2026-10-01,NOK
5,-0.0026541247306390518,2026-10-01,NOK
6,-0.002480112614181447,2026-10-01,NOK
7,-0.004339241056186726,2026-10-01,NOK
8,0.0024755035819201705,2026-10-01,NOK
9,-0.00079090296405029,2026-10-01,NOK
10,0.004860127782590784,2026-10-01,NOK
11,0.004793451287210732,2026-10-01,NOK
12,0.0002596663026227166,2026-10-01,NOK
13,-0.00688617308652591,2026-10-01,NOK
14,0.004352456878006511,2026-10-01,NOK
1,-0.000852690629181681,2026-10-01,NOV
2,-0.002055618719053223,2026-10-01,NOV
3,0.004108286280622662,2026-10-01,NOV
4,-0.0036268454056731414,2026-10-01,NOV
5,-0.0023117416911048556,2026-10-01,NOV
6,-0.0041851993616972,2026-10-01,NOV
7,-0.004318341466001178,2026-10-01,NOV
8,0.002350131569604468,2026-10-01,NOV
9,-0.001147614567541047,2026-10-01,NOV
10,0.0036651024860250023,2026-10-01,NOV
11,0.003462140104560917,2026-10-01,NOV
12,-0.0014209061038800413,2026-10-01,NOV
13,-0.0031944311061042874,2026-10-01,NOV
14,0.0004338223631813212,2026-10-01,NOV
1,0.0003744709937669234,2026-10-01,NOW
2,0.00059360019080275,2026-10-01,NOW
3,0.0017286498731949615,2026-10-01,NOW
4,0.0018483532969282752,2026-10-01,NOW
5,0.0019380511893703457,2026-10-01,NOW
6,0.004735663228337134,2026-10-01,NOW
7,0.00410820606102489,2026-10-01,NOW
8,0.0009554424152436214,2026-10-01,NOW
9,0.00034962858381214527,2026-10-01,NOW
10,-0.00226243163872159,2026-10-01,NOW
11,-0.00011965669007893443,2026-10-01,NOW
12,-0.00048536141782549167,2026-10-01,NOW
13,0.0037848647152263688,2026-10-01,NOW
14,-0.0020574867479054536,2026-10-01,NOW
1,-0.0004890737791436704,2026-10-01,NRG
2,-0.001422545939249385,2026-10-01,NRG
3,0.004927007308418211,2026-10-01,NRG
4,-0.0022046858947378204,2026-10-01,NRG
5,-0.001300630837747013,2026-10-01,NRG
6,-0.0042079486063614216,2026-10-01,NRG
7,-0.00473597928359558,2026-10-01,NRG
8,0.000296885880491235,2026-10-01,NRG
9,-0.0027737422952591254,2026-10-01,NRG
10,0.0042305851162458006,2026-10-01,NRG
11,0.002578055828159046,2026-10-01,NRG
12,-0.00032454609569453746,2026-10-01,NRG
13,-0.006493641437496797,2026-10-01,NRG
14,-0.0021540512563068557,2026-10-01,NRG
1,0.001986677222352406,2026-10-01,NRIX
2,0.0030660496391368766,2026-10-01,NRIX
3,-0.0019613569401101226,2026-10-01,NRIX
4,-0.0030876953977216058,2026-10-01,NRIX
5,-0.005287629391530215,2026-10-01,NRIX
6,-0.0020983526090465514,2026-10-01,NRIX
7,0.001986658890221585,2026-10-01,NRIX
8,0.0027412683200847684,2026-10-01,NRIX
9,-0.005674387581387115,2026-10-01,NRIX
10,-0.00018242379547827545,2026-10-01,NRIX
11,-0.003928901669314387,2026-10-01,NRIX
12,0.008478150570156471,2026-10-01,NRIX
13,0.0010450283331188133,2026-10-01,NRIX
14,0.01189666897850431,2026-10-01,NRIX
1,0.0005552301522109609,2026-10-01,NSC
2,5.5634871065362035e-05,2026-10-01,NSC
3,0.0008754613134266977,2026-10-01,NSC
4,-4.5255964987687345e-05,2026-10-01,NSC
5,0.004011467604750706,2026-10-01,NSC
6,0.004544064656876593,2026-10-01,NSC
7,0.002916713192256115,2026-10-01,NSC
8,-0.0010096815599825646,2026-10-01,NSC
9,0.0037134055968900672,2026-10-01,NSC
10,-0.002548976606391219,2026-10-01,NSC
11,0.004139421071822881,2026-10-01,NSC
12,0.00405088483862371,2026-10-01,NSC
13,0.005384239236890965,2026-10-01,NSC
14,0.0018426935057715072,2026-10-01,NSC
1,-0.0008088279676302136,2026-10-01,NTAP
2,-0.001091147662631314,2026-10-01,NTAP
3,0.0033669139442627474,2026-10-01,NTAP
4,-0.0010183386577805517,2026-10-01,NTAP
5,-0.001205666122346164,2026-10-01,NTAP
6,-0.006699310572916829,2026-10-01,NTAP
7,-0.0028080476263994997,2026-10-01,NTAP
8,0.0004138708304525102,2026-10-01,NTAP
9,-0.0034458732553859857,2026-10-01,NTAP
10,0.005320824878834382,2026-10-01,NTAP
11,0.002941482348858735,2026-10-01,NTAP
12,-0.0015426826212359209,2026-10-01,NTAP
13,-0.008187035407844899,2026-10-01,NTAP
14,-0.0002643851621211984,2026-10-01,NTAP
1,0.0006348336851516795,2026-10-01,NTES
2,0.0013216644354690145,2026-10-01,NTES
3,0.0010683972254473609,2026-10-01,NTES
4,0.0005310357838838966,2026-10-01,NTES
5,0.0009534593058703042,2026-10-01,NTES
6,0.004389371970470376,2026-10-01,NTES
7,0.0027197385807231737,2026-10-01,NTES
8,0.0011981109758338628,2026-10-01,NTES
9,0.001927106175982324,2026-10-01,NTES
10,-0.0027860983891356762,2026-10-01,NTES
11,-3.856232821997629e-05,2026-10-01,NTES
12,-0.0019117736838909535,2026-10-01,NTES
13,0.004855895983848407,2026-10-01,NTES
14,-0.00012171041746223271,2026-10-01,NTES
1,0.0016292861947597252,2026-10-01,NTLA
2,0.003554121884624123,2026-10-01,NTLA
3,-0.0037789441277451662,2026-10-01,NTLA
4,-0.008360310913299765,2026-10-01,NTLA
5,-0.009919268400974283,2026-10-01,NTLA
6,-0.0018034067280367435,2026-10-01,NTLA
7,-0.0017170908906158576,2026-10-01,NTLA
8,0.0015752932457610263,2026-10-01,NTLA
9,0.0007693185245934372,2026-10-01,NTLA
10,-0.0007393313736301006,2026-10-01,NTLA
11,-0.01038727681610723,2026-10-01,NTLA
12,0.001294537401594361,2026-10-01,NTLA
13,0.007596563729720025,2026-10-01,NTLA
14,-0.000698110862137578,2026-10-01,NTLA
1,-0.0010426325492660794,2026-10-01,NTNX
2,-0.002734559175162271,2026-10-01,NTNX
3,0.005746456177874124,2026-10-01,NTNX
4,-0.003763742773372858,2026-10-01,NTNX
5,-0.0017691185048993932,2026-10-01,NTNX
6,-0.005222618819099121,2026-10-01,NTNX
7,-0.006517100494488929,2026-10-01,NTNX
8,-0.002465672926383112,2026-10-01,NTNX
9,-0.0015344870637698153,2026-10-01,NTNX
10,8.139845303227006e-05,2026-10-01,NTNX
11,0.001080650252236446,2026-10-01,NTNX
12,-0.0035353071036577444,2026-10-01,NTNX
13,-0.005129075996259619,2026-10-01,NTNX
14,0.00042978980224142864,2026-10-01,NTNX
1,-0.00023891655288290153,2026-10-01,NTR
2,-0.0008886618723723668,2026-10-01,NTR
3,0.0064505828873387865,2026-10-01,NTR
4,-0.003137763055899884,2026-10-01,NTR
5,0.0019434009446715709,2026-10-01,NTR
6,-0.004181527041032363,2026-10-01,NTR
7,-0.004490279663966442,2026-10-01,NTR
8,-0.0008002472510315709,2026-10-01,NTR
9,-0.004002725742846227,2026-10-01,NTR
10,0.0011051131185764638,2026-10-01,NTR
11,0.0025640284498597925,2026-10-01,NTR
12,-0.002179912674400094,2026-10-01,NTR
13,-8.957369452011207e-05,2026-10-01,NTR
14,-0.002332900659211873,2026-10-01,NTR
1,-0.00135722552624706,2026-10-01,NTRA
2,-0.0025040687523516132,2026-10-01,NTRA
3,0.0033650356168981647,2026-10-01,NTRA
4,-0.0034054967407256007,2026-10-01,NTRA
5,0.0006654844385155656,2026-10-01,NTRA
6,-0.0049425853724880614,2026-10-01,NTRA
7,-0.005920936534110073,2026-10-01,NTRA
8,0.001893367775535795,2026-10-01,NTRA
9,-0.0004613844224984791,2026-10-01,NTRA
10,0.004211001039020828,2026-10-01,NTRA
11,0.001511773722282854,2026-10-01,NTRA
12,-0.0049770115079893875,2026-10-01,NTRA
13,-0.007325020349569173,2026-10-01,NTRA
14,-0.0033026307197913446,2026-10-01,NTRA
1,-0.00033383285865667885,2026-10-01,NTRS
2,-0.0017338216875595696,2026-10-01,NTRS
3,0.0039432010004287095,2026-10-01,NTRS
4,-0.001504749807173356,2026-10-01,NTRS
5,-0.0012178184381725487,2026-10-01,NTRS
6,-0.0035152212661196465,2026-10-01,NTRS
7,-0.004987080768636217,2026-10-01,NTRS
8,0.002777254579611158,2026-10-01,NTRS
9,0.0004347563017739871,2026-10-01,NTRS
10,0.003933965301302018,2026-10-01,NTRS
11,0.0020628102351009626,2026-10-01,NTRS
12,0.0010452782916036817,2026-10-01,NTRS
13,-0.005661760905544307,2026-10-01,NTRS
14,-0.0003603841356220035,2026-10-01,NTRS
1,0.0003537013204908365,2026-10-01,NU
2,-0.0005298911847590462,2026-10-01,NU
3,0.002275014257067671,2026-10-01,NU
4,0.0023970696220576345,2026-10-01,NU
5,0.0012032860109959728,2026-10-01,NU
6,0.004194233340492909,2026-10-01,NU
7,0.0032540440276708402,2026-10-01,NU
8,-0.00017040010789413327,2026-10-01,NU
9,0.0034544976375702596,2026-10-01,NU
10,-0.001739589779092517,2026-10-01,NU
11,0.0034969375790960917,2026-10-01,NU
12,0.005616205758797173,2026-10-01,NU
13,0.005845733858662818,2026-10-01,NU
14,0.0027967577359465923,2026-10-01,NU
1,-0.000683772687742489,2026-10-01,NUE
2,-0.0016977610809529795,2026-10-01,NUE
3,0.00341252083482401,2026-10-01,NUE
4,-0.0024850909942325766,2026-10-01,NUE
5,-0.0015800748435993697,2026-10-01,NUE
6,-0.0047518368517568315,2026-10-01,NUE
7,-0.0032252923042924053,2026-10-01,NUE
8,0.0002967939739528035,2026-10-01,NUE
9,-0.001531205492809607,2026-10-01,NUE
10,0.004107709489427289,2026-10-01,NUE
11,0.003272834481965917,2026-10-01,NUE
12,-0.0012633790699996107,2026-10-01,NUE
13,-0.00623032899453226,2026-10-01,NUE
14,-0.0024418328242397443,2026-10-01,NUE
1,0.0018517907767691077,2026-10-01,NVAX
2,0.005106488273354193,2026-10-01,NVAX
3,-0.004067137915313296,2026-10-01,NVAX
4,-0.008276177755943219,2026-10-01,NVAX
5,-0.011450644458258205,2026-10-01,NVAX
6,-0.0020815215570499745,2026-10-01,NVAX
7,-0.003965019865432277,2026-10-01,NVAX
8,-0.001654944131972164,2026-10-01,NVAX
9,-0.004787574855648792,2026-10-01,NVAX
10,-0.0011162274373256243,2026-10-01,NVAX
11,-0.012280597881954482,2026-10-01,NVAX
12,-0.0014763000026612187,2026-10-01,NVAX
13,0.004306652596004441,2026-10-01,NVAX
14,-0.0020080689667750368,2026-10-01,NVAX
1,0.0018851894605785371,2026-10-01,NVCR
2,0.004567059183697082,2026-10-01,NVCR
3,-0.006064803033999556,2026-10-01,NVCR
4,-0.003023591532954313,2026-10-01,NVCR
5,-0.006226632927949846,2026-10-01,NVCR
6,-0.0017346434652447031,2026-10-01,NVCR
7,-0.004200788754876795,2026-10-01,NVCR
8,0.0006405550785412491,2026-10-01,NVCR
9,0.0012980000606591566,2026-10-01,NVCR
10,0.0009465845185832367,2026-10-01,NVCR
11,-0.007125214708115589,2026-10-01,NVCR
12,0.0028415446885686397,2026-10-01,NVCR
13,0.0066902597750211346,2026-10-01,NVCR
14,0.0008618769674408846,2026-10-01,NVCR
1,0.0013350485125484624,2026-10-01,NVDA
2,0.0006408628222777452,2026-10-01,NVDA
3,0.002259793832745614,2026-10-01,NVDA
4,0.0009245574538437318,2026-10-01,NVDA
5,0.00254394711629856,2026-10-01,NVDA
6,0.004553416964147319,2026-10-01,NVDA
7,0.0029300991944534063,2026-10-01,NVDA
8,0.0038532073313885576,2026-10-01,NVDA
9,-0.0016251646162513623,2026-10-01,NVDA
10,-0.004434944360822311,2026-10-01,NVDA
11,-0.003858062577696325,2026-10-01,NVDA
12,0.0012159512297638083,2026-10-01,NVDA
13,0.004582677754681398,2026-10-01,NVDA
14,-0.0022321089897489673,2026-10-01,NVDA
1,0.0009476607853912569,2026-10-01,NVO
2,-4.785848333605051e-05,2026-10-01,NVO
3,0.0015333495422961605,2026-10-01,NVO
4,0.0018723353909891817,2026-10-01,NVO
5,0.0009461419069809686,2026-10-01,NVO
6,0.004238310162598063,2026-10-01,NVO
7,0.003954207161058033,2026-10-01,NVO
8,0.0003877146864632292,2026-10-01,NVO
9,0.005902867456927112,2026-10-01,NVO
10,-0.001523952363376977,2026-10-01,NVO
11,0.005258582591144913,2026-10-01,NVO
12,0.0035552623357981176,2026-10-01,NVO
13,0.004837402003674443,2026-10-01,NVO
14,-0.0014739051605571864,2026-10-01,NVO
1,0.0008191219800273853,2026-10-01,NVS
2,-0.000276651753300312,2026-10-01,NVS
3,0.001313666564455458,2026-10-01,NVS
4,0.0008015724468115927,2026-10-01,NVS
5,0.002493207694024123,2026-10-01,NVS
6,0.003537783761422488,2026-10-01,NVS
7,0.0029570087405421373,2026-10-01,NVS
8,-0.0006736083956119869,2026-10-01,NVS
9,0.006215432026017715,2026-10-01,NVS
10,-0.0015539885237409628,2026-10-01,NVS
11,0.003983227725085991,2026-10-01,NVS
12,0.0032157166988850813,2026-10-01,NVS
13,0.005737560934754271,2026-10-01,NVS
14,-3.400053340333973e-05,2026-10-01,NVS
1,0.0016326984229795426,2026-10-01,NVST
2,0.0034963341725849496,2026-10-01,NVST
3,-0.005532601805406751,2026-10-01,NVST
4,-0.004020195195365073,2026-10-01,NVST
5,-0.006051232730162683,2026-10-01,NVST
6,-0.0006544819647267326,2026-10-01,NVST
7,-0.0011205853624092921,2026-10-01,NVST
8,-0.0015437931107958383,2026-10-01,NVST
9,-0.0037468932375490163,2026-10-01,NVST
10,0.002635173976512143,2026-10-01,NVST
11,-0.005461953036104292,2026-10-01,NVST
12,0.004582370242730441,2026-10-01,NVST
13,0.005669169907852001,2026-10-01,NVST
14,0.0041641495116970665,2026-10-01,NVST
1,-7.844643318923076e-05,2026-10-01,NVT
2,-0.0027957395983593063,2026-10-01,NVT
3,0.0027612242147659906,2026-10-01,NVT
4,-0.0016466623175851248,2026-10-01,NVT
5,-0.0014827804476039363,2026-10-01,NVT
6,-0.001915025411314302,2026-10-01,NVT
7,-0.004894243741538716,2026-10-01,NVT
8,0.00137831864276001,2026-10-01,NVT
9,0.0006251201777499684,2026-10-01,NVT
10,0.0016868817585456739,2026-10-01,NVT
11,0.0009146729306290276,2026-10-01,NVT
12,-0.001410681809989562,2026-10-01,NVT
13,-0.008427184177963402,2026-10-01,NVT
14,-0.0012887368890566841,2026-10-01,NVT
1,0.0005452163502106059,2026-10-01,NWG
2,-0.0003524036529355804,2026-10-01,NWG
3,0.0015501190861962858,2026-10-01,NWG
4,0.000787184481524593,2026-10-01,NWG
5,0.0012658010923214736,2026-10-01,NWG
6,0.0032291425588805715,2026-10-01,NWG
7,0.0026066802827642674,2026-10-01,NWG
8,0.00194533090302421,2026-10-01,NWG
9,0.002316490836633399,2026-10-01,NWG
10,-0.001109554286088039,2026-10-01,NWG
11,0.005738220729939654,2026-10-01,NWG
12,0.004357513753828627,2026-10-01,NWG
13,0.006355662383406888,2026-10-01,NWG
14,-0.00024460486989954394,2026-10-01,NWG
1,0.001429825162136418,2026-10-01,NWL
2,0.004135512798117463,2026-10-01,NWL
3,-0.004795372513242318,2026-10-01,NWL
4,-0.0036493069441161535,2026-10-01,NWL
5,-0.005571529843194482,2026-10-01,NWL
6,-0.001446371451257561,2026-10-01,NWL
7,-0.0014498108023852487,2026-10-01,NWL
8,-0.004411123716126811,2026-10-01,NWL
9,-0.0008184473757311511,2026-10-01,NWL
10,0.010515270959654552,2026-10-01,NWL
11,-0.005262617227721094,2026-10-01,NWL
12,0.0033081853570405546,2026-10-01,NWL
13,0.013249910913098184,2026-10-01,NWL
14,0.007574010308878899,2026-10-01,NWL
1,-0.0009059826290251665,2026-10-01,NWSA
2,-0.0023316796893184306,2026-10-01,NWSA
3,0.003470855370972847,2026-10-01,NWSA
4,-0.00211992386157491,2026-10-01,NWSA
5,-0.0017598689337878601,2026-10-01,NWSA
6,-0.006222266579910355,2026-10-01,NWSA
7,-0.0028881628932351513,2026-10-01,NWSA
8,0.0021717314384805428,2026-10-01,NWSA
9,-0.00215407439197964,2026-10-01,NWSA
10,0.0021407749667896143,2026-10-01,NWSA
11,0.0025684596490979567,2026-10-01,NWSA
12,0.0011947674226015273,2026-10-01,NWSA
13,-0.005821430122095596,2026-10-01,NWSA
14,0.0018482172711609382,2026-10-01,NWSA
1,0.0014056154330969347,2026-10-01,NXE
2,0.004917008291824678,2026-10-01,NXE
3,-0.002461721757250861,2026-10-01,NXE
4,-0.0033871993038482127,2026-10-01,NXE
5,-0.0031819381842699735,2026-10-01,NXE
6,-0.0005562826131514963,2026-10-01,NXE
7,-0.0004052201284484232,2026-10-01,NXE
8,0.0009702376091140224,2026-10-01,NXE
9,-0.0005675156336587492,2026-10-01,NXE
10,0.0011936369565936264,2026-10-01,NXE
11,-0.004942918017871741,2026-10-01,NXE
12,0.003454604511095313,2026-10-01,NXE
13,0.003859582409821357,2026-10-01,NXE
14,0.005654268229302647,2026-10-01,NXE
1,0.0012532391102802033,2026-10-01,NXPI
2,-2.152102301490354e-05,2026-10-01,NXPI
3,0.002440453821138519,2026-10-01,NXPI
4,0.002028360726473452,2026-10-01,NXPI
5,0.0017302838493138243,2026-10-01,NXPI
6,0.006373975328854707,2026-10-01,NXPI
7,0.0026263984758960034,2026-10-01,NXPI
8,0.0014654982389960237,2026-10-01,NXPI
9,-0.0033162402085055963,2026-10-01,NXPI
10,-0.0040264055546554494,2026-10-01,NXPI
11,-0.0022993373423899266,2026-10-01,NXPI
12,0.0007282365718447042,2026-10-01,NXPI
13,0.003104586230527435,2026-10-01,NXPI
14,-0.0023197015658305486,2026-10-01,NXPI
1,0.00045703793816753154,2026-10-01,NXT
2,-0.0018955390701322105,2026-10-01,NXT
3,0.003041566090227128,2026-10-01,NXT
4,-0.0032249150632854065,2026-10-01,NXT
5,-0.0016454715465334968,2026-10-01,NXT
6,-0.002713418235772525,2026-10-01,NXT
7,-0.003560154495785644,2026-10-01,NXT
8,-0.0010118707873018504,2026-10-01,NXT
9,0.0006769347612125642,2026-10-01,NXT
10,0.0016830697692428636,2026-10-01,NXT
11,0.003968356456035886,2026-10-01,NXT
12,-0.0004651801840559897,2026-10-01,NXT
13,-0.007215545452422145,2026-10-01,NXT
14,-0.002965126504244343,2026-10-01,NXT
1,-0.0022375061506914986,2026-10-01,NYT
2,-0.00174450056657113,2026-10-01,NYT
3,0.003344282658727813,2026-10-01,NYT
4,-0.0019114776397156452,2026-10-01,NYT
5,-0.002063966480470656,2026-10-01,NYT
6,-0.0062388734610447725,2026-10-01,NYT
7,-0.004622623323416668,2026-10-01,NYT
8,0.0014537845291702405,2026-10-01,NYT
9,-0.0016094944426414644,2026-10-01,NYT
10,0.0013325517102454958,2026-10-01,NYT
11,0.000738668771626131,2026-10-01,NYT
12,-0.000673830909606139,2026-10-01,NYT
13,-0.005601898731864238,2026-10-01,NYT
14,0.001540707002016103,2026-10-01,NYT
1,-0.0004497931039450765,2026-10-01,O
2,-0.00094991939416881,2026-10-01,O
3,0.003168346175958874,2026-10-01,O
4,-0.001581996450322945,2026-10-01,O
5,0.00021219871498909617,2026-10-01,O
6,-0.00312732934695061,2026-10-01,O
7,-0.0037375587510242595,2026-10-01,O
8,0.00045103009193566047,2026-10-01,O
9,-0.0010150650510645162,2026-10-01,O
10,0.0025974622290327936,2026-10-01,O
11,0.0008259593116882903,2026-10-01,O
12,-0.0025990637421777645,2026-10-01,O
13,-0.007276026416588362,2026-10-01,O
14,-0.0020898401018207185,2026-10-01,O
1,-0.0007482405829236695,2026-10-01,OBDC
2,-0.0013390441030502788,2026-10-01,OBDC
3,0.004517399637649494,2026-10-01,OBDC
4,-0.0021955365083372856,2026-10-01,OBDC
5,-0.002821801163385479,2026-10-01,OBDC
6,-0.004481377999401472,2026-10-01,OBDC
7,-0.005982976978920505,2026-10-01,OBDC
8,0.0023188928112098943,2026-10-01,OBDC
9,-0.0006537295865226115,2026-10-01,OBDC
10,0.00320972826330201,2026-10-01,OBDC
11,0.0038459461966725656,2026-10-01,OBDC
12,-0.0014749063320384113,2026-10-01,OBDC
13,-0.006861005040580833,2026-10-01,OBDC
14,-0.0017477334672476583,2026-10-01,OBDC
1,0.000876834476128858,2026-10-01,OCUL
2,0.004443998226871998,2026-10-01,OCUL
3,-0.0030791259779074276,2026-10-01,OCUL
4,-0.0029579793971201878,2026-10-01,OCUL
5,-0.004248200093966262,2026-10-01,OCUL
6,-0.0002395161147298628,2026-10-01,OCUL
7,0.004710611068779777,2026-10-01,OCUL
8,-0.00196609739710289,2026-10-01,OCUL
9,-0.0039547759489899975,2026-10-01,OCUL
10,0.007090738437723569,2026-10-01,OCUL
11,-0.002614597002893812,2026-10-01,OCUL
12,0.004196357614612078,2026-10-01,OCUL
13,0.007800064955856617,2026-10-01,OCUL
14,0.013283533959552288,2026-10-01,OCUL
1,0.0013184233126205328,2026-10-01,ODD
2,0.004207345423965141,2026-10-01,ODD
3,-0.0029050008302126517,2026-10-01,ODD
4,-0.0016675197404157325,2026-10-01,ODD
5,-0.007729145098190821,2026-10-01,ODD
6,-0.0035586329518123914,2026-10-01,ODD
7,-0.005011463234335685,2026-10-01,ODD
8,-0.0005258328147770598,2026-10-01,ODD
9,-0.004383717003689236,2026-10-01,ODD
10,0.0023967531197934717,2026-10-01,ODD
11,-0.0048375723370769645,2026-10-01,ODD
12,0.0030893076741971303,2026-10-01,ODD
13,0.004253268415117637,2026-10-01,ODD
14,0.006778532151844096,2026-10-01,ODD
1,-0.00078097646440395,2026-10-01,ODFL
2,-0.0007406581879013816,2026-10-01,ODFL
3,0.006042915876214884,2026-10-01,ODFL
4,-0.0021275036229891466,2026-10-01,ODFL
5,-0.0012565360948330528,2026-10-01,ODFL
6,-0.004487223621634899,2026-10-01,ODFL
7,-0.002582561705393503,2026-10-01,ODFL
8,0.001882362500772956,2026-10-01,ODFL
9,-0.0010697155038160461,2026-10-01,ODFL
10,0.005094010943537331,2026-10-01,ODFL
11,0.0036458329086219614,2026-10-01,ODFL
12,-0.0026139903404833,2026-10-01,ODFL
13,-0.004466427231650702,2026-10-01,ODFL
14,0.0018312179170143323,2026-10-01,ODFL
1,-0.0011980817003705078,2026-10-01,OGE
2,-0.0016214612823425385,2026-10-01,OGE
3,0.004654829785058419,2026-10-01,OGE
4,-0.0023862167141010114,2026-10-01,OGE
5,-0.001542837607991148,2026-10-01,OGE
6,-0.00562429047572889,2026-10-01,OGE
7,-0.0024946387662139716,2026-10-01,OGE
8,0.001145451456884986,2026-10-01,OGE
9,-0.0010022624310577054,2026-10-01,OGE
10,0.00304930814310362,2026-10-01,OGE
11,0.004299039487104106,2026-10-01,OGE
12,0.00015390573647885826,2026-10-01,OGE
13,-0.006777083697700314,2026-10-01,OGE
14,-0.0018484945409474687,2026-10-01,OGE
1,0.000659050118827907,2026-10-01,OGN
2,-0.001335790259181832,2026-10-01,OGN
3,0.0036541883221830676,2026-10-01,OGN
4,-0.00038847185136056905,2026-10-01,OGN
5,-3.94315540810369e-05,2026-10-01,OGN
6,-0.006009400800487539,2026-10-01,OGN
7,-0.0013341361020849742,2026-10-01,OGN
8,0.0030158217588945927,2026-10-01,OGN
9,-0.0013721488602799112,2026-10-01,OGN
10,-0.0008039841125765991,2026-10-01,OGN
11,0.0031602126748800207,2026-10-01,OGN
12,-0.00409213915946746,2026-10-01,OGN
13,-0.0016184019716328623,2026-10-01,OGN
14,0.004820616880278938,2026-10-01,OGN
1,-0.0008598064006721276,2026-10-01,OHI
2,-0.0015159263624599257,2026-10-01,OHI
3,0.001655696309793891,2026-10-01,OHI
4,-0.0015033929161746855,2026-10-01,OHI
5,-0.001675015545232343,2026-10-01,OHI
6,-0.0035628470831767724,2026-10-01,OHI
7,-0.0026404345012046577,2026-10-01,OHI
8,0.0021499427137732494,2026-10-01,OHI
9,-0.0017331750246733092,2026-10-01,OHI
10,0.002574304335305587,2026-10-01,OHI
11,0.00043258241146391094,2026-10-01,OHI
12,-0.0004908356320479829,2026-10-01,OHI
13,-0.0082955493926022,2026-10-01,OHI
14,-0.0036290574155085787,2026-10-01,OHI
1,0.0014527388079979215,2026-10-01,OI
2,0.004283620388057417,2026-10-01,OI
3,-0.004597058895604957,2026-10-01,OI
4,-0.0012176435691884013,2026-10-01,OI
5,-0.00841991115913825,2026-10-01,OI
6,-0.002878331315488223,2026-10-01,OI
7,-0.001694361612099302,2026-10-01,OI
8,-0.004181313952270749,2026-10-01,OI
9,-0.0019184901579901957,2026-10-01,OI
10,-5.258176180722736e-05,2026-10-01,OI
11,-0.005415762721512966,2026-10-01,OI
12,0.0026461671448098924,2026-10-01,OI
13,0.007005902598260266,2026-10-01,OI
14,0.0013272667857288244,2026-10-01,OI
1,0.0014169269112318523,2026-10-01,OII
2,0.004341799192420846,2026-10-01,OII
3,-0.0035957702521096026,2026-10-01,OII
4,2.6342356126049094e-05,2026-10-01,OII
5,-0.006834812018947779,2026-10-01,OII
6,0.0002943555750596352,2026-10-01,OII
7,0.00087277648170136,2026-10-01,OII
8,0.0037071599063510535,2026-10-01,OII
9,0.004905764176484748,2026-10-01,OII
10,0.00025182394344904635,2026-10-01,OII
11,-0.00041509912459056697,2026-10-01,OII
12,0.0009663042637371293,2026-10-01,OII
13,0.011006170513742017,2026-10-01,OII
14,0.006725725404311546,2026-10-01,OII
1,0.0003144320890358334,2026-10-01,OKE
2,0.00020569201389279912,2026-10-01,OKE
3,0.0013119455525028316,2026-10-01,OKE
4,0.0017756097748445312,2026-10-01,OKE
5,0.0033378754617805957,2026-10-01,OKE
6,0.0038499569769065516,2026-10-01,OKE
7,0.0045185916252235775,2026-10-01,OKE
8,0.0008922002963849159,2026-10-01,OKE
9,0.0015854206690560154,2026-10-01,OKE
10,-0.0020658549123687177,2026-10-01,OKE
11,0.001819876776625993,2026-10-01,OKE
12,0.003712199418105363,2026-10-01,OKE
13,0.005222810408937086,2026-10-01,OKE
14,0.001650879461322979,2026-10-01,OKE
1,-0.0010153656725275717,2026-10-01,OKTA
2,-0.0038162402893193656,2026-10-01,OKTA
3,0.0037808789179754293,2026-10-01,OKTA
4,-0.002388912142338053,2026-10-01,OKTA
5,-0.0010316673060375002,2026-10-01,OKTA
6,-0.006297986887073685,2026-10-01,OKTA
7,-0.006844159593223659,2026-10-01,OKTA
8,0.0009517228323728851,2026-10-01,OKTA
9,-0.0012344232479589308,2026-10-01,OKTA
10,0.00174324051294361,2026-10-01,OKTA
11,0.0030788385154171516,2026-10-01,OKTA
12,-0.0036795878510206105,2026-10-01,OKTA
13,-0.005053714959696395,2026-10-01,OKTA
14,-2.697601632442762e-05,2026-10-01,OKTA
1,-0.0012969164779751202,2026-10-01,OLLI
2,-0.0016485042621239797,2026-10-01,OLLI
3,0.0043012933743364875,2026-10-01,OLLI
4,-0.0019773142364177547,2026-10-01,OLLI
5,-0.002185328229889745,2026-10-01,OLLI
6,-0.004578875579725112,2026-10-01,OLLI
7,-0.0035439059777260203,2026-10-01,OLLI
8,0.001844820652750662,2026-10-01,OLLI
9,-0.0010826036128786835,2026-10-01,OLLI
10,0.003630623292145012,2026-10-01,OLLI
11,0.0020912562750412395,2026-10-01,OLLI
12,0.0005964855681588981,2026-10-01,OLLI
13,-0.0076759878934558445,2026-10-01,OLLI
14,-0.0023915645757302305,2026-10-01,OLLI
1,-0.0010523073387935077,2026-10-01,OLN
2,-0.0009370375546449821,2026-10-01,OLN
3,0.0044304663529451446,2026-10-01,OLN
4,-0.0013841848856517632,2026-10-01,OLN
5,-0.002691921756320977,2026-10-01,OLN
6,-0.0033674668018385603,2026-10-01,OLN
7,-0.0036665340849021105,2026-10-01,OLN
8,0.0017286421555457363,2026-10-01,OLN
9,-0.0027034836194084013,2026-10-01,OLN
10,0.004641821588355831,2026-10-01,OLN
11,0.004596764945104638,2026-10-01,OLN
12,-0.004658713139047599,2026-10-01,OLN
13,-0.005800419791772697,2026-10-01,OLN
14,-0.0033150378649594043,2026-10-01,OLN
1,-0.0006691858167937474,2026-10-01,OMC
2,-0.0013736272554807215,2026-10-01,OMC
3,0.005058872686228187,2026-10-01,OMC
4,-0.0008657904147004244,2026-10-01,OMC
5,-4.627363557621198e-06,2026-10-01,OMC
6,-0.005371511398132203,2026-10-01,OMC
7,-0.004397764395628265,2026-10-01,OMC
8,0.00043677633861944026,2026-10-01,OMC
9,-0.0028896735410537037,2026-10-01,OMC
10,0.005412865058541508,2026-10-01,OMC
11,0.002845038238551226,2026-10-01,OMC
12,-0.00027123158134597335,2026-10-01,OMC
13,5.31978480251832e-05,2026-10-01,OMC
14,-0.0030167141813070885,2026-10-01,OMC
1,-0.0012000679291457829,2026-10-01,ON
2,0.00038763493109360937,2026-10-01,ON
3,0.0023881583585124728,2026-10-01,ON
4,-0.0010781130105057433,2026-10-01,ON
5,-0.0015295653989617101,2026-10-01,ON
6,-0.0034796784332347284,2026-10-01,ON
7,-0.0049670782512655255,2026-10-01,ON
8,0.0002945828610392823,2026-10-01,ON
9,-0.0013157214035989604,2026-10-01,ON
10,-4.7827784857166076e-05,2026-10-01,ON
11,-0.0009568860821022074,2026-10-01,ON
12,-0.0038344213644766166,2026-10-01,ON
13,-0.007427786879482987,2026-10-01,ON
14,-0.0008340507534099198,2026-10-01,ON
1,-0.0005581545051628713,2026-10-01,ONB
2,-0.0029081610891205085,2026-10-01,ONB
3,0.003075009526139666,2026-10-01,ONB
4,0.0010002763108050876,2026-10-01,ONB
5,-0.00150580769113151,2026-10-01,ONB
6,-0.00532548844938558,2026-10-01,ONB
7,-0.0007390380218108636,2026-10-01,ONB
8,0.0031371076729545633,2026-10-01,ONB
9,-0.0014600870987319006,2026-10-01,ONB
10,0.000705184413369365,2026-10-01,ONB
11,0.00677536119024027,2026-10-01,ONB
12,0.0019471180624764893,2026-10-01,ONB
13,-0.007896586901277742,2026-10-01,ONB
14,-0.0020391635607492605,2026-10-01,ONB
1,-0.0015305192475815414,2026-10-01,ONON
2,-0.0015456905597138774,2026-10-01,ONON
3,0.0038830196912682286,2026-10-01,ONON
4,-0.0021470038082698466,2026-10-01,ONON
5,0.0012342494388796665,2026-10-01,ONON
6,-0.0031347629484656846,2026-10-01,ONON
7,-0.006666554495611905,2026-10-01,ONON
8,-3.847793831675428e-05,2026-10-01,ONON
9,0.00019819458728518845,2026-10-01,ONON
10,0.0035181568903027306,2026-10-01,ONON
11,0.005047321819263712,2026-10-01,ONON
12,-0.0030359153427971944,2026-10-01,ONON
13,-0.004558715810244129,2026-10-01,ONON
14,-0.001978695250347475,2026-10-01,ONON
1,0.0024202221477659515,2026-10-01,OPCH
2,0.005517773461298482,2026-10-01,OPCH
3,-0.003761538932139489,2026-10-01,OPCH
4,-0.0064226487049615895,2026-10-01,OPCH
5,-0.005803634389613161,2026-10-01,OPCH
6,0.0013127074671125314,2026-10-01,OPCH
7,-0.00015081497859229903,2026-10-01,OPCH
8,0.005542135563266535,2026-10-01,OPCH
9,-0.0012820414928204674,2026-10-01,OPCH
10,0.0056835452504899785,2026-10-01,OPCH
11,-0.008994051539250373,2026-10-01,OPCH
12,0.0021072215228000444,2026-10-01,OPCH
13,0.007492503174084342,2026-10-01,OPCH
14,0.011218197925608584,2026-10-01,OPCH
1,0.0007623146388144068,2026-10-01,OPEN
2,0.004403660233465726,2026-10-01,OPEN
3,-0.00031212957771402063,2026-10-01,OPEN
4,-0.004761057076200549,2026-10-01,OPEN
5,-0.0066914240392203,2026-10-01,OPEN
6,0.002523573041778564,2026-10-01,OPEN
7,-0.0034475085387187703,2026-10-01,OPEN
8,-0.006730004242529988,2026-10-01,OPEN
9,-0.008413515465778277,2026-10-01,OPEN
10,-0.00014467750928113109,2026-10-01,OPEN
11,-0.010025134323336658,2026-10-01,OPEN
12,0.001340793939517681,2026-10-01,OPEN
13,0.002123843703143797,2026-10-01,OPEN
14,-0.003095344927841395,2026-10-01,OPEN
1,0.0013451512388697308,2026-10-01,OPK
2,0.0044807660428287125,2026-10-01,OPK
3,-0.003785135518664527,2026-10-01,OPK
4,-0.00253401803018221,2026-10-01,OPK
5,-0.008976461769460764,2026-10-01,OPK
6,0.0031990674141113666,2026-10-01,OPK
7,0.001692227536223916,2026-10-01,OPK
8,0.007685833048406406,2026-10-01,OPK
9,-0.0025490336365476705,2026-10-01,OPK
10,0.004949195629625467,2026-10-01,OPK
11,-0.008063531454818725,2026-10-01,OPK
12,0.00860473568150912,2026-10-01,OPK
13,0.006362604451824671,2026-10-01,OPK
14,0.009542842061938905,2026-10-01,OPK
1,-0.0009047045259683293,2026-10-01,OPRA
2,0.0028882032762300967,2026-10-01,OPRA
3,-0.0025007008269211477,2026-10-01,OPRA
4,-0.003196412979431389,2026-10-01,OPRA
5,-0.0068969495559708755,2026-10-01,OPRA
6,-0.0015229489880397046,2026-10-01,OPRA
7,-0.0030043086200133,2026-10-01,OPRA
8,-0.003963136414369476,2026-10-01,OPRA
9,-0.007225491118715012,2026-10-01,OPRA
10,0.008621795374910694,2026-10-01,OPRA
11,-0.005806695640831439,2026-10-01,OPRA
12,0.00918212500201687,2026-10-01,OPRA
13,0.0029540364963329437,2026-10-01,OPRA
14,0.008127118940145728,2026-10-01,OPRA
1,0.0009682986873116232,2026-10-01,OR
2,0.006447170072710292,2026-10-01,OR
3,-0.001513142926170489,2026-10-01,OR
4,0.0005975874144367021,2026-10-01,OR
5,-0.003850946037013824,2026-10-01,OR
6,0.0022667830007184315,2026-10-01,OR
7,0.00012091091276315787,2026-10-01,OR
8,0.0023534396735223036,2026-10-01,OR
9,-0.002640335760168572,2026-10-01,OR
10,0.006499207911327144,2026-10-01,OR
11,-0.00447795081653626,2026-10-01,OR
12,0.004908445524473259,2026-10-01,OR
13,0.002468322907363441,2026-10-01,OR
14,0.005536250727912493,2026-10-01,OR
1,0.00037025213218711076,2026-10-01,ORCL
2,0.0012691410855391414,2026-10-01,ORCL
3,0.0022012161380048786,2026-10-01,ORCL
4,0.001746617333718618,2026-10-01,ORCL
5,0.0020219084739622837,2026-10-01,ORCL
6,0.00526090380576461,2026-10-01,ORCL
7,0.0027271272017049307,2026-10-01,ORCL
8,0.0002519567900340997,2026-10-01,ORCL
9,0.002074575334747416,2026-10-01,ORCL
10,-0.00242442041403879,2026-10-01,ORCL
11,0.0005661139736129374,2026-10-01,ORCL
12,0.0002679503842230479,2026-10-01,ORCL
13,0.0047395860421163205,2026-10-01,ORCL
14,-0.0009080809028300885,2026-10-01,ORCL
1,0.0009111906874517737,2026-10-01,OSCR
2,0.007513917094353226,2026-10-01,OSCR
3,-0.002418389002149188,2026-10-01,OSCR
4,0.0027609919361396055,2026-10-01,OSCR
5,-0.0068116373890212845,2026-10-01,OSCR
6,-0.001011108881387093,2026-10-01,OSCR
7,-0.002490158160947445,2026-10-01,OSCR
8,-0.0037654322301742906,2026-10-01,OSCR
9,-0.002546556948438057,2026-10-01,OSCR
10,0.0066750167789058875,2026-10-01,OSCR
11,-0.00833955222428067,2026-10-01,OSCR
12,0.009002593622885056,2026-10-01,OSCR
13,-0.00012116159225204983,2026-10-01,OSCR
14,0.015226680528703915,2026-10-01,OSCR
1,-0.0011615147559271993,2026-10-01,OTEX
2,-0.0001492282004502875,2026-10-01,OTEX
3,0.00398101628791281,2026-10-01,OTEX
4,-0.0005348909886482386,2026-10-01,OTEX
5,0.00012330058345134227,2026-10-01,OTEX
6,-0.0038594666788232014,2026-10-01,OTEX
7,-0.004444449408696011,2026-10-01,OTEX
8,0.0025437817537245265,2026-10-01,OTEX
9,0.0005605427825810234,2026-10-01,OTEX
10,9.687891459020947e-06,2026-10-01,OTEX
11,0.0027459803821613124,2026-10-01,OTEX
12,-0.0020502943528223107,2026-10-01,OTEX
13,-0.007582575846162907,2026-10-01,OTEX
14,0.00024669096634312177,2026-10-01,OTEX
1,-0.0009385900542984172,2026-10-01,OTIS
2,-0.0012447222548368651,2026-10-01,OTIS
3,0.004220793528233644,2026-10-01,OTIS
4,-0.0005078858168952929,2026-10-01,OTIS
5,-0.0002936730238245246,2026-10-01,OTIS
6,-0.003071306299711358,2026-10-01,OTIS
7,-0.004263783569673105,2026-10-01,OTIS
8,0.001050140343384891,2026-10-01,OTIS
9,-0.0007251055632708152,2026-10-01,OTIS
10,0.0017766358032418438,2026-10-01,OTIS
11,0.0029267961752408454,2026-10-01,OTIS
12,-0.0011018707233503048,2026-10-01,OTIS
13,-0.005693419703105666,2026-10-01,OTIS
14,-0.001972091658116988,2026-10-01,OTIS
1,0.0020898186667575925,2026-10-01,OUT
2,0.0030881750009640325,2026-10-01,OUT
3,-0.00647182214347076,2026-10-01,OUT
4,-0.002358632160107261,2026-10-01,OUT
5,-0.0077366271250582245,2026-10-01,OUT
6,-0.0010705457543186277,2026-10-01,OUT
7,-0.0021777411416802708,2026-10-01,OUT
8,-0.0021812243187847506,2026-10-01,OUT
9,0.0007147347827512419,2026-10-01,OUT
10,-0.0005320825897693614,2026-10-01,OUT
11,-0.00547082561278494,2026-10-01,OUT
12,0.005104831885748871,2026-10-01,OUT
13,0.006432055702273121,2026-10-01,OUT
14,0.008319027635744084,2026-10-01,OUT
1,-0.0017066797033520819,2026-10-01,OVV
2,1.436558360973982e-05,2026-10-01,OVV
3,0.00199892878207522,2026-10-01,OVV
4,-0.00031210119604100083,2026-10-01,OVV
5,-0.0006502156697170086,2026-10-01,OVV
6,-0.0032482285380898723,2026-10-01,OVV
7,-0.005863415034531818,2026-10-01,OVV
8,0.0002694486569193815,2026-10-01,OVV
9,-0.00225786204409483,2026-10-01,OVV
10,0.002541051766542381,2026-10-01,OVV
11,0.003028161724409479,2026-10-01,OVV
12,-8.788845676621058e-05,2026-10-01,OVV
13,-0.0027130504903400306,2026-10-01,OVV
14,-0.00043373449303064394,2026-10-01,OVV
1,-0.00013330818489676118,2026-10-01,OWL
2,-0.002007051152172638,2026-10-01,OWL
3,0.0028587325459312127,2026-10-01,OWL
4,-0.00450688929772783,2026-10-01,OWL
5,-0.0015000482376529686,2026-10-01,OWL
6,-0.005013521072586716,2026-10-01,OWL
7,-0.0042771193041497655,2026-10-01,OWL
8,7.852668257840551e-05,2026-10-01,OWL
9,-0.0007054695877752565,2026-10-01,OWL
10,0.0025054355603783187,2026-10-01,OWL
11,0.005034005328052089,2026-10-01,OWL
12,-0.0009586512104480063,2026-10-01,OWL
13,-0.008595450387928753,2026-10-01,OWL
14,-0.0026002612279383305,2026-10-01,OWL
1,0.0007599078305380169,2026-10-01,OXY
2,0.00011680815210805126,2026-10-01,OXY
3,0.0003342494280613991,2026-10-01,OXY
4,0.0006881662189073028,2026-10-01,OXY
5,0.0015501773973153276,2026-10-01,OXY
6,0.003208254904456601,2026-10-01,OXY
7,0.003587895914843228,2026-10-01,OXY
8,-0.00034124353258495067,2026-10-01,OXY
9,0.0031437254889726657,2026-10-01,OXY
10,-0.002377060206054372,2026-10-01,OXY
11,0.0026802960805980647,2026-10-01,OXY
12,0.004143244941271655,2026-10-01,OXY
13,0.0044311426790951975,2026-10-01,OXY
14,0.0020613116636501324,2026-10-01,OXY
1,0.0018594553260262024,2026-10-01,OZK
2,0.0040648522360735104,2026-10-01,OZK
3,-0.0042610931913274145,2026-10-01,OZK
4,-0.006311554701380541,2026-10-01,OZK
5,-0.005665866413796271,2026-10-01,OZK
6,-0.0003991388121677639,2026-10-01,OZK
7,-0.0018075302761415538,2026-10-01,OZK
8,-0.0009149215660448452,2026-10-01,OZK
9,-0.00013368778680761137,2026-10-01,OZK
10,-0.0007563775891741359,2026-10-01,OZK
11,-0.0049851664089799845,2026-10-01,OZK
12,0.003054696413079668,2026-10-01,OZK
13,0.006549504829141707,2026-10-01,OZK
14,0.007957259820836449,2026-10-01,OZK
1,-0.0010324280359333775,2026-10-01,PAA
2,-0.0017161052005255227,2026-10-01,PAA
3,0.00450326308572474,2026-10-01,PAA
4,0.0008913223115728036,2026-10-01,PAA
5,-0.002313438197902867,2026-10-01,PAA
6,-0.004067723946321427,2026-10-01,PAA
7,-0.001432047645546507,2026-10-01,PAA
8,0.00031508239755496215,2026-10-01,PAA
9,-0.001818083056214138,2026-10-01,PAA
10,0.0026095425613318125,2026-10-01,PAA
11,0.004419239483702027,2026-10-01,PAA
12,-0.0036395581990883367,2026-10-01,PAA
13,-0.008035587627787204,2026-10-01,PAA
14,-0.004680347519913175,2026-10-01,PAA
1,-0.00046670584531590217,2026-10-01,PAAS
2,-0.0009304500161754424,2026-10-01,PAAS
3,0.0032602916805872764,2026-10-01,PAAS
4,0.0005605636451045389,2026-10-01,PAAS
5,0.00033002228987865273,2026-10-01,PAAS
6,-0.004680346524643776,2026-10-01,PAAS
7,-0.0025866223746840926,2026-10-01,PAAS
8,0.0018467819893915856,2026-10-01,PAAS
9,-0.003695184638209363,2026-10-01,PAAS
10,0.002418319065560247,2026-10-01,PAAS
11,0.007083862931291762,2026-10-01,PAAS
12,0.001900685725026833,2026-10-01,PAAS
13,-0.005518144418431931,2026-10-01,PAAS
14,0.0002927753128636244,2026-10-01,PAAS
1,-0.0008986341774872669,2026-10-01,PAGP
2,-0.0022970440551343327,2026-10-01,PAGP
3,0.004456945108511597,2026-10-01,PAGP
4,-0.000840488490050785,2026-10-01,PAGP
5,-0.002226867500735424,2026-10-01,PAGP
6,-0.003071505981424271,2026-10-01,PAGP
7,-0.000951129913321449,2026-10-01,PAGP
8,0.000934473233043044,2026-10-01,PAGP
9,-0.0019459096716057055,2026-10-01,PAGP
10,0.0011642554141237287,2026-10-01,PAGP
11,0.002878782342392058,2026-10-01,PAGP
12,-0.003672038255115086,2026-10-01,PAGP
13,-0.008272361566079505,2026-10-01,PAGP
14,-0.005476527723600976,2026-10-01,PAGP
1,0.0004479110513704369,2026-10-01,PAGS
2,0.0007424451328059489,2026-10-01,PAGS
3,-0.00588281985515587,2026-10-01,PAGS
4,-0.0004683013607111487,2026-10-01,PAGS
5,-0.005258255809223027,2026-10-01,PAGS
6,-0.0020183599088617896,2026-10-01,PAGS
7,2.7128731129143405e-05,2026-10-01,PAGS
8,0.007110682098483763,2026-10-01,PAGS
9,0.0021884190976864406,2026-10-01,PAGS
10,0.004383150002396904,2026-10-01,PAGS
11,-0.0015023717204244536,2026-10-01,PAGS
12,0.00792391041791761,2026-10-01,PAGS
13,0.01065145096387384,2026-10-01,PAGS
14,0.004371745031127916,2026-10-01,PAGS
1,0.0005547487007672772,2026-10-01,PANW
2,0.000391588500297891,2026-10-01,PANW
3,0.0014130557003270443,2026-10-01,PANW
4,0.0008608490342794342,2026-10-01,PANW
5,0.0030260679792315304,2026-10-01,PANW
6,0.005269338978664152,2026-10-01,PANW
7,0.003200869864091761,2026-10-01,PANW
8,0.0005438437636439386,2026-10-01,PANW
9,0.00034471872992239725,2026-10-01,PANW
10,-0.0032951556233579062,2026-10-01,PANW
11,0.0004084138675528853,2026-10-01,PANW
12,0.0007938972116036256,2026-10-01,PANW
13,0.0047494023643197434,2026-10-01,PANW
14,-0.0012722399258786581,2026-10-01,PANW
1,-0.002080088580383928,2026-10-01,PARA
2,-0.0036765761541241865,2026-10-01,PARA
3,0.0013179677421714545,2026-10-01,PARA
4,-0.0005670832739906842,2026-10-01,PARA
5,-0.0007983773390701946,2026-10-01,PARA
6,-0.006826852454185454,2026-10-01,PARA
7,-0.0011929316798601698,2026-10-01,PARA
8,-0.003653532758548341,2026-10-01,PARA
9,-0.006097628658586864,2026-10-01,PARA
10,0.001841209815862387,2026-10-01,PARA
11,0.0002368420763291113,2026-10-01,PARA
12,-0.005289043953451444,2026-10-01,PARA
13,-0.007409125281469033,2026-10-01,PARA
14,-0.0015064780855649277,2026-10-01,PARA
1,0.0017378677257339264,2026-10-01,PARR
2,0.003796450814152498,2026-10-01,PARR
3,-0.004370514854233701,2026-10-01,PARR
4,-0.0024113534943080404,2026-10-01,PARR
5,-0.006116056290430147,2026-10-01,PARR
6,-0.0013904013906816926,2026-10-01,PARR
7,-0.0034149849646499283,2026-10-01,PARR
8,-0.001836597140611144,2026-10-01,PARR
9,-0.0004247487684412177,2026-10-01,PARR
10,0.0002958100364309384,2026-10-01,PARR
11,-0.0029841002143413424,2026-10-01,PARR
12,-0.002152278967023892,2026-10-01,PARR
13,0.0031875789178277426,2026-10-01,PARR
14,0.005710614892900053,2026-10-01,PARR
1,-0.0002227131434757831,2026-10-01,PATH
2,-0.003307919979563383,2026-10-01,PATH
3,0.005822866446365329,2026-10-01,PATH
4,-0.0034469805459667394,2026-10-01,PATH
5,-0.00132590597953775,2026-10-01,PATH
6,-0.007142432774491128,2026-10-01,PATH
7,-0.007015552594408734,2026-10-01,PATH
8,-0.0020537172851050165,2026-10-01,PATH
9,0.0012402375426020932,2026-10-01,PATH
10,-0.0012758527491885793,2026-10-01,PATH
11,0.0007446078442453766,2026-10-01,PATH
12,-0.002930480801997059,2026-10-01,PATH
13,-0.006434174586160267,2026-10-01,PATH
14,-0.0012022048208670175,2026-10-01,PATH
1,-0.001076362623576997,2026-10-01,PAYC
2,-0.002922558710167565,2026-10-01,PAYC
3,0.002897546415984853,2026-10-01,PAYC
4,-0.0018853496247974093,2026-10-01,PAYC
5,0.0010484141947842795,2026-10-01,PAYC
6,-0.0052046535779931334,2026-10-01,PAYC
7,-0.008370115906314118,2026-10-01,PAYC
8,-0.001078069258670637,2026-10-01,PAYC
9,-0.002692743333588238,2026-10-01,PAYC
10,-0.0008268944211427287,2026-10-01,PAYC
11,0.001565152831647242,2026-10-01,PAYC
12,-0.0035796273647164933,2026-10-01,PAYC
13,-0.007211327712887311,2026-10-01,PAYC
14,-0.004049715142401739,2026-10-01,PAYC
1,-0.00043015238951169373,2026-10-01,PAYO
2,0.004847301084453725,2026-10-01,PAYO
3,-0.0030470223979907314,2026-10-01,PAYO
4,-0.005781636174341457,2026-10-01,PAYO
5,-0.007058784830012497,2026-10-01,PAYO
6,-0.0027098922594437015,2026-10-01,PAYO
7,-0.0020973374658492206,2026-10-01,PAYO
8,0.007790243537783933,2026-10-01,PAYO
9,-0.007098914480978912,2026-10-01,PAYO
10,0.008849719785749641,2026-10-01,PAYO
11,-0.008397272144862907,2026-10-01,PAYO
12,0.002609284654460458,2026-10-01,PAYO
13,0.009649735735607717,2026-10-01,PAYO
14,0.003421363543532525,2026-10-01,PAYO
1,0.0007482440983481531,2026-10-01,PAYX
2,0.0008767273359377566,2026-10-01,PAYX
3,0.0007639779985421948,2026-10-01,PAYX
4,0.000766036158682325,2026-10-01,PAYX
5,0.0024322530222285156,2026-10-01,PAYX
6,0.004117429031822908,2026-10-01,PAYX
7,0.003531416461110525,2026-10-01,PAYX
8,0.0009211678751914226,2026-10-01,PAYX
9,0.0002232815390131297,2026-10-01,PAYX
10,-0.0021058977620233,2026-10-01,PAYX
11,0.001558245439250784,2026-10-01,PAYX
12,-0.0008050920102438085,2026-10-01,PAYX
13,0.006841024326877594,2026-10-01,PAYX
14,-2.5938885677886525e-05,2026-10-01,PAYX
1,-0.0010808614793377008,2026-10-01,PBA
2,-0.0023031347217406894,2026-10-01,PBA
3,0.0040673035394431754,2026-10-01,PBA
4,0.00031652980848122643,2026-10-01,PBA
5,-0.002536125829385738,2026-10-01,PBA
6,-0.003939740284662047,2026-10-01,PBA
7,-0.003922026952103771,2026-10-01,PBA
8,0.0003225567190627794,2026-10-01,PBA
9,-0.0008434012869209188,2026-10-01,PBA
10,0.002938538156456136,2026-10-01,PBA
11,0.0026378542870555827,2026-10-01,PBA
12,0.0009001009146166903,2026-10-01,PBA
13,-0.005120505007285141,2026-10-01,PBA
14,-0.003110509695042621,2026-10-01,PBA
1,-0.00048198999258497303,2026-10-01,PBF
2,-0.0025308706234423374,2026-10-01,PBF
3,0.00496648101257293,2026-10-01,PBF
4,-0.002185628180472229,2026-10-01,PBF
5,-0.001233467489780237,2026-10-01,PBF
6,-0.0006391474498730181,2026-10-01,PBF
7,-0.003008477770383824,2026-10-01,PBF
8,-0.0038143410378601865,2026-10-01,PBF
9,-0.00037682631660463766,2026-10-01,PBF
10,0.002802061761591688,2026-10-01,PBF
11,0.0013606248422809678,2026-10-01,PBF
12,-0.0029827734979615225,2026-10-01,PBF
13,-0.006885229338458715,2026-10-01,PBF
14,-0.005446560321583178,2026-10-01,PBF
1,0.0009249947161398197,2026-10-01,PBR
2,0.0003961199616484819,2026-10-01,PBR
3,0.0007654505236226525,2026-10-01,PBR
4,0.00021082806462912343,2026-10-01,PBR
5,0.002748526067006914,2026-10-01,PBR
6,0.00245534498052615,2026-10-01,PBR
7,0.004247665091987898,2026-10-01,PBR
8,9.171376722368265e-05,2026-10-01,PBR
9,0.0026356044345657577,2026-10-01,PBR
10,-0.0029130117456361146,2026-10-01,PBR
11,0.0033541512612816106,2026-10-01,PBR
12,0.002191619501074417,2026-10-01,PBR
13,0.004371870739251074,2026-10-01,PBR
14,0.001529196041848812,2026-10-01,PBR
1,0.0006777462538264528,2026-10-01,PBR.A
2,0.0005397938120027815,2026-10-01,PBR.A
3,0.0005768244359937442,2026-10-01,PBR.A
4,0.0008512445588266827,2026-10-01,PBR.A
5,0.003061652112273981,2026-10-01,PBR.A
6,0.0019548993187379665,2026-10-01,PBR.A
7,0.0041818355679164665,2026-10-01,PBR.A
8,-8.245104586521458e-06,2026-10-01,PBR.A
9,0.0030442574397442908,2026-10-01,PBR.A
10,-0.002745444408339168,2026-10-01,PBR.A
11,0.002500325693500967,2026-10-01,PBR.A
12,0.0025659461422737635,2026-10-01,PBR.A
13,0.004156368066119883,2026-10-01,PBR.A
14,0.0020044787740478185,2026-10-01,PBR.A
1,0.0007094421602392044,2026-10-01,PCAR
2,0.0012046936894136457,2026-10-01,PCAR
3,0.0010141642937082655,2026-10-01,PCAR
4,1.932054639993865e-05,2026-10-01,PCAR
5,0.002752161596932269,2026-10-01,PCAR
6,0.0035429732868414196,2026-10-01,PCAR
7,0.0025725175791705395,2026-10-01,PCAR
8,0.0004906236721402761,2026-10-01,PCAR
9,0.002254169840661123,2026-10-01,PCAR
10,-0.0014188601691438414,2026-10-01,PCAR
11,0.0018456896760989862,2026-10-01,PCAR
12,0.0036982441078139312,2026-10-01,PCAR
13,0.006782878032024201,2026-10-01,PCAR
14,0.0008309596566189837,2026-10-01,PCAR
1,-0.0011935243659412533,2026-10-01,PCG
2,-0.0009356095823528556,2026-10-01,PCG
3,0.003194122844496585,2026-10-01,PCG
4,-0.002025549609506558,2026-10-01,PCG
5,-0.0007013958663070264,2026-10-01,PCG
6,-0.0038647117280282573,2026-10-01,PCG
7,-0.0027815697227834843,2026-10-01,PCG
8,0.0008815654077455025,2026-10-01,PCG
9,-0.0012298727253059582,2026-10-01,PCG
10,0.003616134399556399,2026-10-01,PCG
11,0.005252672701555298,2026-10-01,PCG
12,-0.0035207129091840384,2026-10-01,PCG
13,-0.010598760487703628,2026-10-01,PCG
14,-0.0027302639742208495,2026-10-01,PCG
1,-0.0006135286031420808,2026-10-01,PCOR
2,-0.0028360884003465143,2026-10-01,PCOR
3,0.005223791156666234,2026-10-01,PCOR
4,-0.002891238906654279,2026-10-01,PCOR
5,-0.0008532291843863949,2026-10-01,PCOR
6,-0.006572715416698016,2026-10-01,PCOR
7,-0.006765456652464178,2026-10-01,PCOR
8,-0.0009663881046142624,2026-10-01,PCOR
9,-0.0028371158168877452,2026-10-01,PCOR
10,0.0009453789835626931,2026-10-01,PCOR
11,0.00263864638303005,2026-10-01,PCOR
12,-0.0023673936727353277,2026-10-01,PCOR
13,-0.005813516235105093,2026-10-01,PCOR
14,-0.002321904603171747,2026-10-01,PCOR
1,0.0016797602424461885,2026-10-01,PCRX
2,0.0032423946720166845,2026-10-01,PCRX
3,-0.003741275254650823,2026-10-01,PCRX
4,-0.0008439383546349779,2026-10-01,PCRX
5,-0.004036012105229937,2026-10-01,PCRX
6,-0.0004320927602951169,2026-10-01,PCRX
7,0.002460962114353323,2026-10-01,PCRX
8,0.004875421949416495,2026-10-01,PCRX
9,-0.005459550834412043,2026-10-01,PCRX
10,0.003304930492707723,2026-10-01,PCRX
11,-0.0008541332242467296,2026-10-01,PCRX
12,0.0024112488466175408,2026-10-01,PCRX
13,0.0037789185249169533,2026-10-01,PCRX
14,0.0077150711071307795,2026-10-01,PCRX
1,0.0013555012261959464,2026-10-01,PD
2,0.005632180474243408,2026-10-01,PD
3,-0.0030419449989563915,2026-10-01,PD
4,-0.002296302262404192,2026-10-01,PD
5,-0.008439771160738468,2026-10-01,PD
6,-0.0007716338070313057,2026-10-01,PD
7,-0.00021629816599117867,2026-10-01,PD
8,-0.0016549139483068261,2026-10-01,PD
9,-0.004047526148775998,2026-10-01,PD
10,0.005703279455795889,2026-10-01,PD
11,-0.006967699855151527,2026-10-01,PD
12,0.004075884511399445,2026-10-01,PD
13,0.005265047622182415,2026-10-01,PD
14,0.007188290067519209,2026-10-01,PD
1,0.002482976550410666,2026-10-01,PDD
2,-0.002838255926559156,2026-10-01,PDD
3,-0.0001955502559633171,2026-10-01,PDD
4,-0.00024853991261365456,2026-10-01,PDD
5,0.0001272225511275051,2026-10-01,PDD
6,0.002861244516920872,2026-10-01,PDD
7,0.004236003133049235,2026-10-01,PDD
8,-2.7073771613856397e-05,2026-10-01,PDD
9,-0.0028958817671526664,2026-10-01,PDD
10,-0.0025246660800363665,2026-10-01,PDD
11,0.001482408474042802,2026-10-01,PDD
12,0.0022957623546609016,2026-10-01,PDD
13,0.004349719647618655,2026-10-01,PDD
14,-0.00022784662993190463,2026-10-01,PDD
1,0.0013852221317164884,2026-10-01,PEB
2,0.0051439679684531815,2026-10-01,PEB
3,-0.0034491020541111772,2026-10-01,PEB
4,-0.0025197751204971406,2026-10-01,PEB
5,-0.004619678579622474,2026-10-01,PEB
6,0.0007617379158311455,2026-10-01,PEB
7,-0.002122196468261828,2026-10-01,PEB
8,-0.0025300703008505087,2026-10-01,PEB
9,-0.0030484639012137073,2026-10-01,PEB
10,0.0025587229544834483,2026-10-01,PEB
11,-0.0038200623275408767,2026-10-01,PEB
12,0.006456254119669963,2026-10-01,PEB
13,0.005618298906291496,2026-10-01,PEB
14,0.008263717554234143,2026-10-01,PEB
1,-0.0007080936618819728,2026-10-01,PEG
2,-0.0011618098155123456,2026-10-01,PEG
3,0.005529230920888594,2026-10-01,PEG
4,-0.0024163139601103244,2026-10-01,PEG
5,-0.0014660197065972293,2026-10-01,PEG
6,-0.004403422198826398,2026-10-01,PEG
7,-0.004571935923791705,2026-10-01,PEG
8,0.00013466153034471986,2026-10-01,PEG
9,-0.0016747851741923463,2026-10-01,PEG
10,0.002255028803886666,2026-10-01,PEG
11,0.002373485262857888,2026-10-01,PEG
12,-0.002359355705560472,2026-10-01,PEG
13,-0.005377451339408749,2026-10-01,PEG
14,-0.0027470188813752084,2026-10-01,PEG
1,0.0019903032210264963,2026-10-01,PENN
2,0.004671099469925072,2026-10-01,PENN
3,-0.005710831253012881,2026-10-01,PENN
4,-0.002430297830423015,2026-10-01,PENN
5,-0.003992498856535152,2026-10-01,PENN
6,-0.003868251382179424,2026-10-01,PENN
7,-0.0026038070245263953,2026-10-01,PENN
8,-0.0017118247862081479,2026-10-01,PENN
9,-0.0005386103780986296,2026-10-01,PENN
10,-0.0005989694527640824,2026-10-01,PENN
11,-0.006137534281352,2026-10-01,PENN
12,0.0023679894125818142,2026-10-01,PENN
13,0.005490118404956752,2026-10-01,PENN
14,0.005764271526572916,2026-10-01,PENN
1,0.00038704101395085346,2026-10-01,PEP
2,0.0002268501945086047,2026-10-01,PEP
3,0.0010827572142558836,2026-10-01,PEP
4,0.0006814098769418304,2026-10-01,PEP
5,0.002324053949163915,2026-10-01,PEP
6,0.0034966917818813987,2026-10-01,PEP
7,0.0029026576496868294,2026-10-01,PEP
8,-4.580496695953322e-05,2026-10-01,PEP
9,0.0006236323895908996,2026-10-01,PEP
10,-0.00331315118204997,2026-10-01,PEP
11,0.00037839238753252014,2026-10-01,PEP
12,0.00017963990396727912,2026-10-01,PEP
13,0.004258503894418697,2026-10-01,PEP
14,-0.0004364045854195782,2026-10-01,PEP
1,0.0002842545718638327,2026-10-01,PFE
2,0.0002793439858524187,2026-10-01,PFE
3,0.001936457502833977,2026-10-01,PFE
4,0.0006356176318272109,2026-10-01,PFE
5,0.0006271087324482129,2026-10-01,PFE
6,0.002787876525978592,2026-10-01,PFE
7,0.0033024539028244267,2026-10-01,PFE
8,0.0012014748917831505,2026-10-01,PFE
9,0.0050551277401357,2026-10-01,PFE
10,0.0006733783056707799,2026-10-01,PFE
11,0.004862877308121069,2026-10-01,PFE
12,0.004826546694913382,2026-10-01,PFE
13,0.005686810070747236,2026-10-01,PFE
14,0.0006413606782496242,2026-10-01,PFE
1,-0.0005750113871620302,2026-10-01,PFG
2,-0.0006874741451445813,2026-10-01,PFG
3,0.003088130167806851,2026-10-01,PFG
4,-0.002132082969812263,2026-10-01,PFG
5,-0.0005910847378615173,2026-10-01,PFG
6,-0.0052598330272199114,2026-10-01,PFG
7,-0.0043947945058674725,2026-10-01,PFG
8,0.0012950285384826052,2026-10-01,PFG
9,-0.0007055916258583017,2026-10-01,PFG
10,0.000996412782192325,2026-10-01,PFG
11,0.0015921528356204462,2026-10-01,PFG
12,0.001962742821862901,2026-10-01,PFG
13,-0.004444574412683988,2026-10-01,PFG
14,-0.0010408147339304107,2026-10-01,PFG
1,-0.0005956609945601246,2026-10-01,PFGC
2,-0.0006353228570824988,2026-10-01,PFGC
3,0.00278347758050271,2026-10-01,PFGC
4,-0.0033415520051594204,2026-10-01,PFGC
5,-0.0013923986172395021,2026-10-01,PFGC
6,-0.004745527959896464,2026-10-01,PFGC
7,-0.005035632623780169,2026-10-01,PFGC
8,0.0014670603279243301,2026-10-01,PFGC
9,-0.002256732667442785,2026-10-01,PFGC
10,0.002820625495144475,2026-10-01,PFGC
11,0.0028243262227863304,2026-10-01,PFGC
12,0.0003588383868050229,2026-10-01,PFGC
13,-0.003196992238408833,2026-10-01,PFGC
14,-0.003285084972994835,2026-10-01,PFGC
1,0.0006180360852273787,2026-10-01,PG
2,0.0006530490413052368,2026-10-01,PG
3,0.0016410862269476915,2026-10-01,PG
4,0.0007138271722747812,2026-10-01,PG
5,0.0010863700895537877,2026-10-01,PG
6,0.004269618361762114,2026-10-01,PG
7,0.0032238726180949737,2026-10-01,PG
8,-0.00016528372475393128,2026-10-01,PG
9,0.004734854667084608,2026-10-01,PG
10,-0.0007987788549058293,2026-10-01,PG
11,0.005749591721951536,2026-10-01,PG
12,0.003829778433421389,2026-10-01,PG
13,0.0046095991421195885,2026-10-01,PG
14,-0.0015164891690651525,2026-10-01,PG
1,5.4652379918094534e-05,2026-10-01,PGNY
2,0.0016534924083966948,2026-10-01,PGNY
3,-0.004487208287635401,2026-10-01,PGNY
4,-0.0017224377180790006,2026-10-01,PGNY
5,-0.005901241286092171,2026-10-01,PGNY
6,-0.0035424403685041517,2026-10-01,PGNY
7,-0.0024265399991596657,2026-10-01,PGNY
8,0.0016434736657679329,2026-10-01,PGNY
9,-0.000341769964945638,2026-10-01,PGNY
10,0.006445563003262065,2026-10-01,PGNY
11,-0.004007632061497543,2026-10-01,PGNY
12,0.00820459079422852,2026-10-01,PGNY
13,0.009251460291979112,2026-10-01,PGNY
14,0.003334040473982836,2026-10-01,PGNY
1,0.0005773471978735671,2026-10-01,PGR
2,0.0003755998498781063,2026-10-01,PGR
3,0.0017331752686489828,2026-10-01,PGR
4,-0.00011019707887825095,2026-10-01,PGR
5,0.0019990997742083227,2026-10-01,PGR
6,0.0037846163126518096,2026-10-01,PGR
7,0.0036212729671526007,2026-10-01,PGR
8,-0.0003769586149655105,2026-10-01,PGR
9,0.0008599816896299644,2026-10-01,PGR
10,-0.0012304284387676702,2026-10-01,PGR
11,0.003455860732919555,2026-10-01,PGR
12,0.003242104468134402,2026-10-01,PGR
13,0.006128438215753968,2026-10-01,PGR
14,-2.5968704854683744e-05,2026-10-01,PGR
1,0.0010688523097894273,2026-10-01,PH
2,0.0008988524452792623,2026-10-01,PH
3,0.001588573200025066,2026-10-01,PH
4,-0.001196761380051051,2026-10-01,PH
5,0.0017832924626990422,2026-10-01,PH
6,0.0031856167300569837,2026-10-01,PH
7,0.006770572220569427,2026-10-01,PH
8,-7.209489753731738e-05,2026-10-01,PH
9,0.001207786757350897,2026-10-01,PH
10,-0.003281847637377617,2026-10-01,PH
11,0.0018598001168093532,2026-10-01,PH
12,0.0018929454476057223,2026-10-01,PH
13,0.006643573818451742,2026-10-01,PH
14,0.0006217871423474466,2026-10-01,PH
1,-0.0011323629072436802,2026-10-01,PHM
2,-0.0009154579255482637,2026-10-01,PHM
3,0.0034097306791126256,2026-10-01,PHM
4,-0.002549385319802359,2026-10-01,PHM
5,-0.0014209812439456,2026-10-01,PHM
6,-0.005780442863574478,2026-10-01,PHM
7,-0.0033886775146023717,2026-10-01,PHM
8,0.0016070499705347512,2026-10-01,PHM
9,-0.0021094118857896017,2026-10-01,PHM
10,0.00417751763038705,2026-10-01,PHM
11,0.006562975658049021,2026-10-01,PHM
12,-0.0006778428222185665,2026-10-01,PHM
13,-0.007387130012526307,2026-10-01,PHM
14,-0.004386684911554699,2026-10-01,PHM
1,0.0021011550059199927,2026-10-01,PII
2,0.005880275630017658,2026-10-01,PII
3,-0.0023188289133302988,2026-10-01,PII
4,-0.0004495799596260758,2026-10-01,PII
5,-0.005256802597933895,2026-10-01,PII
6,-0.0038765795752133264,2026-10-01,PII
7,-0.0027535599469549763,2026-10-01,PII
8,-0.001692822020033768,2026-10-01,PII
9,-0.005803894229333065,2026-10-01,PII
10,0.0020492919913525204,2026-10-01,PII
11,-0.006145969758368631,2026-10-01,PII
12,0.003848471747172552,2026-10-01,PII
13,0.008976172614121519,2026-10-01,PII
14,0.003455543573663443,2026-10-01,PII
1,0.0007935480536701469,2026-10-01,PINC
2,0.0004365597340472946,2026-10-01,PINC
3,0.0017858288959009053,2026-10-01,PINC
4,-0.0037699678103215854,2026-10-01,PINC
5,-0.005726477595085594,2026-10-01,PINC
6,0.000421793540512422,2026-10-01,PINC
7,-0.005164675103518476,2026-10-01,PINC
8,-0.002308506613233866,2026-10-01,PINC
9,-0.006551903193791802,2026-10-01,PINC
10,0.0070395293449213225,2026-10-01,PINC
11,-0.011006674649238659,2026-10-01,PINC
12,0.006188703956757753,2026-10-01,PINC
13,0.0001270316863357757,2026-10-01,PINC
14,0.0016068191519448367,2026-10-01,PINC
1,-0.0022703017399409347,2026-10-01,PINS
2,-0.001695617414808501,2026-10-01,PINS
3,0.004077358291688011,2026-10-01,PINS
4,-0.0019143920750235729,2026-10-01,PINS
5,1.8295326007690814e-05,2026-10-01,PINS
6,-0.0029282013075346987,2026-10-01,PINS
7,-0.0027113710647905177,2026-10-01,PINS
8,-0.0003952125698521205,2026-10-01,PINS
9,-0.0012251815133469547,2026-10-01,PINS
10,0.0004387520998735236,2026-10-01,PINS
11,0.0038982159226756004,2026-10-01,PINS
12,-0.0030311802818393926,2026-10-01,PINS
13,-0.009109466474520447,2026-10-01,PINS
14,-0.007233358894986974,2026-10-01,PINS
1,0.0021744284452966905,2026-10-01,PK
2,0.004285965359977656,2026-10-01,PK
3,-0.005052892116910245,2026-10-01,PK
4,-0.002264960502261532,2026-10-01,PK
5,-0.006786340722229767,2026-10-01,PK
6,-0.0018887460938274193,2026-10-01,PK
7,-0.00307436216478847,2026-10-01,PK
8,0.002566814749965626,2026-10-01,PK
9,-0.002881934383097629,2026-10-01,PK
10,-0.0016053075639745546,2026-10-01,PK
11,-0.003565615211435682,2026-10-01,PK
12,0.002825709476726941,2026-10-01,PK
13,0.003432068012742426,2026-10-01,PK
14,0.005294426923034902,2026-10-01,PK
1,-0.00038519669344704515,2026-10-01,PL
2,0.006829713467208235,2026-10-01,PL
3,-0.004531749120512832,2026-10-01,PL
4,-0.00371827396684807,2026-10-01,PL
5,-0.009862253971360977,2026-10-01,PL
6,-0.005251311963197152,2026-10-01,PL
7,-0.003929381227136076,2026-10-01,PL
8,0.0004934894515467728,2026-10-01,PL
9,-0.007577848162701009,2026-10-01,PL
10,-0.00020856862530003854,2026-10-01,PL
11,-0.010034730825203763,2026-10-01,PL
12,0.002884381876215301,2026-10-01,PL
13,0.006500338583926107,2026-10-01,PL
14,0.006147707851936142,2026-10-01,PL
1,0.0024507431374893303,2026-10-01,PLAY
2,0.004675981767001265,2026-10-01,PLAY
3,-0.0054865313500064,2026-10-01,PLAY
4,-0.0015099021890509381,2026-10-01,PLAY
5,-0.0047398097907758,2026-10-01,PLAY
6,-0.004937843256425095,2026-10-01,PLAY
7,-0.0035990076944845454,2026-10-01,PLAY
8,-0.003915592813749537,2026-10-01,PLAY
9,-0.000982801977198516,2026-10-01,PLAY
10,-0.002238353241893076,2026-10-01,PLAY
11,-0.0061795178518553855,2026-10-01,PLAY
12,0.0057238626357518675,2026-10-01,PLAY
13,0.004137582264225138,2026-10-01,PLAY
14,0.006378283685949832,2026-10-01,PLAY
1,0.000650535013403505,2026-10-01,PLD
2,1.3575684400804069e-05,2026-10-01,PLD
3,0.0007597274289789856,2026-10-01,PLD
4,0.0007474759380376397,2026-10-01,PLD
5,0.0013345279148267246,2026-10-01,PLD
6,0.0056503524289714425,2026-10-01,PLD
7,0.004612889211826969,2026-10-01,PLD
8,0.0009908627834742743,2026-10-01,PLD
9,0.005780870929105424,2026-10-01,PLD
10,-0.0020623461924237775,2026-10-01,PLD
11,0.004443344506042703,2026-10-01,PLD
12,0.005311216082486276,2026-10-01,PLD
13,0.004335838942419403,2026-10-01,PLD
14,0.000682044222550221,2026-10-01,PLD
1,-0.0006850888303505081,2026-10-01,PLNT
2,-0.0007324600607611469,2026-10-01,PLNT
3,0.005792433273781913,2026-10-01,PLNT
4,-0.004593915148697416,2026-10-01,PLNT
5,-0.0011606786785010189,2026-10-01,PLNT
6,-0.005745801011488961,2026-10-01,PLNT
7,-0.005320378940708162,2026-10-01,PLNT
8,-0.0006918200247828161,2026-10-01,PLNT
9,-0.005207783236729413,2026-10-01,PLNT
10,0.002581353361570891,2026-10-01,PLNT
11,0.0013272650712173666,2026-10-01,PLNT
12,-7.375534446926386e-05,2026-10-01,PLNT
13,-0.006629107485207167,2026-10-01,PLNT
14,-0.0032606730316973517,2026-10-01,PLNT
1,0.0015772825885358632,2026-10-01,PLTK
2,0.004705398564811917,2026-10-01,PLTK
3,-0.002070104303394823,2026-10-01,PLTK
4,0.00040639221670914265,2026-10-01,PLTK
5,-0.003675067435041061,2026-10-01,PLTK
6,-0.0012432625698676261,2026-10-01,PLTK
7,-0.0014871063828695286,2026-10-01,PLTK
8,0.0015895785241369373,2026-10-01,PLTK
9,0.0032632137476371155,2026-10-01,PLTK
10,0.005161645819666924,2026-10-01,PLTK
11,-0.00533965140899087,2026-10-01,PLTK
12,0.008115577801585842,2026-10-01,PLTK
13,0.009236718171436672,2026-10-01,PLTK
14,0.009312462363485837,2026-10-01,PLTK
1,0.00041322570917693536,2026-10-01,PLTR
2,0.0003319172045935753,2026-10-01,PLTR
3,0.001423534757932987,2026-10-01,PLTR
4,0.0014155649721689987,2026-10-01,PLTR
5,0.0017782716338272816,2026-10-01,PLTR
6,0.005890431405847607,2026-10-01,PLTR
7,0.0030716322924190325,2026-10-01,PLTR
8,0.0007867432653374882,2026-10-01,PLTR
9,0.0007605321705170659,2026-10-01,PLTR
10,-0.0022725361238022353,2026-10-01,PLTR
11,-0.0010138613288726355,2026-10-01,PLTR
12,-4.6269316229524764e-05,2026-10-01,PLTR
13,0.0035112709781645085,2026-10-01,PLTR
14,-0.001775918909058384,2026-10-01,PLTR
1,0.0009573092803936679,2026-10-01,PLUG
2,0.004951014975354924,2026-10-01,PLUG
3,-0.000856444577429621,2026-10-01,PLUG
4,-0.0012616683481879076,2026-10-01,PLUG
5,-0.009255000885364899,2026-10-01,PLUG
6,-0.0012723185622518088,2026-10-01,PLUG
7,-0.007461853487728669,2026-10-01,PLUG
8,-0.007594639494439184,2026-10-01,PLUG
9,-0.012253295202102162,2026-10-01,PLUG
10,-0.0014233360863622948,2026-10-01,PLUG
11,-0.010656754395216898,2026-10-01,PLUG
12,0.006030645551894942,2026-10-01,PLUG
13,0.005276124841310816,2026-10-01,PLUG
14,0.00627138461485903,2026-10-01,PLUG
1,-0.00032841152834613537,2026-10-01,PM
2,0.0011073932770873341,2026-10-01,PM
3,0.0010735933101996495,2026-10-01,PM
4,0.00028665737444521887,2026-10-01,PM
5,0.001518353898712956,2026-10-01,PM
6,0.0025732092122509997,2026-10-01,PM
7,0.004381873232321998,2026-10-01,PM
8,-0.00022728216957093803,2026-10-01,PM
9,0.0046371395413954426,2026-10-01,PM
10,-0.00030806068137941803,2026-10-01,PM
11,0.004453627739629075,2026-10-01,PM
12,0.004957967272063503,2026-10-01,PM
13,0.006204565683444145,2026-10-01,PM
14,0.00107537080834957,2026-10-01,PM
1,0.001307557943304032,2026-10-01,PMT
2,0.003924716865889025,2026-10-01,PMT
3,-0.0037747717168310165,2026-10-01,PMT
4,-0.0028940794580502313,2026-10-01,PMT
5,-0.005327158294434742,2026-10-01,PMT
6,-0.00019390924646559834,2026-10-01,PMT
7,-0.0015725707434619072,2026-10-01,PMT
8,-0.00044772072630727894,2026-10-01,PMT
9,-0.0009381025181701807,2026-10-01,PMT
10,-0.001674816914919847,2026-10-01,PMT
11,-0.005131808553758707,2026-10-01,PMT
12,0.0029183721708800213,2026-10-01,PMT
13,0.005447774235631701,2026-10-01,PMT
14,0.007058906036808331,2026-10-01,PMT
1,0.0008567909886860752,2026-10-01,PNC
2,-0.00010130884619077813,2026-10-01,PNC
3,0.0011621298236717359,2026-10-01,PNC
4,0.002374822098499959,2026-10-01,PNC
5,0.0025336757303454378,2026-10-01,PNC
6,0.004360001842271154,2026-10-01,PNC
7,0.004442773923389859,2026-10-01,PNC
8,-0.00026453748127508095,2026-10-01,PNC
9,0.00022497769520260852,2026-10-01,PNC
10,-0.0023242448523562906,2026-10-01,PNC
11,0.004572262728659143,2026-10-01,PNC
12,0.0029061007347536737,2026-10-01,PNC
13,0.006158180277498734,2026-10-01,PNC
14,0.0001479065249301509,2026-10-01,PNC
1,-0.0014675956016143,2026-10-01,PNR
2,-0.0016968917402337973,2026-10-01,PNR
3,0.0045799334667581855,2026-10-01,PNR
4,-0.004773288072915775,2026-10-01,PNR
5,-0.0012832462027157147,2026-10-01,PNR
6,-0.004502758285545887,2026-10-01,PNR
7,-0.006674941298454042,2026-10-01,PNR
8,-0.0009107893496284695,2026-10-01,PNR
9,-0.00269899888275154,2026-10-01,PNR
10,0.0011955545427907988,2026-10-01,PNR
11,0.0020967550581580917,2026-10-01,PNR
12,-0.002812358805972221,2026-10-01,PNR
13,-0.009822732053718516,2026-10-01,PNR
14,-0.004851035369880599,2026-10-01,PNR
1,-0.00043304786645454737,2026-10-01,PNW
2,-0.0011835766607117071,2026-10-01,PNW
3,0.0033604903053914906,2026-10-01,PNW
4,-0.0016357324622394806,2026-10-01,PNW
5,-0.002033356018925349,2026-10-01,PNW
6,-0.003766104913606396,2026-10-01,PNW
7,-0.004629388832490669,2026-10-01,PNW
8,-0.0007323970219358727,2026-10-01,PNW
9,-0.0012963046475358182,2026-10-01,PNW
10,0.004421814608197073,2026-10-01,PNW
11,0.0015767696782803902,2026-10-01,PNW
12,0.00017188729659963322,2026-10-01,PNW
13,-0.007268234625333118,2026-10-01,PNW
14,-0.0030968042512810935,2026-10-01,PNW
1,0.002093922361728748,2026-10-01,POR
2,0.004530977517119519,2026-10-01,POR
3,-0.005878690739809612,2026-10-01,POR
4,-0.004155582517590104,2026-10-01,POR
5,-0.005928029034932089,2026-10-01,POR
6,-0.001117381107698376,2026-10-01,POR
7,-0.0008731813400237377,2026-10-01,POR
8,0.0034808703308134496,2026-10-01,POR
9,-0.001252730004764566,2026-10-01,POR
10,0.001309545381627497,2026-10-01,POR
11,-0.005052330561649038,2026-10-01,POR
12,0.0022680263376396777,2026-10-01,POR
13,0.0050331005961298724,2026-10-01,POR
14,0.006353541873627441,2026-10-01,POR
1,-0.0015364642500351178,2026-10-01,PPG
2,7.227823841978122e-05,2026-10-01,PPG
3,0.0027878645905798647,2026-10-01,PPG
4,-0.0031793998808436258,2026-10-01,PPG
5,-0.00445191893976615,2026-10-01,PPG
6,-0.005879684674834772,2026-10-01,PPG
7,-0.004546109419579705,2026-10-01,PPG
8,0.0017152735574548228,2026-10-01,PPG
9,-0.0035864169367418675,2026-10-01,PPG
10,0.003273518450342339,2026-10-01,PPG
11,0.00392619187319644,2026-10-01,PPG
12,-0.002094495379452964,2026-10-01,PPG
13,-0.004003429311685893,2026-10-01,PPG
14,-0.004511519479393957,2026-10-01,PPG
1,-0.0009478893505691782,2026-10-01,PPL
2,-0.0014186049869208235,2026-10-01,PPL
3,0.004686309584571053,2026-10-01,PPL
4,-0.0016197539621752963,2026-10-01,PPL
5,-0.0022179093062333595,2026-10-01,PPL
6,-0.004337339259478127,2026-10-01,PPL
7,-0.004095579540754854,2026-10-01,PPL
8,0.001998052596762129,2026-10-01,PPL
9,-0.0002561856326795198,2026-10-01,PPL
10,0.00394477555239593,2026-10-01,PPL
11,0.0023166746879396964,2026-10-01,PPL
12,0.00017904931443410394,2026-10-01,PPL
13,-0.006687012576408682,2026-10-01,PPL
14,-0.0031742973195944373,2026-10-01,PPL
1,-0.0013268299588898545,2026-10-01,PR
2,-0.0004837155950507858,2026-10-01,PR
3,0.0014934553020891491,2026-10-01,PR
4,-0.0016614975022352866,2026-10-01,PR
5,-0.00017566046667581522,2026-10-01,PR
6,-0.002923100639460286,2026-10-01,PR
7,-0.0036752081659990944,2026-10-01,PR
8,0.0004511983304353005,2026-10-01,PR
9,0.00021164968486815617,2026-10-01,PR
10,-0.0005797516761764395,2026-10-01,PR
11,0.0035440902025102227,2026-10-01,PR
12,-0.001957831123832089,2026-10-01,PR
13,-0.004852416749034105,2026-10-01,PR
14,-0.002941208635657884,2026-10-01,PR
1,0.0011865204299062804,2026-10-01,PRGO
2,0.003498031191130712,2026-10-01,PRGO
3,-0.002172519356836815,2026-10-01,PRGO
4,-0.005003382603427646,2026-10-01,PRGO
5,-0.003850130278799777,2026-10-01,PRGO
6,-0.002043123692317428,2026-10-01,PRGO
7,0.0029047128060573847,2026-10-01,PRGO
8,0.0032121688901861783,2026-10-01,PRGO
9,-0.004311787698347222,2026-10-01,PRGO
10,0.002963547642082605,2026-10-01,PRGO
11,-0.0032253171041437437,2026-10-01,PRGO
12,0.0027359957379572562,2026-10-01,PRGO
13,0.004365997338108776,2026-10-01,PRGO
14,0.010954529383012253,2026-10-01,PRGO
1,0.0017570409102790232,2026-10-01,PRKS
2,0.004857327706754852,2026-10-01,PRKS
3,-0.00279784428945908,2026-10-01,PRKS
4,-0.0007528700748979043,2026-10-01,PRKS
5,-0.004383383895338035,2026-10-01,PRKS
6,-0.003230018709261991,2026-10-01,PRKS
7,-0.004275804265293844,2026-10-01,PRKS
8,0.0010067548722288004,2026-10-01,PRKS
9,0.0016693411585274576,2026-10-01,PRKS
10,-0.00043556518430275823,2026-10-01,PRKS
11,-0.005972227981472725,2026-10-01,PRKS
12,0.004989899613521913,2026-10-01,PRKS
13,0.004860465297482047,2026-10-01,PRKS
14,0.00421805803203177,2026-10-01,PRKS
1,-0.0006464627397773936,2026-10-01,PRU
2,-0.0009142902082950929,2026-10-01,PRU
3,0.0049284687531484265,2026-10-01,PRU
4,-0.0018965295341264608,2026-10-01,PRU
5,-0.0017191823024925864,2026-10-01,PRU
6,-0.004772994719526757,2026-10-01,PRU
7,-0.005563671304293675,2026-10-01,PRU
8,0.0029848870702854683,2026-10-01,PRU
9,-0.0018499023732295307,2026-10-01,PRU
10,0.0019300196388755675,2026-10-01,PRU
11,0.00312548801040914,2026-10-01,PRU
12,-0.00031147086537651974,2026-10-01,PRU
13,-0.008631302884615366,2026-10-01,PRU
14,-0.0009852753214674723,2026-10-01,PRU
1,0.00030849009849001104,2026-10-01,PSA
2,0.0001396656618030638,2026-10-01,PSA
3,0.0008873971220639685,2026-10-01,PSA
4,-8.086023169342312e-05,2026-10-01,PSA
5,0.003968783092140801,2026-10-01,PSA
6,0.004705274571395234,2026-10-01,PSA
7,0.003889829479685233,2026-10-01,PSA
8,-0.0004499440758878902,2026-10-01,PSA
9,0.004789169220738396,2026-10-01,PSA
10,-0.002121129868368978,2026-10-01,PSA
11,0.006622203026635306,2026-10-01,PSA
12,0.0036312120496484546,2026-10-01,PSA
13,0.0056527307375002535,2026-10-01,PSA
14,0.0003419740288244971,2026-10-01,PSA
1,0.001727035532212364,2026-10-01,PSNY
2,0.002325561728618146,2026-10-01,PSNY
3,-0.00286258674689221,2026-10-01,PSNY
4,-0.006129366501599304,2026-10-01,PSNY
5,-0.004291701170026615,2026-10-01,PSNY
6,0.0025908469073671163,2026-10-01,PSNY
7,0.003887498152181086,2026-10-01,PSNY
8,0.00011150518776480816,2026-10-01,PSNY
9,-0.0021633445137039884,2026-10-01,PSNY
10,-0.0009395631742511067,2026-10-01,PSNY
11,-0.009095522580306546,2026-10-01,PSNY
12,0.004986629711874617,2026-10-01,PSNY
13,0.004583181779326103,2026-10-01,PSNY
14,0.00809538579355091,2026-10-01,PSNY
1,0.0005960511041179336,2026-10-01,PSX
2,0.0021643600029593903,2026-10-01,PSX
3,0.002178909098615706,2026-10-01,PSX
4,0.00033623097136370884,2026-10-01,PSX
5,0.0031962153918743737,2026-10-01,PSX
6,0.002565409971922055,2026-10-01,PSX
7,0.004662552266381258,2026-10-01,PSX
8,5.3445659697102264e-05,2026-10-01,PSX
9,0.0014033271203341632,2026-10-01,PSX
10,-0.0025063382864341163,2026-10-01,PSX
11,0.000971559952569629,2026-10-01,PSX
12,0.004077767527210681,2026-10-01,PSX
13,0.005111966131624171,2026-10-01,PSX
14,-0.0003805829839356644,2026-10-01,PSX
1,0.001747765896451216,2026-10-01,PTCT
2,0.002963490832091754,2026-10-01,PTCT
3,-0.0022917736063488427,2026-10-01,PTCT
4,-0.004555206072999515,2026-10-01,PTCT
5,-0.004736522443382227,2026-10-01,PTCT
6,-0.0016061091928337569,2026-10-01,PTCT
7,0.0023696381100901083,2026-10-01,PTCT
8,0.00020066221133644164,2026-10-01,PTCT
9,-0.0007269144670737908,2026-10-01,PTCT
10,-0.00023430162674171248,2026-10-01,PTCT
11,-0.002061978203359761,2026-10-01,PTCT
12,0.0037762866675988787,2026-10-01,PTCT
13,0.005118858506667337,2026-10-01,PTCT
14,0.005647021984540933,2026-10-01,PTCT
1,0.0027291050377307867,2026-10-01,PTEN
2,0.007890437004656654,2026-10-01,PTEN
3,-0.00551093935061591,2026-10-01,PTEN
4,-0.002337334144761086,2026-10-01,PTEN
5,-0.004962517768733306,2026-10-01,PTEN
6,-0.0015589782540746553,2026-10-01,PTEN
7,0.0007460575248557288,2026-10-01,PTEN
8,-0.00018038280515040182,2026-10-01,PTEN
9,0.0028711089748748287,2026-10-01,PTEN
10,0.004877310935371828,2026-10-01,PTEN
11,-0.004587519989742901,2026-10-01,PTEN
12,0.0002773051646075643,2026-10-01,PTEN
13,0.002781643078081375,2026-10-01,PTEN
14,0.006146324015677296,2026-10-01,PTEN
1,0.0018396659528438447,2026-10-01,PTGX
2,0.003743202936607099,2026-10-01,PTGX
3,-0.0050660689745733525,2026-10-01,PTGX
4,-0.007334601484203055,2026-10-01,PTGX
5,-0.010297799289911848,2026-10-01,PTGX
6,-0.0004947952510899554,2026-10-01,PTGX
7,-0.0038258764270602675,2026-10-01,PTGX
8,0.004166817946918248,2026-10-01,PTGX
9,-0.0011106445372903923,2026-10-01,PTGX
10,-0.0009049808573590337,2026-10-01,PTGX
11,-0.008989253164144471,2026-10-01,PTGX
12,0.0035847689346560014,2026-10-01,PTGX
13,0.008151027822079484,2026-10-01,PTGX
14,0.0005574448109125755,2026-10-01,PTGX
1,-8.486113165796028e-05,2026-10-01,PTON
2,0.0017798844755874182,2026-10-01,PTON
3,-0.005370267516410932,2026-10-01,PTON
4,-0.001043397561757357,2026-10-01,PTON
5,-0.00797893167227815,2026-10-01,PTON
6,-0.0011534130634866665,2026-10-01,PTON
7,0.00090922162739015,2026-10-01,PTON
8,0.0033172216638803907,2026-10-01,PTON
9,-0.0027381471587195165,2026-10-01,PTON
10,0.0024942414141281726,2026-10-01,PTON
11,-0.005203190650798272,2026-10-01,PTON
12,0.001016185365585597,2026-10-01,PTON
13,0.0024763615868275642,2026-10-01,PTON
14,0.001737556867983902,2026-10-01,PTON
1,0.0017490709661929745,2026-10-01,PUMP
2,0.0043631512094621855,2026-10-01,PUMP
3,-0.0027230803028486027,2026-10-01,PUMP
4,-0.005089580320970324,2026-10-01,PUMP
5,-0.003829378555341692,2026-10-01,PUMP
6,-0.0014723481193350961,2026-10-01,PUMP
7,-7.953294528137702e-05,2026-10-01,PUMP
8,-0.0010572723398756451,2026-10-01,PUMP
9,-0.001052927854861041,2026-10-01,PUMP
10,0.00501766718886931,2026-10-01,PUMP
11,-0.004953974233078717,2026-10-01,PUMP
12,0.0005984212744729748,2026-10-01,PUMP
13,0.005911606577114653,2026-10-01,PUMP
14,0.005102031152490207,2026-10-01,PUMP
1,-0.001315881212678105,2026-10-01,PVH
2,-0.001294006176038648,2026-10-01,PVH
3,0.0033332591162005217,2026-10-01,PVH
4,-0.002748091556929867,2026-10-01,PVH
5,0.000498191924211636,2026-10-01,PVH
6,-0.005338076997896964,2026-10-01,PVH
7,-0.004491260511430707,2026-10-01,PVH
8,0.00021111401612077912,2026-10-01,PVH
9,-0.0010911383473321031,2026-10-01,PVH
10,0.0032928027098022825,2026-10-01,PVH
11,0.0017977486485836929,2026-10-01,PVH
12,-0.0029593306649743573,2026-10-01,PVH
13,-0.002060933659087332,2026-10-01,PVH
14,-0.0029591652839587126,2026-10-01,PVH
1,0.0007851883151473824,2026-10-01,PYPL
2,-0.00039162557624955815,2026-10-01,PYPL
3,0.001136620382688501,2026-10-01,PYPL
4,0.0009915049440948572,2026-10-01,PYPL
5,0.002702985132001465,2026-10-01,PYPL
6,0.0025167692057397003,2026-10-01,PYPL
7,0.0030963244566844365,2026-10-01,PYPL
8,0.00037449843502866534,2026-10-01,PYPL
9,0.006476998254040827,2026-10-01,PYPL
10,-0.0023257817462044987,2026-10-01,PYPL
11,0.002576792062400055,2026-10-01,PYPL
12,0.005211390165237785,2026-10-01,PYPL
13,0.004448779425824914,2026-10-01,PYPL
14,-0.000968977134799716,2026-10-01,PYPL
1,0.0023715923028250568,2026-10-01,PZZA
2,0.004848123353562567,2026-10-01,PZZA
3,-0.003411885264556047,2026-10-01,PZZA
4,-0.0018413518593252422,2026-10-01,PZZA
5,-0.005724700503726911,2026-10-01,PZZA
6,-0.0014698044619838784,2026-10-01,PZZA
7,-0.0028805641339497636,2026-10-01,PZZA
8,-0.0005496848784262441,2026-10-01,PZZA
9,-0.004455698289000744,2026-10-01,PZZA
10,0.0005112783600373776,2026-10-01,PZZA
11,-0.0032339446840048826,2026-10-01,PZZA
12,0.0037232787938453697,2026-10-01,PZZA
13,0.007356560503556071,2026-10-01,PZZA
14,0.0064197406937332524,2026-10-01,PZZA
1,0.0011954196986710742,2026-10-01,QCOM
2,0.0001318057858759432,2026-10-01,QCOM
3,0.002149969272470646,2026-10-01,QCOM
4,0.0021509326116386637,2026-10-01,QCOM
5,0.003439987825833986,2026-10-01,QCOM
6,0.004533664311761779,2026-10-01,QCOM
7,0.0029945117674465933,2026-10-01,QCOM
8,0.004473548096453808,2026-10-01,QCOM
9,-0.0002111044230798667,2026-10-01,QCOM
10,-0.0036622197930504096,2026-10-01,QCOM
11,-0.0030312425180363516,2026-10-01,QCOM
12,0.0023602502775373364,2026-10-01,QCOM
13,0.0036480814736599143,2026-10-01,QCOM
14,-0.0022122642595223617,2026-10-01,QCOM
1,0.0011780078866271055,2026-10-01,QDEL
2,0.004292009006134206,2026-10-01,QDEL
3,-0.0026190229137712105,2026-10-01,QDEL
4,-0.0012648314869765605,2026-10-01,QDEL
5,-0.0077902763442104506,2026-10-01,QDEL
6,-0.0033769016963941605,2026-10-01,QDEL
7,-0.0041576976648764865,2026-10-01,QDEL
8,-0.002082013440492867,2026-10-01,QDEL
9,-0.004432037554519506,2026-10-01,QDEL
10,0.0004829298721442902,2026-10-01,QDEL
11,-0.009929763565099545,2026-10-01,QDEL
12,0.0008741396215481188,2026-10-01,QDEL
13,0.006558496569155803,2026-10-01,QDEL
14,0.00013695113250295076,2026-10-01,QDEL
1,0.001285572284325868,2026-10-01,QFIN
2,0.005632594208101524,2026-10-01,QFIN
3,-0.003645966274138229,2026-10-01,QFIN
4,-0.0036019326330339672,2026-10-01,QFIN
5,-0.004743164879968195,2026-10-01,QFIN
6,-0.004665616244734087,2026-10-01,QFIN
7,-0.0022113998186094265,2026-10-01,QFIN
8,0.008777884402829695,2026-10-01,QFIN
9,0.0019739800867949932,2026-10-01,QFIN
10,0.0018794351640002106,2026-10-01,QFIN
11,-0.0002628602276419351,2026-10-01,QFIN
12,0.004870317863114753,2026-10-01,QFIN
13,0.010894570207664189,2026-10-01,QFIN
14,0.009542784406179044,2026-10-01,QFIN
1,-0.0010568516015224884,2026-10-01,QGEN
2,-0.002088230964958967,2026-10-01,QGEN
3,0.0026973329351235938,2026-10-01,QGEN
4,-0.003109413670693426,2026-10-01,QGEN
5,-0.0007267374812797443,2026-10-01,QGEN
6,-0.0031869448413497287,2026-10-01,QGEN
7,-0.00380473136815715,2026-10-01,QGEN
8,0.001807703275326743,2026-10-01,QGEN
9,-0.002913341670203783,2026-10-01,QGEN
10,0.003213689267683024,2026-10-01,QGEN
11,0.002624532595635148,2026-10-01,QGEN
12,-0.0031539486182244245,2026-10-01,QGEN
13,-0.0065095682054267055,2026-10-01,QGEN
14,-0.003434873918578641,2026-10-01,QGEN
1,-0.0007631407301713941,2026-10-01,QRVO
2,-0.0007471720377391914,2026-10-01,QRVO
3,0.0024782072313267243,2026-10-01,QRVO
4,-0.003345221453130134,2026-10-01,QRVO
5,-0.00011180347861506585,2026-10-01,QRVO
6,-0.003558490463263707,2026-10-01,QRVO
7,-0.007120070108538014,2026-10-01,QRVO
8,0.0017183401762579749,2026-10-01,QRVO
9,-0.0007391288940763604,2026-10-01,QRVO
10,0.005117873373740539,2026-10-01,QRVO
11,-6.535486304053219e-05,2026-10-01,QRVO
12,-0.002892192262168379,2026-10-01,QRVO
13,-0.00665157021732551,2026-10-01,QRVO
14,-0.000819126427510632,2026-10-01,QRVO
1,0.0019157077593589076,2026-10-01,QS
2,0.0149871697008417,2026-10-01,QS
3,-0.0012650822113801903,2026-10-01,QS
4,-0.012893446714465549,2026-10-01,QS
5,-0.008243443663589273,2026-10-01,QS
6,-0.0032944477596941768,2026-10-01,QS
7,-0.006387047855629204,2026-10-01,QS
8,-0.001932828023036107,2026-10-01,QS
9,-0.020499569197910825,2026-10-01,QS
10,0.0036391122718945966,2026-10-01,QS
11,-0.012922500597097902,2026-10-01,QS
12,0.0026456580877255863,2026-10-01,QS
13,-0.012950940943833738,2026-10-01,QS
14,-0.005689559228995114,2026-10-01,QS
1,-0.0006837859139668868,2026-10-01,QSR
2,-0.0020446685530362044,2026-10-01,QSR
3,0.0045775720361196405,2026-10-01,QSR
4,-0.00280649758287453,2026-10-01,QSR
5,-0.0007536078081522434,2026-10-01,QSR
6,-0.00365409830799441,2026-10-01,QSR
7,-0.0011135753710482083,2026-10-01,QSR
8,-0.0012306795635027722,2026-10-01,QSR
9,-0.0018745126330958072,2026-10-01,QSR
10,0.0022046780653295936,2026-10-01,QSR
11,0.0008152614108018839,2026-10-01,QSR
12,-0.003482913527312281,2026-10-01,QSR
13,-0.00696197210765801,2026-10-01,QSR
14,-0.0026710392348004612,2026-10-01,QSR
1,0.0011644098054683543,2026-10-01,RARE
2,0.002759555216646079,2026-10-01,RARE
3,-0.0017853956716611242,2026-10-01,RARE
4,-0.003111334441919683,2026-10-01,RARE
5,-0.0063310524956503075,2026-10-01,RARE
6,-0.0047428390047843305,2026-10-01,RARE
7,-0.0011459857565037273,2026-10-01,RARE
8,0.002820975198921759,2026-10-01,RARE
9,-0.003136239426243236,2026-10-01,RARE
10,0.002792323229990343,2026-10-01,RARE
11,-0.0024890608438246074,2026-10-01,RARE
12,0.0038913294534543962,2026-10-01,RARE
13,0.0034875723057636626,2026-10-01,RARE
14,0.012559612690624273,2026-10-01,RARE
1,-0.0013713313967180817,2026-10-01,RBA
2,-0.0007707036632321557,2026-10-01,RBA
3,0.0028933926580262505,2026-10-01,RBA
4,-0.0022617520041904337,2026-10-01,RBA
5,0.0015597582282274745,2026-10-01,RBA
6,-0.004327519031794329,2026-10-01,RBA
7,-0.004201949267904777,2026-10-01,RBA
8,0.0025573687606273536,2026-10-01,RBA
9,-0.0010216807392224323,2026-10-01,RBA
10,0.0006237798330456773,2026-10-01,RBA
11,0.003948499451538568,2026-10-01,RBA
12,-0.003963862595100943,2026-10-01,RBA
13,-0.004987378381971245,2026-10-01,RBA
14,-0.005827896817164106,2026-10-01,RBA
1,-0.0018446118883045357,2026-10-01,RBGLY
2,-0.0006616057170504277,2026-10-01,RBGLY
3,0.0031237235005817463,2026-10-01,RBGLY
4,-0.0015899107124272163,2026-10-01,RBGLY
5,-0.0011089639001490455,2026-10-01,RBGLY
6,-0.0038205071703319446,2026-10-01,RBGLY
7,-0.0033659728749299996,2026-10-01,RBGLY
8,0.0007679113142365147,2026-10-01,RBGLY
9,-0.001659935666559309,2026-10-01,RBGLY
10,0.0001935153521342263,2026-10-01,RBGLY
11,-4.768038668030775e-05,2026-10-01,RBGLY
12,-0.0008749104799353303,2026-10-01,RBGLY
13,-0.0033373743021169085,2026-10-01,RBGLY
14,0.0009024627875432768,2026-10-01,RBGLY
1,-0.0010058776328473037,2026-10-01,RBLX
2,-0.0030134348598094846,2026-10-01,RBLX
3,0.003934452578546239,2026-10-01,RBLX
4,-0.002197912516239216,2026-10-01,RBLX
5,-0.0005860828625412439,2026-10-01,RBLX
6,-0.005013844499737534,2026-10-01,RBLX
7,-0.006916576076622402,2026-10-01,RBLX
8,0.0010819590318855703,2026-10-01,RBLX
9,-0.0033377657469766003,2026-10-01,RBLX
10,0.0006037755975650876,2026-10-01,RBLX
11,0.00219380589113642,2026-10-01,RBLX
12,-0.0014200556919563411,2026-10-01,RBLX
13,-0.004919020814618716,2026-10-01,RBLX
14,-0.004062716451301759,2026-10-01,RBLX
1,-0.0012904369452476057,2026-10-01,RBRK
2,-0.00228314976772859,2026-10-01,RBRK
3,0.0018637166145431263,2026-10-01,RBRK
4,-0.004140042598126669,2026-10-01,RBRK
5,0.0005673681817352887,2026-10-01,RBRK
6,-0.003928218897424875,2026-10-01,RBRK
7,-0.006813779559300939,2026-10-01,RBRK
8,0.0008886260071037402,2026-10-01,RBRK
9,-0.002790876986936809,2026-10-01,RBRK
10,0.0020761110255485115,2026-10-01,RBRK
11,0.0034651607621442276,2026-10-01,RBRK
12,-0.002348219613760224,2026-10-01,RBRK
13,-0.0053932277090618696,2026-10-01,RBRK
14,-0.0033138255362986885,2026-10-01,RBRK
1,0.0010925632995434495,2026-10-01,RC
2,0.004962429558229688,2026-10-01,RC
3,-0.0033586566883894147,2026-10-01,RC
4,-0.0007811108112077515,2026-10-01,RC
5,-0.005080972632567965,2026-10-01,RC
6,-0.0019965286740940163,2026-10-01,RC
7,-0.001482296690463178,2026-10-01,RC
8,0.001066997369450869,2026-10-01,RC
9,0.0031471998691807,2026-10-01,RC
10,0.003990234901544754,2026-10-01,RC
11,-0.007141190052880414,2026-10-01,RC
12,0.0030985221944341843,2026-10-01,RC
13,0.006684712606902525,2026-10-01,RC
14,0.006345123328270586,2026-10-01,RC
1,-0.00024138897752395616,2026-10-01,RCI
2,-0.001424009789741301,2026-10-01,RCI
3,0.0033822907969153697,2026-10-01,RCI
4,-0.00347459489731462,2026-10-01,RCI
5,-0.00031885743810346337,2026-10-01,RCI
6,-0.0034667484630341683,2026-10-01,RCI
7,-0.00342701797145225,2026-10-01,RCI
8,0.0017918307699815394,2026-10-01,RCI
9,-0.0034812102417698726,2026-10-01,RCI
10,0.005200895459944422,2026-10-01,RCI
11,0.0029997671263676485,2026-10-01,RCI
12,-9.984960989404949e-05,2026-10-01,RCI
13,-0.008286422248847852,2026-10-01,RCI
14,-0.0013500904276223752,2026-10-01,RCI
1,0.0014221428222966322,2026-10-01,RCKT
2,0.00600670029665403,2026-10-01,RCKT
3,-0.003184642693963061,2026-10-01,RCKT
4,-0.004380050400631271,2026-10-01,RCKT
5,-0.00907089486690583,2026-10-01,RCKT
6,0.0009226741364862846,2026-10-01,RCKT
7,-0.0018327057838634705,2026-10-01,RCKT
8,0.005910434899849244,2026-10-01,RCKT
9,-0.0026387317289590538,2026-10-01,RCKT
10,0.0005435922579044107,2026-10-01,RCKT
11,-0.00805336143201537,2026-10-01,RCKT
12,0.0023813337433057683,2026-10-01,RCKT
13,0.01044893822900557,2026-10-01,RCKT
14,-0.0023723273098117483,2026-10-01,RCKT
1,-0.0009755555613058944,2026-10-01,RCL
2,-0.0010859214603628421,2026-10-01,RCL
3,0.002020571244132625,2026-10-01,RCL
4,-0.0033252128157130025,2026-10-01,RCL
5,-0.0016452994531159376,2026-10-01,RCL
6,-0.005235027570528486,2026-10-01,RCL
7,1.4431521911558092e-05,2026-10-01,RCL
8,0.0009926108368737401,2026-10-01,RCL
9,0.00027107150208331856,2026-10-01,RCL
10,0.001934720658504904,2026-10-01,RCL
11,0.0014559732367045426,2026-10-01,RCL
12,-0.0007967037522521887,2026-10-01,RCL
13,-0.008289773983722595,2026-10-01,RCL
14,-0.0035926658401023615,2026-10-01,RCL
1,0.001336758676489467,2026-10-01,RCUS
2,0.003391164007301193,2026-10-01,RCUS
3,-0.0034208081391502707,2026-10-01,RCUS
4,-0.007971318007942502,2026-10-01,RCUS
5,-0.010483505001206343,2026-10-01,RCUS
6,-0.0037387610082406366,2026-10-01,RCUS
7,-0.0019004595441159092,2026-10-01,RCUS
8,0.0002790879595565364,2026-10-01,RCUS
9,-3.655692330540655e-05,2026-10-01,RCUS
10,-0.00033626318766440333,2026-10-01,RCUS
11,-0.010761823648585864,2026-10-01,RCUS
12,0.0005407762923873546,2026-10-01,RCUS
13,0.0069687411749946,2026-10-01,RCUS
14,-0.0002992191949745469,2026-10-01,RCUS
1,-0.000908345748759188,2026-10-01,RDDT
2,-0.0025021478885554347,2026-10-01,RDDT
3,0.003682439512902797,2026-10-01,RDDT
4,-0.0002628629599290946,2026-10-01,RDDT
5,0.0012417590756179009,2026-10-01,RDDT
6,-0.0016184733001906647,2026-10-01,RDDT
7,-0.0067330924044376305,2026-10-01,RDDT
8,0.0005362452363764205,2026-10-01,RDDT
9,-0.0003937660978123458,2026-10-01,RDDT
10,0.00585743726937057,2026-10-01,RDDT
11,0.004353544221672066,2026-10-01,RDDT
12,-0.004734913208515502,2026-10-01,RDDT
13,-0.0062332414178534025,2026-10-01,RDDT
14,-0.006578843901430425,2026-10-01,RDDT
1,0.0014350976697457025,2026-10-01,RDN
2,0.004301654708648018,2026-10-01,RDN
3,-0.005378205631947397,2026-10-01,RDN
4,-0.0012804414585994668,2026-10-01,RDN
5,-0.007716921101207948,2026-10-01,RDN
6,-0.0012925176546324186,2026-10-01,RDN
7,-0.00025520670428372635,2026-10-01,RDN
8,0.0017932177284213104,2026-10-01,RDN
9,0.003830709706740314,2026-10-01,RDN
10,0.0034711318348943907,2026-10-01,RDN
11,-0.009012227300802176,2026-10-01,RDN
12,0.004248555840958357,2026-10-01,RDN
13,0.010326022446417765,2026-10-01,RDN
14,0.007048131126055171,2026-10-01,RDN
1,-0.0012470321302352665,2026-10-01,REG
2,-0.0013186711005034682,2026-10-01,REG
3,0.0030662756630401764,2026-10-01,REG
4,-0.0021903572844620424,2026-10-01,REG
5,-0.0016635345018885203,2026-10-01,REG
6,-0.004869017995248925,2026-10-01,REG
7,-0.004153964098171585,2026-10-01,REG
8,0.0011013517091617662,2026-10-01,REG
9,-0.003523358399118408,2026-10-01,REG
10,0.00025019318895623874,2026-10-01,REG
11,0.001326311916409203,2026-10-01,REG
12,-0.0030550193179860272,2026-10-01,REG
13,-0.0058885023591110225,2026-10-01,REG
14,-0.0033531116946689307,2026-10-01,REG
1,0.00025195948772965934,2026-10-01,RELY
2,0.004180752548255799,2026-10-01,RELY
3,-0.004498650976820069,2026-10-01,RELY
4,-0.004481425756758349,2026-10-01,RELY
5,-0.006544519023076029,2026-10-01,RELY
6,-0.003324143150647454,2026-10-01,RELY
7,-0.0015151582407996395,2026-10-01,RELY
8,0.0010159240486921992,2026-10-01,RELY
9,-0.006046753459222969,2026-10-01,RELY
10,0.00704462878703795,2026-10-01,RELY
11,-0.004205922110827565,2026-10-01,RELY
12,0.006891108492744204,2026-10-01,RELY
13,0.010973092270022383,2026-10-01,RELY
14,0.007233963019903958,2026-10-01,RELY
1,-0.0007002587584966054,2026-10-01,REXR
2,-0.0015595458874880252,2026-10-01,REXR
3,0.003514341313860941,2026-10-01,REXR
4,-0.0007985941784066835,2026-10-01,REXR
5,-0.002499091131129017,2026-10-01,REXR
6,-0.0037005699283001073,2026-10-01,REXR
7,-0.0014022177764537217,2026-10-01,REXR
8,0.0017721999755971193,2026-10-01,REXR
9,-0.0017398372262034932,2026-10-01,REXR
10,0.0017277336743824322,2026-10-01,REXR
11,0.002082008080084157,2026-10-01,REXR
12,-0.005281242359694238,2026-10-01,REXR
13,-0.01050978505988445,2026-10-01,REXR
14,-0.0029269157225859915,2026-10-01,REXR
1,-0.0006558853067080363,2026-10-01,RF
2,-0.0011089965608530178,2026-10-01,RF
3,0.003839827267914467,2026-10-01,RF
4,-0.001784416960592762,2026-10-01,RF
5,-0.001837922617705066,2026-10-01,RF
6,-0.0049613454227508055,2026-10-01,RF
7,-0.005279210578124375,2026-10-01,RF
8,0.0021532150902861015,2026-10-01,RF
9,-0.0021049884010944163,2026-10-01,RF
10,0.0014042832015701036,2026-10-01,RF
11,0.006415555434004932,2026-10-01,RF
12,-6.835612692714575e-05,2026-10-01,RF
13,-0.006851993278612711,2026-10-01,RF
14,0.00026770558819343344,2026-10-01,RF
1,-0.000523223731750045,2026-10-01,RGEN
2,-0.0010808505555859964,2026-10-01,RGEN
3,0.0044628910448937294,2026-10-01,RGEN
4,-0.0017965975703927903,2026-10-01,RGEN
5,0.0008310252458160798,2026-10-01,RGEN
6,-0.005752381197343224,2026-10-01,RGEN
7,-0.001315429460906246,2026-10-01,RGEN
8,0.0019998613107243424,2026-10-01,RGEN
9,-0.004107515648970222,2026-10-01,RGEN
10,0.0035252124461956982,2026-10-01,RGEN
11,0.003639615157139518,2026-10-01,RGEN
12,-0.0010171975173217489,2026-10-01,RGEN
13,4.7579682115845205e-06,2026-10-01,RGEN
14,-0.0002576772088597219,2026-10-01,RGEN
1,0.0015528838342922012,2026-10-01,RH
2,0.0037984684995529573,2026-10-01,RH
3,-0.004515541275605387,2026-10-01,RH
4,-0.0013333129000166722,2026-10-01,RH
5,-0.007820418624485325,2026-10-01,RH
6,-0.0017411677830456095,2026-10-01,RH
7,-0.002278626131867344,2026-10-01,RH
8,-0.0026800098231204543,2026-10-01,RH
9,-0.00018794448724246196,2026-10-01,RH
10,0.00244456025330393,2026-10-01,RH
11,-0.005460223940882924,2026-10-01,RH
12,0.004654074012970869,2026-10-01,RH
13,0.0033384808424779546,2026-10-01,RH
14,0.003474167855289498,2026-10-01,RH
1,0.0006234667268259911,2026-10-01,RHHBY
2,-0.00020816574394197113,2026-10-01,RHHBY
3,0.0016582448508511028,2026-10-01,RHHBY
4,0.0010206469751983765,2026-10-01,RHHBY
5,0.0018707885590000233,2026-10-01,RHHBY
6,0.004513255778496654,2026-10-01,RHHBY
7,0.003738469687582973,2026-10-01,RHHBY
8,0.00014690503714687687,2026-10-01,RHHBY
9,0.005929822075116398,2026-10-01,RHHBY
10,-0.0018352718067069038,2026-10-01,RHHBY
11,0.0039178623449096905,2026-10-01,RHHBY
12,0.004041575847360604,2026-10-01,RHHBY
13,0.006491420427158353,2026-10-01,RHHBY
14,-2.067128151165798e-05,2026-10-01,RHHBY
1,-0.0010319138701843185,2026-10-01,RHI
2,-0.0010750677244508791,2026-10-01,RHI
3,0.003757810101205478,2026-10-01,RHI
4,-0.0016952452062763738,2026-10-01,RHI
5,-0.0012530612772897176,2026-10-01,RHI
6,-0.004149048789271658,2026-10-01,RHI
7,-0.003837055973395846,2026-10-01,RHI
8,-0.0008988150758035787,2026-10-01,RHI
9,-0.001515432760197778,2026-10-01,RHI
10,0.0020084798620840566,2026-10-01,RHI
11,-0.00014415017918735238,2026-10-01,RHI
12,-0.0017629409279867497,2026-10-01,RHI
13,-0.0043476326353609615,2026-10-01,RHI
14,-0.002221139809871935,2026-10-01,RHI
1,0.003491619071168587,2026-10-01,RIG
2,0.007604007976274444,2026-10-01,RIG
3,-0.0032512440439492534,2026-10-01,RIG
4,-0.003336150019339598,2026-10-01,RIG
5,-0.0062765105555739635,2026-10-01,RIG
6,8.437512275839311e-05,2026-10-01,RIG
7,0.0012599587448627457,2026-10-01,RIG
8,-0.0025859197713292356,2026-10-01,RIG
9,-0.002946050823800404,2026-10-01,RIG
10,0.003708131851732148,2026-10-01,RIG
11,-0.0046385043785250055,2026-10-01,RIG
12,-0.002104551058814978,2026-10-01,RIG
13,0.0041737015909383305,2026-10-01,RIG
14,0.005097593758026986,2026-10-01,RIG
1,0.001807344695323568,2026-10-01,RIO
2,0.0010373447026468924,2026-10-01,RIO
3,0.0024699414115635964,2026-10-01,RIO
4,0.0017950920075253862,2026-10-01,RIO
5,0.004496204464166187,2026-10-01,RIO
6,0.0022082090457769044,2026-10-01,RIO
7,0.005199376761739349,2026-10-01,RIO
8,0.004545166970088322,2026-10-01,RIO
9,0.0009664929405767535,2026-10-01,RIO
10,-0.0028341114040178594,2026-10-01,RIO
11,0.003943103048946229,2026-10-01,RIO
12,0.003467340731934792,2026-10-01,RIO
13,0.005896376164296035,2026-10-01,RIO
14,-9.683201399438803e-05,2026-10-01,RIO
1,0.0018112131685561624,2026-10-01,RIOT
2,0.005116985508446351,2026-10-01,RIOT
3,-0.002072922257038161,2026-10-01,RIOT
4,-0.0014517394252469098,2026-10-01,RIOT
5,-0.00831326774023892,2026-10-01,RIOT
6,-0.006171898921016691,2026-10-01,RIOT
7,0.0015047478275891024,2026-10-01,RIOT
8,-0.0005318746850372903,2026-10-01,RIOT
9,-0.0012580045420739093,2026-10-01,RIOT
10,0.004800232215750049,2026-10-01,RIOT
11,-0.003993429111462588,2026-10-01,RIOT
12,0.016708307723221936,2026-10-01,RIOT
13,0.0036024912390372928,2026-10-01,RIOT
14,0.009104771835798402,2026-10-01,RIOT
1,3.7246752604648065e-05,2026-10-01,RITM
2,-0.0006696597315404687,2026-10-01,RITM
3,0.002360269156223233,2026-10-01,RITM
4,-0.001874791015769851,2026-10-01,RITM
5,0.00043422861426594805,2026-10-01,RITM
6,-0.003959739782607347,2026-10-01,RITM
7,-0.0029617678865353973,2026-10-01,RITM
8,0.0038752600167631375,2026-10-01,RITM
9,-0.0019287044383000777,2026-10-01,RITM
10,0.0022196882335323246,2026-10-01,RITM
11,0.004639808323387898,2026-10-01,RITM
12,-0.0037057964876144804,2026-10-01,RITM
13,-0.005345035169817155,2026-10-01,RITM
14,-0.002939548248138168,2026-10-01,RITM
1,-0.0020752254521986097,2026-10-01,RIVN
2,-0.0014745289142201097,2026-10-01,RIVN
3,0.00399538732289983,2026-10-01,RIVN
4,-0.0026482196225501744,2026-10-01,RIVN
5,-0.00040958236188811325,2026-10-01,RIVN
6,-0.0017300396621637226,2026-10-01,RIVN
7,-0.0017268008578900159,2026-10-01,RIVN
8,0.004294307749398834,2026-10-01,RIVN
9,-8.010478904932126e-05,2026-10-01,RIVN
10,0.0036000140135988646,2026-10-01,RIVN
11,-0.0012534817569166828,2026-10-01,RIVN
12,-0.00027362968161793674,2026-10-01,RIVN
13,-0.00401300589174696,2026-10-01,RIVN
14,-0.0042818646109111895,2026-10-01,RIVN
1,-0.0009251423149118499,2026-10-01,RJF
2,-0.0006254766679638106,2026-10-01,RJF
3,0.00331261049821334,2026-10-01,RJF
4,-0.002153750536986799,2026-10-01,RJF
5,-0.0009313602404684327,2026-10-01,RJF
6,-0.005773522663470424,2026-10-01,RJF
7,-0.006465407872046001,2026-10-01,RJF
8,0.0017125849732191152,2026-10-01,RJF
9,-0.0008234257105697427,2026-10-01,RJF
10,0.002980317848715579,2026-10-01,RJF
11,0.003833261391222807,2026-10-01,RJF
12,0.00035289895039276794,2026-10-01,RJF
13,-0.006917157972859523,2026-10-01,RJF
14,-0.0005947562114529596,2026-10-01,RJF
1,0.0007616644491446745,2026-10-01,RKLB
2,0.004343915875704151,2026-10-01,RKLB
3,-0.0035169119668984426,2026-10-01,RKLB
4,-0.00531876443333427,2026-10-01,RKLB
5,-0.0071409250658282745,2026-10-01,RKLB
6,-0.0037887868081800547,2026-10-01,RKLB
7,-0.0027134269452340994,2026-10-01,RKLB
8,-0.0019003502898056036,2026-10-01,RKLB
9,-0.0042217070388816886,2026-10-01,RKLB
10,0.001168803143786256,2026-10-01,RKLB
11,-0.006744673605810649,2026-10-01,RKLB
12,0.003449375210025633,2026-10-01,RKLB
13,-0.0013720357028710745,2026-10-01,RKLB
14,0.005294957475336192,2026-10-01,RKLB
1,0.0012714897743790982,2026-10-01,RKT
2,-0.0006251843958139545,2026-10-01,RKT
3,0.0011492152977258684,2026-10-01,RKT
4,0.0021757185118894047,2026-10-01,RKT
5,0.0021151868241401865,2026-10-01,RKT
6,0.0036720395497411773,2026-10-01,RKT
7,0.002557464260306788,2026-10-01,RKT
8,-0.0007957783040927372,2026-10-01,RKT
9,0.006319772328854679,2026-10-01,RKT
10,-0.0020150200602971785,2026-10-01,RKT
11,0.004403829111362541,2026-10-01,RKT
12,0.005255836429976228,2026-10-01,RKT
13,0.009123387290398103,2026-10-01,RKT
14,-0.0005110829830823373,2026-10-01,RKT
1,-0.0017929173890265497,2026-10-01,RL
2,-0.0015865258983072646,2026-10-01,RL
3,0.0035065776007008292,2026-10-01,RL
4,-0.0015815280332494431,2026-10-01,RL
5,0.0006859377630981327,2026-10-01,RL
6,-0.003977361360059407,2026-10-01,RL
7,-0.005663823230699246,2026-10-01,RL
8,-0.0011022315837468741,2026-10-01,RL
9,0.00012175378006187487,2026-10-01,RL
10,0.002945787865580731,2026-10-01,RL
11,0.0013185157344238578,2026-10-01,RL
12,-0.0024860224531255523,2026-10-01,RL
13,-0.004833808427438614,2026-10-01,RL
14,-0.004616008282419748,2026-10-01,RL
1,-0.00018786863405024934,2026-10-01,RLAY
2,0.0037590980183876766,2026-10-01,RLAY
3,-0.0029787123730558107,2026-10-01,RLAY
4,-0.007615277477397988,2026-10-01,RLAY
5,-0.008507338933327698,2026-10-01,RLAY
6,-0.0019681284304542217,2026-10-01,RLAY
7,-0.005925424854387257,2026-10-01,RLAY
8,0.0036809642853699695,2026-10-01,RLAY
9,-0.0018761571580096826,2026-10-01,RLAY
10,0.00043521253203331826,2026-10-01,RLAY
11,-0.007288274615891047,2026-10-01,RLAY
12,-0.0022493034583876384,2026-10-01,RLAY
13,-0.00014629088730352803,2026-10-01,RLAY
14,0.0020350918461923646,2026-10-01,RLAY
1,0.0022235763400031494,2026-10-01,RLJ
2,0.004261339288808787,2026-10-01,RLJ
3,-0.0017294720963540338,2026-10-01,RLJ
4,-0.00436188893560239,2026-10-01,RLJ
5,-0.00687359656873845,2026-10-01,RLJ
6,-0.0028560014992496797,2026-10-01,RLJ
7,-0.0012440174253251167,2026-10-01,RLJ
8,0.002518552916687663,2026-10-01,RLJ
9,-0.0028937435223432032,2026-10-01,RLJ
10,7.493566610603489e-05,2026-10-01,RLJ
11,-0.006035058602987987,2026-10-01,RLJ
12,0.003318138559389757,2026-10-01,RLJ
13,0.004004694049546002,2026-10-01,RLJ
14,0.007316460090880152,2026-10-01,RLJ
1,-0.0008601259374559036,2026-10-01,RMBS
2,-0.00041726917555430976,2026-10-01,RMBS
3,0.0033180363790568956,2026-10-01,RMBS
4,-0.00285046811664499,2026-10-01,RMBS
5,0.0002586856145620874,2026-10-01,RMBS
6,-0.0031584007593299258,2026-10-01,RMBS
7,-0.004705699207261261,2026-10-01,RMBS
8,0.0018209968046099213,2026-10-01,RMBS
9,-0.001328858817328884,2026-10-01,RMBS
10,0.0005768242612710959,2026-10-01,RMBS
11,0.0002576758659858003,2026-10-01,RMBS
12,-0.0024110901915577673,2026-10-01,RMBS
13,-0.004331234232051692,2026-10-01,RMBS
14,-0.0019871022830099585,2026-10-01,RMBS
1,-0.0010659810221027946,2026-10-01,RMD
2,-0.0015874264780542887,2026-10-01,RMD
3,0.002971194468202346,2026-10-01,RMD
4,-0.00285587504468446,2026-10-01,RMD
5,0.001007181217948129,2026-10-01,RMD
6,-0.0038381816329171974,2026-10-01,RMD
7,-0.004299695202783583,2026-10-01,RMD
8,0.000920565633715402,2026-10-01,RMD
9,-0.002648426988402168,2026-10-01,RMD
10,0.005037572503731394,2026-10-01,RMD
11,0.003417124586031837,2026-10-01,RMD
12,-0.004317262567361315,2026-10-01,RMD
13,-0.00508967300564677,2026-10-01,RMD
14,-0.0012116946793868518,2026-10-01,RMD
1,-0.00019724848573606004,2026-10-01,RNA
2,-0.002546684595846798,2026-10-01,RNA
3,0.005654887980171528,2026-10-01,RNA
4,-0.0012864074186587915,2026-10-01,RNA
5,0.00020731545982574477,2026-10-01,RNA
6,-0.0038215567357569088,2026-10-01,RNA
7,-0.0023179212315277897,2026-10-01,RNA
8,0.0011671177708195294,2026-10-01,RNA
9,-0.0006784567016789441,2026-10-01,RNA
10,0.0018414730034575792,2026-10-01,RNA
11,0.002024657917642575,2026-10-01,RNA
12,-0.005123786092415172,2026-10-01,RNA
13,-0.007289163354467093,2026-10-01,RNA
14,-0.005554228523048536,2026-10-01,RNA
1,0.0009995685803085245,2026-10-01,RNG
2,0.004936420773845132,2026-10-01,RNG
3,-0.004400967286901467,2026-10-01,RNG
4,-0.0021732244789357145,2026-10-01,RNG
5,-0.003659225113027075,2026-10-01,RNG
6,-0.0013383314674683387,2026-10-01,RNG
7,-0.001879544785641084,2026-10-01,RNG
8,0.002014305264417785,2026-10-01,RNG
9,0.0003408439837600383,2026-10-01,RNG
10,0.0068923242132704725,2026-10-01,RNG
11,-0.0003889488459628689,2026-10-01,RNG
12,0.0014966584961203806,2026-10-01,RNG
13,0.0010502194536892518,2026-10-01,RNG
14,0.00828471082277049,2026-10-01,RNG
1,0.0011249434879555852,2026-10-01,RNW
2,0.0038421530359836788,2026-10-01,RNW
3,-0.004786119590252835,2026-10-01,RNW
4,-0.003779259483952198,2026-10-01,RNW
5,-0.007992053793075006,2026-10-01,RNW
6,0.0013279377467332954,2026-10-01,RNW
7,-0.00018866695392169653,2026-10-01,RNW
8,0.0004199041882783162,2026-10-01,RNW
9,-0.0023566253367729227,2026-10-01,RNW
10,0.00265287586066154,2026-10-01,RNW
11,-0.004318719994392483,2026-10-01,RNW
12,0.002698820704790915,2026-10-01,RNW
13,0.006006087216883438,2026-10-01,RNW
14,0.009168245902785295,2026-10-01,RNW
1,-0.0006939552312011584,2026-10-01,ROIV
2,-0.002220064933193078,2026-10-01,ROIV
3,0.002303936350193465,2026-10-01,ROIV
4,-0.004325026079300024,2026-10-01,ROIV
5,0.0008997745865534681,2026-10-01,ROIV
6,-0.0037813248745793946,2026-10-01,ROIV
7,-0.001077671769576239,2026-10-01,ROIV
8,0.002423360078508718,2026-10-01,ROIV
9,-0.0045551782870968185,2026-10-01,ROIV
10,0.004500464217763959,2026-10-01,ROIV
11,0.004592340166496494,2026-10-01,ROIV
12,0.0004798444831723456,2026-10-01,ROIV
13,0.0011652519043175394,2026-10-01,ROIV
14,0.00011084447090516871,2026-10-01,ROIV
1,-0.0015856850407304569,2026-10-01,ROK
2,-0.0006536578689982069,2026-10-01,ROK
3,0.004096748375835296,2026-10-01,ROK
4,-0.0002656305583218844,2026-10-01,ROK
5,-0.001190983778727498,2026-10-01,ROK
6,-0.003923751950866126,2026-10-01,ROK
7,-0.003354934531278035,2026-10-01,ROK
8,0.0009967041555049797,2026-10-01,ROK
9,-0.0004204580416790712,2026-10-01,ROK
10,-0.0006968772660549306,2026-10-01,ROK
11,0.0031206588395315854,2026-10-01,ROK
12,-0.0038670933589476544,2026-10-01,ROK
13,-0.006891279806450027,2026-10-01,ROK
14,-0.0016644094326774374,2026-10-01,ROK
1,0.00011541762810260668,2026-10-01,ROKU
2,-0.0032092516002770743,2026-10-01,ROKU
3,0.003955930024399747,2026-10-01,ROKU
4,-0.0011943598071144114,2026-10-01,ROKU
5,-0.0018610193244252568,2026-10-01,ROKU
6,-0.005618662790870222,2026-10-01,ROKU
7,-0.0074289653735436735,2026-10-01,ROKU
8,-0.0004433847328810662,2026-10-01,ROKU
9,-0.00240058535585063,2026-10-01,ROKU
10,0.0037107232252231452,2026-10-01,ROKU
11,0.003459670317061107,2026-10-01,ROKU
12,-0.00013048161900097743,2026-10-01,ROKU
13,-0.004341179506664769,2026-10-01,ROKU
14,-0.003058244099836547,2026-10-01,ROKU
1,-0.0009848719247893707,2026-10-01,ROL
2,-0.00023075221253305352,2026-10-01,ROL
3,0.005329747427169133,2026-10-01,ROL
4,-0.003462186047092682,2026-10-01,ROL
5,2.3556099017183515e-06,2026-10-01,ROL
6,-0.00319603537784877,2026-10-01,ROL
7,-0.004348631908719682,2026-10-01,ROL
8,0.001024905590923863,2026-10-01,ROL
9,-0.00327358650421592,2026-10-01,ROL
10,0.0008448766000681246,2026-10-01,ROL
11,0.0017205960601254927,2026-10-01,ROL
12,-0.00123948507337546,2026-10-01,ROL
13,-0.007088537859590587,2026-10-01,ROL
14,-0.0027553982376455947,2026-10-01,ROL
1,-0.0018494665008198488,2026-10-01,ROST
2,0.00026381486246529354,2026-10-01,ROST
3,0.005094675059293237,2026-10-01,ROST
4,-0.001112544088764239,2026-10-01,ROST
5,0.000583629660752054,2026-10-01,ROST
6,-0.0029591005157710163,2026-10-01,ROST
7,-0.004274624256313445,2026-10-01,ROST
8,0.0012111864989737026,2026-10-01,ROST
9,-0.0016051309682054847,2026-10-01,ROST
10,0.002108276329263753,2026-10-01,ROST
11,0.0037081961277520403,2026-10-01,ROST
12,-0.005250774804388622,2026-10-01,ROST
13,-0.0038783755022848477,2026-10-01,ROST
14,-0.00397087938860807,2026-10-01,ROST
1,0.0005759427585535931,2026-10-01,RPAY
2,0.0030127048279386445,2026-10-01,RPAY
3,-0.0032546077917111216,2026-10-01,RPAY
4,-0.0031681185685985902,2026-10-01,RPAY
5,-0.004224436882281787,2026-10-01,RPAY
6,-0.0013276832408518683,2026-10-01,RPAY
7,0.0016102361465362826,2026-10-01,RPAY
8,-0.0003958825687239758,2026-10-01,RPAY
9,-0.0026942589580460597,2026-10-01,RPAY
10,0.006073487325165692,2026-10-01,RPAY
11,-0.006265163706726993,2026-10-01,RPAY
12,0.017293191129626656,2026-10-01,RPAY
13,0.013523924150252926,2026-10-01,RPAY
14,0.007574179082085224,2026-10-01,RPAY
1,0.002129002683915722,2026-10-01,RPD
2,0.0038554198743962417,2026-10-01,RPD
3,0.0012261040814517859,2026-10-01,RPD
4,0.0002357758788936407,2026-10-01,RPD
5,-0.012960396889775561,2026-10-01,RPD
6,-0.0035767192596479,2026-10-01,RPD
7,-0.0008388036220549237,2026-10-01,RPD
8,-0.0038799190497968324,2026-10-01,RPD
9,-0.0032113849646368993,2026-10-01,RPD
10,0.0035589969852479397,2026-10-01,RPD
11,-0.004892686150409545,2026-10-01,RPD
12,0.005679364875840156,2026-10-01,RPD
13,0.0016032491578550254,2026-10-01,RPD
14,0.0070984183350344485,2026-10-01,RPD
1,-0.0008129505810619005,2026-10-01,RPRX
2,-0.0029273564112602827,2026-10-01,RPRX
3,0.004183449690867681,2026-10-01,RPRX
4,-0.003743104492401918,2026-10-01,RPRX
5,0.00022593373112515176,2026-10-01,RPRX
6,-0.005981201470638301,2026-10-01,RPRX
7,-0.0004694634735602028,2026-10-01,RPRX
8,0.0012657625460637078,2026-10-01,RPRX
9,-0.0020147188641007245,2026-10-01,RPRX
10,0.0021038142446622395,2026-10-01,RPRX
11,0.0030928856204078966,2026-10-01,RPRX
12,-0.0001774007211794887,2026-10-01,RPRX
13,-0.00012823694423421477,2026-10-01,RPRX
14,-0.0009810258620772318,2026-10-01,RPRX
1,-0.0015285983365341314,2026-10-01,RRC
2,-0.0021572502124248285,2026-10-01,RRC
3,0.004129830291985318,2026-10-01,RRC
4,-0.0016633746710024136,2026-10-01,RRC
5,-0.0029066919879493893,2026-10-01,RRC
6,-0.004972678090570873,2026-10-01,RRC
7,-0.006777057006259708,2026-10-01,RRC
8,0.002167903707652235,2026-10-01,RRC
9,-0.004817817649539174,2026-10-01,RRC
10,0.0013052681048238788,2026-10-01,RRC
11,0.002457496143311877,2026-10-01,RRC
12,-0.0008254842086730649,2026-10-01,RRC
13,-0.0011117847729572251,2026-10-01,RRC
14,-0.0005433229737783155,2026-10-01,RRC
1,0.0002474409534168475,2026-10-01,RSG
2,0.00013706689641891623,2026-10-01,RSG
3,0.0016311960657520211,2026-10-01,RSG
4,-0.0009626412286824519,2026-10-01,RSG
5,0.001652559503023884,2026-10-01,RSG
6,0.003505726806026392,2026-10-01,RSG
7,0.0028923494979399282,2026-10-01,RSG
8,6.0592267499208736e-05,2026-10-01,RSG
9,0.001140811411025981,2026-10-01,RSG
10,-0.002501864141195957,2026-10-01,RSG
11,0.0013744772291681613,2026-10-01,RSG
12,0.0034569346608055583,2026-10-01,RSG
13,0.005486765799018404,2026-10-01,RSG
14,-0.00018545662965488863,2026-10-01,RSG
1,0.0011732981578085686,2026-10-01,RSI
2,0.0045872547481279995,2026-10-01,RSI
3,-0.0037494909666868984,2026-10-01,RSI
4,-0.005007475771621269,2026-10-01,RSI
5,-0.006062967072778805,2026-10-01,RSI
6,-0.0050284357117478555,2026-10-01,RSI
7,-0.0015383548581792796,2026-10-01,RSI
8,-0.000999711200998302,2026-10-01,RSI
9,0.003516001075914123,2026-10-01,RSI
10,0.0028757545404331513,2026-10-01,RSI
11,-0.007179853889290332,2026-10-01,RSI
12,0.0037635591452764914,2026-10-01,RSI
13,0.004281374698161675,2026-10-01,RSI
14,0.0009624604715577503,2026-10-01,RSI
1,0.0005572596073568217,2026-10-01,RTX
2,0.0005699139860703469,2026-10-01,RTX
3,0.0009874908738512849,2026-10-01,RTX
4,0.0007336192604246252,2026-10-01,RTX
5,0.0022716256328104804,2026-10-01,RTX
6,0.00369671573301268,2026-10-01,RTX
7,0.004030277423069318,2026-10-01,RTX
8,-0.0005075585364708181,2026-10-01,RTX
9,0.00579506001220541,2026-10-01,RTX
10,-0.0019491957282470151,2026-10-01,RTX
11,0.006930791915177195,2026-10-01,RTX
12,0.003544693589628901,2026-10-01,RTX
13,0.00439340089240026,2026-10-01,RTX
14,-0.0007237179342735297,2026-10-01,RTX
1,0.0008035663369348,2026-10-01,RUN
2,0.006646871604291433,2026-10-01,RUN
3,-0.005341111545405144,2026-10-01,RUN
4,-0.0033759773829868636,2026-10-01,RUN
5,-0.007299392469773817,2026-10-01,RUN
6,-5.157384559252256e-05,2026-10-01,RUN
7,-0.0025664684855175573,2026-10-01,RUN
8,-0.001025830412587574,2026-10-01,RUN
9,-0.004941213368951861,2026-10-01,RUN
10,0.0074477298162664825,2026-10-01,RUN
11,-0.006292219292172447,2026-10-01,RUN
12,0.01080028635352574,2026-10-01,RUN
13,0.0015515514588195297,2026-10-01,RUN
14,0.01222811084255002,2026-10-01,RUN
1,0.0016128216229406832,2026-10-01,RVLV
2,0.0038885528472025538,2026-10-01,RVLV
3,-0.0071061097973342995,2026-10-01,RVLV
4,-0.002892937291175807,2026-10-01,RVLV
5,-0.0037152141257038524,2026-10-01,RVLV
6,0.0019369630659218189,2026-10-01,RVLV
7,0.0015007255283912304,2026-10-01,RVLV
8,0.0037236625543234057,2026-10-01,RVLV
9,0.0030269775306644717,2026-10-01,RVLV
10,0.004214552985223108,2026-10-01,RVLV
11,5.062101017871369e-05,2026-10-01,RVLV
12,0.0072520638406758575,2026-10-01,RVLV
13,0.005455867949086282,2026-10-01,RVLV
14,0.0063043025785508465,2026-10-01,RVLV
1,-0.001180105798313738,2026-10-01,RVMD
2,-0.0026818975391957114,2026-10-01,RVMD
3,0.0018378566057375228,2026-10-01,RVMD
4,-0.0021935904663287513,2026-10-01,RVMD
5,-0.0012021569108511358,2026-10-01,RVMD
6,-0.0030042771856830784,2026-10-01,RVMD
7,-0.005745889159536286,2026-10-01,RVMD
8,0.0009934003564241625,2026-10-01,RVMD
9,0.00028194966271198135,2026-10-01,RVMD
10,0.007719531738569994,2026-10-01,RVMD
11,0.00290994506921372,2026-10-01,RVMD
12,-0.0014060291798759581,2026-10-01,RVMD
13,-0.0045787141248510325,2026-10-01,RVMD
14,-0.0020014218891941543,2026-10-01,RVMD
1,-0.0010059892341323623,2026-10-01,RVTY
2,-4.7280827528436266e-05,2026-10-01,RVTY
3,0.003434089584095372,2026-10-01,RVTY
4,-0.0034773159222893516,2026-10-01,RVTY
5,-0.00021336881936224095,2026-10-01,RVTY
6,-0.005151150772409389,2026-10-01,RVTY
7,-0.004250841369095052,2026-10-01,RVTY
8,0.001459638629102977,2026-10-01,RVTY
9,-0.00148566636662608,2026-10-01,RVTY
10,0.003683527188813791,2026-10-01,RVTY
11,0.00019739122758949176,2026-10-01,RVTY
12,-0.0013557581590289962,2026-10-01,RVTY
13,-0.0065899623490797005,2026-10-01,RVTY
14,-0.003042600556682306,2026-10-01,RVTY
1,0.001973535283302852,2026-10-01,RWT
2,0.003881238861254348,2026-10-01,RWT
3,-0.0037929655091326633,2026-10-01,RWT
4,-0.003385568284087025,2026-10-01,RWT
5,-0.005406708331741696,2026-10-01,RWT
6,-0.0015123392438634855,2026-10-01,RWT
7,-0.0022400777044299827,2026-10-01,RWT
8,0.0021082644457519925,2026-10-01,RWT
9,-0.0006051464947597585,2026-10-01,RWT
10,-0.0006109072768008537,2026-10-01,RWT
11,-0.003544709919090236,2026-10-01,RWT
12,0.0017075907688996945,2026-10-01,RWT
13,0.0034151093495470345,2026-10-01,RWT
14,0.005603181463712386,2026-10-01,RWT
1,0.0009151033478725474,2026-10-01,RXRX
2,0.0030354037461029684,2026-10-01,RXRX
3,-0.002637275897020178,2026-10-01,RXRX
4,-0.005966705990698435,2026-10-01,RXRX
5,-0.008738559733761884,2026-10-01,RXRX
6,-0.0010882861464298437,2026-10-01,RXRX
7,-0.004430187128569004,2026-10-01,RXRX
8,-0.000542446896513973,2026-10-01,RXRX
9,-0.0033022823606718888,2026-10-01,RXRX
10,0.0028823604180938773,2026-10-01,RXRX
11,-0.011424525891648564,2026-10-01,RXRX
12,0.002849684341341936,2026-10-01,RXRX
13,0.010167834847750197,2026-10-01,RXRX
14,-0.002325751028813304,2026-10-01,RXRX
1,-0.0007691122990867626,2026-10-01,RYAN
2,-0.0028885767051474143,2026-10-01,RYAN
3,0.003007118111899727,2026-10-01,RYAN
4,-0.002509836760356455,2026-10-01,RYAN
5,-0.0012136783149584592,2026-10-01,RYAN
6,-0.002299516861618578,2026-10-01,RYAN
7,-0.002839870718643545,2026-10-01,RYAN
8,0.0006138105485366013,2026-10-01,RYAN
9,-0.0019590524279051395,2026-10-01,RYAN
10,-0.00032913005872307557,2026-10-01,RYAN
11,0.0015367595785793547,2026-10-01,RYAN
12,-0.0038526599762744064,2026-10-01,RYAN
13,-0.007173258264362101,2026-10-01,RYAN
14,-0.002646220393241914,2026-10-01,RYAN
1,0.00035859866521223866,2026-10-01,RYCEY
2,0.00021446776453228945,2026-10-01,RYCEY
3,0.0012952441385493385,2026-10-01,RYCEY
4,0.0003086105833606755,2026-10-01,RYCEY
5,0.0012084656942166422,2026-10-01,RYCEY
6,0.003512855639662604,2026-10-01,RYCEY
7,0.001968200162850622,2026-10-01,RYCEY
8,9.23637969891219e-05,2026-10-01,RYCEY
9,0.004299447584292717,2026-10-01,RYCEY
10,-0.0006151921895387264,2026-10-01,RYCEY
11,0.004872714077734775,2026-10-01,RYCEY
12,0.004550093436180722,2026-10-01,RYCEY
13,0.005908275698149547,2026-10-01,RYCEY
14,0.0009556819762407914,2026-10-01,RYCEY
1,-0.0010051545346413382,2026-10-01,S
2,-0.0033224570563654536,2026-10-01,S
3,0.004353150178443985,2026-10-01,S
4,-0.0026557472144382965,2026-10-01,S
5,0.0003766382288390382,2026-10-01,S
6,-0.005708862277415343,2026-10-01,S
7,-0.005173911442788437,2026-10-01,S
8,-0.0004958720368481068,2026-10-01,S
9,-0.0007903200970196517,2026-10-01,S
10,0.001696978372466936,2026-10-01,S
11,0.00254791492815111,2026-10-01,S
12,-0.0032925795581341135,2026-10-01,S
13,-0.00768036912906058,2026-10-01,S
14,-0.0011588464241301028,2026-10-01,S
1,0.0015514648652885643,2026-10-01,SABR
2,0.00497933543213821,2026-10-01,SABR
3,-0.0043318526650520375,2026-10-01,SABR
4,-0.0038515123405048575,2026-10-01,SABR
5,-0.003942023591818845,2026-10-01,SABR
6,4.249480421814953e-05,2026-10-01,SABR
7,-0.0013115894120984608,2026-10-01,SABR
8,-0.00032830813631468895,2026-10-01,SABR
9,-0.0005084369786733755,2026-10-01,SABR
10,0.004073278133078634,2026-10-01,SABR
11,-0.0029341642570601535,2026-10-01,SABR
12,0.005040676089638236,2026-10-01,SABR
13,0.0027798237442536395,2026-10-01,SABR
14,0.009074299581394385,2026-10-01,SABR
1,0.0006939959000140816,2026-10-01,SAN
2,2.3751668627031542e-05,2026-10-01,SAN
3,0.0019870218680913634,2026-10-01,SAN
4,0.0012215811873520909,2026-10-01,SAN
5,0.0023577805114752648,2026-10-01,SAN
6,0.0036542006867427454,2026-10-01,SAN
7,0.0021717102596717683,2026-10-01,SAN
8,0.0010826709024852452,2026-10-01,SAN
9,0.0015797652291266325,2026-10-01,SAN
10,-0.0012800586890562508,2026-10-01,SAN
11,0.006759586911193249,2026-10-01,SAN
12,0.0040286482104197625,2026-10-01,SAN
13,0.007670302202434485,2026-10-01,SAN
14,-9.79460126253969e-05,2026-10-01,SAN
1,0.00036188018517062295,2026-10-01,SAP
2,0.00020469123341700391,2026-10-01,SAP
3,0.0014045162447488483,2026-10-01,SAP
4,0.0015399266907065107,2026-10-01,SAP
5,0.0023369750177995377,2026-10-01,SAP
6,0.005005077192570813,2026-10-01,SAP
7,0.004651271278637391,2026-10-01,SAP
8,0.0007078357858506037,2026-10-01,SAP
9,0.0017505790721156845,2026-10-01,SAP
10,-0.0020404612687323067,2026-10-01,SAP
11,-0.00037651281588101283,2026-10-01,SAP
12,-0.0010866696304001903,2026-10-01,SAP
13,0.004080790745016068,2026-10-01,SAP
14,-0.0011398788718456748,2026-10-01,SAP
1,-0.0002224986688201969,2026-10-01,SBAC
2,-0.002124190137218787,2026-10-01,SBAC
3,0.0015468687603157807,2026-10-01,SBAC
4,-0.0025536361694681294,2026-10-01,SBAC
5,-0.00122916992349866,2026-10-01,SBAC
6,-0.003102704473956711,2026-10-01,SBAC
7,-0.0031981011654366787,2026-10-01,SBAC
8,0.0016668197637096035,2026-10-01,SBAC
9,-0.002847891440099423,2026-10-01,SBAC
10,0.002407594049503122,2026-10-01,SBAC
11,0.0037272746375039464,2026-10-01,SBAC
12,-2.80659036639242e-05,2026-10-01,SBAC
13,-0.006166523872390548,2026-10-01,SBAC
14,-0.0027593938288329348,2026-10-01,SBAC
1,0.001694161962633731,2026-10-01,SBH
2,0.004589472334627471,2026-10-01,SBH
3,-0.004269779478176459,2026-10-01,SBH
4,-0.0030632079220966244,2026-10-01,SBH
5,-0.007803892939029203,2026-10-01,SBH
6,-0.0013328652660517142,2026-10-01,SBH
7,-0.005923460390082696,2026-10-01,SBH
8,-0.0025139801569532627,2026-10-01,SBH
9,-0.007740296214299316,2026-10-01,SBH
10,0.004012428516510255,2026-10-01,SBH
11,-0.005375930161830591,2026-10-01,SBH
12,0.0015030879076651674,2026-10-01,SBH
13,0.0018157001519795114,2026-10-01,SBH
14,0.007742087286410364,2026-10-01,SBH
1,0.0012860721291681606,2026-10-01,SBLK
2,0.004093888830952315,2026-10-01,SBLK
3,-0.0052555836505741,2026-10-01,SBLK
4,-0.002441245696348271,2026-10-01,SBLK
5,-0.002257030654371045,2026-10-01,SBLK
6,-0.002282410222028039,2026-10-01,SBLK
7,-0.0024936667077417036,2026-10-01,SBLK
8,-0.0022391984701577157,2026-10-01,SBLK
9,-0.002793282607949739,2026-10-01,SBLK
10,0.0060631480515862335,2026-10-01,SBLK
11,-0.005733432354469006,2026-10-01,SBLK
12,-0.0006056365030651165,2026-10-01,SBLK
13,0.0020114221439556353,2026-10-01,SBLK
14,0.008124363689826065,2026-10-01,SBLK
1,0.0015313749424426914,2026-10-01,SBRA
2,0.005330456497189484,2026-10-01,SBRA
3,-0.0039883275958037335,2026-10-01,SBRA
4,-0.0032159547500892616,2026-10-01,SBRA
5,-0.004918756732201628,2026-10-01,SBRA
6,-0.0018956374109258876,2026-10-01,SBRA
7,-0.001867661610221561,2026-10-01,SBRA
8,0.0015881276249999107,2026-10-01,SBRA
9,-0.0036629549684145677,2026-10-01,SBRA
10,0.0012020351960938351,2026-10-01,SBRA
11,-0.002757862951141734,2026-10-01,SBRA
12,0.005135544451523877,2026-10-01,SBRA
13,0.003628832003124594,2026-10-01,SBRA
14,0.005158026624562476,2026-10-01,SBRA
1,-0.001584119262342244,2026-10-01,SBS
2,-0.0007094349118453338,2026-10-01,SBS
3,0.0042841003527063,2026-10-01,SBS
4,-0.0020050978990519244,2026-10-01,SBS
5,-0.00115035232467862,2026-10-01,SBS
6,-0.007747873170302438,2026-10-01,SBS
7,-0.0017671655725004245,2026-10-01,SBS
8,0.0040422573282510145,2026-10-01,SBS
9,-0.002646599023054237,2026-10-01,SBS
10,0.003764618627159293,2026-10-01,SBS
11,0.0007055310648083805,2026-10-01,SBS
12,-0.001006913021947545,2026-10-01,SBS
13,-0.007910814367400659,2026-10-01,SBS
14,-0.003734015360538158,2026-10-01,SBS
1,0.0013103203913823898,2026-10-01,SBSW
2,0.007224931657783166,2026-10-01,SBSW
3,-0.0013322836351297182,2026-10-01,SBSW
4,-0.000187873598107405,2026-10-01,SBSW
5,-0.005686179565103031,2026-10-01,SBSW
6,-0.0015026420684378804,2026-10-01,SBSW
7,0.0006102516837140547,2026-10-01,SBSW
8,0.0022134331600136862,2026-10-01,SBSW
9,-0.0009442809387548214,2026-10-01,SBSW
10,0.008058060771841208,2026-10-01,SBSW
11,-0.006654613509868635,2026-10-01,SBSW
12,0.0027679747838651497,2026-10-01,SBSW
13,0.0067626470606727395,2026-10-01,SBSW
14,0.00817726595140014,2026-10-01,SBSW
1,0.00025444275220224766,2026-10-01,SBUX
2,0.0005811757974588741,2026-10-01,SBUX
3,0.0008728016375615322,2026-10-01,SBUX
4,0.000508306521420653,2026-10-01,SBUX
5,0.0032062648198654137,2026-10-01,SBUX
6,0.003986068359506325,2026-10-01,SBUX
7,0.003561026357495678,2026-10-01,SBUX
8,0.0003544417436181006,2026-10-01,SBUX
9,0.0010215177196116502,2026-10-01,SBUX
10,-0.004035495467409139,2026-10-01,SBUX
11,0.0005756498480253492,2026-10-01,SBUX
12,0.0015262865646523188,2026-10-01,SBUX
13,0.006271533337838653,2026-10-01,SBUX
14,-0.0021354449375248713,2026-10-01,SBUX
1,0.0018113373269598907,2026-10-01,SCCO
2,0.0014022226038422172,2026-10-01,SCCO
3,0.002075382708831315,2026-10-01,SCCO
4,0.0009226510631214356,2026-10-01,SCCO
5,0.002963767312573835,2026-10-01,SCCO
6,0.0012473519608142377,2026-10-01,SCCO
7,0.0047203765713207295,2026-10-01,SCCO
8,0.00416743504523767,2026-10-01,SCCO
9,-0.00021563295807869762,2026-10-01,SCCO
10,-0.0016370830819268484,2026-10-01,SCCO
11,0.004180290988959027,2026-10-01,SCCO
12,0.0031804678768669993,2026-10-01,SCCO
13,0.004964100324156649,2026-10-01,SCCO
14,-0.00030515884822669535,2026-10-01,SCCO
1,0.00033302622701244074,2026-10-01,SCHW
2,4.071545671517088e-05,2026-10-01,SCHW
3,0.0006349000666282643,2026-10-01,SCHW
4,0.00031361136119864954,2026-10-01,SCHW
5,0.0025360443414960865,2026-10-01,SCHW
6,0.0013346318082905792,2026-10-01,SCHW
7,0.004104427103643086,2026-10-01,SCHW
8,0.0003763112391070508,2026-10-01,SCHW
9,0.0011449323977309723,2026-10-01,SCHW
10,-0.0023760147241451107,2026-10-01,SCHW
11,0.00040545137465227066,2026-10-01,SCHW
12,0.004089982317815704,2026-10-01,SCHW
13,0.005523311399622912,2026-10-01,SCHW
14,-0.0006612878747476921,2026-10-01,SCHW
1,0.0016661872596505313,2026-10-01,SE
2,0.0013809196057252065,2026-10-01,SE
3,0.0018308122091222707,2026-10-01,SE
4,0.0022995489198306403,2026-10-01,SE
5,0.00290445720306784,2026-10-01,SE
6,0.0072494376135588574,2026-10-01,SE
7,0.005033744365586175,2026-10-01,SE
8,0.0008665393506823113,2026-10-01,SE
9,0.0028304909396914034,2026-10-01,SE
10,0.002430595321573368,2026-10-01,SE
11,0.0033096739260082926,2026-10-01,SE
12,0.005172777936883716,2026-10-01,SE
13,0.008533123996948111,2026-10-01,SE
14,-5.879184660707713e-05,2026-10-01,SE
1,0.0014810016053431808,2026-10-01,SEDG
2,0.010174567946712622,2026-10-01,SEDG
3,-0.005686922345361899,2026-10-01,SEDG
4,-0.01144558424114528,2026-10-01,SEDG
5,-0.008363727563863613,2026-10-01,SEDG
6,-0.00847115225673921,2026-10-01,SEDG
7,-0.008823673144685563,2026-10-01,SEDG
8,-0.0013814404527747375,2026-10-01,SEDG
9,-0.01930830553136136,2026-10-01,SEDG
10,0.0039427959433908375,2026-10-01,SEDG
11,-0.011570093157103877,2026-10-01,SEDG
12,0.007057494371231857,2026-10-01,SEDG
13,-0.016357737089353855,2026-10-01,SEDG
14,-0.005649841377003483,2026-10-01,SEDG
1,-0.000697037100301964,2026-10-01,SFM
2,-0.0021912038530333025,2026-10-01,SFM
3,0.0038227888602057475,2026-10-01,SFM
4,-0.005113014234569111,2026-10-01,SFM
5,0.0007349634961032407,2026-10-01,SFM
6,0.000647523023985213,2026-10-01,SFM
7,-0.0013011549539719027,2026-10-01,SFM
8,-0.00227495687651678,2026-10-01,SFM
9,-0.0031495294408560885,2026-10-01,SFM
10,0.003734822043568519,2026-10-01,SFM
11,0.0007805971547854603,2026-10-01,SFM
12,9.17666145306466e-05,2026-10-01,SFM
13,-0.008214569525224822,2026-10-01,SFM
14,0.0004502104852569451,2026-10-01,SFM
1,0.002097487705555693,2026-10-01,SFTBY
2,0.0009167814491732087,2026-10-01,SFTBY
3,0.005399715255934071,2026-10-01,SFTBY
4,0.007171590336199815,2026-10-01,SFTBY
5,0.006581681989767031,2026-10-01,SFTBY
6,0.007920412676206311,2026-10-01,SFTBY
7,0.00691643663066704,2026-10-01,SFTBY
8,0.008108656907975834,2026-10-01,SFTBY
9,0.010760531845421445,2026-10-01,SFTBY
10,0.0026555343976802717,2026-10-01,SFTBY
11,-0.007334998157975258,2026-10-01,SFTBY
12,-0.016036964963860516,2026-10-01,SFTBY
13,-0.022145963960751473,2026-10-01,SFTBY
14,-0.035934289955334854,2026-10-01,SFTBY
1,-0.00022151660987545512,2026-10-01,SG
2,-0.001266538147440503,2026-10-01,SG
3,0.0020423481218799643,2026-10-01,SG
4,-0.004834678288383033,2026-10-01,SG
5,-0.0007391685676372401,2026-10-01,SG
6,-0.006206099154705851,2026-10-01,SG
7,-0.0019778907101559557,2026-10-01,SG
8,0.0005535390161589427,2026-10-01,SG
9,-0.0013277881950751887,2026-10-01,SG
10,0.007326365057039253,2026-10-01,SG
11,0.002068388922287526,2026-10-01,SG
12,0.0008254730077523502,2026-10-01,SG
13,-0.0055103907767439664,2026-10-01,SG
14,-0.004360929701441539,2026-10-01,SG
1,0.0023709422457808813,2026-10-01,SHC
2,0.0042541606529401645,2026-10-01,SHC
3,-0.004145660728168396,2026-10-01,SHC
4,-0.004080401834320019,2026-10-01,SHC
5,-0.007734905755206852,2026-10-01,SHC
6,-0.00017968030930251872,2026-10-01,SHC
7,-0.004696243328713476,2026-10-01,SHC
8,0.0005114946609027164,2026-10-01,SHC
9,-0.002709715559257752,2026-10-01,SHC
10,0.0018372102342900265,2026-10-01,SHC
11,-0.0063746419217581875,2026-10-01,SHC
12,0.0028954435610485346,2026-10-01,SHC
13,0.008400342602763209,2026-10-01,SHC
14,0.005634183704028495,2026-10-01,SHC
1,0.00036789141867659363,2026-10-01,SHEL
2,0.0004960369928910442,2026-10-01,SHEL
3,0.0004943371102387195,2026-10-01,SHEL
4,-2.977480015515079e-05,2026-10-01,SHEL
5,0.0017896916342389428,2026-10-01,SHEL
6,0.0032123038243433905,2026-10-01,SHEL
7,0.004196402526448858,2026-10-01,SHEL
8,0.0004332378101525141,2026-10-01,SHEL
9,0.0018159922016483313,2026-10-01,SHEL
10,-0.0016942847164597922,2026-10-01,SHEL
11,0.0031393471471074584,2026-10-01,SHEL
12,0.0020502505684603413,2026-10-01,SHEL
13,0.0039611115094192895,2026-10-01,SHEL
14,0.0008574159983520342,2026-10-01,SHEL
1,0.003168963745476904,2026-10-01,SHLS
2,0.0066179636359151445,2026-10-01,SHLS
3,-0.004092269398028813,2026-10-01,SHLS
4,-0.0026049535448300115,2026-10-01,SHLS
5,-0.005146369116267251,2026-10-01,SHLS
6,-0.0030257840442687693,2026-10-01,SHLS
7,-0.0005692405098939659,2026-10-01,SHLS
8,0.004573142853402092,2026-10-01,SHLS
9,-0.006666816677348832,2026-10-01,SHLS
10,0.0057790590926449425,2026-10-01,SHLS
11,-0.0016140492499012768,2026-10-01,SHLS
12,0.0056766051743947984,2026-10-01,SHLS
13,0.0048303811198828804,2026-10-01,SHLS
14,0.007612445149078697,2026-10-01,SHLS
1,0.0015079208828809214,2026-10-01,SHO
2,0.0034548462006292213,2026-10-01,SHO
3,-0.004124377907906631,2026-10-01,SHO
4,-0.002865281545878482,2026-10-01,SHO
5,-0.008612415228794242,2026-10-01,SHO
6,0.001228695961470368,2026-10-01,SHO
7,-0.0021370032907977294,2026-10-01,SHO
8,0.0027611136377644336,2026-10-01,SHO
9,-0.002693861491441655,2026-10-01,SHO
10,0.0031729076817084622,2026-10-01,SHO
11,-0.006884616303150941,2026-10-01,SHO
12,0.0027134500973357498,2026-10-01,SHO
13,0.0059041273892949395,2026-10-01,SHO
14,0.012115027465503227,2026-10-01,SHO
1,-9.124006247169867e-05,2026-10-01,SHOP
2,-0.0005207668257078555,2026-10-01,SHOP
3,0.002934242462832417,2026-10-01,SHOP
4,0.0020746929953778383,2026-10-01,SHOP
5,0.0010400625698325312,2026-10-01,SHOP
6,0.0031785756805351624,2026-10-01,SHOP
7,0.004747810708622128,2026-10-01,SHOP
8,0.00022821106019271626,2026-10-01,SHOP
9,0.0019157070680037394,2026-10-01,SHOP
10,0.00016765276653101096,2026-10-01,SHOP
11,0.005215337574310281,2026-10-01,SHOP
12,0.006837230069080848,2026-10-01,SHOP
13,0.0037099529358828316,2026-10-01,SHOP
14,0.001609665563139841,2026-10-01,SHOP
1,0.0006223500261968591,2026-10-01,SHW
2,0.0004986627817924103,2026-10-01,SHW
3,0.0015080536467250384,2026-10-01,SHW
4,4.3863577062975695e-05,2026-10-01,SHW
5,0.001213262721381069,2026-10-01,SHW
6,0.004456496119240127,2026-10-01,SHW
7,0.003923647406223143,2026-10-01,SHW
8,-0.0004765118893309358,2026-10-01,SHW
9,0.003868845244433424,2026-10-01,SHW
10,-0.0022900840694867184,2026-10-01,SHW
11,0.00406249996445075,2026-10-01,SHW
12,0.004178162496145779,2026-10-01,SHW
13,0.005985848510904222,2026-10-01,SHW
14,0.003764529077735705,2026-10-01,SHW
1,0.0004996515899073366,2026-10-01,SID
2,0.00289391860148739,2026-10-01,SID
3,-0.005143451969438787,2026-10-01,SID
4,-0.00179080148554548,2026-10-01,SID
5,-0.005951934874789032,2026-10-01,SID
6,-0.0013424998261511367,2026-10-01,SID
7,0.0004653920118974457,2026-10-01,SID
8,0.0025609239965135406,2026-10-01,SID
9,0.0028648885929253424,2026-10-01,SID
10,-0.0006413294498389935,2026-10-01,SID
11,-0.005093908274733013,2026-10-01,SID
12,0.0023366310225298387,2026-10-01,SID
13,0.004725182459699746,2026-10-01,SID
14,0.0052226743996416,2026-10-01,SID
1,0.0021448874814405426,2026-10-01,SIG
2,0.004348380566534046,2026-10-01,SIG
3,-0.004634029483541797,2026-10-01,SIG
4,-0.0026059633443317643,2026-10-01,SIG
5,-0.008765563357959269,2026-10-01,SIG
6,-0.0025511711962906427,2026-10-01,SIG
7,-0.0031951985067234672,2026-10-01,SIG
8,-0.001443649894497071,2026-10-01,SIG
9,-0.007462273657670718,2026-10-01,SIG
10,0.002152761288469021,2026-10-01,SIG
11,-0.0068978693559877576,2026-10-01,SIG
12,0.006309036885009799,2026-10-01,SIG
13,0.00794843561710908,2026-10-01,SIG
14,0.004117445040286732,2026-10-01,SIG
1,-0.003453097140361948,2026-10-01,SIRI
2,0.0008360164827402684,2026-10-01,SIRI
3,0.0031377426588040705,2026-10-01,SIRI
4,-0.003955662398659251,2026-10-01,SIRI
5,0.0013417373781373799,2026-10-01,SIRI
6,-0.0040956367785745015,2026-10-01,SIRI
7,-0.001545712383498288,2026-10-01,SIRI
8,1.5885700787182798e-05,2026-10-01,SIRI
9,-0.0044195808060106135,2026-10-01,SIRI
10,0.0022730871212450774,2026-10-01,SIRI
11,0.002434532330674514,2026-10-01,SIRI
12,-0.003101835817290919,2026-10-01,SIRI
13,-0.005038607995235104,2026-10-01,SIRI
14,-0.0017185470033085136,2026-10-01,SIRI
1,0.0009119537260473443,2026-10-01,SITC
2,0.004148458947450751,2026-10-01,SITC
3,-0.003716759696336768,2026-10-01,SITC
4,-0.0017401406886740354,2026-10-01,SITC
5,-0.005701481515868636,2026-10-01,SITC
6,-0.0010431703825919845,2026-10-01,SITC
7,-0.002339237259814543,2026-10-01,SITC
8,0.005141220440349092,2026-10-01,SITC
9,0.002327211177520042,2026-10-01,SITC
10,-0.0014314957545356216,2026-10-01,SITC
11,-0.0025788834632571385,2026-10-01,SITC
12,0.005148414181903255,2026-10-01,SITC
13,0.007169255290083118,2026-10-01,SITC
14,0.007804233620178272,2026-10-01,SITC
1,-0.0015647061900523425,2026-10-01,SJM
2,-0.00046619413232333666,2026-10-01,SJM
3,0.003995960196917927,2026-10-01,SJM
4,-0.0021524477852704464,2026-10-01,SJM
5,0.0009750045122455674,2026-10-01,SJM
6,-0.0051443436092099394,2026-10-01,SJM
7,-0.0047141048495703275,2026-10-01,SJM
8,0.0006196154438766302,2026-10-01,SJM
9,-0.004211371139053482,2026-10-01,SJM
10,0.003849716908513186,2026-10-01,SJM
11,-0.0005132325334549256,2026-10-01,SJM
12,-0.0019838737812327817,2026-10-01,SJM
13,-0.0037079599118001964,2026-10-01,SJM
14,-0.0007000020259608336,2026-10-01,SJM
1,0.0023694036588115634,2026-10-01,SKT
2,0.004516367317092198,2026-10-01,SKT
3,-0.004719870682433158,2026-10-01,SKT
4,-0.002708567600549506,2026-10-01,SKT
5,-0.005741042146386615,2026-10-01,SKT
6,-0.0016042809661994503,2026-10-01,SKT
7,-0.0009457767325328686,2026-10-01,SKT
8,0.0004597952772917673,2026-10-01,SKT
9,0.00042555955594319095,2026-10-01,SKT
10,0.0006954684189038843,2026-10-01,SKT
11,-0.0041797535111569774,2026-10-01,SKT
12,0.002616871196065856,2026-10-01,SKT
13,0.0061164313876501866,2026-10-01,SKT
14,0.004718327310538695,2026-10-01,SKT
1,0.0007174403947704526,2026-10-01,SLB
2,0.0004795815337135217,2026-10-01,SLB
3,0.0018370158526921725,2026-10-01,SLB
4,0.0010656376190170261,2026-10-01,SLB
5,0.002692143670252171,2026-10-01,SLB
6,0.005298352749870405,2026-10-01,SLB
7,0.0045134652092026625,2026-10-01,SLB
8,-0.0003617464640151378,2026-10-01,SLB
9,0.005601914579095918,2026-10-01,SLB
10,-0.0021541358682870206,2026-10-01,SLB
11,0.005363293435483176,2026-10-01,SLB
12,0.0032697189158856586,2026-10-01,SLB
13,0.005003536125525654,2026-10-01,SLB
14,0.0006406919736075813,2026-10-01,SLB
1,-0.000782985293029832,2026-10-01,SLF
2,-0.0009508269633411781,2026-10-01,SLF
3,0.0029128548032359156,2026-10-01,SLF
4,-0.0018611582793624838,2026-10-01,SLF
5,-0.002003137088286978,2026-10-01,SLF
6,-0.003980789464502187,2026-10-01,SLF
7,-0.0036796261047419955,2026-10-01,SLF
8,0.0016319735050200222,2026-10-01,SLF
9,-0.0004395159624390145,2026-10-01,SLF
10,0.0011513460339556958,2026-10-01,SLF
11,0.00030112490730194706,2026-10-01,SLF
12,0.00060504230512364,2026-10-01,SLF
13,-0.007232365651617983,2026-10-01,SLF
14,-0.0001324810352198401,2026-10-01,SLF
1,-0.00024344404833960995,2026-10-01,SLG
2,-0.001642063967856776,2026-10-01,SLG
3,0.0013383349725127568,2026-10-01,SLG
4,-0.0030674821646164687,2026-10-01,SLG
5,0.0007632764223488986,2026-10-01,SLG
6,-0.00495915714994741,2026-10-01,SLG
7,-0.004774001915815632,2026-10-01,SLG
8,0.0005100782475943296,2026-10-01,SLG
9,-0.0029120278153277764,2026-10-01,SLG
10,0.0033704222393899355,2026-10-01,SLG
11,0.0004976828156486,2026-10-01,SLG
12,-0.0017377921203363083,2026-10-01,SLG
13,-0.002504239497968839,2026-10-01,SLG
14,-0.0028861823669869492,2026-10-01,SLG
1,0.001692135343512647,2026-10-01,SLM
2,0.004868740232067608,2026-10-01,SLM
3,-0.0031289344793203923,2026-10-01,SLM
4,-0.006522657732224594,2026-10-01,SLM
5,-0.004142071620528053,2026-10-01,SLM
6,-0.0033620365142059926,2026-10-01,SLM
7,0.0009676380871937713,2026-10-01,SLM
8,0.005723702837770113,2026-10-01,SLM
9,-0.0023822811450336387,2026-10-01,SLM
10,0.0008243185694994868,2026-10-01,SLM
11,-0.0041234005441792764,2026-10-01,SLM
12,-0.00046236314140074396,2026-10-01,SLM
13,0.002320089694994977,2026-10-01,SLM
14,0.008249757978232007,2026-10-01,SLM
1,-0.001232768838880647,2026-10-01,SM
2,-0.002630963725650629,2026-10-01,SM
3,0.0034468320743063553,2026-10-01,SM
4,-0.00018132201283911672,2026-10-01,SM
5,-0.00043936688916554795,2026-10-01,SM
6,-0.004141701794512554,2026-10-01,SM
7,-0.0053249675203877935,2026-10-01,SM
8,0.001523789591820636,2026-10-01,SM
9,-0.0035326225349856313,2026-10-01,SM
10,0.002206051715313946,2026-10-01,SM
11,0.0020742970453778544,2026-10-01,SM
12,0.00021309360775182234,2026-10-01,SM
13,-0.0022604958791322847,2026-10-01,SM
14,0.0012164604964729265,2026-10-01,SM
1,0.0017426512885480923,2026-10-01,SMCI
2,0.00047027400668566593,2026-10-01,SMCI
3,0.003257889256313656,2026-10-01,SMCI
4,0.0021998065338070523,2026-10-01,SMCI
5,0.005026776928547289,2026-10-01,SMCI
6,0.003636106931479354,2026-10-01,SMCI
7,-0.00024305919122462539,2026-10-01,SMCI
8,0.001165567646122712,2026-10-01,SMCI
9,0.002154185320323556,2026-10-01,SMCI
10,-0.0016950020110534185,2026-10-01,SMCI
11,0.00345147141996039,2026-10-01,SMCI
12,0.0036265609088858295,2026-10-01,SMCI
13,0.002478848726188173,2026-10-01,SMCI
14,0.00015926096590547793,2026-10-01,SMCI
1,0.0006524247681893213,2026-10-01,SMFG
2,-4.29883767804339e-05,2026-10-01,SMFG
3,0.0022299504919022274,2026-10-01,SMFG
4,0.0010591644646396486,2026-10-01,SMFG
5,0.0033287674795939174,2026-10-01,SMFG
6,0.004613219042546028,2026-10-01,SMFG
7,0.0036501884229242355,2026-10-01,SMFG
8,0.0005893777728460772,2026-10-01,SMFG
9,0.0008750781150946421,2026-10-01,SMFG
10,-0.0016060145299932988,2026-10-01,SMFG
11,0.006508416092991056,2026-10-01,SMFG
12,0.0038285675856733065,2026-10-01,SMFG
13,0.0077338174473276225,2026-10-01,SMFG
14,-0.0030900125804211643,2026-10-01,SMFG
1,0.0020414113390840485,2026-10-01,SMG
2,0.0038672712215247693,2026-10-01,SMG
3,-0.0035018176704098487,2026-10-01,SMG
4,-0.008176403170116874,2026-10-01,SMG
5,-0.006469319612873928,2026-10-01,SMG
6,-0.0028137710172271534,2026-10-01,SMG
7,0.0009114069892481833,2026-10-01,SMG
8,-0.005369080594119873,2026-10-01,SMG
9,-0.0006280962107105109,2026-10-01,SMG
10,0.0012738767545600238,2026-10-01,SMG
11,-0.006161588765357253,2026-10-01,SMG
12,0.002776593010537872,2026-10-01,SMG
13,0.006666287251316274,2026-10-01,SMG
14,0.005632353610451227,2026-10-01,SMG
1,0.0025931051591264374,2026-10-01,SMR
2,0.010080459372359206,2026-10-01,SMR
3,-0.0038983815275470506,2026-10-01,SMR
4,-0.011506123811533066,2026-10-01,SMR
5,-0.00933231560190642,2026-10-01,SMR
6,-0.0073659918756179875,2026-10-01,SMR
7,-0.008822874547462346,2026-10-01,SMR
8,-0.002115583594285666,2026-10-01,SMR
9,-0.021020985833098197,2026-10-01,SMR
10,0.0034060622141610214,2026-10-01,SMR
11,-0.014332000689335473,2026-10-01,SMR
12,0.00718801035523422,2026-10-01,SMR
13,-0.009266267625660947,2026-10-01,SMR
14,-0.006873418970286465,2026-10-01,SMR
1,0.0021330994249915574,2026-10-01,SMTC
2,0.008054709085097868,2026-10-01,SMTC
3,-0.004209210720547754,2026-10-01,SMTC
4,-0.004361889561483736,2026-10-01,SMTC
5,-0.008216796592958802,2026-10-01,SMTC
6,-0.0025879384060815843,2026-10-01,SMTC
7,-0.002530176433579651,2026-10-01,SMTC
8,0.0005049757261092106,2026-10-01,SMTC
9,-0.005351256486115865,2026-10-01,SMTC
10,0.005470803584261135,2026-10-01,SMTC
11,-0.008410492907175523,2026-10-01,SMTC
12,0.002723906760165657,2026-10-01,SMTC
13,0.004797138984635381,2026-10-01,SMTC
14,0.005717800336955078,2026-10-01,SMTC
1,-0.0008977195328579471,2026-10-01,SN
2,-0.002016802890126175,2026-10-01,SN
3,0.003716088121311562,2026-10-01,SN
4,-0.000746594155106718,2026-10-01,SN
5,-0.0036027290457835517,2026-10-01,SN
6,-0.0042420391060890615,2026-10-01,SN
7,-0.007600289411214514,2026-10-01,SN
8,-0.0015924061198849821,2026-10-01,SN
9,-0.004044849483704986,2026-10-01,SN
10,0.002856328083051941,2026-10-01,SN
11,0.005078251553790799,2026-10-01,SN
12,-0.0009443187236535816,2026-10-01,SN
13,-0.004796294670941865,2026-10-01,SN
14,-0.002294055032563285,2026-10-01,SN
1,-5.5742555354521006e-05,2026-10-01,SNAP
2,-0.003643777833994121,2026-10-01,SNAP
3,0.004157914015645182,2026-10-01,SNAP
4,-0.001196151516787977,2026-10-01,SNAP
5,0.0006917525876839926,2026-10-01,SNAP
6,-0.006981096223072477,2026-10-01,SNAP
7,-0.005065262645757223,2026-10-01,SNAP
8,0.004263524379353881,2026-10-01,SNAP
9,-0.001979699787265808,2026-10-01,SNAP
10,0.002445546550753683,2026-10-01,SNAP
11,6.946660532892788e-05,2026-10-01,SNAP
12,-0.0005750197108643329,2026-10-01,SNAP
13,-0.008954727715974789,2026-10-01,SNAP
14,-0.0027091681389664135,2026-10-01,SNAP
1,8.584709787631551e-05,2026-10-01,SNDX
2,0.0013125774599008603,2026-10-01,SNDX
3,-0.004713409743721449,2026-10-01,SNDX
4,-0.005621062139826201,2026-10-01,SNDX
5,-0.009675683480133567,2026-10-01,SNDX
6,-0.001765199449326609,2026-10-01,SNDX
7,-0.007014471632957189,2026-10-01,SNDX
8,0.0027521503531286414,2026-10-01,SNDX
9,-0.005933470899541348,2026-10-01,SNDX
10,0.002067185055671272,2026-10-01,SNDX
11,-0.009585455980605504,2026-10-01,SNDX
12,0.0036794932211099475,2026-10-01,SNDX
13,0.0031978975554208876,2026-10-01,SNDX
14,-0.0022263445948026333,2026-10-01,SNDX
1,-0.0013067829336064116,2026-10-01,SNOW
2,-0.0029875335400253995,2026-10-01,SNOW
3,0.0031088163083608264,2026-10-01,SNOW
4,-0.0015559521265995795,2026-10-01,SNOW
5,-0.0003961478653097428,2026-10-01,SNOW
6,-0.0032715977951744586,2026-10-01,SNOW
7,-0.007936331643148609,2026-10-01,SNOW
8,0.001309232572785392,2026-10-01,SNOW
9,0.00044269153601636996,2026-10-01,SNOW
10,0.004065721106129955,2026-10-01,SNOW
11,0.0019216930871752073,2026-10-01,SNOW
12,-0.0022381387036553976,2026-10-01,SNOW
13,-0.003573523915585571,2026-10-01,SNOW
14,-0.0009746816971251184,2026-10-01,SNOW
1,0.0007259203603918171,2026-10-01,SNPS
2,0.0007320069820457064,2026-10-01,SNPS
3,0.0015566820468360038,2026-10-01,SNPS
4,0.0020153440479379714,2026-10-01,SNPS
5,0.0026198212019641134,2026-10-01,SNPS
6,0.004529715512631873,2026-10-01,SNPS
7,0.0023723786879195023,2026-10-01,SNPS
8,0.0007399415302805009,2026-10-01,SNPS
9,0.001807855295138526,2026-10-01,SNPS
10,-0.002233180587712626,2026-10-01,SNPS
11,-0.0005984525296874015,2026-10-01,SNPS
12,-0.0013393000800663657,2026-10-01,SNPS
13,0.0036592973686768626,2026-10-01,SNPS
14,-0.0009707762560985623,2026-10-01,SNPS
1,0.0008143838496365483,2026-10-01,SNY
2,-0.00015281860609442713,2026-10-01,SNY
3,0.001226779388411794,2026-10-01,SNY
4,0.0012277271224932162,2026-10-01,SNY
5,0.002194277622894413,2026-10-01,SNY
6,0.004823453842687672,2026-10-01,SNY
7,0.0038581319031621526,2026-10-01,SNY
8,-0.000360364059259566,2026-10-01,SNY
9,0.0052826909181898,2026-10-01,SNY
10,-0.0005447250737912893,2026-10-01,SNY
11,0.0038642199074050633,2026-10-01,SNY
12,0.0031180836598883746,2026-10-01,SNY
13,0.005745747667523536,2026-10-01,SNY
14,0.00027134757923896437,2026-10-01,SNY
1,0.00043612037413612406,2026-10-01,SO
2,-0.0002391833489691052,2026-10-01,SO
3,0.0005738495879910697,2026-10-01,SO
4,-0.0003179780416993,2026-10-01,SO
5,0.001881706200983589,2026-10-01,SO
6,0.004808168644980548,2026-10-01,SO
7,0.003023040503657816,2026-10-01,SO
8,0.0012587712461050366,2026-10-01,SO
9,0.0008583511239378862,2026-10-01,SO
10,-0.0026555302669630165,2026-10-01,SO
11,-0.0026221160587948074,2026-10-01,SO
12,-0.0003646479705627482,2026-10-01,SO
13,0.005751149539567945,2026-10-01,SO
14,-0.0016109916265547614,2026-10-01,SO
1,-0.0009765865600978195,2026-10-01,SOFI
2,-0.0013722263900444972,2026-10-01,SOFI
3,0.0033249017025928267,2026-10-01,SOFI
4,-0.0018674751773639891,2026-10-01,SOFI
5,-0.002796566896277919,2026-10-01,SOFI
6,-0.0042583081730402485,2026-10-01,SOFI
7,-0.004738447264505847,2026-10-01,SOFI
8,0.0016224488358520337,2026-10-01,SOFI
9,-0.000955226822302239,2026-10-01,SOFI
10,0.0059930942837834586,2026-10-01,SOFI
11,0.003452944899697939,2026-10-01,SOFI
12,-0.002021340086918133,2026-10-01,SOFI
13,-0.005683898957591691,2026-10-01,SOFI
14,-0.002267723679307175,2026-10-01,SOFI
1,-0.000649844437538776,2026-10-01,SON
2,-0.0014399980296163383,2026-10-01,SON
3,0.004187443280831076,2026-10-01,SON
4,-0.0015464674948326906,2026-10-01,SON
5,-0.0012949835572923743,2026-10-01,SON
6,-0.005169223027142605,2026-10-01,SON
7,-0.005914610179334123,2026-10-01,SON
8,0.0008362329633652574,2026-10-01,SON
9,-0.0024570060938956147,2026-10-01,SON
10,0.0023686063637551936,2026-10-01,SON
11,0.0027565211548612593,2026-10-01,SON
12,0.0007064084122470682,2026-10-01,SON
13,-0.0057751849316749065,2026-10-01,SON
14,-0.00447051624864154,2026-10-01,SON
1,0.002188118714792186,2026-10-01,SONO
2,0.0037578411769088587,2026-10-01,SONO
3,-0.0044936418399806125,2026-10-01,SONO
4,-0.0008796069167975975,2026-10-01,SONO
5,-0.0076026537468924325,2026-10-01,SONO
6,-0.005629942881697155,2026-10-01,SONO
7,0.001288413916951397,2026-10-01,SONO
8,-0.00606930938928015,2026-10-01,SONO
9,0.0014156889772445858,2026-10-01,SONO
10,0.0019282283521859986,2026-10-01,SONO
11,-0.009497747121117407,2026-10-01,SONO
12,0.005937217406446365,2026-10-01,SONO
13,-0.00032681004569602864,2026-10-01,SONO
14,0.006030758210718396,2026-10-01,SONO
1,0.0017999778849499975,2026-10-01,SONY
2,0.0006982878372618667,2026-10-01,SONY
3,0.0026824761577898277,2026-10-01,SONY
4,0.0026516454700216464,2026-10-01,SONY
5,0.005114168885661686,2026-10-01,SONY
6,0.0036421686989634027,2026-10-01,SONY
7,-0.0016160794813599038,2026-10-01,SONY
8,0.0022202781564405485,2026-10-01,SONY
9,0.0011809679569438959,2026-10-01,SONY
10,-0.0008627872007489011,2026-10-01,SONY
11,0.002774322624091255,2026-10-01,SONY
12,0.0035120149383971897,2026-10-01,SONY
13,0.003322858102724855,2026-10-01,SONY
14,0.0004768270288150991,2026-10-01,SONY
1,0.0016216030065704606,2026-10-01,SOUN
2,0.005929297676054872,2026-10-01,SOUN
3,-0.0036548339209219304,2026-10-01,SOUN
4,-0.004372710387404147,2026-10-01,SOUN
5,-0.0032861433692872853,2026-10-01,SOUN
6,-0.0008216350959586232,2026-10-01,SOUN
7,-0.0014222844393978202,2026-10-01,SOUN
8,-0.0014263531200349683,2026-10-01,SOUN
9,-0.00026811123763076,2026-10-01,SOUN
10,0.006670153999778017,2026-10-01,SOUN
11,-0.005072825318084983,2026-10-01,SOUN
12,0.001392266997409394,2026-10-01,SOUN
13,0.005193394198141011,2026-10-01,SOUN
14,0.013015009988709239,2026-10-01,SOUN
1,0.0006069786491017196,2026-10-01,SPG
2,-0.0008093091649777358,2026-10-01,SPG
3,0.0008826052932059599,2026-10-01,SPG
4,0.0003536271797989855,2026-10-01,SPG
5,0.0014009071932034433,2026-10-01,SPG
6,0.004055508406256194,2026-10-01,SPG
7,0.004182214311933373,2026-10-01,SPG
8,-0.0002010506793244867,2026-10-01,SPG
9,0.006453051642791653,2026-10-01,SPG
10,-0.002762320118086395,2026-10-01,SPG
11,0.003202910808411945,2026-10-01,SPG
12,0.004425868809397363,2026-10-01,SPG
13,0.005267400937008432,2026-10-01,SPG
14,0.0007838107200108979,2026-10-01,SPG
1,0.0009589145080096685,2026-10-01,SPGI
2,-0.0003706296559959263,2026-10-01,SPGI
3,0.0017038047222621949,2026-10-01,SPGI
4,0.0005297447948640807,2026-10-01,SPGI
5,0.0027835452316265154,2026-10-01,SPGI
6,0.0038662475932367685,2026-10-01,SPGI
7,0.00373714582003497,2026-10-01,SPGI
8,-0.0011683142861455248,2026-10-01,SPGI
9,0.005198034003364502,2026-10-01,SPGI
10,-0.0012982890736136909,2026-10-01,SPGI
11,0.00436135289835273,2026-10-01,SPGI
12,0.0050247658355212985,2026-10-01,SPGI
13,0.005477776247544,2026-10-01,SPGI
14,-0.0004836162978294554,2026-10-01,SPGI
1,0.0005321466988280245,2026-10-01,SPOT
2,0.0004290424025241284,2026-10-01,SPOT
3,0.0017460722017709138,2026-10-01,SPOT
4,0.001542863918112554,2026-10-01,SPOT
5,0.002686168701834414,2026-10-01,SPOT
6,0.0016892649953813774,2026-10-01,SPOT
7,0.006305248231323235,2026-10-01,SPOT
8,-0.002963528508066301,2026-10-01,SPOT
9,0.003356393571945234,2026-10-01,SPOT
10,-0.001538927033162508,2026-10-01,SPOT
11,0.0043122498382328605,2026-10-01,SPOT
12,0.005651875438688736,2026-10-01,SPOT
13,0.005339750132602748,2026-10-01,SPOT
14,0.0007200184895913866,2026-10-01,SPOT
1,0.00014935721293531264,2026-10-01,SPY
2,0.004489123648826014,2026-10-01,SPY
3,-0.00478752235727402,2026-10-01,SPY
4,-0.004881268435704945,2026-10-01,SPY
5,-0.00680379423327072,2026-10-01,SPY
6,-0.0006797164656993634,2026-10-01,SPY
7,-0.0016192883802272282,2026-10-01,SPY
8,0.000980508604482744,2026-10-01,SPY
9,0.0006346533946551741,2026-10-01,SPY
10,0.007021422782410436,2026-10-01,SPY
11,-0.010099030642842458,2026-10-01,SPY
12,0.002837598530591042,2026-10-01,SPY
13,0.0014120969769580733,2026-10-01,SPY
14,0.008175912519423909,2026-10-01,SPY
1,-0.0007600792580441084,2026-10-01,SQM
2,-0.001030158035019431,2026-10-01,SQM
3,0.004653570084868057,2026-10-01,SQM
4,-0.0022524254372827787,2026-10-01,SQM
5,-0.0009333991453310058,2026-10-01,SQM
6,-0.0035367911302475017,2026-10-01,SQM
7,-0.004330071616903228,2026-10-01,SQM
8,0.0013177687870187462,2026-10-01,SQM
9,-0.0010025388684084527,2026-10-01,SQM
10,-8.937066187650984e-05,2026-10-01,SQM
11,0.0003605138504286929,2026-10-01,SQM
12,-0.003470623328486049,2026-10-01,SQM
13,-0.006464244343002951,2026-10-01,SQM
14,-0.0022569995044173547,2026-10-01,SQM
1,0.00016042464235298793,2026-10-01,SRE
2,0.0006176733584940841,2026-10-01,SRE
3,0.00029618616315324557,2026-10-01,SRE
4,5.5340155262442845e-05,2026-10-01,SRE
5,0.0022715232817358995,2026-10-01,SRE
6,0.004145758611273076,2026-10-01,SRE
7,0.0043126096154722645,2026-10-01,SRE
8,0.0001146588222951206,2026-10-01,SRE
9,-3.717216091364185e-05,2026-10-01,SRE
10,-0.0022042535100572735,2026-10-01,SRE
11,-0.0001713390790741178,2026-10-01,SRE
12,0.0001588000782826958,2026-10-01,SRE
13,0.004522475978805393,2026-10-01,SRE
14,-0.00044109536713487043,2026-10-01,SRE
1,-6.509357106535907e-05,2026-10-01,SRPT
2,-0.001031617812043162,2026-10-01,SRPT
3,0.0034530129708093163,2026-10-01,SRPT
4,-0.001752110622024815,2026-10-01,SRPT
5,-0.00044295187870235927,2026-10-01,SRPT
6,-0.004259026314534025,2026-10-01,SRPT
7,-0.003235054608789018,2026-10-01,SRPT
8,0.0025167747054623277,2026-10-01,SRPT
9,-0.003671402884510219,2026-10-01,SRPT
10,0.004676031009372096,2026-10-01,SRPT
11,0.003668991881578694,2026-10-01,SRPT
12,-0.00020387944009566457,2026-10-01,SRPT
13,-0.0006145503666030013,2026-10-01,SRPT
14,-0.0006073188525840754,2026-10-01,SRPT
1,-0.0013148833958233556,2026-10-01,SSNC
2,-0.0015856637074745225,2026-10-01,SSNC
3,0.0027558690182216193,2026-10-01,SSNC
4,-0.0005116076254573831,2026-10-01,SSNC
5,-0.0005265279456266797,2026-10-01,SSNC
6,-0.001864033319273185,2026-10-01,SSNC
7,-0.00404807179023038,2026-10-01,SSNC
8,0.002713613330639582,2026-10-01,SSNC
9,-0.0017684403206609826,2026-10-01,SSNC
10,0.0025954239579865884,2026-10-01,SSNC
11,0.0006358575234201122,2026-10-01,SSNC
12,-0.0013673301897106315,2026-10-01,SSNC
13,-0.004967120038262521,2026-10-01,SSNC
14,-0.0009432814721865914,2026-10-01,SSNC
1,0.000990194678030892,2026-10-01,SSRM
2,0.004084970107963103,2026-10-01,SSRM
3,-0.0024173455821074113,2026-10-01,SSRM
4,0.00013229868111289169,2026-10-01,SSRM
5,-0.0004488792952938507,2026-10-01,SSRM
6,0.0004218073337159919,2026-10-01,SSRM
7,-6.497579390014574e-06,2026-10-01,SSRM
8,0.0071429747283770105,2026-10-01,SSRM
9,0.00011495057209274526,2026-10-01,SSRM
10,0.007698573063073687,2026-10-01,SSRM
11,-0.003950181740696607,2026-10-01,SSRM
12,0.005339825637050815,2026-10-01,SSRM
13,0.002606010776056681,2026-10-01,SSRM
14,0.004488909909628554,2026-10-01,SSRM
1,0.0005422461628313444,2026-10-01,ST
2,-0.0010241429813997711,2026-10-01,ST
3,0.0032246983639808995,2026-10-01,ST
4,-0.001548731160061748,2026-10-01,ST
5,-0.0004971934349698009,2026-10-01,ST
6,-0.004822627953186994,2026-10-01,ST
7,-0.004938931774401678,2026-10-01,ST
8,0.0008289765336518812,2026-10-01,ST
9,0.0005193120312258783,2026-10-01,ST
10,0.0034623885547131555,2026-10-01,ST
11,0.00015471724430085297,2026-10-01,ST
12,0.0016569803895345198,2026-10-01,ST
13,-0.004369430613515602,2026-10-01,ST
14,-0.0008358065929417416,2026-10-01,ST
1,-0.0009325028275225288,2026-10-01,STAG
2,-0.0013935324754701952,2026-10-01,STAG
3,0.003201486687953791,2026-10-01,STAG
4,-0.0017683966968574105,2026-10-01,STAG
5,-0.0008421146748112219,2026-10-01,STAG
6,-0.0027204872002200213,2026-10-01,STAG
7,-0.0009999457133263274,2026-10-01,STAG
8,0.0019079756943685099,2026-10-01,STAG
9,-0.0028104566013458397,2026-10-01,STAG
10,0.0007075956619663535,2026-10-01,STAG
11,0.0012021926066297876,2026-10-01,STAG
12,-0.0032431332301257844,2026-10-01,STAG
13,-0.008142428307766106,2026-10-01,STAG
14,-0.003547100032100173,2026-10-01,STAG
1,0.0007151726157352987,2026-10-01,STEP
2,0.0039034176261032337,2026-10-01,STEP
3,-0.003564168974251006,2026-10-01,STEP
4,-0.002534853737286883,2026-10-01,STEP
5,-0.007499280105553889,2026-10-01,STEP
6,-0.002482814076633364,2026-10-01,STEP
7,-0.001073582607714644,2026-10-01,STEP
8,-2.8649434925544835e-05,2026-10-01,STEP
9,0.0026156321156752733,2026-10-01,STEP
10,0.00035631378069742536,2026-10-01,STEP
11,-0.006488328515043558,2026-10-01,STEP
12,0.00394863665785697,2026-10-01,STEP
13,0.0057154911537524505,2026-10-01,STEP
14,0.004801898109807517,2026-10-01,STEP
1,0.0008536707650917103,2026-10-01,STLA
2,0.00019317345576387652,2026-10-01,STLA
3,0.001149348227341154,2026-10-01,STLA
4,0.0027126972481369286,2026-10-01,STLA
5,0.003501263416833517,2026-10-01,STLA
6,0.003032555876975196,2026-10-01,STLA
7,0.004657342316812932,2026-10-01,STLA
8,7.357395737268674e-05,2026-10-01,STLA
9,0.002891471469179072,2026-10-01,STLA
10,-0.0016256869113924581,2026-10-01,STLA
11,0.002854469994019179,2026-10-01,STLA
12,0.0059569644689456466,2026-10-01,STLA
13,0.006557576651237421,2026-10-01,STLA
14,-0.004698146640739545,2026-10-01,STLA
1,-0.0005619701705756122,2026-10-01,STLD
2,-0.001325149611101397,2026-10-01,STLD
3,0.0035036881770759416,2026-10-01,STLD
4,-0.0020974319400094963,2026-10-01,STLD
5,-0.0020643605493190333,2026-10-01,STLD
6,-0.006510986579141047,2026-10-01,STLD
7,-0.003196652336672262,2026-10-01,STLD
8,0.0008198319392533816,2026-10-01,STLD
9,-0.0019080526570631824,2026-10-01,STLD
10,0.002783756063484491,2026-10-01,STLD
11,0.003618066370625928,2026-10-01,STLD
12,-0.0014742679793729218,2026-10-01,STLD
13,-0.006610950527130664,2026-10-01,STLD
14,-0.00389219202530779,2026-10-01,STLD
1,-0.0011384638002515763,2026-10-01,STM
2,0.0006335576589358146,2026-10-01,STM
3,0.002561939371934221,2026-10-01,STM
4,-0.002090091859724697,2026-10-01,STM
5,-0.00039267735815064816,2026-10-01,STM
6,-0.003132471480884527,2026-10-01,STM
7,-0.004182872610029724,2026-10-01,STM
8,-0.0003421171984820731,2026-10-01,STM
9,-0.004024422159569227,2026-10-01,STM
10,0.004181858088842464,2026-10-01,STM
11,0.0007701854792477247,2026-10-01,STM
12,-0.0011189301818059143,2026-10-01,STM
13,-0.007739227259623549,2026-10-01,STM
14,-0.0021507872414922853,2026-10-01,STM
1,0.0014587451090922621,2026-10-01,STNE
2,0.00427065420135912,2026-10-01,STNE
3,-0.004145423713566532,2026-10-01,STNE
4,-0.0014265700487777755,2026-10-01,STNE
5,-0.004510185942869075,2026-10-01,STNE
6,4.4978210434300514e-05,2026-10-01,STNE
7,-0.0029216336808641718,2026-10-01,STNE
8,0.001835871153009124,2026-10-01,STNE
9,0.0006309402724412546,2026-10-01,STNE
10,0.002238229525482573,2026-10-01,STNE
11,-0.003580516002630813,2026-10-01,STNE
12,0.004063456399820227,2026-10-01,STNE
13,0.007149986809234301,2026-10-01,STNE
14,0.007766295996540426,2026-10-01,STNE
1,8.032953278580988e-05,2026-10-01,STNG
2,-0.0010893568135430926,2026-10-01,STNG
3,0.00518959815358827,2026-10-01,STNG
4,-0.0011441726594992967,2026-10-01,STNG
5,-0.0020008492491273263,2026-10-01,STNG
6,-0.004721898936237869,2026-10-01,STNG
7,-0.00216986389371303,2026-10-01,STNG
8,0.005076816946954429,2026-10-01,STNG
9,-0.0026858316873494313,2026-10-01,STNG
10,-0.0008010505947943129,2026-10-01,STNG
11,0.0026812265923793896,2026-10-01,STNG
12,-0.002662539717920288,2026-10-01,STNG
13,-0.007379973634938527,2026-10-01,STNG
14,-0.004579599024261481,2026-10-01,STNG
1,-0.0006705396902061075,2026-10-01,STT
2,-0.001420410619496905,2026-10-01,STT
3,0.003895101897721042,2026-10-01,STT
4,-0.0013997758525407557,2026-10-01,STT
5,-0.0006779646667216703,2026-10-01,STT
6,-0.0031092472187265207,2026-10-01,STT
7,-0.0030516209924456453,2026-10-01,STT
8,0.0007926325946189285,2026-10-01,STT
9,-0.0022292865417210947,2026-10-01,STT
10,0.005024546130167929,2026-10-01,STT
11,0.0020289136024109595,2026-10-01,STT
12,-0.0011234067002844374,2026-10-01,STT
13,-0.006513320148650373,2026-10-01,STT
14,-0.0010222301599164183,2026-10-01,STT
1,2.6422978821362967e-05,2026-10-01,STWD
2,-0.0017384595816837497,2026-10-01,STWD
3,0.00233729164478727,2026-10-01,STWD
4,-0.002086070113470327,2026-10-01,STWD
5,0.001264763407509099,2026-10-01,STWD
6,-0.002405502441897625,2026-10-01,STWD
7,-0.0024659509834684392,2026-10-01,STWD
8,0.001117411450207831,2026-10-01,STWD
9,-0.0022016962074995544,2026-10-01,STWD
10,0.0008956373456665031,2026-10-01,STWD
11,0.002188267298119202,2026-10-01,STWD
12,-0.0049957912097184035,2026-10-01,STWD
13,-0.007624570994524889,2026-10-01,STWD
14,-0.0034748221575132475,2026-10-01,STWD
1,-0.00035196498434998105,2026-10-01,STX
2,-0.003793547353995206,2026-10-01,STX
3,0.004100433502913334,2026-10-01,STX
4,-0.0014820970375851003,2026-10-01,STX
5,0.001395496936574997,2026-10-01,STX
6,-0.004660355955465373,2026-10-01,STX
7,-0.004248685629961821,2026-10-01,STX
8,-0.0011984637033637053,2026-10-01,STX
9,-0.0009040157162095036,2026-10-01,STX
10,0.0030960215518176654,2026-10-01,STX
11,0.0027033088347086834,2026-10-01,STX
12,-0.0004630160727652186,2026-10-01,STX
13,-0.003367983303192569,2026-10-01,STX
14,0.0007267513304738056,2026-10-01,STX
1,0.0006752440038558984,2026-10-01,STZ
2,9.062856583349998e-05,2026-10-01,STZ
3,0.001133030285470119,2026-10-01,STZ
4,-0.0011776307378599448,2026-10-01,STZ
5,0.0021557456539174503,2026-10-01,STZ
6,0.002908963963418218,2026-10-01,STZ
7,0.0029466327558335813,2026-10-01,STZ
8,0.0008372863711622084,2026-10-01,STZ
9,0.0003321700681857662,2026-10-01,STZ
10,-0.004927628569424938,2026-10-01,STZ
11,0.002442431616764778,2026-10-01,STZ
12,-0.00027299693329365906,2026-10-01,STZ
13,0.005669989039651847,2026-10-01,STZ
14,-0.0018376421944701635,2026-10-01,STZ
1,-0.0014350482121017845,2026-10-01,SU
2,-0.0011139680093184274,2026-10-01,SU
3,0.0032361403608846735,2026-10-01,SU
4,-0.0011034488797976895,2026-10-01,SU
5,-1.5961418871486702e-05,2026-10-01,SU
6,-0.0045243879725843416,2026-10-01,SU
7,-0.00535502576216415,2026-10-01,SU
8,0.0002290328646282077,2026-10-01,SU
9,-0.003797729175723517,2026-10-01,SU
10,-0.00020669448580627455,2026-10-01,SU
11,0.00270899442429223,2026-10-01,SU
12,-0.00019295076342950313,2026-10-01,SU
13,-0.0018922722230638339,2026-10-01,SU
14,-0.002932180768256646,2026-10-01,SU
1,-0.0006005831153015387,2026-10-01,SUZ
2,-0.001312401186944563,2026-10-01,SUZ
3,0.0015190848414960824,2026-10-01,SUZ
4,-0.001086592574629569,2026-10-01,SUZ
5,-0.0013351278526951452,2026-10-01,SUZ
6,-0.0015795685488137919,2026-10-01,SUZ
7,-0.005273562247008351,2026-10-01,SUZ
8,0.0012574645015040785,2026-10-01,SUZ
9,-0.002116992718981826,2026-10-01,SUZ
10,-0.0025643020811971667,2026-10-01,SUZ
11,-0.00026311144703606274,2026-10-01,SUZ
12,-0.001991236386361723,2026-10-01,SUZ
13,-0.00691710533353898,2026-10-01,SUZ
14,-0.0013803438550698366,2026-10-01,SUZ
1,-0.001474853632574027,2026-10-01,SWK
2,-0.0009966627913286538,2026-10-01,SWK
3,0.0034267094211958495,2026-10-01,SWK
4,-0.0006654011912192407,2026-10-01,SWK
5,-0.0009266478548380724,2026-10-01,SWK
6,-0.006111016420857826,2026-10-01,SWK
7,-0.005862548058198272,2026-10-01,SWK
8,0.0007267635586590002,2026-10-01,SWK
9,0.001704017843934097,2026-10-01,SWK
10,0.0038808481008531337,2026-10-01,SWK
11,-0.0005150186554610351,2026-10-01,SWK
12,-0.0017705732016764435,2026-10-01,SWK
13,-0.0010041533802877818,2026-10-01,SWK
14,-0.0020911445864708472,2026-10-01,SWK
1,-0.0011477975693715088,2026-10-01,SWKS
2,0.0008634429688003625,2026-10-01,SWKS
3,0.0028041998194932396,2026-10-01,SWKS
4,-0.001409979497508905,2026-10-01,SWKS
5,-0.0017579908314007784,2026-10-01,SWKS
6,-0.004608895517266156,2026-10-01,SWKS
7,-0.005393632297627004,2026-10-01,SWKS
8,0.00201397644783541,2026-10-01,SWKS
9,-0.0015839015811821879,2026-10-01,SWKS
10,0.002188453885288734,2026-10-01,SWKS
11,0.0011694226662309739,2026-10-01,SWKS
12,-0.0028685558383833095,2026-10-01,SWKS
13,-0.005659321434667456,2026-10-01,SWKS
14,-0.00024184770211052074,2026-10-01,SWKS
1,7.976457013272333e-05,2026-10-01,SYF
2,0.000413543295956385,2026-10-01,SYF
3,0.004358395044161668,2026-10-01,SYF
4,-0.004335004960494462,2026-10-01,SYF
5,-0.003087967172595984,2026-10-01,SYF
6,-0.004484205680678261,2026-10-01,SYF
7,-0.0066339017493654414,2026-10-01,SYF
8,0.0001737942011940789,2026-10-01,SYF
9,-0.0020725450512258194,2026-10-01,SYF
10,-0.0004203294805737981,2026-10-01,SYF
11,0.002350143159771722,2026-10-01,SYF
12,-0.003561504890998467,2026-10-01,SYF
13,-0.004031736996116613,2026-10-01,SYF
14,-0.0028857673573690545,2026-10-01,SYF
1,0.0005301877079771079,2026-10-01,SYK
2,1.7896438808091886e-05,2026-10-01,SYK
3,0.0016879923841745732,2026-10-01,SYK
4,0.0006000352681796177,2026-10-01,SYK
5,0.003181591422937317,2026-10-01,SYK
6,0.004629784728022793,2026-10-01,SYK
7,0.002676771167152772,2026-10-01,SYK
8,7.486792468782933e-05,2026-10-01,SYK
9,0.004572870407120406,2026-10-01,SYK
10,-0.0007065790350455118,2026-10-01,SYK
11,0.0028268336790491268,2026-10-01,SYK
12,0.004024370441361668,2026-10-01,SYK
13,0.00618849341418434,2026-10-01,SYK
14,0.0009067660068612331,2026-10-01,SYK
1,0.0014523615889420669,2026-10-01,SYM
2,0.003448257079058592,2026-10-01,SYM
3,-0.0029832570827699866,2026-10-01,SYM
4,-7.013533302611996e-05,2026-10-01,SYM
5,-0.002827864302982699,2026-10-01,SYM
6,0.00034426899090410324,2026-10-01,SYM
7,0.0008677665367276573,2026-10-01,SYM
8,0.004405814355829063,2026-10-01,SYM
9,-0.0008502959893134745,2026-10-01,SYM
10,-0.0012693377361645084,2026-10-01,SYM
11,0.0031069615025799907,2026-10-01,SYM
12,0.008384155388682903,2026-10-01,SYM
13,0.008683670644467996,2026-10-01,SYM
14,0.0038022389038181417,2026-10-01,SYM
1,0.0008067739667229858,2026-10-01,SYRE
2,0.0039714102230172495,2026-10-01,SYRE
3,-0.005566581364349822,2026-10-01,SYRE
4,-0.007719315773774989,2026-10-01,SYRE
5,-0.010791795157144828,2026-10-01,SYRE
6,-0.002317251480270462,2026-10-01,SYRE
7,-0.0016130220262040398,2026-10-01,SYRE
8,0.0008828200869073888,2026-10-01,SYRE
9,-0.0001890525906908267,2026-10-01,SYRE
10,-0.0009777075821534658,2026-10-01,SYRE
11,-0.012636608429652625,2026-10-01,SYRE
12,0.0009002192215805686,2026-10-01,SYRE
13,0.005275610091099323,2026-10-01,SYRE
14,-0.0008824026293977692,2026-10-01,SYRE
1,-0.0011050480250331936,2026-10-01,SYY
2,-0.0015477028502626415,2026-10-01,SYY
3,0.00261852981201471,2026-10-01,SYY
4,-0.0021404530007942766,2026-10-01,SYY
5,-0.0006276983099331574,2026-10-01,SYY
6,-0.0044334571914882845,2026-10-01,SYY
7,-0.004600294318825909,2026-10-01,SYY
8,0.001551681447460647,2026-10-01,SYY
9,-0.001780533571754502,2026-10-01,SYY
10,0.00389218675480167,2026-10-01,SYY
11,0.00437402802819853,2026-10-01,SYY
12,0.0018385624209048689,2026-10-01,SYY
13,-0.006891854202610505,2026-10-01,SYY
14,-0.0026921658750251503,2026-10-01,SYY
1,-0.0003376359704155779,2026-10-01,T
2,0.0005510147263882172,2026-10-01,T
3,0.0003121578933261102,2026-10-01,T
4,0.0006325188703655773,2026-10-01,T
5,0.0006381410233788064,2026-10-01,T
6,0.002574539088241564,2026-10-01,T
7,0.003255940253022324,2026-10-01,T
8,0.000911743121014945,2026-10-01,T
9,0.003901821567299667,2026-10-01,T
10,-0.0014529956452805257,2026-10-01,T
11,0.005290880684177288,2026-10-01,T
12,0.005229688701134379,2026-10-01,T
13,0.0066131575258387915,2026-10-01,T
14,0.0018366397810747474,2026-10-01,T
1,-0.0003460012444910236,2026-10-01,TAC
2,0.0029684156411322275,2026-10-01,TAC
3,-0.002916874348015398,2026-10-01,TAC
4,-0.005160518759903378,2026-10-01,TAC
5,-0.007221373295811618,2026-10-01,TAC
6,-0.0011447767856193846,2026-10-01,TAC
7,-0.0034087263875929004,2026-10-01,TAC
8,-0.0004930057465059068,2026-10-01,TAC
9,-0.008620562647468443,2026-10-01,TAC
10,0.009693114117023479,2026-10-01,TAC
11,-0.005750030666510691,2026-10-01,TAC
12,-0.001903725410364999,2026-10-01,TAC
13,0.003665262944444912,2026-10-01,TAC
14,0.0032131667627132523,2026-10-01,TAC
1,-0.0010392077472028737,2026-10-01,TAK
2,-0.00014402298905700218,2026-10-01,TAK
3,0.004100207685482125,2026-10-01,TAK
4,-0.0014421994174306208,2026-10-01,TAK
5,-0.0009185972426762295,2026-10-01,TAK
6,-0.007538391348315603,2026-10-01,TAK
7,-0.002609790059588787,2026-10-01,TAK
8,0.0034921914085627704,2026-10-01,TAK
9,-0.0015751370735489492,2026-10-01,TAK
10,0.0055345800576415355,2026-10-01,TAK
11,0.0025060137434191,2026-10-01,TAK
12,-0.002305830939718445,2026-10-01,TAK
13,-0.0038337461840597894,2026-10-01,TAK
14,0.0008665551574539533,2026-10-01,TAK
1,-0.00024737792798854225,2026-10-01,TAL
2,-0.001422758783559401,2026-10-01,TAL
3,0.004022671279023412,2026-10-01,TAL
4,-0.0013409862345806277,2026-10-01,TAL
5,0.001637505847631402,2026-10-01,TAL
6,-0.00409269629543466,2026-10-01,TAL
7,-0.0019775332515359237,2026-10-01,TAL
8,0.0013763157498432811,2026-10-01,TAL
9,-0.0007808369291193081,2026-10-01,TAL
10,0.005001115356781473,2026-10-01,TAL
11,0.004490443605164185,2026-10-01,TAL
12,-0.0005486708688516564,2026-10-01,TAL
13,-0.0015142929138945408,2026-10-01,TAL
14,-0.00305787407578357,2026-10-01,TAL
1,0.002091281032476859,2026-10-01,TALO
2,0.0035580723709364866,2026-10-01,TALO
3,-0.0022490166759147998,2026-10-01,TALO
4,-0.0023341012225702056,2026-10-01,TALO
5,-0.006376306068919818,2026-10-01,TALO
6,-0.0005326621807028789,2026-10-01,TALO
7,-0.0036421261261368946,2026-10-01,TALO
8,0.001428418532558045,2026-10-01,TALO
9,-0.001826017524803363,2026-10-01,TALO
10,0.0029515491408958028,2026-10-01,TALO
11,-0.006420956058805262,2026-10-01,TALO
12,-0.00033309566235137475,2026-10-01,TALO
13,0.005266125666123494,2026-10-01,TALO
14,0.003837421384207118,2026-10-01,TALO
1,-0.0020419827418734276,2026-10-01,TAP
2,-0.002053849789021116,2026-10-01,TAP
3,0.004434269964869632,2026-10-01,TAP
4,-0.000200001563503875,2026-10-01,TAP
5,-0.000717730168568827,2026-10-01,TAP
6,-0.004122040783426199,2026-10-01,TAP
7,-0.0068340000715340025,2026-10-01,TAP
8,0.00023928305828521676,2026-10-01,TAP
9,-0.00420067279414117,2026-10-01,TAP
10,-0.0027537860804288735,2026-10-01,TAP
11,-0.0023823166394755495,2026-10-01,TAP
12,-0.0010360611823103053,2026-10-01,TAP
13,-0.004839011441888535,2026-10-01,TAP
14,-0.004376690078199556,2026-10-01,TAP
1,-0.0002475723112341225,2026-10-01,TBBB
2,0.0012183914544099607,2026-10-01,TBBB
3,-0.0027786420790719087,2026-10-01,TBBB
4,-0.0031771520642756242,2026-10-01,TBBB
5,-0.008773425040625438,2026-10-01,TBBB
6,-0.002508522213415905,2026-10-01,TBBB
7,-0.006028285054356001,2026-10-01,TBBB
8,-0.004826469027808785,2026-10-01,TBBB
9,-0.008976964988452135,2026-10-01,TBBB
10,0.004510059852195117,2026-10-01,TBBB
11,-0.006783349460054287,2026-10-01,TBBB
12,0.008578141788567592,2026-10-01,TBBB
13,-0.00038509988722699193,2026-10-01,TBBB
14,0.0015838607560451283,2026-10-01,TBBB
1,0.0006233227556466509,2026-10-01,TCEHY
2,0.0014492313987405784,2026-10-01,TCEHY
3,0.0015611249709207634,2026-10-01,TCEHY
4,0.0017670762376088922,2026-10-01,TCEHY
5,0.0020303127250669317,2026-10-01,TCEHY
6,0.005715875309639118,2026-10-01,TCEHY
7,0.0038792303435881844,2026-10-01,TCEHY
8,0.0011059783481215774,2026-10-01,TCEHY
9,0.0015921000258155888,2026-10-01,TCEHY
10,-0.0024689936228093306,2026-10-01,TCEHY
11,0.0015274599132403053,2026-10-01,TCEHY
12,-0.0010050037784383632,2026-10-01,TCEHY
13,0.004300535178561037,2026-10-01,TCEHY
14,-0.0013092446830733709,2026-10-01,TCEHY
1,-0.0013219397659322985,2026-10-01,TCOM
2,-0.0006822189521559249,2026-10-01,TCOM
3,0.0063476116768905865,2026-10-01,TCOM
4,-0.003312858822261287,2026-10-01,TCOM
5,-0.0014300731016094576,2026-10-01,TCOM
6,-0.007543167567020242,2026-10-01,TCOM
7,-0.0037907282361655144,2026-10-01,TCOM
8,0.0018729562047674819,2026-10-01,TCOM
9,-0.002647209246086435,2026-10-01,TCOM
10,0.0027424615288317872,2026-10-01,TCOM
11,-0.0017661343309812042,2026-10-01,TCOM
12,0.0007379142779404348,2026-10-01,TCOM
13,-0.009068158455430976,2026-10-01,TCOM
14,-0.002981309231414698,2026-10-01,TCOM
1,0.001486539882150283,2026-10-01,TDOC
2,0.005262749720465819,2026-10-01,TDOC
3,-0.0049970564093371325,2026-10-01,TDOC
4,-0.00361100431881462,2026-10-01,TDOC
5,-0.008211087734089796,2026-10-01,TDOC
6,0.0011817999182771638,2026-10-01,TDOC
7,-0.002718381441704656,2026-10-01,TDOC
8,0.005140376091838527,2026-10-01,TDOC
9,-0.0013078713249972042,2026-10-01,TDOC
10,0.003457552551357121,2026-10-01,TDOC
11,-0.007565711388442636,2026-10-01,TDOC
12,0.005495790268113292,2026-10-01,TDOC
13,0.005270571351898331,2026-10-01,TDOC
14,0.009195629266132248,2026-10-01,TDOC
1,0.0004913778604263227,2026-10-01,TDW
2,-0.0012064978344225562,2026-10-01,TDW
3,0.0044623903050129065,2026-10-01,TDW
4,0.0010291055994351244,2026-10-01,TDW
5,-0.0020579670958128533,2026-10-01,TDW
6,-0.00251221824719832,2026-10-01,TDW
7,-0.002340798327857227,2026-10-01,TDW
8,0.003100244764929049,2026-10-01,TDW
9,-0.0017811342059703057,2026-10-01,TDW
10,0.003069039180360404,2026-10-01,TDW
11,0.0027475062062493677,2026-10-01,TDW
12,-0.003657514126228501,2026-10-01,TDW
13,-0.0053302234571958205,2026-10-01,TDW
14,-0.0014892362020732409,2026-10-01,TDW
1,0.00047001531493925843,2026-10-01,TEAM
2,9.529085996032496e-05,2026-10-01,TEAM
3,0.003426151536564969,2026-10-01,TEAM
4,0.002629336261061987,2026-10-01,TEAM
5,0.00033733399078648545,2026-10-01,TEAM
6,0.004292655927579051,2026-10-01,TEAM
7,0.004492499907462151,2026-10-01,TEAM
8,0.00237725718808176,2026-10-01,TEAM
9,0.0013385596683593006,2026-10-01,TEAM
10,-0.0014672263870952524,2026-10-01,TEAM
11,0.0014245223458900236,2026-10-01,TEAM
12,-0.000317286708139877,2026-10-01,TEAM
13,0.004138045269459784,2026-10-01,TEAM
14,-0.0025458797711531435,2026-10-01,TEAM
1,-0.0001725956224186006,2026-10-01,TECH
2,-0.0016953017278552138,2026-10-01,TECH
3,0.003120966706276661,2026-10-01,TECH
4,0.0015302831870837388,2026-10-01,TECH
5,-0.0011474833003005205,2026-10-01,TECH
6,-0.0038334800890208126,2026-10-01,TECH
7,-0.0053116421358488375,2026-10-01,TECH
8,-0.000702412317431186,2026-10-01,TECH
9,-0.0018422361284487366,2026-10-01,TECH
10,-0.0018928617346654192,2026-10-01,TECH
11,0.00014624022821565512,2026-10-01,TECH
12,-0.004168298495531735,2026-10-01,TECH
13,-0.010082090787701607,2026-10-01,TECH
14,-0.008926605847519085,2026-10-01,TECH
1,-0.0019384804726329877,2026-10-01,TECK
2,-0.0008676472949863063,2026-10-01,TECK
3,0.0026806123987710173,2026-10-01,TECK
4,-0.000759410279705254,2026-10-01,TECK
5,-0.0025208670857152136,2026-10-01,TECK
6,-0.003257162418779714,2026-10-01,TECK
7,-0.005234156257056297,2026-10-01,TECK
8,0.0026605565550501175,2026-10-01,TECK
9,-0.000610550838351566,2026-10-01,TECK
10,0.004398663671200365,2026-10-01,TECK
11,0.0025428393788213244,2026-10-01,TECK
12,-0.0007011076365767881,2026-10-01,TECK
13,-0.006184540890487797,2026-10-01,TECK
14,-0.0026875526400301645,2026-10-01,TECK
1,-0.0006684856670591368,2026-10-01,TEL
2,0.00018167328602834918,2026-10-01,TEL
3,0.0030143242995976636,2026-10-01,TEL
4,0.0006386342218320875,2026-10-01,TEL
5,0.00028055472393026445,2026-10-01,TEL
6,-0.0033880702155578975,2026-10-01,TEL
7,-0.005019142072977674,2026-10-01,TEL
8,0.0017949264018284534,2026-10-01,TEL
9,-0.0017949068791048711,2026-10-01,TEL
10,0.002891597657098761,2026-10-01,TEL
11,-0.00024406927751581726,2026-10-01,TEL
12,-0.003729744801717326,2026-10-01,TEL
13,-0.007764825418932419,2026-10-01,TEL
14,-0.002421873938007208,2026-10-01,TEL
1,0.001387706012911138,2026-10-01,TENB
2,0.004493609812741253,2026-10-01,TENB
3,-0.0017319469452125927,2026-10-01,TENB
4,-0.001766502513619406,2026-10-01,TENB
5,-0.006879282258809505,2026-10-01,TENB
6,-0.0033272819492013803,2026-10-01,TENB
7,-0.0006548541083253403,2026-10-01,TENB
8,0.0006619016007881906,2026-10-01,TENB
9,-0.006091146025439265,2026-10-01,TENB
10,0.00617232467885939,2026-10-01,TENB
11,-0.0036178830024110667,2026-10-01,TENB
12,0.003317014841642322,2026-10-01,TENB
13,0.0002692991072388676,2026-10-01,TENB
14,0.002433031354423381,2026-10-01,TENB
1,-0.0018102735940304236,2026-10-01,TER
2,-0.0009418088009774956,2026-10-01,TER
3,0.0032902154168387636,2026-10-01,TER
4,-0.0007430775719145556,2026-10-01,TER
5,-0.002376323596763323,2026-10-01,TER
6,-0.005026897741406782,2026-10-01,TER
7,-0.004280687423110235,2026-10-01,TER
8,0.0003268198381050108,2026-10-01,TER
9,-0.0035395288969604245,2026-10-01,TER
10,0.004189780743052814,2026-10-01,TER
11,0.002912071967627526,2026-10-01,TER
12,-0.0006134962437494282,2026-10-01,TER
13,-0.00541261688966025,2026-10-01,TER
14,-0.004099260426181447,2026-10-01,TER
1,-0.0013681646827588315,2026-10-01,TEVA
2,-0.0008584967076687947,2026-10-01,TEVA
3,0.0027390999032002638,2026-10-01,TEVA
4,-0.001598784655007832,2026-10-01,TEVA
5,-0.00020131487938942856,2026-10-01,TEVA
6,-0.00505197604794758,2026-10-01,TEVA
7,-0.005833784120774633,2026-10-01,TEVA
8,0.0026370764799464107,2026-10-01,TEVA
9,-0.00199657444511361,2026-10-01,TEVA
10,0.00794404558317862,2026-10-01,TEVA
11,-0.00031688432078846716,2026-10-01,TEVA
12,-0.00043345575268916394,2026-10-01,TEVA
13,-0.0043640776423983845,2026-10-01,TEVA
14,0.00034333563575181464,2026-10-01,TEVA
1,-0.001115700511992275,2026-10-01,TFC
2,-0.000965815241690046,2026-10-01,TFC
3,0.003634538420086299,2026-10-01,TFC
4,-0.0013615897642531949,2026-10-01,TFC
5,-0.0013626536409635185,2026-10-01,TFC
6,-0.005053045771057357,2026-10-01,TFC
7,-0.004877481756387575,2026-10-01,TFC
8,0.002473328856890859,2026-10-01,TFC
9,0.0022601454089820577,2026-10-01,TFC
10,0.0065862017710825215,2026-10-01,TFC
11,0.0020215428368655056,2026-10-01,TFC
12,-0.00138259857840854,2026-10-01,TFC
13,-0.004878484504776273,2026-10-01,TFC
14,-5.976790289302106e-05,2026-10-01,TFC
1,0.0005669870019806794,2026-10-01,TGT
2,0.0002768321424767347,2026-10-01,TGT
3,0.0010252402114517016,2026-10-01,TGT
4,0.00108849608192839,2026-10-01,TGT
5,0.0007601699392834713,2026-10-01,TGT
6,0.0034016454177352895,2026-10-01,TGT
7,0.0033988233663000533,2026-10-01,TGT
8,-0.0007038821720739336,2026-10-01,TGT
9,0.0032878969666320554,2026-10-01,TGT
10,-0.0013422214491322997,2026-10-01,TGT
11,0.005253545105508729,2026-10-01,TGT
12,0.0056354823404505434,2026-10-01,TGT
13,0.005003869666814819,2026-10-01,TGT
14,0.0006331007855353898,2026-10-01,TGT
1,0.001004917227108614,2026-10-01,TGTX
2,0.0018691383496680096,2026-10-01,TGTX
3,-0.002610528029060914,2026-10-01,TGTX
4,-0.004115186183932359,2026-10-01,TGTX
5,-0.0060986455556950436,2026-10-01,TGTX
6,-0.0013119273968491057,2026-10-01,TGTX
7,0.000485889981543245,2026-10-01,TGTX
8,0.000427053863918795,2026-10-01,TGTX
9,-0.001756374514243662,2026-10-01,TGTX
10,0.004566328607015109,2026-10-01,TGTX
11,-0.00161162296496096,2026-10-01,TGTX
12,0.005051051494443811,2026-10-01,TGTX
13,0.0033204064423137196,2026-10-01,TGTX
14,0.009948952841326329,2026-10-01,TGTX
1,-0.00180114529521802,2026-10-01,THC
2,-0.00046528031438650125,2026-10-01,THC
3,0.003650664957098362,2026-10-01,THC
4,-0.000776923783974568,2026-10-01,THC
5,-0.0008342785184932757,2026-10-01,THC
6,-0.00428921740626394,2026-10-01,THC
7,-0.003165807131275957,2026-10-01,THC
8,0.0017129768091999318,2026-10-01,THC
9,-0.000991588933800286,2026-10-01,THC
10,0.0046042862652884015,2026-10-01,THC
11,0.004185353241684462,2026-10-01,THC
12,-0.0007415985679947243,2026-10-01,THC
13,-0.003491513408229168,2026-10-01,THC
14,-0.0010889083766987605,2026-10-01,THC
1,0.0005061280231929638,2026-10-01,TJX
2,0.001244089798630668,2026-10-01,TJX
3,0.0008275548993878385,2026-10-01,TJX
4,0.0005540702224323022,2026-10-01,TJX
5,0.001733024222982104,2026-10-01,TJX
6,0.00402200994041207,2026-10-01,TJX
7,0.004751146208080098,2026-10-01,TJX
8,-0.00015147887371336,2026-10-01,TJX
9,0.004559648876509014,2026-10-01,TJX
10,-0.0009917573078930405,2026-10-01,TJX
11,0.0074970458141366434,2026-10-01,TJX
12,0.0038884804538262306,2026-10-01,TJX
13,0.004891066126267553,2026-10-01,TJX
14,-0.0008628254846196745,2026-10-01,TJX
1,-0.000818511659761032,2026-10-01,TKO
2,-0.002404059624952397,2026-10-01,TKO
3,0.0031274208023069155,2026-10-01,TKO
4,-0.0023423648255985574,2026-10-01,TKO
5,-0.0005470049450202046,2026-10-01,TKO
6,-0.006936344081847392,2026-10-01,TKO
7,-0.006943689312424411,2026-10-01,TKO
8,0.00010703679654503724,2026-10-01,TKO
9,-0.001782298738264717,2026-10-01,TKO
10,0.005317456735362971,2026-10-01,TKO
11,0.0033067748633589297,2026-10-01,TKO
12,-0.004094990590948743,2026-10-01,TKO
13,-0.006179719156139755,2026-10-01,TKO
14,-0.0025495012489529785,2026-10-01,TKO
1,0.00215685667603502,2026-10-01,TLRY
2,0.003805355849747346,2026-10-01,TLRY
3,-0.0044748567636156145,2026-10-01,TLRY
4,-0.0019811254133826396,2026-10-01,TLRY
5,-0.004455367034688937,2026-10-01,TLRY
6,-0.0006903734131523873,2026-10-01,TLRY
7,0.0010627830906131436,2026-10-01,TLRY
8,-0.0009024226930944907,2026-10-01,TLRY
9,0.0004584325381268938,2026-10-01,TLRY
10,0.002721882101493653,2026-10-01,TLRY
11,-0.005718612768201811,2026-10-01,TLRY
12,0.0009734393219144635,2026-10-01,TLRY
13,0.007355229231018453,2026-10-01,TLRY
14,0.009252597626818654,2026-10-01,TLRY
1,-0.0014986420637854857,2026-10-01,TME
2,-0.002095591141158802,2026-10-01,TME
3,0.004632390828420111,2026-10-01,TME
4,-0.0012162990406490346,2026-10-01,TME
5,0.00033171001152459414,2026-10-01,TME
6,-0.00459686842551148,2026-10-01,TME
7,-0.003770090807402213,2026-10-01,TME
8,0.001660906179391243,2026-10-01,TME
9,-0.0008271285941482185,2026-10-01,TME
10,0.0005283424052869078,2026-10-01,TME
11,0.005556189072626909,2026-10-01,TME
12,-0.004986600217031735,2026-10-01,TME
13,-0.009310505502553112,2026-10-01,TME
14,-0.007831434936405552,2026-10-01,TME
1,0.0006587988681434614,2026-10-01,TMO
2,-3.983280211094896e-05,2026-10-01,TMO
3,0.0013330664458274446,2026-10-01,TMO
4,-0.0003992258041414384,2026-10-01,TMO
5,0.0029645419960682264,2026-10-01,TMO
6,0.002540624245265978,2026-10-01,TMO
7,0.0016404633360986955,2026-10-01,TMO
8,0.0005579243298554336,2026-10-01,TMO
9,0.004561080397746842,2026-10-01,TMO
10,-0.0017956987950761975,2026-10-01,TMO
11,0.0027755734287723145,2026-10-01,TMO
12,0.003952517086980973,2026-10-01,TMO
13,0.006058838553430657,2026-10-01,TMO
14,0.0009511549743567759,2026-10-01,TMO
1,4.2142685363857576e-05,2026-10-01,TMUS
2,-8.106756634658946e-05,2026-10-01,TMUS
3,8.97217120837547e-05,2026-10-01,TMUS
4,0.000148361588451475,2026-10-01,TMUS
5,0.002911344991738447,2026-10-01,TMUS
6,0.003612439691602978,2026-10-01,TMUS
7,0.0025978442544803138,2026-10-01,TMUS
8,-0.001028699325802229,2026-10-01,TMUS
9,0.0050592631190389935,2026-10-01,TMUS
10,-0.0017719473338640103,2026-10-01,TMUS
11,0.004452083666506802,2026-10-01,TMUS
12,0.004767777303632495,2026-10-01,TMUS
13,0.005040924005723309,2026-10-01,TMUS
14,-0.0006912854216913325,2026-10-01,TMUS
1,0.0007759997351367445,2026-10-01,TNDM
2,0.003112113386906273,2026-10-01,TNDM
3,-0.0026115370834442265,2026-10-01,TNDM
4,-0.0008565629757216596,2026-10-01,TNDM
5,-0.0067257587242877176,2026-10-01,TNDM
6,-0.0024112751125148204,2026-10-01,TNDM
7,-0.002469115024178346,2026-10-01,TNDM
8,-0.0036906778841313778,2026-10-01,TNDM
9,-0.0034661964098199115,2026-10-01,TNDM
10,0.001692093178524191,2026-10-01,TNDM
11,-0.006411953210999554,2026-10-01,TNDM
12,0.0017626489117961736,2026-10-01,TNDM
13,0.004483147812366226,2026-10-01,TNDM
14,-0.0011699998986233928,2026-10-01,TNDM
1,0.0009307245484667586,2026-10-01,TNGX
2,0.004544479850564411,2026-10-01,TNGX
3,-0.004323424926061181,2026-10-01,TNGX
4,-0.008852070460654941,2026-10-01,TNGX
5,-0.012507758665006346,2026-10-01,TNGX
6,-0.005123336771105003,2026-10-01,TNGX
7,-0.0020351909213843088,2026-10-01,TNGX
8,-0.0032543685423398767,2026-10-01,TNGX
9,-0.005370067788836841,2026-10-01,TNGX
10,-0.00043431362425975226,2026-10-01,TNGX
11,-0.013605757956397433,2026-10-01,TNGX
12,-0.0013495865269876402,2026-10-01,TNGX
13,0.004966501543278103,2026-10-01,TNGX
14,0.0016234599366052825,2026-10-01,TNGX
1,-0.0006420155529891429,2026-10-01,TOL
2,-0.0015525849113345134,2026-10-01,TOL
3,0.0030991991388030636,2026-10-01,TOL
4,-0.003309886748710364,2026-10-01,TOL
5,0.0019723609046082054,2026-10-01,TOL
6,-0.00518023964398916,2026-10-01,TOL
7,-0.0055100501505953225,2026-10-01,TOL
8,-0.0005500893072726211,2026-10-01,TOL
9,-0.003610290031619324,2026-10-01,TOL
10,0.0017912251628519173,2026-10-01,TOL
11,0.0032694630704429564,2026-10-01,TOL
12,-0.001049393306946252,2026-10-01,TOL
13,-0.008143402224297581,2026-10-01,TOL
14,-0.006519311489235021,2026-10-01,TOL
1,-0.001035725233143867,2026-10-01,TOST
2,-0.003895948008749369,2026-10-01,TOST
3,0.0037895980552586977,2026-10-01,TOST
4,-0.001905850663225411,2026-10-01,TOST
5,0.0007918710568028117,2026-10-01,TOST
6,-0.00442139060188183,2026-10-01,TOST
7,-0.006840641438075376,2026-10-01,TOST
8,0.0010135644131511231,2026-10-01,TOST
9,-0.0022362179310107255,2026-10-01,TOST
10,0.002211122863324928,2026-10-01,TOST
11,3.166041139160718e-05,2026-10-01,TOST
12,-0.0020572085452137097,2026-10-01,TOST
13,-0.005242202079440589,2026-10-01,TOST
14,-0.0016174475043662351,2026-10-01,TOST
1,0.00021123327418843459,2026-10-01,TPG
2,-0.001004536594013454,2026-10-01,TPG
3,0.003046979068416319,2026-10-01,TPG
4,-0.002095320505733406,2026-10-01,TPG
5,-0.0005767871773261828,2026-10-01,TPG
6,-0.006571490081775903,2026-10-01,TPG
7,-0.00634227474032634,2026-10-01,TPG
8,0.0011959606960791297,2026-10-01,TPG
9,0.00021125806336274707,2026-10-01,TPG
10,0.003531050440220317,2026-10-01,TPG
11,0.003433486110224171,2026-10-01,TPG
12,0.0019889948377725215,2026-10-01,TPG
13,-0.0053870580093272865,2026-10-01,TPG
14,-0.002328339337623811,2026-10-01,TPG
1,-0.0017576573645251303,2026-10-01,TPR
2,-0.0005723308653461415,2026-10-01,TPR
3,0.004245541597714472,2026-10-01,TPR
4,-0.0016075690352253251,2026-10-01,TPR
5,-0.0020357348200546327,2026-10-01,TPR
6,-0.004424193618496269,2026-10-01,TPR
7,-0.003864673183538778,2026-10-01,TPR
8,0.0020683956026419175,2026-10-01,TPR
9,-0.002612466156764244,2026-10-01,TPR
10,0.0042749655864633305,2026-10-01,TPR
11,0.0012858106304480333,2026-10-01,TPR
12,-0.0017860416348172638,2026-10-01,TPR
13,-0.0068344076180413445,2026-10-01,TPR
14,-0.0016446317501226009,2026-10-01,TPR
1,-0.0016534427567162211,2026-10-01,TREX
2,-0.002292004821700054,2026-10-01,TREX
3,0.003243831117180774,2026-10-01,TREX
4,-0.002678163285664374,2026-10-01,TREX
5,-0.0036399493396936412,2026-10-01,TREX
6,-0.004705603939721497,2026-10-01,TREX
7,-0.00798010267203,2026-10-01,TREX
8,-0.0006089759579576959,2026-10-01,TREX
9,-0.004008108913734393,2026-10-01,TREX
10,-0.0002954857965958827,2026-10-01,TREX
11,-0.002736221505299777,2026-10-01,TREX
12,-0.005149770496249774,2026-10-01,TREX
13,-0.00778743140990803,2026-10-01,TREX
14,-0.004084573562211795,2026-10-01,TREX
1,-0.0020308091795272136,2026-10-01,TRGP
2,-0.001835919500792845,2026-10-01,TRGP
3,0.0036371401081408336,2026-10-01,TRGP
4,-0.0026803286492564776,2026-10-01,TRGP
5,-0.002993648324515658,2026-10-01,TRGP
6,-0.005352814011879147,2026-10-01,TRGP
7,-0.0025783115779320427,2026-10-01,TRGP
8,0.0006240432288741059,2026-10-01,TRGP
9,-0.002192899424000003,2026-10-01,TRGP
10,0.0025086214679601085,2026-10-01,TRGP
11,0.003990733014311119,2026-10-01,TRGP
12,-0.0009844463461144578,2026-10-01,TRGP
13,-0.006271228217458444,2026-10-01,TRGP
14,-0.00271907725573973,2026-10-01,TRGP
1,0.0008216132099212049,2026-10-01,TRIP
2,0.0025009749578042634,2026-10-01,TRIP
3,-0.006566439110890876,2026-10-01,TRIP
4,-0.0013546126536922182,2026-10-01,TRIP
5,-0.007156831379678218,2026-10-01,TRIP
6,9.323124064365695e-05,2026-10-01,TRIP
7,-0.0008147141180601858,2026-10-01,TRIP
8,0.004055767927423316,2026-10-01,TRIP
9,0.0011235197788410296,2026-10-01,TRIP
10,0.0011306007886742932,2026-10-01,TRIP
11,-0.003768954765719783,2026-10-01,TRIP
12,0.0026829312563857724,2026-10-01,TRIP
13,0.002655086430141394,2026-10-01,TRIP
14,0.004449037219624594,2026-10-01,TRIP
1,-0.001297500729045409,2026-10-01,TRMB
2,-0.0021360987178740388,2026-10-01,TRMB
3,0.005429116741513049,2026-10-01,TRMB
4,-0.0017615989996180343,2026-10-01,TRMB
5,0.00032410528731953447,2026-10-01,TRMB
6,-0.0054182326863223525,2026-10-01,TRMB
7,-0.006673023101287944,2026-10-01,TRMB
8,0.000927030845476812,2026-10-01,TRMB
9,-0.003343937567553464,2026-10-01,TRMB
10,-0.000181911736293094,2026-10-01,TRMB
11,0.0020241914657824103,2026-10-01,TRMB
12,-0.0026119555631336044,2026-10-01,TRMB
13,-0.006243084641516492,2026-10-01,TRMB
14,-0.0023246183162439955,2026-10-01,TRMB
1,-0.0007728352672112393,2026-10-01,TROW
2,-0.0010522528256794368,2026-10-01,TROW
3,0.002685059666272934,2026-10-01,TROW
4,-0.0021463531173485932,2026-10-01,TROW
5,-0.0006599671638061463,2026-10-01,TROW
6,-0.006072302750500235,2026-10-01,TROW
7,-0.005052399059799667,2026-10-01,TROW
8,0.0022535312815427995,2026-10-01,TROW
9,-0.0006437440573478032,2026-10-01,TROW
10,0.003130800741643624,2026-10-01,TROW
11,0.0024023766657921414,2026-10-01,TROW
12,0.0010895861489121617,2026-10-01,TROW
13,-0.005987630893680705,2026-10-01,TROW
14,-0.0016565074023954494,2026-10-01,TROW
1,-0.00013643112649334475,2026-10-01,TROX
2,-0.002081712223686652,2026-10-01,TROX
3,0.002785488489726577,2026-10-01,TROX
4,-0.002199618040304889,2026-10-01,TROX
5,-7.868473691954411e-05,2026-10-01,TROX
6,-0.005258739519295111,2026-10-01,TROX
7,-0.0038087144105945193,2026-10-01,TROX
8,0.004100483411248709,2026-10-01,TROX
9,-0.0016633409270488963,2026-10-01,TROX
10,-0.00025830973033003324,2026-10-01,TROX
11,0.0023755805505682095,2026-10-01,TROX
12,-0.002342175297862423,2026-10-01,TROX
13,-0.005972725394068664,2026-10-01,TROX
14,-0.004971941991057915,2026-10-01,TROX
1,0.0005906233936223818,2026-10-01,TRP
2,-0.0004202787335381058,2026-10-01,TRP
3,0.001828829452385087,2026-10-01,TRP
4,0.00030211456115222264,2026-10-01,TRP
5,0.0017931694853281646,2026-10-01,TRP
6,0.004385987981565102,2026-10-01,TRP
7,0.004037953341471131,2026-10-01,TRP
8,-0.0008721395674590298,2026-10-01,TRP
9,0.001368650959334614,2026-10-01,TRP
10,-0.0031126037503504153,2026-10-01,TRP
11,0.0014189340243834364,2026-10-01,TRP
12,0.004792747491077606,2026-10-01,TRP
13,0.005767765694475231,2026-10-01,TRP
14,-0.0006724943925107468,2026-10-01,TRP
1,-0.0008911245701555547,2026-10-01,TRU
2,-0.0018694336295357115,2026-10-01,TRU
3,0.0030148512111345875,2026-10-01,TRU
4,-0.0019760877306633537,2026-10-01,TRU
5,-0.00012187870046815451,2026-10-01,TRU
6,-0.0028695021328336203,2026-10-01,TRU
7,-0.006960142266735386,2026-10-01,TRU
8,-0.0007949019694321141,2026-10-01,TRU
9,-0.002283173363249387,2026-10-01,TRU
10,0.0029260387738173866,2026-10-01,TRU
11,0.0015847489589330354,2026-10-01,TRU
12,-0.002860162102546026,2026-10-01,TRU
13,-0.00645277118708062,2026-10-01,TRU
14,-0.0012831770721719487,2026-10-01,TRU
1,-0.0009232906628953179,2026-10-01,TRV
2,-0.001614927251071965,2026-10-01,TRV
3,0.005412931928057249,2026-10-01,TRV
4,-0.00014726572359773427,2026-10-01,TRV
5,-0.0022231726733669328,2026-10-01,TRV
6,-0.006083187019030728,2026-10-01,TRV
7,-0.0035276238592880445,2026-10-01,TRV
8,0.0017253480344260217,2026-10-01,TRV
9,-0.0018744012191644465,2026-10-01,TRV
10,0.003271005298392622,2026-10-01,TRV
11,0.0034862049045596166,2026-10-01,TRV
12,-0.0013810115930006444,2026-10-01,TRV
13,-0.008627981380913866,2026-10-01,TRV
14,-0.0023177518565238833,2026-10-01,TRV
1,-0.0009519141924089806,2026-10-01,TS
2,-0.0028051867702914408,2026-10-01,TS
3,0.004261284265629526,2026-10-01,TS
4,-0.003996475880016402,2026-10-01,TS
5,-0.0017812330566451056,2026-10-01,TS
6,-0.004433537606094925,2026-10-01,TS
7,-0.0036316238434873443,2026-10-01,TS
8,-0.0009417085239004237,2026-10-01,TS
9,-0.002051505629811394,2026-10-01,TS
10,0.001661839326492298,2026-10-01,TS
11,0.0033938644106224405,2026-10-01,TS
12,-0.0012461836184192478,2026-10-01,TS
13,-0.008329130839808036,2026-10-01,TS
14,-0.002417826256251415,2026-10-01,TS
1,-0.0020690945883709735,2026-10-01,TSCO
2,-0.0005217621381480867,2026-10-01,TSCO
3,0.00454793517243928,2026-10-01,TSCO
4,-0.002289352739345418,2026-10-01,TSCO
5,-0.0008179559987929447,2026-10-01,TSCO
6,-0.004699675468240964,2026-10-01,TSCO
7,-0.0029735133660299647,2026-10-01,TSCO
8,0.003080273413809215,2026-10-01,TSCO
9,-0.0032856787405436774,2026-10-01,TSCO
10,0.0027354101962647594,2026-10-01,TSCO
11,0.000857533238088221,2026-10-01,TSCO
12,-0.002851143378654533,2026-10-01,TSCO
13,-0.006873763036212339,2026-10-01,TSCO
14,-0.0030692350030084217,2026-10-01,TSCO
1,0.0007385644149366926,2026-10-01,TSLA
2,0.0001848048654169078,2026-10-01,TSLA
3,0.0014729117091474685,2026-10-01,TSLA
4,0.0012466695555135886,2026-10-01,TSLA
5,0.001775463877749482,2026-10-01,TSLA
6,0.002586763327863715,2026-10-01,TSLA
7,0.00523458497628546,2026-10-01,TSLA
8,0.0008112023805411935,2026-10-01,TSLA
9,0.0026971789053643223,2026-10-01,TSLA
10,-0.0007645816091368928,2026-10-01,TSLA
11,0.004225064609740448,2026-10-01,TSLA
12,0.004475705002192654,2026-10-01,TSLA
13,0.005663305444948497,2026-10-01,TSLA
14,-0.0018970504925440782,2026-10-01,TSLA
1,0.001245227145817365,2026-10-01,TSM
2,4.1790441573390386e-05,2026-10-01,TSM
3,0.0023243660241445193,2026-10-01,TSM
4,0.0014980009696116301,2026-10-01,TSM
5,0.003303824751366709,2026-10-01,TSM
6,0.004151273616058514,2026-10-01,TSM
7,0.0028028963738069776,2026-10-01,TSM
8,0.003487718297982856,2026-10-01,TSM
9,-0.0011715233729023495,2026-10-01,TSM
10,-0.0030632857168885375,2026-10-01,TSM
11,-0.0031832496988665865,2026-10-01,TSM
12,0.002023921410685198,2026-10-01,TSM
13,0.004958665901904716,2026-10-01,TSM
14,-0.0037873956346684335,2026-10-01,TSM
1,-0.0019874437729589167,2026-10-01,TSN
2,-0.001844762265095332,2026-10-01,TSN
3,0.002088452965648764,2026-10-01,TSN
4,-0.0019721024629124405,2026-10-01,TSN
5,0.0009612024894982454,2026-10-01,TSN
6,-0.004936889305348739,2026-10-01,TSN
7,-0.006517644118723081,2026-10-01,TSN
8,0.0002499098770620277,2026-10-01,TSN
9,-0.0019088578332308848,2026-10-01,TSN
10,0.0004424524384044664,2026-10-01,TSN
11,0.0009348594294873512,2026-10-01,TSN
12,-0.001055173963934343,2026-10-01,TSN
13,-0.003954088507708242,2026-10-01,TSN
14,-0.00046782712918001925,2026-10-01,TSN
1,0.0006079482581252942,2026-10-01,TT
2,0.0003757082687482899,2026-10-01,TT
3,0.0036376388544220803,2026-10-01,TT
4,0.0007150880515525591,2026-10-01,TT
5,0.0020037716519233123,2026-10-01,TT
6,0.002701120164389136,2026-10-01,TT
7,0.005917606457312096,2026-10-01,TT
8,-0.00032695051628575433,2026-10-01,TT
9,-0.00035676462001379695,2026-10-01,TT
10,-0.0002916716539440667,2026-10-01,TT
11,0.004535886890573248,2026-10-01,TT
12,0.004186779737348458,2026-10-01,TT
13,0.0034141840445313853,2026-10-01,TT
14,-0.0024091702947702637,2026-10-01,TT
1,-0.0010240554135308166,2026-10-01,TTC
2,-0.002839945133144463,2026-10-01,TTC
3,0.0034511335533197853,2026-10-01,TTC
4,-0.0014703029887890146,2026-10-01,TTC
5,-0.00032910801315119,2026-10-01,TTC
6,-0.004174338184073655,2026-10-01,TTC
7,-0.0013148884320702565,2026-10-01,TTC
8,0.0014511794108140244,2026-10-01,TTC
9,-0.0010432317574892488,2026-10-01,TTC
10,0.002733736151338314,2026-10-01,TTC
11,0.004342268655605416,2026-10-01,TTC
12,-0.0001731662391850655,2026-10-01,TTC
13,-0.006458129910992052,2026-10-01,TTC
14,-0.0017367527438414642,2026-10-01,TTC
1,-0.000615543120703466,2026-10-01,TTD
2,-0.0033600079111597236,2026-10-01,TTD
3,0.0029282617100912416,2026-10-01,TTD
4,-0.002447717372061801,2026-10-01,TTD
5,-0.0003599872676512236,2026-10-01,TTD
6,-0.003724376538884218,2026-10-01,TTD
7,-0.004385757520652178,2026-10-01,TTD
8,0.0011225448657492675,2026-10-01,TTD
9,-0.0007461101006588901,2026-10-01,TTD
10,0.0019008928023199901,2026-10-01,TTD
11,0.0036605986134125,2026-10-01,TTD
12,-0.0023974660730275137,2026-10-01,TTD
13,-0.007550666639789497,2026-10-01,TTD
14,-0.001994973502448141,2026-10-01,TTD
1,0.0012138900040441006,2026-10-01,TTE
2,0.0004994838194232116,2026-10-01,TTE
3,9.819049628997118e-05,2026-10-01,TTE
4,0.0014318160375956725,2026-10-01,TTE
5,0.0012269461412076855,2026-10-01,TTE
6,0.003068362408406348,2026-10-01,TTE
7,0.004279284621703491,2026-10-01,TTE
8,0.0020212871098713556,2026-10-01,TTE
9,0.0010505019996834891,2026-10-01,TTE
10,-0.002378112633297309,2026-10-01,TTE
11,0.003997103652835103,2026-10-01,TTE
12,0.0028776498779201575,2026-10-01,TTE
13,0.0022597347970969876,2026-10-01,TTE
14,0.0029201715403378327,2026-10-01,TTE
1,-0.0009918147454247663,2026-10-01,TTWO
2,-0.001887175987845777,2026-10-01,TTWO
3,0.006111698279767652,2026-10-01,TTWO
4,-0.0015032381267685566,2026-10-01,TTWO
5,-0.002726047349262887,2026-10-01,TTWO
6,-0.004465636890908083,2026-10-01,TTWO
7,-0.007782762486297736,2026-10-01,TTWO
8,0.0006920453950250766,2026-10-01,TTWO
9,-0.003394534694215255,2026-10-01,TTWO
10,0.003791139646235594,2026-10-01,TTWO
11,0.0003024730424775617,2026-10-01,TTWO
12,-0.002258997534798772,2026-10-01,TTWO
13,-0.005569882338302282,2026-10-01,TTWO
14,0.001094477982318602,2026-10-01,TTWO
1,-0.0006170225352416264,2026-10-01,TU
2,-0.0016474117909597138,2026-10-01,TU
3,0.0031107485408469237,2026-10-01,TU
4,-0.0033256939038004353,2026-10-01,TU
5,5.419097115093648e-05,2026-10-01,TU
6,-0.003068891887705781,2026-10-01,TU
7,-0.004579671784268237,2026-10-01,TU
8,0.001482066835324597,2026-10-01,TU
9,-0.0030566904699575836,2026-10-01,TU
10,0.004379262091542039,2026-10-01,TU
11,0.0005686543634524332,2026-10-01,TU
12,-0.000944104836815975,2026-10-01,TU
13,-0.005810046559535072,2026-10-01,TU
14,-0.0018575244832221122,2026-10-01,TU
1,0.0029959224713675893,2026-10-01,TV
2,0.004635546684695923,2026-10-01,TV
3,-0.0025935388266272873,2026-10-01,TV
4,-0.002357101937291504,2026-10-01,TV
5,-0.007687779948416873,2026-10-01,TV
6,-0.002312985072656797,2026-10-01,TV
7,0.0013486045996260272,2026-10-01,TV
8,0.0011834325344204347,2026-10-01,TV
9,0.00430195415076706,2026-10-01,TV
10,0.003281768325616354,2026-10-01,TV
11,-0.0059878282474767185,2026-10-01,TV
12,0.0016828417392670968,2026-10-01,TV
13,0.003701659727317729,2026-10-01,TV
14,0.011214005843651632,2026-10-01,TV
1,-0.0007935850385037848,2026-10-01,TWLO
2,-0.003560356169397289,2026-10-01,TWLO
3,0.004288128689043326,2026-10-01,TWLO
4,-0.002149901414446304,2026-10-01,TWLO
5,0.00015880701202943004,2026-10-01,TWLO
6,-0.006059395893561032,2026-10-01,TWLO
7,-0.006817324788758608,2026-10-01,TWLO
8,0.0013702763603041102,2026-10-01,TWLO
9,-0.0007668804936063683,2026-10-01,TWLO
10,0.002030249989471736,2026-10-01,TWLO
11,0.00188500578332654,2026-10-01,TWLO
12,-0.002472585964681294,2026-10-01,TWLO
13,-0.004560346188150026,2026-10-01,TWLO
14,-0.002085742590703227,2026-10-01,TWLO
1,0.00012581466825439312,2026-10-01,TWST
2,0.00466255718280057,2026-10-01,TWST
3,-0.004872411808517614,2026-10-01,TWST
4,-0.007162768954434887,2026-10-01,TWST
5,-0.010308517883335875,2026-10-01,TWST
6,-0.004530741602450513,2026-10-01,TWST
7,-0.0021370949556766263,2026-10-01,TWST
8,5.441255499398932e-05,2026-10-01,TWST
9,-0.00034599795824294416,2026-10-01,TWST
10,8.414939477311083e-05,2026-10-01,TWST
11,-0.01265515681130818,2026-10-01,TWST
12,0.0003862344364746252,2026-10-01,TWST
13,0.004148789621799333,2026-10-01,TWST
14,-0.006074964269650552,2026-10-01,TWST
1,-0.0001285736337434576,2026-10-01,TXG
2,0.00544138550255217,2026-10-01,TXG
3,-0.0024021073195457598,2026-10-01,TXG
4,-0.007390609794090646,2026-10-01,TXG
5,-0.009930345791963616,2026-10-01,TXG
6,-0.004508633347560593,2026-10-01,TXG
7,-0.004151428547112143,2026-10-01,TXG
8,-0.000972068015855962,2026-10-01,TXG
9,-0.004017176426499564,2026-10-01,TXG
10,-0.0022609189729990613,2026-10-01,TXG
11,-0.013189290273448548,2026-10-01,TXG
12,0.002459354714828061,2026-10-01,TXG
13,0.004620332840651082,2026-10-01,TXG
14,-0.0023961234288634777,2026-10-01,TXG
1,0.0012354233670658237,2026-10-01,TXN
2,0.0008524505188191394,2026-10-01,TXN
3,0.0017353410163977632,2026-10-01,TXN
4,0.001847436756269787,2026-10-01,TXN
5,0.0017737575457056841,2026-10-01,TXN
6,0.00331866745452674,2026-10-01,TXN
7,0.002284069431110381,2026-10-01,TXN
8,0.003882526072094993,2026-10-01,TXN
9,-0.001544159680621743,2026-10-01,TXN
10,-0.003395432043482503,2026-10-01,TXN
11,-0.0028201671454397025,2026-10-01,TXN
12,0.0014798135901172766,2026-10-01,TXN
13,0.0029783928746466098,2026-10-01,TXN
14,-0.0017713678855873947,2026-10-01,TXN
1,6.437742256003487e-05,2026-10-01,TXRH
2,-0.001773710008349662,2026-10-01,TXRH
3,0.004428376586794029,2026-10-01,TXRH
4,-0.0024204726951342695,2026-10-01,TXRH
5,-0.0003999243959478702,2026-10-01,TXRH
6,-0.004934406536371937,2026-10-01,TXRH
7,-0.0015930357648780155,2026-10-01,TXRH
8,0.0007048875946586396,2026-10-01,TXRH
9,-0.00204270362593034,2026-10-01,TXRH
10,0.004645117211857274,2026-10-01,TXRH
11,0.002663182258840769,2026-10-01,TXRH
12,-7.067794552042608e-06,2026-10-01,TXRH
13,-0.010142417259436933,2026-10-01,TXRH
14,-0.003838595729292324,2026-10-01,TXRH
1,-0.0012646941212837858,2026-10-01,TXT
2,-0.001055079692350181,2026-10-01,TXT
3,0.0027999284172641158,2026-10-01,TXT
4,-0.002657571795398715,2026-10-01,TXT
5,-0.002695820291814135,2026-10-01,TXT
6,-0.004152102419036597,2026-10-01,TXT
7,-0.005281589414203932,2026-10-01,TXT
8,0.0014662812507617814,2026-10-01,TXT
9,-0.004184336199729694,2026-10-01,TXT
10,0.0031447392746604924,2026-10-01,TXT
11,0.0032767271090870173,2026-10-01,TXT
12,0.0015843101103199277,2026-10-01,TXT
13,-0.005242761765131099,2026-10-01,TXT
14,-0.002670418134175814,2026-10-01,TXT
1,-0.0013182184580359379,2026-10-01,U
2,-0.003408657874955904,2026-10-01,U
3,0.0041207002793212716,2026-10-01,U
4,-0.002174741052470115,2026-10-01,U
5,-0.0020829599729850976,2026-10-01,U
6,-0.00625537803998716,2026-10-01,U
7,-0.0068478685106174815,2026-10-01,U
8,0.0015372393654652728,2026-10-01,U
9,-0.0003247940664389635,2026-10-01,U
10,0.001737152901418537,2026-10-01,U
11,0.0008126316525051725,2026-10-01,U
12,-0.0046631603429542505,2026-10-01,U
13,-0.005302117166471701,2026-10-01,U
14,-0.0011439800774648437,2026-10-01,U
1,0.001953951669285488,2026-10-01,UA
2,0.0037440107411183606,2026-10-01,UA
3,-0.0032909968919229973,2026-10-01,UA
4,-0.0022869692347206134,2026-10-01,UA
5,-0.004260434186572355,2026-10-01,UA
6,-0.001970287008846998,2026-10-01,UA
7,-0.0013018287842729626,2026-10-01,UA
8,0.00012588187948938743,2026-10-01,UA
9,-0.0008961560030672286,2026-10-01,UA
10,0.003153169933826978,2026-10-01,UA
11,-0.005721790837270366,2026-10-01,UA
12,-0.0007203084487975371,2026-10-01,UA
13,0.007127576022159052,2026-10-01,UA
14,0.00805098616226516,2026-10-01,UA
1,0.001973075540518703,2026-10-01,UAA
2,0.0037790412671183287,2026-10-01,UAA
3,-0.004016507158729125,2026-10-01,UAA
4,-0.0019207930385592683,2026-10-01,UAA
5,-0.003445264424641859,2026-10-01,UAA
6,-0.002344348960666428,2026-10-01,UAA
7,-0.0010252742058081564,2026-10-01,UAA
8,-0.0008070345266315142,2026-10-01,UAA
9,0.0002836304239177159,2026-10-01,UAA
10,0.003604145835983157,2026-10-01,UAA
11,-0.0060941041151238474,2026-10-01,UAA
12,-0.0010588725558650298,2026-10-01,UAA
13,0.005079988939681418,2026-10-01,UAA
14,0.007801987293855091,2026-10-01,UAA
1,-0.0005675270014225893,2026-10-01,UAL
2,-0.0002159815092016186,2026-10-01,UAL
3,0.004071917746349341,2026-10-01,UAL
4,-0.0027047139972343117,2026-10-01,UAL
5,-0.0010245533285205488,2026-10-01,UAL
6,-0.006803774948349625,2026-10-01,UAL
7,-0.009750891771149246,2026-10-01,UAL
8,-0.0007363182672097271,2026-10-01,UAL
9,-0.003924194013150459,2026-10-01,UAL
10,0.0009702702179705162,2026-10-01,UAL
11,-3.1471388234514054e-05,2026-10-01,UAL
12,-0.0040810837023299296,2026-10-01,UAL
13,-0.007409081436285634,2026-10-01,UAL
14,-0.0033821755801044387,2026-10-01,UAL
1,0.00020429075747399464,2026-10-01,UBER
2,0.0010625675702672923,2026-10-01,UBER
3,0.0016409554202362377,2026-10-01,UBER
4,0.0015197214405563465,2026-10-01,UBER
5,0.0015091021819363946,2026-10-01,UBER
6,0.0055218075456737676,2026-10-01,UBER
7,0.005858969048190504,2026-10-01,UBER
8,0.0009851686577033285,2026-10-01,UBER
9,0.005991968809756204,2026-10-01,UBER
10,-0.0039014525870031593,2026-10-01,UBER
11,0.005778377073746415,2026-10-01,UBER
12,0.003961063761718103,2026-10-01,UBER
13,0.0069272700282515505,2026-10-01,UBER
14,0.0011664961916503062,2026-10-01,UBER
1,0.0012740211782894658,2026-10-01,UBS
2,-0.00014314937507780068,2026-10-01,UBS
3,0.0014718064061644684,2026-10-01,UBS
4,0.001080679952056962,2026-10-01,UBS
5,0.0029255637205790074,2026-10-01,UBS
6,0.005469907980293721,2026-10-01,UBS
7,0.0027407400033733842,2026-10-01,UBS
8,0.0016914748346666072,2026-10-01,UBS
9,0.0041409803299321726,2026-10-01,UBS
10,-0.002732453679340437,2026-10-01,UBS
11,0.009041242813299006,2026-10-01,UBS
12,0.0057959317810074035,2026-10-01,UBS
13,0.005351104622957573,2026-10-01,UBS
14,-0.0005526931271826346,2026-10-01,UBS
1,-0.0013562175262590668,2026-10-01,UDR
2,-0.0018956988405163396,2026-10-01,UDR
3,0.0014969986475896065,2026-10-01,UDR
4,-0.0015375137338253472,2026-10-01,UDR
5,-0.002133456266304954,2026-10-01,UDR
6,-0.004545514065503935,2026-10-01,UDR
7,-0.004146857788657856,2026-10-01,UDR
8,0.003943762731216513,2026-10-01,UDR
9,-0.0018597425416778557,2026-10-01,UDR
10,0.003516897815573996,2026-10-01,UDR
11,3.426657474789762e-05,2026-10-01,UDR
12,-0.0024431966536334502,2026-10-01,UDR
13,-0.008671043672864663,2026-10-01,UDR
14,-0.00409302525778506,2026-10-01,UDR
1,0.000999028727164635,2026-10-01,UEC
2,0.008092330541589405,2026-10-01,UEC
3,-0.0021788816780104977,2026-10-01,UEC
4,-0.0007983308979697383,2026-10-01,UEC
5,-0.004899137208725848,2026-10-01,UEC
6,-0.002026782051233484,2026-10-01,UEC
7,0.00016206222332838655,2026-10-01,UEC
8,-0.0024890120269306704,2026-10-01,UEC
9,-0.004545350570242284,2026-10-01,UEC
10,0.0034702292586817093,2026-10-01,UEC
11,-0.007273501109658811,2026-10-01,UEC
12,0.00734871257655692,2026-10-01,UEC
13,0.003381746125364907,2026-10-01,UEC
14,0.004194634339804012,2026-10-01,UEC
1,0.002800145910343303,2026-10-01,UGP
2,0.004320217343393239,2026-10-01,UGP
3,-0.004730928311417267,2026-10-01,UGP
4,-0.002201800879657585,2026-10-01,UGP
5,-0.008039907748032631,2026-10-01,UGP
6,0.0007409091753100872,2026-10-01,UGP
7,-0.0025958637313923377,2026-10-01,UGP
8,-0.00020240676475865484,2026-10-01,UGP
9,0.002281924440634575,2026-10-01,UGP
10,0.0009306910047211336,2026-10-01,UGP
11,-0.006139416305438281,2026-10-01,UGP
12,0.0040389053164467965,2026-10-01,UGP
13,0.003696799399266138,2026-10-01,UGP
14,0.004891788092072222,2026-10-01,UGP
1,0.0005319028577626519,2026-10-01,UL
2,0.00012109864954101337,2026-10-01,UL
3,0.0015320993779738082,2026-10-01,UL
4,0.0006666136502280286,2026-10-01,UL
5,0.001355718277187922,2026-10-01,UL
6,0.004276290675349674,2026-10-01,UL
7,0.0030561921854872164,2026-10-01,UL
8,0.0004146028976430557,2026-10-01,UL
9,0.004468052984060043,2026-10-01,UL
10,-0.00254599527305074,2026-10-01,UL
11,0.004651554586297915,2026-10-01,UL
12,0.005147453609674865,2026-10-01,UL
13,0.0033964221731734388,2026-10-01,UL
14,0.0006037532066397413,2026-10-01,UL
1,0.001865726881731224,2026-10-01,ULCC
2,0.0036624385861178032,2026-10-01,ULCC
3,-0.0037505698093259127,2026-10-01,ULCC
4,-0.0031557534864826977,2026-10-01,ULCC
5,-0.005669154122761293,2026-10-01,ULCC
6,0.00253562627463078,2026-10-01,ULCC
7,0.0011872281348500927,2026-10-01,ULCC
8,0.0003048562771831023,2026-10-01,ULCC
9,-0.00776081547767724,2026-10-01,ULCC
10,0.00011862960411736311,2026-10-01,ULCC
11,-0.0007244023755563945,2026-10-01,ULCC
12,0.0026912657218988037,2026-10-01,ULCC
13,-0.0004518706010232572,2026-10-01,ULCC
14,0.006287337051220436,2026-10-01,ULCC
1,-0.0025389132342383035,2026-10-01,ULTA
2,-0.0019127658987223603,2026-10-01,ULTA
3,0.004058144687200807,2026-10-01,ULTA
4,-0.001936731610317144,2026-10-01,ULTA
5,-0.00026883528493996326,2026-10-01,ULTA
6,-0.005311105188725975,2026-10-01,ULTA
7,-0.005016294109289328,2026-10-01,ULTA
8,0.001782363790919259,2026-10-01,ULTA
9,-0.0018895582161822292,2026-10-01,ULTA
10,0.0012910213605942576,2026-10-01,ULTA
11,0.004307828986761553,2026-10-01,ULTA
12,-0.004477269670029989,2026-10-01,ULTA
13,-0.006486021027974856,2026-10-01,ULTA
14,-0.004246707785557297,2026-10-01,ULTA
1,0.0004690296027151845,2026-10-01,UNH
2,-0.00048268440032288616,2026-10-01,UNH
3,0.0011483503675415202,2026-10-01,UNH
4,0.00033531439512490694,2026-10-01,UNH
5,0.0015230878360962805,2026-10-01,UNH
6,0.0026568643754141612,2026-10-01,UNH
7,0.004618990253849125,2026-10-01,UNH
8,0.0005859213104693301,2026-10-01,UNH
9,0.0009168388094865759,2026-10-01,UNH
10,-0.003052748324514749,2026-10-01,UNH
11,0.0004714756485633136,2026-10-01,UNH
12,0.005035311040712406,2026-10-01,UNH
13,0.004330772677936963,2026-10-01,UNH
14,0.0008719375481396844,2026-10-01,UNH
1,-0.0007725284108074818,2026-10-01,UNM
2,-0.0015416585566608528,2026-10-01,UNM
3,0.003200091098226849,2026-10-01,UNM
4,-0.001271604599751957,2026-10-01,UNM
5,-0.0020897168855436563,2026-10-01,UNM
6,-0.005212986084064225,2026-10-01,UNM
7,-0.005096242681668236,2026-10-01,UNM
8,0.0005166919111870597,2026-10-01,UNM
9,-0.0016991921518782916,2026-10-01,UNM
10,0.0037931357586078037,2026-10-01,UNM
11,0.003192106184355403,2026-10-01,UNM
12,-0.00025982943205157013,2026-10-01,UNM
13,-0.004750090315776816,2026-10-01,UNM
14,0.00045526064045006714,2026-10-01,UNM
1,0.0005855493262217688,2026-10-01,UNP
2,0.000558182560435848,2026-10-01,UNP
3,0.00017766254464075096,2026-10-01,UNP
4,0.0008598389882511528,2026-10-01,UNP
5,0.0033918988932535215,2026-10-01,UNP
6,0.004393241212420427,2026-10-01,UNP
7,0.0033330549716601983,2026-10-01,UNP
8,-0.0010682412147415153,2026-10-01,UNP
9,0.004793988760892333,2026-10-01,UNP
10,-0.0013466205686098155,2026-10-01,UNP
11,0.005179684514231257,2026-10-01,UNP
12,0.0035767693051386895,2026-10-01,UNP
13,0.005610138877423917,2026-10-01,UNP
14,0.0003926508433497631,2026-10-01,UNP
1,0.0005505366503649544,2026-10-01,UPS
2,-0.00045280083722091017,2026-10-01,UPS
3,0.0008440250588439692,2026-10-01,UPS
4,0.001880530457708538,2026-10-01,UPS
5,0.0008456218212272713,2026-10-01,UPS
6,0.0018900662319615942,2026-10-01,UPS
7,0.0040035106093711265,2026-10-01,UPS
8,0.0009310642180509778,2026-10-01,UPS
9,0.0030210108296841003,2026-10-01,UPS
10,-0.0019733878188916173,2026-10-01,UPS
11,0.0018836791960780178,2026-10-01,UPS
12,0.003760822500154702,2026-10-01,UPS
13,0.004828848891591249,2026-10-01,UPS
14,-0.0005311864545355528,2026-10-01,UPS
1,0.0018277284462509757,2026-10-01,UPWK
2,0.0026007418783877087,2026-10-01,UPWK
3,-0.003703311542713832,2026-10-01,UPWK
4,-0.001832248500788689,2026-10-01,UPWK
5,-0.005866789491412076,2026-10-01,UPWK
6,0.0011626376832309011,2026-10-01,UPWK
7,-0.002258905722469843,2026-10-01,UPWK
8,-0.0013185018351668228,2026-10-01,UPWK
9,-0.006480789759918026,2026-10-01,UPWK
10,-0.00120384572219762,2026-10-01,UPWK
11,-0.005105371136096543,2026-10-01,UPWK
12,0.0038719523803205733,2026-10-01,UPWK
13,0.002676158811083974,2026-10-01,UPWK
14,0.007567487323309055,2026-10-01,UPWK
1,0.0026129152775631512,2026-10-01,URBN
2,0.005349619468179,2026-10-01,URBN
3,-0.005231771710198718,2026-10-01,URBN
4,-0.002512970604494287,2026-10-01,URBN
5,-0.006580147373258926,2026-10-01,URBN
6,0.0014844852840249678,2026-10-01,URBN
7,-0.00229547568329902,2026-10-01,URBN
8,-0.0005913658824634215,2026-10-01,URBN
9,-0.002401707850132664,2026-10-01,URBN
10,0.0025332152334607743,2026-10-01,URBN
11,-0.005370868041196965,2026-10-01,URBN
12,0.006090688734157646,2026-10-01,URBN
13,0.003137809603268587,2026-10-01,URBN
14,0.006754953874464492,2026-10-01,URBN
1,0.0005098768096197924,2026-10-01,USB
2,-0.0005610107582183529,2026-10-01,USB
3,0.001234849122083897,2026-10-01,USB
4,0.0013780649905394482,2026-10-01,USB
5,0.002080248717005376,2026-10-01,USB
6,0.003932858387835844,2026-10-01,USB
7,0.0027705126121853776,2026-10-01,USB
8,0.0011406895879872,2026-10-01,USB
9,0.0012192930256391557,2026-10-01,USB
10,-0.00234009754072109,2026-10-01,USB
11,0.004375551045704971,2026-10-01,USB
12,0.002928918919924376,2026-10-01,USB
13,0.007372915024943153,2026-10-01,USB
14,-0.001256675839971774,2026-10-01,USB
1,-0.0011756623608774658,2026-10-01,USFD
2,-0.002614753289493318,2026-10-01,USFD
3,0.002984103991165078,2026-10-01,USFD
4,-0.005018773276066026,2026-10-01,USFD
5,-0.0014454059184883911,2026-10-01,USFD
6,-0.004969622368220286,2026-10-01,USFD
7,-0.004136070896854144,2026-10-01,USFD
8,-0.0004894418804805786,2026-10-01,USFD
9,-0.0029145866917951934,2026-10-01,USFD
10,0.0007687559069953123,2026-10-01,USFD
11,0.003828910910892723,2026-10-01,USFD
12,-0.0017254810466076026,2026-10-01,USFD
13,-0.008321274885161673,2026-10-01,USFD
14,-0.005020277749223586,2026-10-01,USFD
1,0.0019485639029544132,2026-10-01,UUUU
2,0.006921382570096856,2026-10-01,UUUU
3,-0.0011136078947713212,2026-10-01,UUUU
4,-0.002567305042242904,2026-10-01,UUUU
5,-0.006671305347204616,2026-10-01,UUUU
6,-0.003943694745942285,2026-10-01,UUUU
7,0.0006166099993030119,2026-10-01,UUUU
8,0.0018711065412964404,2026-10-01,UUUU
9,-0.0004677102014673895,2026-10-01,UUUU
10,0.003607907519520405,2026-10-01,UUUU
11,-0.0063952945193967966,2026-10-01,UUUU
12,0.0022754385435357983,2026-10-01,UUUU
13,0.0032151310835522675,2026-10-01,UUUU
14,0.0008285138389705044,2026-10-01,UUUU
1,0.00014800445289288696,2026-10-01,UWMC
2,0.00025741877243334074,2026-10-01,UWMC
3,0.003595048767359195,2026-10-01,UWMC
4,-0.0014824543563092944,2026-10-01,UWMC
5,-0.002872449271620329,2026-10-01,UWMC
6,-0.005409094229822624,2026-10-01,UWMC
7,-0.006236530854846223,2026-10-01,UWMC
8,0.002601012206716194,2026-10-01,UWMC
9,-0.0008947950976578812,2026-10-01,UWMC
10,0.0022156515211754994,2026-10-01,UWMC
11,-0.0005649856111631652,2026-10-01,UWMC
12,0.00011383174214273946,2026-10-01,UWMC
13,-0.006078684207161388,2026-10-01,UWMC
14,-0.0027370295437059763,2026-10-01,UWMC
1,0.0006018930328382882,2026-10-01,V
2,-0.000688193061388776,2026-10-01,V
3,0.001363447051453611,2026-10-01,V
4,0.0007360720257586496,2026-10-01,V
5,5.7720322158756814e-05,2026-10-01,V
6,0.0017285725587713036,2026-10-01,V
7,0.0038461336948081484,2026-10-01,V
8,0.000795801395371344,2026-10-01,V
9,0.006000371860031441,2026-10-01,V
10,-0.003196606169275114,2026-10-01,V
11,0.004179331015069749,2026-10-01,V
12,0.003946641401444852,2026-10-01,V
13,0.0035987647508861397,2026-10-01,V
14,-0.001125112994951258,2026-10-01,V
1,-0.00142235940182009,2026-10-01,VAL
2,-0.001070319603515026,2026-10-01,VAL
3,0.002791901022010991,2026-10-01,VAL
4,-0.0017495946717443825,2026-10-01,VAL
5,-0.0008576592480754993,2026-10-01,VAL
6,-0.0036526694353684274,2026-10-01,VAL
7,-0.002759911143009513,2026-10-01,VAL
8,0.0015587709286019216,2026-10-01,VAL
9,-0.0007928314472157795,2026-10-01,VAL
10,0.0019857179753929115,2026-10-01,VAL
11,0.0025476683277419728,2026-10-01,VAL
12,-0.0003129168778040577,2026-10-01,VAL
13,-0.006124168377418337,2026-10-01,VAL
14,-0.0026215609222800754,2026-10-01,VAL
1,-0.0005295757920488494,2026-10-01,VALE
2,-0.0010994918116439747,2026-10-01,VALE
3,0.004049286562580318,2026-10-01,VALE
4,-0.0006486720474322955,2026-10-01,VALE
5,-0.0008369128155478726,2026-10-01,VALE
6,-0.004086711257853195,2026-10-01,VALE
7,-0.0031019387662771024,2026-10-01,VALE
8,0.0002954022377447852,2026-10-01,VALE
9,-0.00076432521555326,2026-10-01,VALE
10,0.004177797420141396,2026-10-01,VALE
11,0.0034669545448636195,2026-10-01,VALE
12,-0.0015538133500857614,2026-10-01,VALE
13,-0.007543330025863337,2026-10-01,VALE
14,-0.00197608310474776,2026-10-01,VALE
1,0.0006208437265155629,2026-10-01,VCYT
2,0.004573840774447114,2026-10-01,VCYT
3,-0.004286587040805283,2026-10-01,VCYT
4,-0.002559150272991043,2026-10-01,VCYT
5,-0.00657965273683613,2026-10-01,VCYT
6,-0.0027619135042929134,2026-10-01,VCYT
7,-0.0017878659525665064,2026-10-01,VCYT
8,-0.002102636520336972,2026-10-01,VCYT
9,-0.0009086671921498481,2026-10-01,VCYT
10,0.0033675632931767854,2026-10-01,VCYT
11,-0.004716949355405579,2026-10-01,VCYT
12,0.0021382991972393813,2026-10-01,VCYT
13,0.0027215999289293474,2026-10-01,VCYT
14,0.0014025029309446256,2026-10-01,VCYT
1,-0.0008974848770254356,2026-10-01,VEEV
2,-0.002557022271128208,2026-10-01,VEEV
3,0.0038340218932234587,2026-10-01,VEEV
4,-0.0013837452186311171,2026-10-01,VEEV
5,0.0003597940977920557,2026-10-01,VEEV
6,-0.003933827166264835,2026-10-01,VEEV
7,-0.005391730093520283,2026-10-01,VEEV
8,8.765488401075771e-05,2026-10-01,VEEV
9,-0.0020778322078181337,2026-10-01,VEEV
10,1.9712635349449416e-05,2026-10-01,VEEV
11,0.004036933354676203,2026-10-01,VEEV
12,-0.0043969911741912485,2026-10-01,VEEV
13,-0.00650036125417903,2026-10-01,VEEV
14,-0.002583929424240293,2026-10-01,VEEV
1,-0.0004819911055588894,2026-10-01,VERX
2,-0.0018301357393227813,2026-10-01,VERX
3,0.0038190768243276906,2026-10-01,VERX
4,-0.0022442146836173507,2026-10-01,VERX
5,-0.0009684846258105451,2026-10-01,VERX
6,-0.004375438028667423,2026-10-01,VERX
7,-0.0060725128099395976,2026-10-01,VERX
8,0.0029864576164699832,2026-10-01,VERX
9,-0.003237956430670996,2026-10-01,VERX
10,-0.00043458038602832254,2026-10-01,VERX
11,0.0011311036159445615,2026-10-01,VERX
12,-0.002614363159039655,2026-10-01,VERX
13,-0.0066893952448841155,2026-10-01,VERX
14,-0.0014921936145687285,2026-10-01,VERX
1,0.0003118072123151739,2026-10-01,VET
2,0.0039406012143249,2026-10-01,VET
3,-0.004832108027159898,2026-10-01,VET
4,-0.006090025203115138,2026-10-01,VET
5,-0.004162246454162138,2026-10-01,VET
6,0.003411755272087598,2026-10-01,VET
7,-0.005506325251655015,2026-10-01,VET
8,0.0033761804629703096,2026-10-01,VET
9,-0.0002736354949118154,2026-10-01,VET
10,0.003382717007045886,2026-10-01,VET
11,-0.005084102775363229,2026-10-01,VET
12,0.0050864292576604745,2026-10-01,VET
13,0.01021508548674847,2026-10-01,VET
14,0.0034132331509432547,2026-10-01,VET
1,-0.001451266325377885,2026-10-01,VFC
2,0.0001146833911738811,2026-10-01,VFC
3,0.003610453092319769,2026-10-01,VFC
4,-0.00027687884671574335,2026-10-01,VFC
5,0.0030247403290437915,2026-10-01,VFC
6,-0.00383894729283727,2026-10-01,VFC
7,-0.005437627435118346,2026-10-01,VFC
8,-0.0006373191313410429,2026-10-01,VFC
9,0.0022187301840666937,2026-10-01,VFC
10,0.006211899564619921,2026-10-01,VFC
11,0.003703046573323504,2026-10-01,VFC
12,-0.0034387467499163663,2026-10-01,VFC
13,-0.0035775799433766134,2026-10-01,VFC
14,-0.0006124875908257844,2026-10-01,VFC
1,0.0016430850813191735,2026-10-01,VIAV
2,0.00438637841062711,2026-10-01,VIAV
3,-0.002921327874047522,2026-10-01,VIAV
4,-1.6599388015247887e-05,2026-10-01,VIAV
5,-0.011440975951517714,2026-10-01,VIAV
6,-0.008102832759496971,2026-10-01,VIAV
7,-0.001004706277061593,2026-10-01,VIAV
8,-0.0014833577062103162,2026-10-01,VIAV
9,-0.004361897446665693,2026-10-01,VIAV
10,0.006459700854514498,2026-10-01,VIAV
11,-0.003442116877852012,2026-10-01,VIAV
12,0.0024259146926727117,2026-10-01,VIAV
13,0.0017003937232020394,2026-10-01,VIAV
14,0.00861482431573082,2026-10-01,VIAV
1,-0.0006960208990012276,2026-10-01,VICI
2,-0.0014303914870147682,2026-10-01,VICI
3,0.0013018992292186092,2026-10-01,VICI
4,-0.0013385513244946322,2026-10-01,VICI
5,0.0008913352885429525,2026-10-01,VICI
6,-0.0033715532585934307,2026-10-01,VICI
7,-0.0026930782005271723,2026-10-01,VICI
8,0.0007149303233801882,2026-10-01,VICI
9,-0.0010527358937137041,2026-10-01,VICI
10,0.0011525717657817217,2026-10-01,VICI
11,0.003768133309938128,2026-10-01,VICI
12,-0.005501111694004299,2026-10-01,VICI
13,-0.007647193776161199,2026-10-01,VICI
14,-0.0027112491403116917,2026-10-01,VICI
1,-0.0009735848010937833,2026-10-01,VIK
2,-0.000847372886011621,2026-10-01,VIK
3,0.00310108023655611,2026-10-01,VIK
4,-0.0033964969439044916,2026-10-01,VIK
5,0.0012505941837628863,2026-10-01,VIK
6,-0.004840044192993748,2026-10-01,VIK
7,-0.001963784422367876,2026-10-01,VIK
8,0.0007415676695304217,2026-10-01,VIK
9,0.0001587249626790969,2026-10-01,VIK
10,0.0020965468303614054,2026-10-01,VIK
11,0.0030921167224133247,2026-10-01,VIK
12,0.0009250801642288185,2026-10-01,VIK
13,-0.007786032643691666,2026-10-01,VIK
14,-0.0009786467054485682,2026-10-01,VIK
1,-0.0018047864806422734,2026-10-01,VIPS
2,-0.00043434264460032965,2026-10-01,VIPS
3,0.00244441403227356,2026-10-01,VIPS
4,-0.001673080759904599,2026-10-01,VIPS
5,-0.0010819888033180092,2026-10-01,VIPS
6,-0.006051006399374837,2026-10-01,VIPS
7,-0.004059400871890937,2026-10-01,VIPS
8,-0.0002498394599507074,2026-10-01,VIPS
9,-0.002564508763941087,2026-10-01,VIPS
10,0.0002598593742450411,2026-10-01,VIPS
11,0.004328517527169426,2026-10-01,VIPS
12,0.001472777734479707,2026-10-01,VIPS
13,-0.00813731353209121,2026-10-01,VIPS
14,-0.0041621147210284025,2026-10-01,VIPS
1,0.0008061304021155966,2026-10-01,VIR
2,0.00345430127743243,2026-10-01,VIR
3,-0.004371492555937882,2026-10-01,VIR
4,-0.00888494426107,2026-10-01,VIR
5,-0.009602304736254124,2026-10-01,VIR
6,-0.0008440311958370434,2026-10-01,VIR
7,-0.0023124279644653164,2026-10-01,VIR
8,-0.0003083706815943753,2026-10-01,VIR
9,-0.0012997757804928557,2026-10-01,VIR
10,3.533131735311252e-05,2026-10-01,VIR
11,-0.012915511759826174,2026-10-01,VIR
12,0.0007177254481566769,2026-10-01,VIR
13,0.003956780474344654,2026-10-01,VIR
14,0.004024851249844437,2026-10-01,VIR
1,-0.0006767753164036673,2026-10-01,VIRT
2,0.004730038849772511,2026-10-01,VIRT
3,-0.0026641253466655602,2026-10-01,VIRT
4,-0.003437723672956674,2026-10-01,VIRT
5,-0.004822160548497919,2026-10-01,VIRT
6,0.0017637596346328375,2026-10-01,VIRT
7,-0.0031337774341025078,2026-10-01,VIRT
8,0.0038838133548748984,2026-10-01,VIRT
9,-0.0007802792467458058,2026-10-01,VIRT
10,0.0004485632489300051,2026-10-01,VIRT
11,-0.0066143584488330435,2026-10-01,VIRT
12,0.008298700132380914,2026-10-01,VIRT
13,0.005971465043685499,2026-10-01,VIRT
14,0.0036388371191979655,2026-10-01,VIRT
1,-1.9048780562170646e-05,2026-10-01,VKTX
2,-0.00196369253463946,2026-10-01,VKTX
3,0.004034337175522447,2026-10-01,VKTX
4,-0.0037978695641769588,2026-10-01,VKTX
5,0.0009557531939039629,2026-10-01,VKTX
6,-0.005026343376580158,2026-10-01,VKTX
7,-0.0028255812130270866,2026-10-01,VKTX
8,0.0023717197723356212,2026-10-01,VKTX
9,-0.0008384580756891703,2026-10-01,VKTX
10,0.003045546183725155,2026-10-01,VKTX
11,0.003708596622819048,2026-10-01,VKTX
12,0.00031108667886877784,2026-10-01,VKTX
13,-0.0008874111540000222,2026-10-01,VKTX
14,0.00023204338863376935,2026-10-01,VKTX
1,-0.0008707211152653177,2026-10-01,VLO
2,-0.0014846509610783871,2026-10-01,VLO
3,0.0054588243749565685,2026-10-01,VLO
4,-0.00012445627456565786,2026-10-01,VLO
5,-0.0009802457716360294,2026-10-01,VLO
6,-0.0025759730771095636,2026-10-01,VLO
7,-0.0038921762250815036,2026-10-01,VLO
8,-0.00031649070074735706,2026-10-01,VLO
9,0.00013508475067476586,2026-10-01,VLO
10,0.0033824604991584475,2026-10-01,VLO
11,0.0021411023557789204,2026-10-01,VLO
12,-0.0024505149510754254,2026-10-01,VLO
13,-0.006027155484513209,2026-10-01,VLO
14,-0.004213399772707756,2026-10-01,VLO
1,-0.0011031686535418373,2026-10-01,VLTO
2,-0.0026385946554601213,2026-10-01,VLTO
3,0.0018848629825916298,2026-10-01,VLTO
4,-0.0023345452576892757,2026-10-01,VLTO
5,0.001539420128900526,2026-10-01,VLTO
6,-0.002334524855277634,2026-10-01,VLTO
7,-0.0036410888329718545,2026-10-01,VLTO
8,0.001548909732801498,2026-10-01,VLTO
9,-0.003134733121918595,2026-10-01,VLTO
10,0.0007054928833949329,2026-10-01,VLTO
11,0.003932338446698054,2026-10-01,VLTO
12,-0.0016732861275613716,2026-10-01,VLTO
13,-0.005287029951348498,2026-10-01,VLTO
14,-0.002840484730082796,2026-10-01,VLTO
1,0.0013521715283436393,2026-10-01,VLY
2,0.003336794274263864,2026-10-01,VLY
3,-0.0050727938657577866,2026-10-01,VLY
4,-0.0030133379855672255,2026-10-01,VLY
5,-0.004968721049131433,2026-10-01,VLY
6,0.0014236918373395425,2026-10-01,VLY
7,-0.0013356618046049483,2026-10-01,VLY
8,0.002026209181331887,2026-10-01,VLY
9,-0.001146612557243709,2026-10-01,VLY
10,-0.001562823465025876,2026-10-01,VLY
11,-0.001154469322519823,2026-10-01,VLY
12,0.002378928771686388,2026-10-01,VLY
13,0.005168794710012592,2026-10-01,VLY
14,0.006660283061829809,2026-10-01,VLY
1,-0.0010145138600583814,2026-10-01,VNOM
2,-0.0008577670028324736,2026-10-01,VNOM
3,0.0015282537790860264,2026-10-01,VNOM
4,-0.0031264122627920827,2026-10-01,VNOM
5,-0.0005657924708163774,2026-10-01,VNOM
6,-0.003791211212328504,2026-10-01,VNOM
7,-0.003769398699109632,2026-10-01,VNOM
8,0.0003612811579417742,2026-10-01,VNOM
9,-0.0010552956178182136,2026-10-01,VNOM
10,0.0003187907044365697,2026-10-01,VNOM
11,0.0042208620264755125,2026-10-01,VNOM
12,-0.0006670858966541093,2026-10-01,VNOM
13,-0.002805653858512171,2026-10-01,VNOM
14,-0.0007433016294103854,2026-10-01,VNOM
1,-0.0009217767916683999,2026-10-01,VOD
2,-0.00201619646194548,2026-10-01,VOD
3,0.0028397663098822918,2026-10-01,VOD
4,-0.003153100493436819,2026-10-01,VOD
5,-0.0004901022302364033,2026-10-01,VOD
6,-0.003299841345518418,2026-10-01,VOD
7,-0.003643327922976669,2026-10-01,VOD
8,0.0021680620195026323,2026-10-01,VOD
9,-0.004242076318934646,2026-10-01,VOD
10,0.004399543807101029,2026-10-01,VOD
11,0.0006711825908133683,2026-10-01,VOD
12,-0.0018192545237643593,2026-10-01,VOD
13,-0.0065107592405249815,2026-10-01,VOD
14,-0.0035511683115861297,2026-10-01,VOD
1,0.0015454421322329403,2026-10-01,VRDN
2,0.0032240440437022707,2026-10-01,VRDN
3,-0.0018181025931322285,2026-10-01,VRDN
4,-0.004147240066881183,2026-10-01,VRDN
5,-0.0041244299986304255,2026-10-01,VRDN
6,-0.00019786738827697688,2026-10-01,VRDN
7,0.0023519984416275766,2026-10-01,VRDN
8,0.002960348866400094,2026-10-01,VRDN
9,-0.0008797092214803361,2026-10-01,VRDN
10,0.0035630871305102167,2026-10-01,VRDN
11,-0.0012022481982711572,2026-10-01,VRDN
12,0.006229905504796193,2026-10-01,VRDN
13,0.005918627444691801,2026-10-01,VRDN
14,0.010217437388953967,2026-10-01,VRDN
1,0.0024383058734533747,2026-10-01,VRNS
2,0.004790321877806776,2026-10-01,VRNS
3,-0.0011757713275934163,2026-10-01,VRNS
4,-0.00082989728089268,2026-10-01,VRNS
5,-0.006132235729699995,2026-10-01,VRNS
6,-0.0036126221346916873,2026-10-01,VRNS
7,-0.002402745175594257,2026-10-01,VRNS
8,-0.0022883286746521935,2026-10-01,VRNS
9,9.543335799540575e-05,2026-10-01,VRNS
10,0.006172836588497087,2026-10-01,VRNS
11,-0.0029440739142109957,2026-10-01,VRNS
12,0.0031662301123859984,2026-10-01,VRNS
13,0.004332409218099121,2026-10-01,VRNS
14,0.005907686768171424,2026-10-01,VRNS
1,0.0019692454699766363,2026-10-01,VRRM
2,0.0029754260127227957,2026-10-01,VRRM
3,-0.008358662618760762,2026-10-01,VRRM
4,-0.001973505132648953,2026-10-01,VRRM
5,-0.005632427543703826,2026-10-01,VRRM
6,0.000655950636257298,2026-10-01,VRRM
7,-0.0024963673180806315,2026-10-01,VRRM
8,-0.003148166329379814,2026-10-01,VRRM
9,-0.0015832948791409194,2026-10-01,VRRM
10,-0.001902874788650439,2026-10-01,VRRM
11,-0.004891820064452396,2026-10-01,VRRM
12,0.003074171629126202,2026-10-01,VRRM
13,0.007611106266945136,2026-10-01,VRRM
14,0.006388991417412624,2026-10-01,VRRM
1,-0.002299288917728971,2026-10-01,VRT
2,-0.002170264887326215,2026-10-01,VRT
3,0.0022972744815276335,2026-10-01,VRT
4,0.00021062761497477858,2026-10-01,VRT
5,-0.002240949068763154,2026-10-01,VRT
6,-0.006334353712498194,2026-10-01,VRT
7,-0.0031129978673754624,2026-10-01,VRT
8,0.0017412781463070207,2026-10-01,VRT
9,-0.0036807708691478113,2026-10-01,VRT
10,0.006955764974742579,2026-10-01,VRT
11,0.004069238847896078,2026-10-01,VRT
12,6.648162142081795e-05,2026-10-01,VRT
13,-0.004746942531539622,2026-10-01,VRT
14,-0.000883342587150557,2026-10-01,VRT
1,0.0008247389332654623,2026-10-01,VRTX
2,0.0002560719426111065,2026-10-01,VRTX
3,0.001842609986725446,2026-10-01,VRTX
4,0.00012535834008278285,2026-10-01,VRTX
5,0.00045977242120121654,2026-10-01,VRTX
6,0.003949792023383124,2026-10-01,VRTX
7,0.003807536957803329,2026-10-01,VRTX
8,-0.0001073665135045309,2026-10-01,VRTX
9,0.0053707341329486055,2026-10-01,VRTX
10,-0.00374030322270531,2026-10-01,VRTX
11,0.003927269425758021,2026-10-01,VRTX
12,0.003244221015334936,2026-10-01,VRTX
13,0.0067231802301217026,2026-10-01,VRTX
14,0.001384790222581397,2026-10-01,VRTX
1,0.0016060351043539751,2026-10-01,VSAT
2,0.005450212400370715,2026-10-01,VSAT
3,-0.0031431411511546777,2026-10-01,VSAT
4,-0.0030569354484744284,2026-10-01,VSAT
5,-0.007336854517958667,2026-10-01,VSAT
6,-0.004385147182927022,2026-10-01,VSAT
7,-0.0025994406867573096,2026-10-01,VSAT
8,0.00021827025389883987,2026-10-01,VSAT
9,-0.00035077569326579915,2026-10-01,VSAT
10,0.004594920454915239,2026-10-01,VSAT
11,-0.005111198492979968,2026-10-01,VSAT
12,0.003955407658037414,2026-10-01,VSAT
13,0.0015694595318888498,2026-10-01,VSAT
14,0.009467773414817953,2026-10-01,VSAT
1,0.0016714743235012777,2026-10-01,VSH
2,0.005832150156240183,2026-10-01,VSH
3,-0.00482493845491456,2026-10-01,VSH
4,-0.0015230446021776904,2026-10-01,VSH
5,-0.009483668775906905,2026-10-01,VSH
6,-0.0072796340080355315,2026-10-01,VSH
7,-0.008270762458602617,2026-10-01,VSH
8,-0.005152322103818594,2026-10-01,VSH
9,-0.00749923248519446,2026-10-01,VSH
10,0.00014049778550993087,2026-10-01,VSH
11,-0.008324393605689295,2026-10-01,VSH
12,0.0038290370484909283,2026-10-01,VSH
13,0.004014190308672797,2026-10-01,VSH
14,0.0023989110593587906,2026-10-01,VSH
1,-0.0011253464867057787,2026-10-01,VST
2,-0.0009025814416126635,2026-10-01,VST
3,0.0038644286268393565,2026-10-01,VST
4,-0.0014660363353731394,2026-10-01,VST
5,-1.131759738679238e-05,2026-10-01,VST
6,-0.0030148228996699335,2026-10-01,VST
7,-0.005475670115706179,2026-10-01,VST
8,0.0006544255582128707,2026-10-01,VST
9,-0.0026402951680947863,2026-10-01,VST
10,0.005370833918895297,2026-10-01,VST
11,0.001863432617464598,2026-10-01,VST
12,-0.0006063834597821069,2026-10-01,VST
13,-0.0020156617501428664,2026-10-01,VST
14,-0.0031162528503676508,2026-10-01,VST
1,0.0019064991993153176,2026-10-01,VSTS
2,0.0024934011620789567,2026-10-01,VSTS
3,-0.0012692288422732816,2026-10-01,VSTS
4,-0.0024704537440632234,2026-10-01,VSTS
5,-0.0068866376608300575,2026-10-01,VSTS
6,-0.004350771256721234,2026-10-01,VSTS
7,-0.004937721641638909,2026-10-01,VSTS
8,-0.00015727175944798687,2026-10-01,VSTS
9,-0.0018819324002949042,2026-10-01,VSTS
10,0.002609622465883584,2026-10-01,VSTS
11,-0.0037416436147172413,2026-10-01,VSTS
12,-0.001008324871004904,2026-10-01,VSTS
13,0.006188197558262852,2026-10-01,VSTS
14,0.005579282941658046,2026-10-01,VSTS
1,4.6198321426845854e-05,2026-10-01,VTR
2,-0.0010231256117603843,2026-10-01,VTR
3,0.0031049293112169482,2026-10-01,VTR
4,-0.0018191047060023276,2026-10-01,VTR
5,-5.805459495074315e-05,2026-10-01,VTR
6,-0.0049607993913954795,2026-10-01,VTR
7,-0.005412163751351919,2026-10-01,VTR
8,0.0017048585217341184,2026-10-01,VTR
9,-0.0019070612868243588,2026-10-01,VTR
10,0.006128446025459695,2026-10-01,VTR
11,0.00276840279095702,2026-10-01,VTR
12,-0.00038111683126871784,2026-10-01,VTR
13,-0.004751020121628109,2026-10-01,VTR
14,-0.0004557941802358607,2026-10-01,VTR
1,-0.00012109198229753682,2026-10-01,VTRS
2,-0.0025352294329196415,2026-10-01,VTRS
3,0.005161998824352264,2026-10-01,VTRS
4,-0.0015441627892097886,2026-10-01,VTRS
5,0.001910855716031193,2026-10-01,VTRS
6,-0.0032582700923268065,2026-10-01,VTRS
7,-0.0022137659060282844,2026-10-01,VTRS
8,0.0019359237693105202,2026-10-01,VTRS
9,-0.0018584244394076377,2026-10-01,VTRS
10,0.002415217271413306,2026-10-01,VTRS
11,0.0038208390538521852,2026-10-01,VTRS
12,-0.0008587577474821038,2026-10-01,VTRS
13,-0.0005492823136321442,2026-10-01,VTRS
14,0.0012010829623258037,2026-10-01,VTRS
1,-0.0010465816191845756,2026-10-01,VVV
2,-0.0010209553970698538,2026-10-01,VVV
3,0.005371242217635365,2026-10-01,VVV
4,-0.005580264686361681,2026-10-01,VVV
5,-0.00162660916971064,2026-10-01,VVV
6,-0.006394973181999468,2026-10-01,VVV
7,-0.003477745181619563,2026-10-01,VVV
8,0.0017667102830843323,2026-10-01,VVV
9,-0.003731193777925455,2026-10-01,VVV
10,0.0011977801006606637,2026-10-01,VVV
11,-0.0006696788406962232,2026-10-01,VVV
12,-0.0022922983931887336,2026-10-01,VVV
13,-0.006468056119863837,2026-10-01,VVV
14,-0.00267664412854888,2026-10-01,VVV
1,0.0021601401415016915,2026-10-01,VYX
2,0.0046384349862606394,2026-10-01,VYX
3,-0.0041680488300543375,2026-10-01,VYX
4,-0.004181724156645701,2026-10-01,VYX
5,-0.007297805834641459,2026-10-01,VYX
6,-0.004488452715923264,2026-10-01,VYX
7,-0.0010699323669881118,2026-10-01,VYX
8,-0.002535777499489218,2026-10-01,VYX
9,0.0009428580461200074,2026-10-01,VYX
10,0.0027134873298905998,2026-10-01,VYX
11,-0.009530400415937699,2026-10-01,VYX
12,0.004337448305506911,2026-10-01,VYX
13,0.0069778046294927095,2026-10-01,VYX
14,0.003677741724774793,2026-10-01,VYX
1,-9.540862689939561e-05,2026-10-01,VZ
2,-0.00011753252857915211,2026-10-01,VZ
3,0.0005803607690325988,2026-10-01,VZ
4,0.0007116707611603898,2026-10-01,VZ
5,0.0013150945792142867,2026-10-01,VZ
6,0.004242729978652969,2026-10-01,VZ
7,0.0026131057590035763,2026-10-01,VZ
8,-0.0012007556861353677,2026-10-01,VZ
9,0.004716307011568218,2026-10-01,VZ
10,-0.002463011872490967,2026-10-01,VZ
11,0.005865719216952816,2026-10-01,VZ
12,0.005433739276755259,2026-10-01,VZ
13,0.005560362682587206,2026-10-01,VZ
14,-0.0004927761695337674,2026-10-01,VZ
1,-0.0018827907990764,2026-10-01,W
2,-0.0027643414229288747,2026-10-01,W
3,0.00455650910688243,2026-10-01,W
4,-0.004273554721420635,2026-10-01,W
5,-0.00020525382623443156,2026-10-01,W
6,-0.004971804992870395,2026-10-01,W
7,-0.003472324892978886,2026-10-01,W
8,0.0009956629335626027,2026-10-01,W
9,-0.004054914936863693,2026-10-01,W
10,0.006542690608522092,2026-10-01,W
11,0.0012505694985656408,2026-10-01,W
12,-0.0036785836982833903,2026-10-01,W
13,-0.005496122329630265,2026-10-01,W
14,-0.003803741578331901,2026-10-01,W
1,-0.0012324582187723653,2026-10-01,WAB
2,-0.001658540036135079,2026-10-01,WAB
3,0.004394698019820755,2026-10-01,WAB
4,-0.0019449668248856652,2026-10-01,WAB
5,-0.0007460360640755569,2026-10-01,WAB
6,-0.0038484361621037525,2026-10-01,WAB
7,-0.0005320852158342247,2026-10-01,WAB
8,0.0017204764436721746,2026-10-01,WAB
9,-0.001787878735916669,2026-10-01,WAB
10,0.0014304906807826648,2026-10-01,WAB
11,0.003205655108957308,2026-10-01,WAB
12,-0.0009494810711212006,2026-10-01,WAB
13,-0.006870484898473522,2026-10-01,WAB
14,-0.0019084411430591683,2026-10-01,WAB
1,-0.0014059356782340515,2026-10-01,WAL
2,-5.867777868927549e-05,2026-10-01,WAL
3,0.004671733140247703,2026-10-01,WAL
4,-0.001532617375097435,2026-10-01,WAL
5,-0.0030494326658689376,2026-10-01,WAL
6,-0.005819222621305908,2026-10-01,WAL
7,-0.004459015606566977,2026-10-01,WAL
8,0.003603694584317754,2026-10-01,WAL
9,0.0003584917813341749,2026-10-01,WAL
10,0.005172194154852066,2026-10-01,WAL
11,0.0041992082079553685,2026-10-01,WAL
12,-0.001027858464792829,2026-10-01,WAL
13,-0.008396913951279648,2026-10-01,WAL
14,-0.0016242621840569615,2026-10-01,WAL
1,0.0010823672441076988,2026-10-01,WB
2,0.0032190263837317376,2026-10-01,WB
3,-0.004695682752027828,2026-10-01,WB
4,-0.002622643157103079,2026-10-01,WB
5,-0.005510191268427223,2026-10-01,WB
6,-0.0006903376263227419,2026-10-01,WB
7,-0.0015740975311722047,2026-10-01,WB
8,0.0020230233787927095,2026-10-01,WB
9,-0.0018557659104342244,2026-10-01,WB
10,0.0012319524231396526,2026-10-01,WB
11,-0.0019997702374269658,2026-10-01,WB
12,0.004843912846521736,2026-10-01,WB
13,-5.769516734066719e-05,2026-10-01,WB
14,0.002434771152381318,2026-10-01,WB
1,-0.0004535570631074074,2026-10-01,WBD
2,-0.0012729189260595648,2026-10-01,WBD
3,0.002159750737286645,2026-10-01,WBD
4,9.915578724901226e-05,2026-10-01,WBD
5,0.0016159006656279794,2026-10-01,WBD
6,-0.0037256518101632424,2026-10-01,WBD
7,-0.003982902162154735,2026-10-01,WBD
8,0.0008302401135172158,2026-10-01,WBD
9,0.0015024133230019331,2026-10-01,WBD
10,0.004734321358474156,2026-10-01,WBD
11,0.00022430455997134204,2026-10-01,WBD
12,8.934789676429345e-05,2026-10-01,WBD
13,-0.0036059072877428163,2026-10-01,WBD
14,-0.0009197269251657203,2026-10-01,WBD
1,-0.001257193766948392,2026-10-01,WCC
2,-0.0013196811842437397,2026-10-01,WCC
3,0.004401551331198354,2026-10-01,WCC
4,-0.003992684841112385,2026-10-01,WCC
5,-0.00021577790807468652,2026-10-01,WCC
6,-0.0034759235652729995,2026-10-01,WCC
7,-0.004439121370320516,2026-10-01,WCC
8,-0.0009678634381723376,2026-10-01,WCC
9,-0.0008116896877021977,2026-10-01,WCC
10,0.002076896656338451,2026-10-01,WCC
11,0.002574889765141554,2026-10-01,WCC
12,-0.002451403277176183,2026-10-01,WCC
13,-0.009190229911847715,2026-10-01,WCC
14,-0.002099058220870591,2026-10-01,WCC
1,0.00028236687062997815,2026-10-01,WCN
2,0.000421326566323603,2026-10-01,WCN
3,0.001658264152781548,2026-10-01,WCN
4,0.0011082828938639194,2026-10-01,WCN
5,0.003259242467078626,2026-10-01,WCN
6,0.005938179261779716,2026-10-01,WCN
7,0.0027545021112843136,2026-10-01,WCN
8,-0.0014185957414277858,2026-10-01,WCN
9,0.005962586163053306,2026-10-01,WCN
10,-0.0013852927748438314,2026-10-01,WCN
11,0.004969753273658237,2026-10-01,WCN
12,0.006178559762386702,2026-10-01,WCN
13,0.0070817079201795745,2026-10-01,WCN
14,0.0020464856246621478,2026-10-01,WCN
1,-2.558754465158739e-05,2026-10-01,WDAY
2,-0.0009009115334823261,2026-10-01,WDAY
3,0.0016856430983165761,2026-10-01,WDAY
4,0.00035785153899422427,2026-10-01,WDAY
5,0.0006300625572100093,2026-10-01,WDAY
6,0.004236919024166144,2026-10-01,WDAY
7,0.0046008035777975525,2026-10-01,WDAY
8,-0.00045467992934513214,2026-10-01,WDAY
9,0.002380765008166126,2026-10-01,WDAY
10,-0.0007131117270432021,2026-10-01,WDAY
11,0.001635670987291905,2026-10-01,WDAY
12,0.005214248345324952,2026-10-01,WDAY
13,0.005979876482882352,2026-10-01,WDAY
14,0.0012081604417596226,2026-10-01,WDAY
1,-0.0006573938623054667,2026-10-01,WDC
2,-0.0012311363428646987,2026-10-01,WDC
3,0.004142029719408789,2026-10-01,WDC
4,0.00016083077186928755,2026-10-01,WDC
5,0.001278375250353402,2026-10-01,WDC
6,-0.0075101749980042674,2026-10-01,WDC
7,-0.004760126540102977,2026-10-01,WDC
8,0.000875408812172386,2026-10-01,WDC
9,-0.002578714221590429,2026-10-01,WDC
10,0.005395980309502781,2026-10-01,WDC
11,0.0033417772321177475,2026-10-01,WDC
12,0.000685779747087816,2026-10-01,WDC
13,-0.0032577809230915937,2026-10-01,WDC
14,0.0014561559940335855,2026-10-01,WDC
1,-0.0008540248985668403,2026-10-01,WDS
2,-0.0015105508623968616,2026-10-01,WDS
3,0.0034456574952909463,2026-10-01,WDS
4,-0.0012892711471476721,2026-10-01,WDS
5,-0.0016053404853256037,2026-10-01,WDS
6,-0.0024225074483957654,2026-10-01,WDS
7,-0.0034685632382176427,2026-10-01,WDS
8,0.003242801975256903,2026-10-01,WDS
9,-0.0011786163789943166,2026-10-01,WDS
10,0.0037874031298214847,2026-10-01,WDS
11,0.001966113912351587,2026-10-01,WDS
12,-0.0015683128890679435,2026-10-01,WDS
13,-0.005741310305266665,2026-10-01,WDS
14,-0.0029441016659273195,2026-10-01,WDS
1,-0.001070183237996664,2026-10-01,WEC
2,-0.001863652132851642,2026-10-01,WEC
3,0.004062578910448709,2026-10-01,WEC
4,-0.0017684149746789095,2026-10-01,WEC
5,-0.001785083155783363,2026-10-01,WEC
6,-0.004898707433859283,2026-10-01,WEC
7,-0.005745044788177977,2026-10-01,WEC
8,0.0016921660164763886,2026-10-01,WEC
9,-0.0019303965286797955,2026-10-01,WEC
10,0.0022574318291026987,2026-10-01,WEC
11,0.002525541268982285,2026-10-01,WEC
12,0.000770496074594169,2026-10-01,WEC
13,-0.004098117238469756,2026-10-01,WEC
14,-0.0016680791302738482,2026-10-01,WEC
1,0.0002788158882327831,2026-10-01,WELL
2,0.00034041511419966855,2026-10-01,WELL
3,0.0012864754563686718,2026-10-01,WELL
4,-0.00012053294725345608,2026-10-01,WELL
5,0.0005788551512559601,2026-10-01,WELL
6,0.004266380789190725,2026-10-01,WELL
7,0.003794694279193999,2026-10-01,WELL
8,0.0006458022223137525,2026-10-01,WELL
9,0.004782601275613852,2026-10-01,WELL
10,-0.0018239547630374989,2026-10-01,WELL
11,0.004523630553845876,2026-10-01,WELL
12,0.005640063160594919,2026-10-01,WELL
13,0.003957578754795177,2026-10-01,WELL
14,0.0018719206924329602,2026-10-01,WELL
1,0.0021214214271374336,2026-10-01,WEN
2,0.00544150250187711,2026-10-01,WEN
3,-0.0024241226582385573,2026-10-01,WEN
4,-0.001472675251372361,2026-10-01,WEN
5,-0.006475457164422912,2026-10-01,WEN
6,-0.0032227997313942825,2026-10-01,WEN
7,-0.005141506151553545,2026-10-01,WEN
8,0.0038707546826582274,2026-10-01,WEN
9,0.004462756780547846,2026-10-01,WEN
10,0.00033842845725396933,2026-10-01,WEN
11,-0.004601837407744668,2026-10-01,WEN
12,0.003977378797619643,2026-10-01,WEN
13,0.009679267022062297,2026-10-01,WEN
14,0.005975636869720048,2026-10-01,WEN
1,0.0018557689790179024,2026-10-01,WERN
2,0.004777255122550018,2026-10-01,WERN
3,-0.0016931855636524923,2026-10-01,WERN
4,-0.00017486430326188354,2026-10-01,WERN
5,-0.010507046735565009,2026-10-01,WERN
6,-0.004118333300849988,2026-10-01,WERN
7,-0.0017229443956943112,2026-10-01,WERN
8,0.00045637988208227043,2026-10-01,WERN
9,-0.003962073096998131,2026-10-01,WERN
10,0.0016419110646291584,2026-10-01,WERN
11,-0.006943062214434415,2026-10-01,WERN
12,0.004245521324719189,2026-10-01,WERN
13,0.01187630586119586,2026-10-01,WERN
14,0.006006653315778694,2026-10-01,WERN
1,-0.0008732664823230184,2026-10-01,WES
2,-0.0030340912436562215,2026-10-01,WES
3,0.0042183159450062445,2026-10-01,WES
4,-0.0009514543055932259,2026-10-01,WES
5,-0.0025112220491962864,2026-10-01,WES
6,-0.0038159908644241425,2026-10-01,WES
7,-0.0027418553965154087,2026-10-01,WES
8,0.00010398323372676626,2026-10-01,WES
9,-4.500216853399278e-05,2026-10-01,WES
10,0.002133579969301548,2026-10-01,WES
11,0.004066124678655277,2026-10-01,WES
12,-0.0019277097903913363,2026-10-01,WES
13,-0.006724879332040184,2026-10-01,WES
14,-0.003975346510044018,2026-10-01,WES
1,0.0007361138024262759,2026-10-01,WFC
2,-0.0003331770328720081,2026-10-01,WFC
3,0.0021118673056020124,2026-10-01,WFC
4,0.000640270102695542,2026-10-01,WFC
5,0.00207889046319647,2026-10-01,WFC
6,0.005054639461323395,2026-10-01,WFC
7,0.002822710507991286,2026-10-01,WFC
8,-0.00033347256168710494,2026-10-01,WFC
9,0.000664267128460422,2026-10-01,WFC
10,-0.0017966103373502713,2026-10-01,WFC
11,0.004330961738186539,2026-10-01,WFC
12,0.00236412056237116,2026-10-01,WFC
13,0.006326115641899042,2026-10-01,WFC
14,-0.0012333472136827166,2026-10-01,WFC
1,0.0011104572226182203,2026-10-01,WGO
2,0.005907368112824698,2026-10-01,WGO
3,-0.00036892011391381687,2026-10-01,WGO
4,-0.0012320840965107816,2026-10-01,WGO
5,-0.0061481997366298596,2026-10-01,WGO
6,-0.000511246495086824,2026-10-01,WGO
7,-0.0029235074138427475,2026-10-01,WGO
8,-0.0019468820545675168,2026-10-01,WGO
9,-0.009225210631212259,2026-10-01,WGO
10,0.009207912230680473,2026-10-01,WGO
11,-0.0044387135205152545,2026-10-01,WGO
12,0.0008639120742909331,2026-10-01,WGO
13,0.002051678528699783,2026-10-01,WGO
14,0.0002821543900427794,2026-10-01,WGO
1,-0.0011577770245777674,2026-10-01,WH
2,-0.0003981386428388524,2026-10-01,WH
3,0.005195773516024334,2026-10-01,WH
4,-0.004455460818803416,2026-10-01,WH
5,-0.0008556624837985788,2026-10-01,WH
6,-0.006940989378377233,2026-10-01,WH
7,-0.003176380514078819,2026-10-01,WH
8,0.0010332139196209305,2026-10-01,WH
9,-0.0006390266548416481,2026-10-01,WH
10,0.000812960459252914,2026-10-01,WH
11,0.005099813398292867,2026-10-01,WH
12,-0.0015671006321705497,2026-10-01,WH
13,-0.006139441932807053,2026-10-01,WH
14,-0.002298571610249275,2026-10-01,WH
1,0.001073831464713741,2026-10-01,WHD
2,0.004302968887016241,2026-10-01,WHD
3,-0.0017894366512475396,2026-10-01,WHD
4,-0.004846166138672189,2026-10-01,WHD
5,-0.003494765339651513,2026-10-01,WHD
6,0.00027493778045165393,2026-10-01,WHD
7,0.0005601289645334683,2026-10-01,WHD
8,-0.0035009447212741296,2026-10-01,WHD
9,-0.003072935198906114,2026-10-01,WHD
10,0.0049401879429990594,2026-10-01,WHD
11,-0.003302673052953875,2026-10-01,WHD
12,0.00021853701147913238,2026-10-01,WHD
13,0.006199937500561207,2026-10-01,WHD
14,0.006125441282636436,2026-10-01,WHD
1,-0.000108093960163784,2026-10-01,WHR
2,-0.0019258768041991291,2026-10-01,WHR
3,0.004733201739197882,2026-10-01,WHR
4,-0.0009970328797697975,2026-10-01,WHR
5,-0.0017715920469520922,2026-10-01,WHR
6,-0.0027403678478861463,2026-10-01,WHR
7,-0.005837615044581849,2026-10-01,WHR
8,0.00015477607583291617,2026-10-01,WHR
9,-0.0029268597199952535,2026-10-01,WHR
10,0.0010956568296015602,2026-10-01,WHR
11,0.004269527441577302,2026-10-01,WHR
12,-0.0010067079382937963,2026-10-01,WHR
13,-0.004071635792284415,2026-10-01,WHR
14,-0.0031250196517457504,2026-10-01,WHR
1,-0.0018225770574959875,2026-10-01,WIT
2,-0.0024445271694684477,2026-10-01,WIT
3,0.0033350415029055423,2026-10-01,WIT
4,-0.0031439088456826415,2026-10-01,WIT
5,0.003234059382371056,2026-10-01,WIT
6,-0.004758189931766495,2026-10-01,WIT
7,-0.003234723685200167,2026-10-01,WIT
8,0.0014290637989033224,2026-10-01,WIT
9,-0.004526720723246581,2026-10-01,WIT
10,7.671970093526379e-05,2026-10-01,WIT
11,-0.0007548224397404552,2026-10-01,WIT
12,0.0001959559885800171,2026-10-01,WIT
13,-0.009431455037573902,2026-10-01,WIT
14,-0.005340766265989167,2026-10-01,WIT
1,0.0003710602410757414,2026-10-01,WM
2,-3.776850445554373e-05,2026-10-01,WM
3,0.0012446142609207106,2026-10-01,WM
4,-5.9642435743707646e-05,2026-10-01,WM
5,0.0016918785193451348,2026-10-01,WM
6,0.0035829781035922326,2026-10-01,WM
7,0.002945692467213531,2026-10-01,WM
8,-0.0007241297783282223,2026-10-01,WM
9,0.00267459008412186,2026-10-01,WM
10,-0.00213310829034665,2026-10-01,WM
11,0.001388266479632164,2026-10-01,WM
12,0.0038701633499769704,2026-10-01,WM
13,0.0064294422742560055,2026-10-01,WM
14,0.0013762889493930599,2026-10-01,WM
1,-0.0008255961369401906,2026-10-01,WMB
2,-0.0011857613783791778,2026-10-01,WMB
3,0.005198126798466347,2026-10-01,WMB
4,0.00019529412567427493,2026-10-01,WMB
5,-0.0018727236544552738,2026-10-01,WMB
6,-0.004183738777425001,2026-10-01,WMB
7,-0.003899531086890345,2026-10-01,WMB
8,0.0012691935873819717,2026-10-01,WMB
9,-0.001610293633219753,2026-10-01,WMB
10,0.0018469586756613692,2026-10-01,WMB
11,-0.00011068929086601604,2026-10-01,WMB
12,-0.0027624599102740914,2026-10-01,WMB
13,-0.005271222299020996,2026-10-01,WMB
14,-0.0023302362928938106,2026-10-01,WMB
1,-0.0013366180630405915,2026-10-01,WMG
2,-0.0010029046755190862,2026-10-01,WMG
3,0.0028498816847050716,2026-10-01,WMG
4,-0.0015864538449587434,2026-10-01,WMG
5,-0.002143711487788712,2026-10-01,WMG
6,-0.0024078446401482752,2026-10-01,WMG
7,-0.0038185133980630725,2026-10-01,WMG
8,0.001569999486530259,2026-10-01,WMG
9,-0.0019315282938351386,2026-10-01,WMG
10,0.004269647492667984,2026-10-01,WMG
11,-0.00017829369311774798,2026-10-01,WMG
12,-0.0012481001210163018,2026-10-01,WMG
13,-0.0043439196813304295,2026-10-01,WMG
14,-0.00226479324830011,2026-10-01,WMG
1,0.0007561994586003649,2026-10-01,WMT
2,-3.016773533793797e-05,2026-10-01,WMT
3,0.001866336210102414,2026-10-01,WMT
4,0.0015504321933871416,2026-10-01,WMT
5,0.001406960116667003,2026-10-01,WMT
6,0.0033308791604403144,2026-10-01,WMT
7,0.0038341477908376393,2026-10-01,WMT
8,0.0011130777267789928,2026-10-01,WMT
9,0.00431175799444743,2026-10-01,WMT
10,-0.0014210882568455872,2026-10-01,WMT
11,0.003012229999194757,2026-10-01,WMT
12,0.003896953510982511,2026-10-01,WMT
13,0.005154525183985388,2026-10-01,WMT
14,-0.0009906336480593255,2026-10-01,WMT
1,0.0025715108201775335,2026-10-01,WOLF
2,0.00761953984154201,2026-10-01,WOLF
3,-0.004003833977226115,2026-10-01,WOLF
4,-0.0038078327544791494,2026-10-01,WOLF
5,-0.011574804693270753,2026-10-01,WOLF
6,-0.0006935311998724702,2026-10-01,WOLF
7,-0.003681579815641323,2026-10-01,WOLF
8,-0.003094041506534695,2026-10-01,WOLF
9,-0.0072887853892911365,2026-10-01,WOLF
10,0.00591158055055354,2026-10-01,WOLF
11,-0.006967824965930581,2026-10-01,WOLF
12,0.004135972327603529,2026-10-01,WOLF
13,0.002402985466080722,2026-10-01,WOLF
14,0.006682893689361053,2026-10-01,WOLF
1,0.0009388049003391344,2026-10-01,WOOF
2,0.002625321996602522,2026-10-01,WOOF
3,-0.0051352024297389364,2026-10-01,WOOF
4,-0.0004280264144399728,2026-10-01,WOOF
5,-0.005571168850524082,2026-10-01,WOOF
6,0.0030426857987785874,2026-10-01,WOOF
7,0.0019866454764360833,2026-10-01,WOOF
8,0.0016158027641561905,2026-10-01,WOOF
9,0.005950255262231858,2026-10-01,WOOF
10,0.00869095173394475,2026-10-01,WOOF
11,-0.004269906863648666,2026-10-01,WOOF
12,0.0037705741103139768,2026-10-01,WOOF
13,0.010195480821440128,2026-10-01,WOOF
14,0.008065517493910643,2026-10-01,WOOF
1,-0.0003549578810005415,2026-10-01,WPC
2,-0.0012594806116527735,2026-10-01,WPC
3,0.0025464865463210124,2026-10-01,WPC
4,-0.0011331192485668099,2026-10-01,WPC
5,0.0006051964548617825,2026-10-01,WPC
6,-0.0035590914090720734,2026-10-01,WPC
7,-0.0030779592275340874,2026-10-01,WPC
8,0.0008451650241738324,2026-10-01,WPC
9,-0.0007436031953389092,2026-10-01,WPC
10,0.0013770446215704657,2026-10-01,WPC
11,0.0015318613870451542,2026-10-01,WPC
12,-0.001603127725167904,2026-10-01,WPC
13,-0.006583308740281999,2026-10-01,WPC
14,-0.0016803712463725178,2026-10-01,WPC
1,-0.0003902492470991852,2026-10-01,WPM
2,-0.0013690905155517047,2026-10-01,WPM
3,0.0035408374154507778,2026-10-01,WPM
4,-0.0007366197700665958,2026-10-01,WPM
5,0.001860509276313662,2026-10-01,WPM
6,-0.0023749369108583443,2026-10-01,WPM
7,-0.0005519868992002041,2026-10-01,WPM
8,0.003406381270481519,2026-10-01,WPM
9,-0.005275209835478602,2026-10-01,WPM
10,0.0025526306799905263,2026-10-01,WPM
11,0.006137736892293119,2026-10-01,WPM
12,-0.0010890549527600702,2026-10-01,WPM
13,-0.0056022993172341485,2026-10-01,WPM
14,-0.001621517179802918,2026-10-01,WPM
1,-0.0014468985079043603,2026-10-01,WRB
2,-0.00101439586667707,2026-10-01,WRB
3,0.005940479138794455,2026-10-01,WRB
4,-0.0011737496692979803,2026-10-01,WRB
5,-0.002224467427879633,2026-10-01,WRB
6,-0.003925954103015834,2026-10-01,WRB
7,-0.00418018724560667,2026-10-01,WRB
8,0.002317416884543256,2026-10-01,WRB
9,-0.003323350414979864,2026-10-01,WRB
10,-0.002611616391839133,2026-10-01,WRB
11,0.0012359357004175877,2026-10-01,WRB
12,-0.0016215317007583464,2026-10-01,WRB
13,-0.008502992076213937,2026-10-01,WRB
14,-0.0031439274774126926,2026-10-01,WRB
1,0.0023662526480677255,2026-10-01,WRBY
2,0.00422800323650126,2026-10-01,WRBY
3,-0.005180046854671346,2026-10-01,WRBY
4,-0.006140199973164109,2026-10-01,WRBY
5,-0.00708158770872742,2026-10-01,WRBY
6,0.00041144352451846615,2026-10-01,WRBY
7,-0.0007096764987119219,2026-10-01,WRBY
8,0.0005611250738245765,2026-10-01,WRBY
9,-0.002820787680419842,2026-10-01,WRBY
10,0.004130625384501789,2026-10-01,WRBY
11,-0.006396926373774789,2026-10-01,WRBY
12,0.010148002120271222,2026-10-01,WRBY
13,0.0015576042042951333,2026-10-01,WRBY
14,0.01117459084213151,2026-10-01,WRBY
1,-0.0006699916163640311,2026-10-01,WSC
2,-0.001478254038196013,2026-10-01,WSC
3,0.0020900716687390023,2026-10-01,WSC
4,-0.0033422488011843362,2026-10-01,WSC
5,-0.0018176847908346154,2026-10-01,WSC
6,-0.0022691397005364946,2026-10-01,WSC
7,-0.0037896947709682516,2026-10-01,WSC
8,0.002080824871430954,2026-10-01,WSC
9,-0.001311915828058523,2026-10-01,WSC
10,0.0006444086382880003,2026-10-01,WSC
11,0.004173095015146153,2026-10-01,WSC
12,-0.0013530835366829766,2026-10-01,WSC
13,-0.004868238274406423,2026-10-01,WSC
14,-0.000985408571968103,2026-10-01,WSC
1,-0.001887008380046176,2026-10-01,WSM
2,-0.0008252906154705621,2026-10-01,WSM
3,0.005064038962793666,2026-10-01,WSM
4,-0.0017141411143158937,2026-10-01,WSM
5,-0.0012017971625403173,2026-10-01,WSM
6,-0.004084836683285742,2026-10-01,WSM
7,-0.004231017486011624,2026-10-01,WSM
8,0.0013490987342960265,2026-10-01,WSM
9,-0.004283006095005398,2026-10-01,WSM
10,0.0029056961526461905,2026-10-01,WSM
11,0.0019001714079509113,2026-10-01,WSM
12,-0.004672414214089543,2026-10-01,WSM
13,-0.007357560639909677,2026-10-01,WSM
14,-0.00611697117694153,2026-10-01,WSM
1,-1.1185979812899166e-05,2026-10-01,WT
2,0.0039206181382584965,2026-10-01,WT
3,-0.0044165247075072765,2026-10-01,WT
4,-0.004961798854980962,2026-10-01,WT
5,-0.005231734204483769,2026-10-01,WT
6,-0.0018057337013875335,2026-10-01,WT
7,-0.0032781327072168506,2026-10-01,WT
8,0.0008823103028841205,2026-10-01,WT
9,0.0011325766660536794,2026-10-01,WT
10,-0.00373345549085898,2026-10-01,WT
11,-0.0038521186324722645,2026-10-01,WT
12,0.006345778406525012,2026-10-01,WT
13,0.0008967433236248179,2026-10-01,WT
14,0.0020596773577909555,2026-10-01,WT
1,-0.001372600831791854,2026-10-01,WTRG
2,-0.0005221593598607631,2026-10-01,WTRG
3,0.0028606372008903275,2026-10-01,WTRG
4,-0.0014678769832258435,2026-10-01,WTRG
5,-0.0006381614268036234,2026-10-01,WTRG
6,-0.00524559521195683,2026-10-01,WTRG
7,-0.0036021955083548724,2026-10-01,WTRG
8,0.0029463187478739696,2026-10-01,WTRG
9,-0.0021045870933291155,2026-10-01,WTRG
10,0.0018880273516962071,2026-10-01,WTRG
11,-0.0005778152542326244,2026-10-01,WTRG
12,-0.0006063815168942881,2026-10-01,WTRG
13,-0.008644385049466926,2026-10-01,WTRG
14,-0.0008417845339193903,2026-10-01,WTRG
1,0.001999579879143007,2026-10-01,WTTR
2,0.004038273345090588,2026-10-01,WTTR
3,-0.004810289913345701,2026-10-01,WTTR
4,-0.002056641458185175,2026-10-01,WTTR
5,-0.007074687725737065,2026-10-01,WTTR
6,-0.0018192186164227827,2026-10-01,WTTR
7,0.0007086056132382921,2026-10-01,WTTR
8,0.0014639364378210473,2026-10-01,WTTR
9,-0.003915818618842491,2026-10-01,WTTR
10,0.004414845460304552,2026-10-01,WTTR
11,-0.006800570444586865,2026-10-01,WTTR
12,0.0016291922302453792,2026-10-01,WTTR
13,0.00722747578368394,2026-10-01,WTTR
14,0.008083143153069263,2026-10-01,WTTR
1,0.002279242614414325,2026-10-01,WU
2,0.003550668161077682,2026-10-01,WU
3,-0.001560647554217801,2026-10-01,WU
4,-0.0027576930013969137,2026-10-01,WU
5,-0.010335309124346043,2026-10-01,WU
6,-0.0032930125193579413,2026-10-01,WU
7,-0.0019085330627713725,2026-10-01,WU
8,-0.001262805838942732,2026-10-01,WU
9,0.0038230435482906433,2026-10-01,WU
10,0.001300298084279076,2026-10-01,WU
11,-0.007162485388729635,2026-10-01,WU
12,0.003321934439534906,2026-10-01,WU
13,0.004495559972860666,2026-10-01,WU
14,0.005772330053462314,2026-10-01,WU
1,0.0014990654450977138,2026-10-01,WWW
2,0.00549175667845319,2026-10-01,WWW
3,-0.002728729830326993,2026-10-01,WWW
4,-0.002328490661222101,2026-10-01,WWW
5,-0.007428960170029165,2026-10-01,WWW
6,-0.0024948582704307173,2026-10-01,WWW
7,0.0005257330414649626,2026-10-01,WWW
8,-0.004517057189021662,2026-10-01,WWW
9,0.0018752720270010744,2026-10-01,WWW
10,0.00243318571797644,2026-10-01,WWW
11,-0.006175946596587009,2026-10-01,WWW
12,-0.0015088756450237113,2026-10-01,WWW
13,0.0018303207384161384,2026-10-01,WWW
14,0.004060763355726559,2026-10-01,WWW
1,-0.00046756704402655606,2026-10-01,WY
2,-0.0018834965447200617,2026-10-01,WY
3,0.004228100606178956,2026-10-01,WY
4,-0.0024962324360874627,2026-10-01,WY
5,-0.0022214586445797008,2026-10-01,WY
6,-0.003495814817575941,2026-10-01,WY
7,-0.007998887481579064,2026-10-01,WY
8,0.0010459732867940596,2026-10-01,WY
9,-0.0038219674209843666,2026-10-01,WY
10,0.000634902762550674,2026-10-01,WY
11,-0.0008673987670321429,2026-10-01,WY
12,-0.0045078118619122556,2026-10-01,WY
13,-0.010866787857504964,2026-10-01,WY
14,-0.004435222886222399,2026-10-01,WY
1,-0.0010110040433910848,2026-10-01,WYNN
2,-0.0010538978292738593,2026-10-01,WYNN
3,0.004041403154076694,2026-10-01,WYNN
4,-0.0033789405114262234,2026-10-01,WYNN
5,0.0008324507682324087,2026-10-01,WYNN
6,-0.004272976868439418,2026-10-01,WYNN
7,-0.006837277170400233,2026-10-01,WYNN
8,-0.0016213107109764146,2026-10-01,WYNN
9,-0.0050941078241669374,2026-10-01,WYNN
10,0.0017182671881857522,2026-10-01,WYNN
11,0.004664462161238419,2026-10-01,WYNN
12,-0.001247370391627319,2026-10-01,WYNN
13,-0.003795888831307171,2026-10-01,WYNN
14,-0.0019432379317148422,2026-10-01,WYNN
1,-0.0005808214765845764,2026-10-01,XEL
2,-0.0010714143734216095,2026-10-01,XEL
3,0.004911930579248348,2026-10-01,XEL
4,-0.0024022463005789335,2026-10-01,XEL
5,-0.0015597167647513782,2026-10-01,XEL
6,-0.004233676683986943,2026-10-01,XEL
7,-0.0039839553332011715,2026-10-01,XEL
8,-0.0006244824880078304,2026-10-01,XEL
9,-0.002557777633979116,2026-10-01,XEL
10,0.0021253094145387477,2026-10-01,XEL
11,0.001932655092968904,2026-10-01,XEL
12,-0.002153951505324551,2026-10-01,XEL
13,-0.006227344152000159,2026-10-01,XEL
14,-0.004054142191451437,2026-10-01,XEL
1,0.0015515213480800259,2026-10-01,XHR
2,0.0018533573995374408,2026-10-01,XHR
3,-0.0032410016692296342,2026-10-01,XHR
4,-0.001424441315706797,2026-10-01,XHR
5,-0.005519622445900353,2026-10-01,XHR
6,-0.0022504699263421342,2026-10-01,XHR
7,-0.0075584566376597,2026-10-01,XHR
8,0.0018828586032383916,2026-10-01,XHR
9,0.0005365825476419706,2026-10-01,XHR
10,-0.0012600207988064604,2026-10-01,XHR
11,-0.00496992799868503,2026-10-01,XHR
12,0.00010448083937341817,2026-10-01,XHR
13,0.0037912526159243464,2026-10-01,XHR
14,0.004839361984013828,2026-10-01,XHR
1,0.00039572556335481504,2026-10-01,XOM
2,0.0008658397513029902,2026-10-01,XOM
3,0.000725852091890028,2026-10-01,XOM
4,0.0006187330262220316,2026-10-01,XOM
5,9.539395462453601e-05,2026-10-01,XOM
6,0.0030806406412503553,2026-10-01,XOM
7,0.0051521493161544975,2026-10-01,XOM
8,0.0014187525529496996,2026-10-01,XOM
9,0.0026871658788583915,2026-10-01,XOM
10,-0.0011641676565892095,2026-10-01,XOM
11,0.0028599334967082776,2026-10-01,XOM
12,0.002542174320570869,2026-10-01,XOM
13,0.003292796139647901,2026-10-01,XOM
14,0.0011567632176433182,2026-10-01,XOM
1,-0.0004888629483128822,2026-10-01,XP
2,-0.0006781715021743551,2026-10-01,XP
3,0.003918443831952475,2026-10-01,XP
4,-0.0007376291506479223,2026-10-01,XP
5,0.0005461803606434294,2026-10-01,XP
6,-0.004372575336947413,2026-10-01,XP
7,-0.0034151932408094487,2026-10-01,XP
8,0.0008096598956222786,2026-10-01,XP
9,-0.0025556669616024945,2026-10-01,XP
10,0.005013922555303121,2026-10-01,XP
11,0.0029129424756910746,2026-10-01,XP
12,-0.0015263017729827534,2026-10-01,XP
13,-0.004491813591543571,2026-10-01,XP
14,-0.001791015282773894,2026-10-01,XP
1,-0.0010696574315475814,2026-10-01,XPEV
2,-0.0018266544196483673,2026-10-01,XPEV
3,0.0052163127443620805,2026-10-01,XPEV
4,-0.003653445439431837,2026-10-01,XPEV
5,-0.0008220249897568031,2026-10-01,XPEV
6,-0.0038382953248842257,2026-10-01,XPEV
7,-0.0014219420827534528,2026-10-01,XPEV
8,0.001221955291186979,2026-10-01,XPEV
9,-0.0009980305915233392,2026-10-01,XPEV
10,0.002376065962723898,2026-10-01,XPEV
11,-0.0005774123654134565,2026-10-01,XPEV
12,-0.0015075928861527149,2026-10-01,XPEV
13,-0.004153608838181343,2026-10-01,XPEV
14,-0.0066067631890453565,2026-10-01,XPEV
1,-0.0009540574242783853,2026-10-01,XPO
2,-0.00035162261897245755,2026-10-01,XPO
3,0.005333529393932041,2026-10-01,XPO
4,-0.001442049185471834,2026-10-01,XPO
5,-0.0018094423614993253,2026-10-01,XPO
6,-0.0056926405813303785,2026-10-01,XPO
7,-0.004395367160167476,2026-10-01,XPO
8,0.0030397958960320074,2026-10-01,XPO
9,7.128928349559313e-05,2026-10-01,XPO
10,0.004662884966716942,2026-10-01,XPO
11,0.006004158411154168,2026-10-01,XPO
12,-0.0028737304002263986,2026-10-01,XPO
13,-0.0026679470310974705,2026-10-01,XPO
14,0.003284815304830485,2026-10-01,XPO
1,-0.0011696951382746989,2026-10-01,XRAY
2,-0.001746306921425206,2026-10-01,XRAY
3,0.004404488837149868,2026-10-01,XRAY
4,-0.0038972000619020087,2026-10-01,XRAY
5,0.0004515468449605548,2026-10-01,XRAY
6,-0.004386681813152553,2026-10-01,XRAY
7,-0.004009157125263049,2026-10-01,XRAY
8,0.0011393780632510762,2026-10-01,XRAY
9,-0.002551221531198917,2026-10-01,XRAY
10,0.003667851661443238,2026-10-01,XRAY
11,0.0027350592336609835,2026-10-01,XRAY
12,-0.003455234222641745,2026-10-01,XRAY
13,-0.00778379105301993,2026-10-01,XRAY
14,-0.0060553496998328885,2026-10-01,XRAY
1,-0.001746218638408349,2026-10-01,XYL
2,-0.002351771606385427,2026-10-01,XYL
3,0.0036891649150361657,2026-10-01,XYL
4,-0.0027518748446252956,2026-10-01,XYL
5,-0.0012628330147902084,2026-10-01,XYL
6,-0.0038498539485425057,2026-10-01,XYL
7,-0.005486574470614147,2026-10-01,XYL
8,0.0005784987671362006,2026-10-01,XYL
9,-0.00446762286932748,2026-10-01,XYL
10,0.001686445759174266,2026-10-01,XYL
11,0.0034089423054665157,2026-10-01,XYL
12,-0.002292552492943065,2026-10-01,XYL
13,-0.006631045676359171,2026-10-01,XYL
14,-0.004773227379188081,2026-10-01,XYL
1,0.0010243949295064057,2026-10-01,YETI
2,0.0044367276085152466,2026-10-01,YETI
3,-0.00541208016282507,2026-10-01,YETI
4,-0.0019636334773076693,2026-10-01,YETI
5,-0.005782785759146181,2026-10-01,YETI
6,-0.00401358567273869,2026-10-01,YETI
7,0.0007864342389605555,2026-10-01,YETI
8,-0.000796521944370656,2026-10-01,YETI
9,-0.003872792099040283,2026-10-01,YETI
10,0.005344033992304678,2026-10-01,YETI
11,-0.007561789722745266,2026-10-01,YETI
12,0.004503743307096262,2026-10-01,YETI
13,0.0027797161295474056,2026-10-01,YETI
14,0.008892266297836656,2026-10-01,YETI
1,-0.0010717335316433115,2026-10-01,YMM
2,-0.0015781236541565799,2026-10-01,YMM
3,0.004473386765083652,2026-10-01,YMM
4,-0.0012821476518846849,2026-10-01,YMM
5,-0.0019503792956963727,2026-10-01,YMM
6,-0.006492023153896697,2026-10-01,YMM
7,-0.003728447117487811,2026-10-01,YMM
8,0.0020853072648847953,2026-10-01,YMM
9,-0.00020555092332926258,2026-10-01,YMM
10,-0.0015685830369644408,2026-10-01,YMM
11,0.003914814562713399,2026-10-01,YMM
12,-0.003307585613460434,2026-10-01,YMM
13,-0.009063183081440529,2026-10-01,YMM
14,-0.006369864195823646,2026-10-01,YMM
1,0.0013804768929572557,2026-10-01,YOU
2,0.003804107944373182,2026-10-01,YOU
3,-0.0044871826359528825,2026-10-01,YOU
4,-0.0020123724570864495,2026-10-01,YOU
5,-0.004419122781886422,2026-10-01,YOU
6,-0.002122648900558809,2026-10-01,YOU
7,-0.0013737631969543806,2026-10-01,YOU
8,0.0026718669112724973,2026-10-01,YOU
9,-0.0012308774469652597,2026-10-01,YOU
10,0.006521241363144785,2026-10-01,YOU
11,-0.003492901422938317,2026-10-01,YOU
12,0.002610402410330386,2026-10-01,YOU
13,0.0026684369689734208,2026-10-01,YOU
14,0.0070273139227232774,2026-10-01,YOU
1,-0.0008209253934274703,2026-10-01,YPF
2,-0.0006497107591875138,2026-10-01,YPF
3,0.001252686262948127,2026-10-01,YPF
4,-0.0011823680704900511,2026-10-01,YPF
5,-0.0019070595145567277,2026-10-01,YPF
6,-0.003695386352994206,2026-10-01,YPF
7,-0.00667397912382046,2026-10-01,YPF
8,0.0011696323219504846,2026-10-01,YPF
9,-0.002198654566713609,2026-10-01,YPF
10,0.0028264019866929024,2026-10-01,YPF
11,0.00274237296449655,2026-10-01,YPF
12,-0.0020282442895319806,2026-10-01,YPF
13,-0.004108306953444725,2026-10-01,YPF
14,0.0016758457329911485,2026-10-01,YPF
1,-0.0011815098132630787,2026-10-01,YUM
2,-0.001491627083267926,2026-10-01,YUM
3,0.0037304208827865586,2026-10-01,YUM
4,-0.0020898951133315052,2026-10-01,YUM
5,-0.0010351352422952303,2026-10-01,YUM
6,-0.005631495748857517,2026-10-01,YUM
7,-0.0014682749423394301,2026-10-01,YUM
8,0.0006060525927128993,2026-10-01,YUM
9,-0.0011404613874114397,2026-10-01,YUM
10,0.004852321308209839,2026-10-01,YUM
11,-0.0008161968419253523,2026-10-01,YUM
12,-0.00045640516503168933,2026-10-01,YUM
13,-0.006701472548848004,2026-10-01,YUM
14,-0.0030124150683154606,2026-10-01,YUM
1,-0.00012623184822476517,2026-10-01,YUMC
2,-0.00025039023845887566,2026-10-01,YUMC
3,0.002460226797554111,2026-10-01,YUMC
4,-0.0034505398829432587,2026-10-01,YUMC
5,4.678087888633366e-06,2026-10-01,YUMC
6,-0.006895404819618402,2026-10-01,YUMC
7,-0.0014152854553117556,2026-10-01,YUMC
8,-0.0006053461596875467,2026-10-01,YUMC
9,-0.001101130952680229,2026-10-01,YUMC
10,0.00313629732512291,2026-10-01,YUMC
11,0.0016776919296207368,2026-10-01,YUMC
12,-6.03446302614464e-05,2026-10-01,YUMC
13,-0.00634230506445153,2026-10-01,YUMC
14,-0.002360661722824121,2026-10-01,YUMC
1,-0.0005550483403552913,2026-10-01,Z
2,-0.0032377719239958087,2026-10-01,Z
3,0.0018432974619714993,2026-10-01,Z
4,-0.0034394784485658712,2026-10-01,Z
5,0.002010267427374298,2026-10-01,Z
6,-0.0028725278655715412,2026-10-01,Z
7,-0.00665374575734741,2026-10-01,Z
8,1.206442698413298e-06,2026-10-01,Z
9,-0.0029319299854476803,2026-10-01,Z
10,0.002692711119166486,2026-10-01,Z
11,0.004167327232496994,2026-10-01,Z
12,-0.002607521037759802,2026-10-01,Z
13,-0.006656514542531069,2026-10-01,Z
14,-0.004964665901382663,2026-10-01,Z
1,-0.0008679847461657519,2026-10-01,ZBH
2,-0.0002360134102346131,2026-10-01,ZBH
3,0.0027650517549611406,2026-10-01,ZBH
4,-0.004098644142260451,2026-10-01,ZBH
5,-0.0009977225427946883,2026-10-01,ZBH
6,-0.00470901465904229,2026-10-01,ZBH
7,-0.0050828091143316064,2026-10-01,ZBH
8,0.0022300569182972115,2026-10-01,ZBH
9,-0.0022560153839281906,2026-10-01,ZBH
10,0.0037587953312805886,2026-10-01,ZBH
11,0.003517159321206985,2026-10-01,ZBH
12,-0.0043932010199703294,2026-10-01,ZBH
13,-0.007251619419799411,2026-10-01,ZBH
14,-0.0025443275754735944,2026-10-01,ZBH
1,0.0013813333725846708,2026-10-01,ZETA
2,0.00564555485504338,2026-10-01,ZETA
3,-0.00562570166759135,2026-10-01,ZETA
4,-0.004072029148822944,2026-10-01,ZETA
5,-0.005261744429206472,2026-10-01,ZETA
6,0.0014749412313813293,2026-10-01,ZETA
7,-3.8203246840208883e-05,2026-10-01,ZETA
8,0.0024364346780808284,2026-10-01,ZETA
9,-0.0015402811057977387,2026-10-01,ZETA
10,0.008823404232531563,2026-10-01,ZETA
11,-0.004899012848851225,2026-10-01,ZETA
12,0.007648970583912283,2026-10-01,ZETA
13,0.0038268566765330765,2026-10-01,ZETA
14,0.007753809703257026,2026-10-01,ZETA
1,-0.0008254294551523392,2026-10-01,ZION
2,-0.0026117651966226243,2026-10-01,ZION
3,0.004626315331049792,2026-10-01,ZION
4,-0.0016242995555480328,2026-10-01,ZION
5,-0.0023203334349114523,2026-10-01,ZION
6,-0.004675961144129351,2026-10-01,ZION
7,-0.0038433510117841328,2026-10-01,ZION
8,0.0023251871378637727,2026-10-01,ZION
9,-0.002211688802596545,2026-10-01,ZION
10,0.0022684316919990215,2026-10-01,ZION
11,0.006152860919445066,2026-10-01,ZION
12,-3.9512624299229185e-05,2026-10-01,ZION
13,-0.005898838747856735,2026-10-01,ZION
14,-8.875819091492422e-06,2026-10-01,ZION
1,-0.0008031101003357489,2026-10-01,ZM
2,-0.0029098030651081774,2026-10-01,ZM
3,0.003784116334490398,2026-10-01,ZM
4,-0.0028920849160789007,2026-10-01,ZM
5,-0.00046125759275541595,2026-10-01,ZM
6,-0.005771949414264727,2026-10-01,ZM
7,-0.003736522793545657,2026-10-01,ZM
8,0.00022038596285119265,2026-10-01,ZM
9,-0.003630899368231738,2026-10-01,ZM
10,0.0006773317616557648,2026-10-01,ZM
11,0.002021182583768574,2026-10-01,ZM
12,-0.00249672305317825,2026-10-01,ZM
13,-0.008969012566034015,2026-10-01,ZM
14,-0.0019377459091178034,2026-10-01,ZM
1,-0.00021480050504984143,2026-10-01,ZS
2,-0.00311967215213413,2026-10-01,ZS
3,0.001922123974206634,2026-10-01,ZS
4,-0.0034326992548418403,2026-10-01,ZS
5,-0.001920785433162067,2026-10-01,ZS
6,-0.005988943953046607,2026-10-01,ZS
7,-0.004928914551156913,2026-10-01,ZS
8,0.00030532462047869007,2026-10-01,ZS
9,-0.0011841240479200444,2026-10-01,ZS
10,0.004315033972907414,2026-10-01,ZS
11,0.0073620409076576715,2026-10-01,ZS
12,-0.002400521540453518,2026-10-01,ZS
13,-0.0081951226758387,2026-10-01,ZS
14,-0.003292887354238958,2026-10-01,ZS
1,-0.00020296800265807988,2026-10-01,ZTO
2,-0.0021083337569086412,2026-10-01,ZTO
3,0.004139128507607405,2026-10-01,ZTO
4,-0.0004178769679080935,2026-10-01,ZTO
5,-0.0009340056142932848,2026-10-01,ZTO
6,-0.0027968104571688794,2026-10-01,ZTO
7,-0.0039080752089108,2026-10-01,ZTO
8,0.002212075635217196,2026-10-01,ZTO
9,-0.0008623928065339774,2026-10-01,ZTO
10,-0.0007617189743988909,2026-10-01,ZTO
11,0.003002162337434368,2026-10-01,ZTO
12,-0.0032662688233774844,2026-10-01,ZTO
13,-0.00785606291847441,2026-10-01,ZTO
14,-0.0034060702843120186,2026-10-01,ZTO
1,0.0007319302230070798,2026-10-01,ZTS
2,-0.00031096204803733536,2026-10-01,ZTS
3,0.0014411866005567431,2026-10-01,ZTS
4,0.000688993965077935,2026-10-01,ZTS
5,0.0024796604603081252,2026-10-01,ZTS
6,0.0035885837637739627,2026-10-01,ZTS
7,0.003720094523434044,2026-10-01,ZTS
8,-0.0006124999396381343,2026-10-01,ZTS
9,0.005979728808767775,2026-10-01,ZTS
10,-0.0013720623405145942,2026-10-01,ZTS
11,0.00411140791340481,2026-10-01,ZTS
12,0.002761767120351385,2026-10-01,ZTS
13,0.005206152632515801,2026-10-01,ZTS
14,0.0009183401363822113,2026-10-01,ZTS
1,-0.0022093064487356756,2026-10-01,ZWS
2,-0.0003675662094933632,2026-10-01,ZWS
3,0.0036571559182268995,2026-10-01,ZWS
4,-0.0004798692073522935,2026-10-01,ZWS
5,9.1918079776409e-05,2026-10-01,ZWS
6,-0.003598851160654141,2026-10-01,ZWS
7,-0.0061540690477401684,2026-10-01,ZWS
8,0.0035803365640038947,2026-10-01,ZWS
9,-0.0033436570728758914,2026-10-01,ZWS
10,-0.0006625030011477494,2026-10-01,ZWS
11,0.002965986607531748,2026-10-01,ZWS
12,0.0017034018710949579,2026-10-01,ZWS
13,-0.005933719666221665,2026-10-01,ZWS
14,-0.0016607728024657308,2026-10-01,ZWS
