period,er,Date,Symbol
1,0.0006394475677879041,2026-10-05,A
2,-0.0027014729978864197,2026-10-05,A
3,-0.0013739032359198892,2026-10-05,A
4,-0.0029655594493255034,2026-10-05,A
5,-0.001431627281309536,2026-10-05,A
6,-0.002121738670462955,2026-10-05,A
7,-0.00993766748082887,2026-10-05,A
8,-0.007575449088643599,2026-10-05,A
9,0.0013760494890190655,2026-10-05,A
10,0.0018514045913443043,2026-10-05,A
11,0.003661443491936834,2026-10-05,A
12,-0.0032686901473240803,2026-10-05,A
13,-0.0074411732983085946,2026-10-05,A
14,-0.007864628252943753,2026-10-05,A
1,-0.0002732048577806921,2026-10-05,AA
2,-0.002243004448492855,2026-10-05,AA
3,-0.0025769383467067735,2026-10-05,AA
4,-0.0023623296513612586,2026-10-05,AA
5,-0.0016347958286325555,2026-10-05,AA
6,-0.003619232667523442,2026-10-05,AA
7,-0.009804125399174692,2026-10-05,AA
8,-0.005259373062236251,2026-10-05,AA
9,0.002368819754606869,2026-10-05,AA
10,-0.0037615942789575745,2026-10-05,AA
11,0.005191563695057226,2026-10-05,AA
12,-0.00949553022328723,2026-10-05,AA
13,-0.011197921631471033,2026-10-05,AA
14,-0.006518303045953056,2026-10-05,AA
1,-0.0002752797636129921,2026-10-05,AAL
2,-0.003782255014324279,2026-10-05,AAL
3,-0.0021999363155958142,2026-10-05,AAL
4,-0.004359061967422568,2026-10-05,AAL
5,-0.0017352800669058702,2026-10-05,AAL
6,-0.0014590559364018275,2026-10-05,AAL
7,-0.010808317526281861,2026-10-05,AAL
8,-0.004195087976262883,2026-10-05,AAL
9,0.00038284140069599947,2026-10-05,AAL
10,0.0007865163924573842,2026-10-05,AAL
11,0.008171081606273955,2026-10-05,AAL
12,-0.008554025434246241,2026-10-05,AAL
13,-0.004716182064855649,2026-10-05,AAL
14,-0.006220777210899088,2026-10-05,AAL
1,-0.0034523071384294623,2026-10-05,AAP
2,-0.00026078486797993463,2026-10-05,AAP
3,-0.003883211349885945,2026-10-05,AAP
4,-0.01212441514869236,2026-10-05,AAP
5,-0.004629137434143847,2026-10-05,AAP
6,-0.0033889242061178842,2026-10-05,AAP
7,0.0012263564151281019,2026-10-05,AAP
8,0.002427156072109916,2026-10-05,AAP
9,-0.00695892823175531,2026-10-05,AAP
10,-0.007444412873361513,2026-10-05,AAP
11,-0.007907837852008317,2026-10-05,AAP
12,0.0032564637969704083,2026-10-05,AAP
13,0.008668742835142651,2026-10-05,AAP
14,0.004326613917373031,2026-10-05,AAP
1,-0.000748012207322946,2026-10-05,AAPL
2,-0.002583372557545262,2026-10-05,AAPL
3,0.002258402997931396,2026-10-05,AAPL
4,-0.0006880125446008505,2026-10-05,AAPL
5,0.0031325900615105447,2026-10-05,AAPL
6,-0.000582858646109344,2026-10-05,AAPL
7,-0.0009258608173061369,2026-10-05,AAPL
8,0.0014115380969763442,2026-10-05,AAPL
9,-0.00031261189363991827,2026-10-05,AAPL
10,2.499092334294869e-05,2026-10-05,AAPL
11,0.004450939169863558,2026-10-05,AAPL
12,0.002973715278323246,2026-10-05,AAPL
13,0.004100334400186316,2026-10-05,AAPL
14,-0.006188124062166602,2026-10-05,AAPL
1,0.0009764600708879014,2026-10-05,ABBV
2,-0.0014152649160626414,2026-10-05,ABBV
3,0.0017718505669007264,2026-10-05,ABBV
4,0.0007324072688726511,2026-10-05,ABBV
5,-0.0007300301163727132,2026-10-05,ABBV
6,-0.0027570184711725705,2026-10-05,ABBV
7,-0.0027286018106378244,2026-10-05,ABBV
8,0.0017821762666071477,2026-10-05,ABBV
9,-0.0003126216306621878,2026-10-05,ABBV
10,-0.00038780056647509133,2026-10-05,ABBV
11,0.006339252384667496,2026-10-05,ABBV
12,0.0016639154109179318,2026-10-05,ABBV
13,0.002824115244737401,2026-10-05,ABBV
14,-0.0039285992384264995,2026-10-05,ABBV
1,-0.0029514191805073632,2026-10-05,ABCL
2,-0.0014165173493755647,2026-10-05,ABCL
3,-0.003981835480196242,2026-10-05,ABCL
4,-0.013450660733136468,2026-10-05,ABCL
5,-0.007149421451691601,2026-10-05,ABCL
6,-0.007999404601954087,2026-10-05,ABCL
7,-0.0009099466468163393,2026-10-05,ABCL
8,-0.005910597798780107,2026-10-05,ABCL
9,-0.00485084250922561,2026-10-05,ABCL
10,0.0012075396795547739,2026-10-05,ABCL
11,-0.007323799795653638,2026-10-05,ABCL
12,-0.0018641460489129257,2026-10-05,ABCL
13,-0.01151752604028206,2026-10-05,ABCL
14,-0.0008486322905377642,2026-10-05,ABCL
1,-9.74537620021113e-05,2026-10-05,ABEV
2,-0.002431471654313323,2026-10-05,ABEV
3,-0.002171361819039979,2026-10-05,ABEV
4,-0.003604729481996619,2026-10-05,ABEV
5,-0.0005110379589821065,2026-10-05,ABEV
6,-0.002101951386084596,2026-10-05,ABEV
7,-0.008304254136322315,2026-10-05,ABEV
8,-0.0027634764229707196,2026-10-05,ABEV
9,-0.0013153127515299534,2026-10-05,ABEV
10,1.7867008504269222e-05,2026-10-05,ABEV
11,0.0023936134636351344,2026-10-05,ABEV
12,-0.007161866682906782,2026-10-05,ABEV
13,-0.009621766248326563,2026-10-05,ABEV
14,-0.005822825624578324,2026-10-05,ABEV
1,-0.0028666041149235585,2026-10-05,ABM
2,-0.0018710295420125505,2026-10-05,ABM
3,-0.004507696144362576,2026-10-05,ABM
4,-0.008793180828209528,2026-10-05,ABM
5,-0.006095554112237779,2026-10-05,ABM
6,0.0024269100105801414,2026-10-05,ABM
7,-0.0009134541980306974,2026-10-05,ABM
8,-0.0004457493564345456,2026-10-05,ABM
9,-0.004360794445904557,2026-10-05,ABM
10,-0.009897241488871897,2026-10-05,ABM
11,-0.012733126400849953,2026-10-05,ABM
12,0.004962348489198677,2026-10-05,ABM
13,-0.005333935073640408,2026-10-05,ABM
14,-0.00975754880043729,2026-10-05,ABM
1,0.00017605209453890747,2026-10-05,ABNB
2,-0.0011384006503879418,2026-10-05,ABNB
3,0.0031917148941139058,2026-10-05,ABNB
4,0.003106466428650341,2026-10-05,ABNB
5,0.006806360220852716,2026-10-05,ABNB
6,-0.0008039925430239098,2026-10-05,ABNB
7,-0.0017093788834408727,2026-10-05,ABNB
8,-2.084128533454439e-05,2026-10-05,ABNB
9,-0.0006863994016676886,2026-10-05,ABNB
10,0.0005233304342629773,2026-10-05,ABNB
11,0.007158471380875529,2026-10-05,ABNB
12,0.0017144742054716628,2026-10-05,ABNB
13,0.005016437957950371,2026-10-05,ABNB
14,-0.002417096478182699,2026-10-05,ABNB
1,-0.0022572647161866197,2026-10-05,ABR
2,0.0006854365565739112,2026-10-05,ABR
3,-0.0014035698390789432,2026-10-05,ABR
4,-0.009991263969837726,2026-10-05,ABR
5,-0.007896363147719512,2026-10-05,ABR
6,-0.004426806360241055,2026-10-05,ABR
7,-0.0011436544107701508,2026-10-05,ABR
8,-0.0018982269106542528,2026-10-05,ABR
9,-0.003056975025459577,2026-10-05,ABR
10,-0.00803204865495633,2026-10-05,ABR
11,-0.006689719285576097,2026-10-05,ABR
12,0.000930608456765895,2026-10-05,ABR
13,0.008456149167893182,2026-10-05,ABR
14,0.007579766020814577,2026-10-05,ABR
1,0.0006090094510273554,2026-10-05,ABT
2,-0.0009117036544535254,2026-10-05,ABT
3,0.00276628098542025,2026-10-05,ABT
4,-0.0005034321898882299,2026-10-05,ABT
5,-0.0006230348713282916,2026-10-05,ABT
6,-0.001384337140062233,2026-10-05,ABT
7,-0.0019013737530740019,2026-10-05,ABT
8,-0.00013769488262718502,2026-10-05,ABT
9,-0.0007537323483059195,2026-10-05,ABT
10,-0.0012078390382799565,2026-10-05,ABT
11,0.004332312624414032,2026-10-05,ABT
12,-0.00015967842899493556,2026-10-05,ABT
13,0.0030672115177382466,2026-10-05,ABT
14,-0.0042428246489414545,2026-10-05,ABT
1,-0.002983416935570761,2026-10-05,ACAD
2,-0.00039141297307912737,2026-10-05,ACAD
3,-0.0018191108344718264,2026-10-05,ACAD
4,-0.011453610004605482,2026-10-05,ACAD
5,-0.004584944978473279,2026-10-05,ACAD
6,-0.0035424903250282887,2026-10-05,ACAD
7,0.002091019582305939,2026-10-05,ACAD
8,0.0015621763510018192,2026-10-05,ACAD
9,-0.007609467923566017,2026-10-05,ACAD
10,-0.005303939430221073,2026-10-05,ACAD
11,-0.004921082417088609,2026-10-05,ACAD
12,0.0031533429501260034,2026-10-05,ACAD
13,0.007218748007222824,2026-10-05,ACAD
14,0.001019020860749984,2026-10-05,ACAD
1,-0.0002942659711753318,2026-10-05,ACGL
2,-0.002361673438985567,2026-10-05,ACGL
3,-0.0012055070089614765,2026-10-05,ACGL
4,-0.0026231149162307555,2026-10-05,ACGL
5,-0.00330774761108063,2026-10-05,ACGL
6,-0.0030337600007386708,2026-10-05,ACGL
7,-0.008252006352188286,2026-10-05,ACGL
8,-0.004570804447902519,2026-10-05,ACGL
9,0.0007516564295190688,2026-10-05,ACGL
10,-0.002158982117588093,2026-10-05,ACGL
11,0.004370400049891245,2026-10-05,ACGL
12,-0.0061442426607250895,2026-10-05,ACGL
13,-0.00795789666316868,2026-10-05,ACGL
14,-0.0041707475523571685,2026-10-05,ACGL
1,-0.0032103871642224216,2026-10-05,ACHR
2,0.0010630273483698224,2026-10-05,ACHR
3,-0.0013196999974515846,2026-10-05,ACHR
4,-0.010427674290006463,2026-10-05,ACHR
5,-0.005732967727601756,2026-10-05,ACHR
6,-0.003957607886204862,2026-10-05,ACHR
7,0.0005383860616822639,2026-10-05,ACHR
8,0.00151835641262444,2026-10-05,ACHR
9,-0.00014575452231111802,2026-10-05,ACHR
10,-0.01047889805435578,2026-10-05,ACHR
11,-0.008356714598688237,2026-10-05,ACHR
12,0.002923953355252778,2026-10-05,ACHR
13,0.004664076815392642,2026-10-05,ACHR
14,0.005819937357149943,2026-10-05,ACHR
1,-0.0005017591439190212,2026-10-05,ACI
2,-0.0020492816489868465,2026-10-05,ACI
3,-0.002584984561794911,2026-10-05,ACI
4,-0.0035414062619305835,2026-10-05,ACI
5,-0.003698267803260147,2026-10-05,ACI
6,-0.0019234809294135372,2026-10-05,ACI
7,-0.00434618327561978,2026-10-05,ACI
8,-0.0019793421950847242,2026-10-05,ACI
9,-0.0008136099424885401,2026-10-05,ACI
10,-0.0011159531954273358,2026-10-05,ACI
11,0.005132071125228748,2026-10-05,ACI
12,-0.006020656182779168,2026-10-05,ACI
13,-0.008767647442979839,2026-10-05,ACI
14,-0.005859292789091361,2026-10-05,ACI
1,-0.0026770922442483627,2026-10-05,ACMR
2,0.0007596397066157227,2026-10-05,ACMR
3,-6.541327561686659e-05,2026-10-05,ACMR
4,-0.010861039405430923,2026-10-05,ACMR
5,-0.00553644209778431,2026-10-05,ACMR
6,-0.003822360504428234,2026-10-05,ACMR
7,0.0021369222391656915,2026-10-05,ACMR
8,-0.0017177142377284233,2026-10-05,ACMR
9,-0.003783825675936877,2026-10-05,ACMR
10,0.007639558692008525,2026-10-05,ACMR
11,-0.013973066834327972,2026-10-05,ACMR
12,0.0008341995641381134,2026-10-05,ACMR
13,-0.003948006445086318,2026-10-05,ACMR
14,0.0017287086483837371,2026-10-05,ACMR
1,0.0007279007002002757,2026-10-05,ACN
2,-0.0024950081953673113,2026-10-05,ACN
3,0.0020254578793886865,2026-10-05,ACN
4,-0.00014074623312501454,2026-10-05,ACN
5,-0.0015794264748698501,2026-10-05,ACN
6,-0.0008681348308659087,2026-10-05,ACN
7,-0.004966154355933435,2026-10-05,ACN
8,-0.0004913877449256569,2026-10-05,ACN
9,-0.0034869494137195686,2026-10-05,ACN
10,-0.005370655984092573,2026-10-05,ACN
11,0.005419142650319627,2026-10-05,ACN
12,-0.0023435951014701326,2026-10-05,ACN
13,0.00025539075411074106,2026-10-05,ACN
14,-0.004399818760136068,2026-10-05,ACN
1,-0.002484840543803734,2026-10-05,ACVA
2,-0.0004909633937044012,2026-10-05,ACVA
3,-0.003496068337722048,2026-10-05,ACVA
4,-0.01254136395857525,2026-10-05,ACVA
5,-0.005765997556482782,2026-10-05,ACVA
6,-0.0004893048501776265,2026-10-05,ACVA
7,0.0008735376600212839,2026-10-05,ACVA
8,-0.0006482023636891757,2026-10-05,ACVA
9,-0.0025695913781115924,2026-10-05,ACVA
10,-0.004247568059484053,2026-10-05,ACVA
11,0.0014631196034457239,2026-10-05,ACVA
12,0.0026809287402738435,2026-10-05,ACVA
13,0.010723515128228972,2026-10-05,ACVA
14,0.001328532158930329,2026-10-05,ACVA
1,-0.0003807475716132003,2026-10-05,ADBE
2,-0.0006568809126866548,2026-10-05,ADBE
3,0.002490785853180949,2026-10-05,ADBE
4,-0.00030572100880291083,2026-10-05,ADBE
5,0.00189985453914951,2026-10-05,ADBE
6,0.00030724867669455535,2026-10-05,ADBE
7,-0.000797430741122251,2026-10-05,ADBE
8,0.00010238713883846295,2026-10-05,ADBE
9,-0.004200101584991219,2026-10-05,ADBE
10,0.004011848376865241,2026-10-05,ADBE
11,0.004663104009705837,2026-10-05,ADBE
12,-1.5807617071267506e-05,2026-10-05,ADBE
13,0.0021852789405153355,2026-10-05,ADBE
14,-0.005949855989337446,2026-10-05,ADBE
1,-0.0005922391252856712,2026-10-05,ADI
2,-0.0012880047823011634,2026-10-05,ADI
3,0.0046423129598389965,2026-10-05,ADI
4,0.001938096979750852,2026-10-05,ADI
5,0.00218020003318363,2026-10-05,ADI
6,0.00035549549142028375,2026-10-05,ADI
7,-0.001492237700174254,2026-10-05,ADI
8,0.0018990064464817413,2026-10-05,ADI
9,-0.002405947774173541,2026-10-05,ADI
10,-0.001010552687473824,2026-10-05,ADI
11,0.0034297647037504894,2026-10-05,ADI
12,0.0048952269708522275,2026-10-05,ADI
13,0.0022345218060687362,2026-10-05,ADI
14,-0.0054356040702605475,2026-10-05,ADI
1,-0.00010210336609781142,2026-10-05,ADM
2,-0.002773559681733761,2026-10-05,ADM
3,-0.0011256886243970988,2026-10-05,ADM
4,-0.0034323266804831116,2026-10-05,ADM
5,-0.0027141143630745918,2026-10-05,ADM
6,-0.0020620674871054214,2026-10-05,ADM
7,-0.012795675338846096,2026-10-05,ADM
8,-0.005762149791756251,2026-10-05,ADM
9,0.0004486795198946051,2026-10-05,ADM
10,-0.001632735934785871,2026-10-05,ADM
11,0.005175490358325305,2026-10-05,ADM
12,-0.002679109580220638,2026-10-05,ADM
13,-0.008889540956128756,2026-10-05,ADM
14,-0.008165628234816197,2026-10-05,ADM
1,-0.002555741733574021,2026-10-05,ADNT
2,0.0002797230426996275,2026-10-05,ADNT
3,-0.0036509893845712627,2026-10-05,ADNT
4,-0.009655856473913345,2026-10-05,ADNT
5,-0.008522872731096934,2026-10-05,ADNT
6,-0.004451041961785018,2026-10-05,ADNT
7,0.0015843881492543423,2026-10-05,ADNT
8,0.0006786340294326344,2026-10-05,ADNT
9,-0.0021827432224570385,2026-10-05,ADNT
10,-0.010647691154303012,2026-10-05,ADNT
11,-0.0047617345560241236,2026-10-05,ADNT
12,0.0010411967148746294,2026-10-05,ADNT
13,-0.0015820095558331533,2026-10-05,ADNT
14,-0.004590098025789131,2026-10-05,ADNT
1,0.0007903340079195729,2026-10-05,ADP
2,-0.0007272581135690425,2026-10-05,ADP
3,0.002070792345671199,2026-10-05,ADP
4,-0.0003082114426695326,2026-10-05,ADP
5,0.0015444794049562574,2026-10-05,ADP
6,-0.00159321097934282,2026-10-05,ADP
7,-0.0012891246146565735,2026-10-05,ADP
8,0.0019315494938548995,2026-10-05,ADP
9,-0.0034415595535164287,2026-10-05,ADP
10,0.005210168746368299,2026-10-05,ADP
11,0.005573328355588983,2026-10-05,ADP
12,0.0005817592407751334,2026-10-05,ADP
13,0.000507154306462136,2026-10-05,ADP
14,-0.005932017290060406,2026-10-05,ADP
1,0.0005014129167802226,2026-10-05,ADSK
2,-0.002089579059097266,2026-10-05,ADSK
3,-0.0015489862540619122,2026-10-05,ADSK
4,-0.00378066844713893,2026-10-05,ADSK
5,-0.0024635464023870578,2026-10-05,ADSK
6,-0.0021656228657974974,2026-10-05,ADSK
7,-0.008336390774645049,2026-10-05,ADSK
8,-0.004664332953026547,2026-10-05,ADSK
9,-0.0003491236445002894,2026-10-05,ADSK
10,-0.00040186454739065406,2026-10-05,ADSK
11,0.005137930692814565,2026-10-05,ADSK
12,-0.010398798830649338,2026-10-05,ADSK
13,-0.009813169488139257,2026-10-05,ADSK
14,-0.007044328125097672,2026-10-05,ADSK
1,0.0009200657011921196,2026-10-05,ADT
2,-0.0019510612602987715,2026-10-05,ADT
3,-0.0017146783617387666,2026-10-05,ADT
4,-0.0018240297649476029,2026-10-05,ADT
5,-0.0013840767179515846,2026-10-05,ADT
6,-0.0010894904120249942,2026-10-05,ADT
7,-0.0084701045839439,2026-10-05,ADT
8,-0.0038003343464580158,2026-10-05,ADT
9,0.0003794678005998546,2026-10-05,ADT
10,0.0014217453967239138,2026-10-05,ADT
11,0.0032633935519520057,2026-10-05,ADT
12,-0.004817001390545615,2026-10-05,ADT
13,-0.006687785456779091,2026-10-05,ADT
14,-0.00469682685975976,2026-10-05,ADT
1,-0.0007170746574759242,2026-10-05,AEE
2,-0.001404167295603157,2026-10-05,AEE
3,-0.0018741922100629657,2026-10-05,AEE
4,-0.0029895383483821416,2026-10-05,AEE
5,-0.00110531901662096,2026-10-05,AEE
6,-0.0034346912077340107,2026-10-05,AEE
7,-0.010074553305916579,2026-10-05,AEE
8,-0.005410936191217671,2026-10-05,AEE
9,0.0030111013397870544,2026-10-05,AEE
10,-0.0039021540675085718,2026-10-05,AEE
11,0.005278737215931365,2026-10-05,AEE
12,-0.011876614135851463,2026-10-05,AEE
13,-0.008599227139269798,2026-10-05,AEE
14,-0.005076945053197395,2026-10-05,AEE
1,-0.0007741583892354485,2026-10-05,AEG
2,-0.002052490696138819,2026-10-05,AEG
3,-0.0009050059580330346,2026-10-05,AEG
4,-0.0027299569321686656,2026-10-05,AEG
5,-0.0016781781736739058,2026-10-05,AEG
6,-0.003344601520046361,2026-10-05,AEG
7,-0.0066726872674618435,2026-10-05,AEG
8,-0.004795793249792574,2026-10-05,AEG
9,0.0006951049452964584,2026-10-05,AEG
10,-0.0017345169299618917,2026-10-05,AEG
11,0.0030923615188494557,2026-10-05,AEG
12,-0.007054216136109199,2026-10-05,AEG
13,-0.007654040861050437,2026-10-05,AEG
14,-0.006381009337040205,2026-10-05,AEG
1,0.00020314488863860356,2026-10-05,AEM
2,-0.00189055421347097,2026-10-05,AEM
3,0.0006033036493917755,2026-10-05,AEM
4,-0.0013007583746101484,2026-10-05,AEM
5,0.0005420370206318559,2026-10-05,AEM
6,-0.001981437901170076,2026-10-05,AEM
7,-0.0019094072113627438,2026-10-05,AEM
8,-0.0017616427436762051,2026-10-05,AEM
9,0.0022649708431719795,2026-10-05,AEM
10,5.154657600487873e-05,2026-10-05,AEM
11,0.004369416738487989,2026-10-05,AEM
12,-0.008737055917578097,2026-10-05,AEM
13,-0.006822837387882417,2026-10-05,AEM
14,-0.002773381707195067,2026-10-05,AEM
1,-0.0016929600615736458,2026-10-05,AEO
2,0.00015129052061050335,2026-10-05,AEO
3,-0.004339811143302454,2026-10-05,AEO
4,-0.008974874132802688,2026-10-05,AEO
5,-0.004638485252639426,2026-10-05,AEO
6,-0.004855307691160648,2026-10-05,AEO
7,0.003562257896585436,2026-10-05,AEO
8,-0.001500627875848864,2026-10-05,AEO
9,-0.006091025711488582,2026-10-05,AEO
10,-0.010172354240304281,2026-10-05,AEO
11,-0.007264946597993261,2026-10-05,AEO
12,0.0024238746064866173,2026-10-05,AEO
13,0.00588267417096583,2026-10-05,AEO
14,0.002717293950542647,2026-10-05,AEO
1,-0.000937154106292904,2026-10-05,AEP
2,-0.0023498847909360623,2026-10-05,AEP
3,-0.001998325827907335,2026-10-05,AEP
4,-0.002995311743204484,2026-10-05,AEP
5,-0.0022881613825449713,2026-10-05,AEP
6,-0.0021780633375223634,2026-10-05,AEP
7,-0.008853169471681452,2026-10-05,AEP
8,-0.005184730545824538,2026-10-05,AEP
9,0.00372303328278264,2026-10-05,AEP
10,-0.003421517257424777,2026-10-05,AEP
11,0.005233479932504192,2026-10-05,AEP
12,-0.009672830178092204,2026-10-05,AEP
13,-0.009083684384952285,2026-10-05,AEP
14,-0.007645643634164546,2026-10-05,AEP
1,9.014920572643161e-05,2026-10-05,AER
2,-0.0021650891846937263,2026-10-05,AER
3,-0.0011452648831095234,2026-10-05,AER
4,-0.002881674547953158,2026-10-05,AER
5,-0.001346150698879423,2026-10-05,AER
6,-0.0005720816229539205,2026-10-05,AER
7,-0.00882965763410703,2026-10-05,AER
8,-0.00601393846200944,2026-10-05,AER
9,0.00155726282632029,2026-10-05,AER
10,-0.00047868131846504205,2026-10-05,AER
11,0.0035165621691116405,2026-10-05,AER
12,-0.006985906285362105,2026-10-05,AER
13,-0.0069350389667971225,2026-10-05,AER
14,-0.008246863241033646,2026-10-05,AER
1,-0.00013052449095256712,2026-10-05,AES
2,-0.000766438222581013,2026-10-05,AES
3,-0.0033384847354934757,2026-10-05,AES
4,-0.003050623544930546,2026-10-05,AES
5,0.00032046646917300187,2026-10-05,AES
6,-0.00493839126546981,2026-10-05,AES
7,-0.0059999514515449975,2026-10-05,AES
8,-0.005280392855353348,2026-10-05,AES
9,0.0022315344436391977,2026-10-05,AES
10,-0.00012643489339883658,2026-10-05,AES
11,0.003506231282731187,2026-10-05,AES
12,-0.01213516867486717,2026-10-05,AES
13,-0.008843859242070661,2026-10-05,AES
14,-0.006192039413259553,2026-10-05,AES
1,-0.0021832641517253765,2026-10-05,AESI
2,0.0002218249287654337,2026-10-05,AESI
3,-0.0018876182035460235,2026-10-05,AESI
4,-0.0115743847313487,2026-10-05,AESI
5,-0.006485966565988386,2026-10-05,AESI
6,-0.0089063238723359,2026-10-05,AESI
7,0.000997404077214548,2026-10-05,AESI
8,-0.00041824672318850555,2026-10-05,AESI
9,-0.001343078991628034,2026-10-05,AESI
10,0.00027748301511007224,2026-10-05,AESI
11,-0.011851659059418384,2026-10-05,AESI
12,-0.0007239447938166098,2026-10-05,AESI
13,0.006086274304858795,2026-10-05,AESI
14,0.0038452525814899148,2026-10-05,AESI
1,-0.0005093826390933867,2026-10-05,AFL
2,-0.002439776758844036,2026-10-05,AFL
3,-0.001258723157762667,2026-10-05,AFL
4,-0.0024138279497005837,2026-10-05,AFL
5,-0.004107850719155974,2026-10-05,AFL
6,-0.002494185222862227,2026-10-05,AFL
7,-0.008339062030627715,2026-10-05,AFL
8,-0.004658978089691885,2026-10-05,AFL
9,0.0004950339481108778,2026-10-05,AFL
10,-0.0019768726585607044,2026-10-05,AFL
11,0.003516094488261587,2026-10-05,AFL
12,-0.0066256579049390005,2026-10-05,AFL
13,-0.008919706101678556,2026-10-05,AFL
14,-0.004716645582365629,2026-10-05,AFL
1,-0.00013569504477413467,2026-10-05,AFRM
2,-0.001666205769230535,2026-10-05,AFRM
3,-0.002172629094847977,2026-10-05,AFRM
4,-0.0038182736119982525,2026-10-05,AFRM
5,0.0008663397860253047,2026-10-05,AFRM
6,-0.003130962230833202,2026-10-05,AFRM
7,-0.010402490212635524,2026-10-05,AFRM
8,-0.005342442211889635,2026-10-05,AFRM
9,0.00115843238239752,2026-10-05,AFRM
10,-0.0027951622018613015,2026-10-05,AFRM
11,0.0038090497904073907,2026-10-05,AFRM
12,-0.011045198311560681,2026-10-05,AFRM
13,-0.012211259741794104,2026-10-05,AFRM
14,-0.0089640760204399,2026-10-05,AFRM
1,-0.00282034286113715,2026-10-05,AG
2,-0.0011896119436850124,2026-10-05,AG
3,-0.006235156060562494,2026-10-05,AG
4,-0.008668732977052427,2026-10-05,AG
5,-0.0014436799920578157,2026-10-05,AG
6,-0.0042914690327864845,2026-10-05,AG
7,0.006246300314520064,2026-10-05,AG
8,-0.0009260180225420232,2026-10-05,AG
9,0.005815907973748351,2026-10-05,AG
10,-0.006143153608080011,2026-10-05,AG
11,-0.00660805575975366,2026-10-05,AG
12,-0.0015907830250904119,2026-10-05,AG
13,0.009368063113577227,2026-10-05,AG
14,0.004532255298475522,2026-10-05,AG
1,-0.000817123035913311,2026-10-05,AGCO
2,-0.002118132021877235,2026-10-05,AGCO
3,-0.0008997033661474908,2026-10-05,AGCO
4,-0.001453839411845976,2026-10-05,AGCO
5,-0.0033652758604498356,2026-10-05,AGCO
6,-0.0026031639829839533,2026-10-05,AGCO
7,-0.00570297980349925,2026-10-05,AGCO
8,-0.004277005577590754,2026-10-05,AGCO
9,-0.001616571696946456,2026-10-05,AGCO
10,-0.002498544584081874,2026-10-05,AGCO
11,0.0024553950636680374,2026-10-05,AGCO
12,-0.007328420096725612,2026-10-05,AGCO
13,-0.006969517454615288,2026-10-05,AGCO
14,-0.005786290062632175,2026-10-05,AGCO
1,0.00033080868455429707,2026-10-05,AGI
2,-0.003005924401371615,2026-10-05,AGI
3,-0.0014140755850187113,2026-10-05,AGI
4,-0.0013578430592920178,2026-10-05,AGI
5,-0.0005144456876047744,2026-10-05,AGI
6,-0.0009991367789982965,2026-10-05,AGI
7,-0.0031739645513898926,2026-10-05,AGI
8,-0.00027073427839236587,2026-10-05,AGI
9,0.00430829070004335,2026-10-05,AGI
10,-0.0009798134510732906,2026-10-05,AGI
11,0.003947058607775626,2026-10-05,AGI
12,-0.006834255474436492,2026-10-05,AGI
13,-0.006327928200269855,2026-10-05,AGI
14,-0.003495399960672397,2026-10-05,AGI
1,-0.002867050936887407,2026-10-05,AGIO
2,0.0005979168667935392,2026-10-05,AGIO
3,-0.0015933916521249213,2026-10-05,AGIO
4,-0.01064937900234763,2026-10-05,AGIO
5,-0.0039033155399877135,2026-10-05,AGIO
6,0.0003485241452285469,2026-10-05,AGIO
7,0.002707180209885154,2026-10-05,AGIO
8,0.0010638129708319915,2026-10-05,AGIO
9,-0.0015180293967776743,2026-10-05,AGIO
10,-0.006990385907636045,2026-10-05,AGIO
11,-0.006836805373305634,2026-10-05,AGIO
12,0.005366374138483635,2026-10-05,AGIO
13,0.012608307950713174,2026-10-05,AGIO
14,-0.002011199152976245,2026-10-05,AGIO
1,-0.003039678852106353,2026-10-05,AGL
2,-0.00081921716116341,2026-10-05,AGL
3,-0.0025388445468353974,2026-10-05,AGL
4,-0.013365662519999301,2026-10-05,AGL
5,-0.0037472216706014028,2026-10-05,AGL
6,-0.000816791973503393,2026-10-05,AGL
7,-0.00010220848193813398,2026-10-05,AGL
8,-0.0010925547970472495,2026-10-05,AGL
9,0.008906601023036267,2026-10-05,AGL
10,0.005530138046892532,2026-10-05,AGL
11,-0.002709578688781561,2026-10-05,AGL
12,-0.004141671277922357,2026-10-05,AGL
13,-0.00373997419902113,2026-10-05,AGL
14,0.00923882499310708,2026-10-05,AGL
1,-0.00013658695966627853,2026-10-05,AGNC
2,-0.0024649841651358134,2026-10-05,AGNC
3,-0.0021707099239792415,2026-10-05,AGNC
4,-0.002517645818035942,2026-10-05,AGNC
5,-0.0025509403030646435,2026-10-05,AGNC
6,-0.0012414682669829636,2026-10-05,AGNC
7,-0.006735561838759339,2026-10-05,AGNC
8,-0.004648506070292759,2026-10-05,AGNC
9,0.00010194382598400081,2026-10-05,AGNC
10,-0.0021146775624719784,2026-10-05,AGNC
11,0.004888288676774496,2026-10-05,AGNC
12,-0.006598184402561903,2026-10-05,AGNC
13,-0.006726984079546755,2026-10-05,AGNC
14,-0.004708184661002774,2026-10-05,AGNC
1,-0.0038253890711998054,2026-10-05,AHCO
2,-0.0010243914921606485,2026-10-05,AHCO
3,-0.0018768034009142992,2026-10-05,AHCO
4,-0.011295012288530085,2026-10-05,AHCO
5,-0.00575243880624993,2026-10-05,AHCO
6,-0.005019314354034989,2026-10-05,AHCO
7,-0.004465616961905393,2026-10-05,AHCO
8,0.0033705648443864812,2026-10-05,AHCO
9,-0.003053520827801766,2026-10-05,AHCO
10,-0.006226260592727094,2026-10-05,AHCO
11,-0.0023891381366424524,2026-10-05,AHCO
12,0.003878485332658009,2026-10-05,AHCO
13,0.006349404483549831,2026-10-05,AHCO
14,0.004333921871801173,2026-10-05,AHCO
1,-0.0025435593755784836,2026-10-05,AHR
2,0.00015428266116138567,2026-10-05,AHR
3,-0.005045981856421719,2026-10-05,AHR
4,-0.009580737969236745,2026-10-05,AHR
5,-0.004972620089280829,2026-10-05,AHR
6,-0.005101364982519218,2026-10-05,AHR
7,0.003261952770208421,2026-10-05,AHR
8,0.0006451021016168643,2026-10-05,AHR
9,0.0016000877742237674,2026-10-05,AHR
10,-0.00819422887222154,2026-10-05,AHR
11,-0.0056281352249678,2026-10-05,AHR
12,0.00426910666720172,2026-10-05,AHR
13,0.008704165366383687,2026-10-05,AHR
14,0.0005417234354767007,2026-10-05,AHR
1,-0.004566368557088202,2026-10-05,AI
2,-0.0012779232793647946,2026-10-05,AI
3,-0.0042448006318214476,2026-10-05,AI
4,-0.010278944182076982,2026-10-05,AI
5,-0.0026331553450931323,2026-10-05,AI
6,-0.006429671978185519,2026-10-05,AI
7,-0.0009879134126554656,2026-10-05,AI
8,-0.00196963691698062,2026-10-05,AI
9,-0.003711745646362167,2026-10-05,AI
10,-0.006907737335750291,2026-10-05,AI
11,-0.008571000458903516,2026-10-05,AI
12,0.0015880205142956654,2026-10-05,AI
13,0.01329065892506296,2026-10-05,AI
14,0.004821990939976642,2026-10-05,AI
1,-0.000367495951438302,2026-10-05,AIG
2,-0.002045628182251889,2026-10-05,AIG
3,-0.0016717505619089801,2026-10-05,AIG
4,-0.0026370401887441837,2026-10-05,AIG
5,-0.0010833008365269765,2026-10-05,AIG
6,-0.003810586014690362,2026-10-05,AIG
7,-0.008834887237901497,2026-10-05,AIG
8,-0.00577246096725476,2026-10-05,AIG
9,0.0009255405534585314,2026-10-05,AIG
10,-0.001773665359387213,2026-10-05,AIG
11,0.005984147130893272,2026-10-05,AIG
12,-0.006839201506148749,2026-10-05,AIG
13,-0.007380233319683575,2026-10-05,AIG
14,-0.004464971472850281,2026-10-05,AIG
1,-0.0003206288558761581,2026-10-05,AJG
2,-0.0013121082265222358,2026-10-05,AJG
3,0.003136364557613397,2026-10-05,AJG
4,0.0006320722677450796,2026-10-05,AJG
5,0.0007591382831639657,2026-10-05,AJG
6,0.0011420746185168188,2026-10-05,AJG
7,-0.0013954481182591363,2026-10-05,AJG
8,0.0010402821639839144,2026-10-05,AJG
9,-0.0023753354090558093,2026-10-05,AJG
10,-0.00033366475922324174,2026-10-05,AJG
11,0.006437827863017343,2026-10-05,AJG
12,0.0021799425779294936,2026-10-05,AJG
13,0.0018797616769510356,2026-10-05,AJG
14,-0.00505040067891824,2026-10-05,AJG
1,-0.0002298622733334447,2026-10-05,AKAM
2,-0.002652081224773361,2026-10-05,AKAM
3,-0.004480140650696667,2026-10-05,AKAM
4,-0.0019484075617758872,2026-10-05,AKAM
5,-0.002275936697876887,2026-10-05,AKAM
6,-0.0016545450200374213,2026-10-05,AKAM
7,-0.00986450071104565,2026-10-05,AKAM
8,-0.008612420975074152,2026-10-05,AKAM
9,0.0018951166952962768,2026-10-05,AKAM
10,-0.0023178926276606277,2026-10-05,AKAM
11,0.003155315336246338,2026-10-05,AKAM
12,-0.005492337121143813,2026-10-05,AKAM
13,-0.009344027411561361,2026-10-05,AKAM
14,-0.008919196105214995,2026-10-05,AKAM
1,-0.002258904115495405,2026-10-05,AKR
2,0.0009937380011015313,2026-10-05,AKR
3,-0.00383232398986591,2026-10-05,AKR
4,-0.008954796246078374,2026-10-05,AKR
5,-0.007019518547895768,2026-10-05,AKR
6,-0.0017236608915077896,2026-10-05,AKR
7,-0.0007716188949601216,2026-10-05,AKR
8,-0.004416061140076746,2026-10-05,AKR
9,-0.0004472473318910197,2026-10-05,AKR
10,-0.01012182144353112,2026-10-05,AKR
11,-0.00199969009145895,2026-10-05,AKR
12,0.00030982461105583207,2026-10-05,AKR
13,-0.0008810298641521558,2026-10-05,AKR
14,-0.0057514030944544655,2026-10-05,AKR
1,-0.00031383146830357055,2026-10-05,ALAB
2,-0.001309000242906817,2026-10-05,ALAB
3,-0.0007198124267905567,2026-10-05,ALAB
4,-0.0019720182139498915,2026-10-05,ALAB
5,-0.0007611773918437927,2026-10-05,ALAB
6,-0.0033958710135441584,2026-10-05,ALAB
7,-0.006478618711803916,2026-10-05,ALAB
8,-0.002533850683974341,2026-10-05,ALAB
9,-9.303850134218947e-05,2026-10-05,ALAB
10,-0.0027529191554219517,2026-10-05,ALAB
11,0.0024056128903124957,2026-10-05,ALAB
12,-0.005906393579673475,2026-10-05,ALAB
13,-0.010303269111984838,2026-10-05,ALAB
14,-0.007832901266277014,2026-10-05,ALAB
1,-0.0008518974595352286,2026-10-05,ALB
2,-0.002060273228785176,2026-10-05,ALB
3,-0.0028612304707453687,2026-10-05,ALB
4,-0.0008926089247113391,2026-10-05,ALB
5,-0.004613905670748832,2026-10-05,ALB
6,-0.0010203370933211879,2026-10-05,ALB
7,-0.011668317392337734,2026-10-05,ALB
8,-0.006098949234674032,2026-10-05,ALB
9,-0.0024865883877856387,2026-10-05,ALB
10,0.0019260960462043925,2026-10-05,ALB
11,0.0038057224299707024,2026-10-05,ALB
12,-0.006768838921738601,2026-10-05,ALB
13,-0.006334617155174052,2026-10-05,ALB
14,-0.009050709400375412,2026-10-05,ALB
1,-0.0004696358129623645,2026-10-05,ALGM
2,-0.0013619126753353337,2026-10-05,ALGM
3,-0.001565105208671729,2026-10-05,ALGM
4,4.543729522405792e-05,2026-10-05,ALGM
5,-0.0014913462384478523,2026-10-05,ALGM
6,-0.0019955421809201633,2026-10-05,ALGM
7,-0.006329836620500042,2026-10-05,ALGM
8,-0.007572351321154268,2026-10-05,ALGM
9,-0.0016985669928069364,2026-10-05,ALGM
10,-0.0022066432745151622,2026-10-05,ALGM
11,0.0016432882512922554,2026-10-05,ALGM
12,-0.004496571664593784,2026-10-05,ALGM
13,-0.00928131994730926,2026-10-05,ALGM
14,-0.007411361013774207,2026-10-05,ALGM
1,-0.0002833594626325683,2026-10-05,ALGN
2,-0.0016244131881691375,2026-10-05,ALGN
3,-0.003288179463363826,2026-10-05,ALGN
4,-0.0018499364457408097,2026-10-05,ALGN
5,-0.0027383524412878625,2026-10-05,ALGN
6,-0.0038205170322328863,2026-10-05,ALGN
7,-0.011143111000446406,2026-10-05,ALGN
8,-0.006123161817375749,2026-10-05,ALGN
9,-7.015997155374608e-05,2026-10-05,ALGN
10,-9.663787272670587e-06,2026-10-05,ALGN
11,0.0025305994497972764,2026-10-05,ALGN
12,-0.007140488934418004,2026-10-05,ALGN
13,-0.008773789675389821,2026-10-05,ALGN
14,-0.006714452960186334,2026-10-05,ALGN
1,-0.004794977420136843,2026-10-05,ALHC
2,0.00044955169664073665,2026-10-05,ALHC
3,-0.0005161321214479274,2026-10-05,ALHC
4,-0.01288593996868671,2026-10-05,ALHC
5,-0.0035302151081168494,2026-10-05,ALHC
6,-0.011208369984664004,2026-10-05,ALHC
7,0.003398005098357136,2026-10-05,ALHC
8,-0.0019294782458673858,2026-10-05,ALHC
9,-0.0037407508383542737,2026-10-05,ALHC
10,0.0007231102611800738,2026-10-05,ALHC
11,-0.0027092960165885096,2026-10-05,ALHC
12,0.002549446362543385,2026-10-05,ALHC
13,0.002537473858028356,2026-10-05,ALHC
14,0.01021720051326356,2026-10-05,ALHC
1,-0.003496465848901478,2026-10-05,ALIT
2,0.00012146726508222815,2026-10-05,ALIT
3,-0.0030284064328501064,2026-10-05,ALIT
4,-0.015163733436188981,2026-10-05,ALIT
5,-0.002931949552420687,2026-10-05,ALIT
6,-0.005173178641293849,2026-10-05,ALIT
7,0.0001848606644700344,2026-10-05,ALIT
8,-0.002391516725939829,2026-10-05,ALIT
9,-0.007273562041022605,2026-10-05,ALIT
10,0.0001007563688483925,2026-10-05,ALIT
11,-0.0064685333734404065,2026-10-05,ALIT
12,-0.002267265010829601,2026-10-05,ALIT
13,-0.003965693545526395,2026-10-05,ALIT
14,0.010819145119684041,2026-10-05,ALIT
1,-0.0004211232175357512,2026-10-05,ALK
2,-0.002876194610038321,2026-10-05,ALK
3,-0.001584802290960769,2026-10-05,ALK
4,-0.004320479869834973,2026-10-05,ALK
5,-0.0013971752923999305,2026-10-05,ALK
6,-0.004422780767336025,2026-10-05,ALK
7,-0.012733141696062858,2026-10-05,ALK
8,-0.00624735648196173,2026-10-05,ALK
9,0.0006165738284478168,2026-10-05,ALK
10,0.0007994760376449308,2026-10-05,ALK
11,0.006549731721700952,2026-10-05,ALK
12,-0.006883516209744677,2026-10-05,ALK
13,-0.003894669984024453,2026-10-05,ALK
14,-0.006506156958848612,2026-10-05,ALK
1,-0.0024109667612392206,2026-10-05,ALKS
2,0.0012960612336111595,2026-10-05,ALKS
3,-0.0014636695874408613,2026-10-05,ALKS
4,-0.011751911942978657,2026-10-05,ALKS
5,-0.0038967780015794185,2026-10-05,ALKS
6,-0.0011476242984266318,2026-10-05,ALKS
7,0.002027851813145158,2026-10-05,ALKS
8,0.00411557857419286,2026-10-05,ALKS
9,-0.008033634350349279,2026-10-05,ALKS
10,-0.005907720548934497,2026-10-05,ALKS
11,-0.00813933139189432,2026-10-05,ALKS
12,0.002187179228991163,2026-10-05,ALKS
13,0.011001088388944803,2026-10-05,ALKS
14,0.001565683256349786,2026-10-05,ALKS
1,-0.00017450151099786525,2026-10-05,ALL
2,-0.001921145182754498,2026-10-05,ALL
3,-0.001204207791605182,2026-10-05,ALL
4,-0.0013302734796566886,2026-10-05,ALL
5,-0.0039574488727625555,2026-10-05,ALL
6,-0.001639334871855745,2026-10-05,ALL
7,-0.007745097410867343,2026-10-05,ALL
8,-0.005277149199233657,2026-10-05,ALL
9,-0.0012687524341090908,2026-10-05,ALL
10,-0.0013846432170871326,2026-10-05,ALL
11,0.004928124465653912,2026-10-05,ALL
12,-0.005679203062319844,2026-10-05,ALL
13,-0.008530392370584125,2026-10-05,ALL
14,-0.0037927112988480486,2026-10-05,ALL
1,-0.0003620717440563277,2026-10-05,ALLY
2,-0.0021313711951436525,2026-10-05,ALLY
3,-0.001974742432319683,2026-10-05,ALLY
4,-0.0006128655358270046,2026-10-05,ALLY
5,-0.0024414236446134037,2026-10-05,ALLY
6,-0.0040431677391225525,2026-10-05,ALLY
7,-0.0075417897193678545,2026-10-05,ALLY
8,-0.006073694202082718,2026-10-05,ALLY
9,0.002529712868104451,2026-10-05,ALLY
10,-0.00247233471390177,2026-10-05,ALLY
11,0.0027475067861647377,2026-10-05,ALLY
12,-0.007261458318295579,2026-10-05,ALLY
13,-0.0065504221872499995,2026-10-05,ALLY
14,-0.004301647953002099,2026-10-05,ALLY
1,-0.000652292901878225,2026-10-05,ALV
2,-0.0020266104536267007,2026-10-05,ALV
3,-0.0029332345541112064,2026-10-05,ALV
4,-0.0021248865594134,2026-10-05,ALV
5,-0.0007864825873189424,2026-10-05,ALV
6,-0.002198454879391126,2026-10-05,ALV
7,-0.007800557344547424,2026-10-05,ALV
8,-0.005915272064290636,2026-10-05,ALV
9,-0.00015927502052232232,2026-10-05,ALV
10,-0.0016742651892989221,2026-10-05,ALV
11,0.004027971993033418,2026-10-05,ALV
12,-0.008680520522907699,2026-10-05,ALV
13,-0.009741638765582507,2026-10-05,ALV
14,-0.0049469918103779,2026-10-05,ALV
1,-0.0004405785979625301,2026-10-05,AM
2,-0.002013719870029117,2026-10-05,AM
3,-0.0021342880116630965,2026-10-05,AM
4,-0.0026168029454924184,2026-10-05,AM
5,-0.0017646997259441256,2026-10-05,AM
6,-0.001183753532104162,2026-10-05,AM
7,-0.0069099035462514835,2026-10-05,AM
8,-0.004701973832084906,2026-10-05,AM
9,0.002011282092498749,2026-10-05,AM
10,-0.0015100792982697892,2026-10-05,AM
11,0.004023922237229497,2026-10-05,AM
12,-0.009791529417684039,2026-10-05,AM
13,-0.007472811191915865,2026-10-05,AM
14,-0.0033328185380205747,2026-10-05,AM
1,-0.0004720201492379475,2026-10-05,AMAT
2,-0.0009798625465822586,2026-10-05,AMAT
3,0.0024717815616791755,2026-10-05,AMAT
4,0.0006519106694788735,2026-10-05,AMAT
5,0.00020130995055707443,2026-10-05,AMAT
6,-0.0007496896732132025,2026-10-05,AMAT
7,-0.002308579313327302,2026-10-05,AMAT
8,0.002295681775281687,2026-10-05,AMAT
9,-0.00236459594046196,2026-10-05,AMAT
10,-0.0007712659528433352,2026-10-05,AMAT
11,0.005225475579385842,2026-10-05,AMAT
12,0.0028198023731637596,2026-10-05,AMAT
13,-0.00011484299928939506,2026-10-05,AMAT
14,-0.00587831064162713,2026-10-05,AMAT
1,-0.0029894003644887414,2026-10-05,AMBP
2,0.0005102273267098013,2026-10-05,AMBP
3,-0.0007473585042196127,2026-10-05,AMBP
4,-0.011432910081929986,2026-10-05,AMBP
5,-0.00670540500605569,2026-10-05,AMBP
6,-0.0025015264862233255,2026-10-05,AMBP
7,-0.003361535213710633,2026-10-05,AMBP
8,-0.0016743088803227858,2026-10-05,AMBP
9,0.000996195950580552,2026-10-05,AMBP
10,-0.01008699421054605,2026-10-05,AMBP
11,-0.014311742727937424,2026-10-05,AMBP
12,-0.0022649249502139555,2026-10-05,AMBP
13,0.0041853301441310735,2026-10-05,AMBP
14,-0.00417482324227609,2026-10-05,AMBP
1,-0.0002665081288812521,2026-10-05,AMCR
2,-0.0033266405575085463,2026-10-05,AMCR
3,-0.0029699977218846057,2026-10-05,AMCR
4,-0.0024632637643494993,2026-10-05,AMCR
5,-0.001660024774439522,2026-10-05,AMCR
6,-0.002257683241610064,2026-10-05,AMCR
7,-0.013476560480213713,2026-10-05,AMCR
8,-0.004076363555659948,2026-10-05,AMCR
9,0.0025029555858785326,2026-10-05,AMCR
10,-0.002120027947386186,2026-10-05,AMCR
11,0.006175323285596332,2026-10-05,AMCR
12,-0.006900430650886473,2026-10-05,AMCR
13,-0.008945155035106497,2026-10-05,AMCR
14,-0.0077801683363535505,2026-10-05,AMCR
1,-0.0009346949224516436,2026-10-05,AMD
2,-0.0011340594542242682,2026-10-05,AMD
3,0.004747964772967473,2026-10-05,AMD
4,0.0022022748031902176,2026-10-05,AMD
5,0.0027972644899323966,2026-10-05,AMD
6,0.0001675085911702821,2026-10-05,AMD
7,-0.00012138322542615946,2026-10-05,AMD
8,0.0016824350365184102,2026-10-05,AMD
9,-0.0022794996286242234,2026-10-05,AMD
10,-0.0015715096997180262,2026-10-05,AMD
11,0.004903360492429383,2026-10-05,AMD
12,0.004046810428084934,2026-10-05,AMD
13,0.0015438357170618603,2026-10-05,AMD
14,-0.004750221245106283,2026-10-05,AMD
1,-0.0007184940603885766,2026-10-05,AME
2,-0.0019539649472949646,2026-10-05,AME
3,-0.0007884645273694516,2026-10-05,AME
4,-0.0031101182628003867,2026-10-05,AME
5,-0.000940307561993157,2026-10-05,AME
6,-0.0026449563125212024,2026-10-05,AME
7,-0.006846915307518617,2026-10-05,AME
8,-0.005578242620399356,2026-10-05,AME
9,9.022969316106172e-05,2026-10-05,AME
10,-0.002442248455019157,2026-10-05,AME
11,0.005241660601653009,2026-10-05,AME
12,-0.007929149838625957,2026-10-05,AME
13,-0.008117521611356137,2026-10-05,AME
14,-0.003295425647916157,2026-10-05,AME
1,0.001048593738676983,2026-10-05,AMGN
2,-0.0020135217191428034,2026-10-05,AMGN
3,0.0022187617157011946,2026-10-05,AMGN
4,-0.0006454854629494857,2026-10-05,AMGN
5,-0.00046369614122670924,2026-10-05,AMGN
6,-0.0013094873970235792,2026-10-05,AMGN
7,-0.0017649537962096133,2026-10-05,AMGN
8,0.0014774261789315584,2026-10-05,AMGN
9,-0.0009267352354059551,2026-10-05,AMGN
10,-0.0007892266575104291,2026-10-05,AMGN
11,0.006002275940720528,2026-10-05,AMGN
12,0.00019481215183075738,2026-10-05,AMGN
13,0.0026038350080201346,2026-10-05,AMGN
14,-0.0019812842205682193,2026-10-05,AMGN
1,-0.0007176642684199937,2026-10-05,AMH
2,-0.0008799533722798973,2026-10-05,AMH
3,-0.002208011937940125,2026-10-05,AMH
4,-0.003204744107107301,2026-10-05,AMH
5,-0.002125424734434872,2026-10-05,AMH
6,-0.00242415974376309,2026-10-05,AMH
7,-0.009224080095413228,2026-10-05,AMH
8,-0.0035273178448995707,2026-10-05,AMH
9,-0.0006682401769624838,2026-10-05,AMH
10,-0.002061415234922801,2026-10-05,AMH
11,0.004795801224087354,2026-10-05,AMH
12,-0.007915436733785008,2026-10-05,AMH
13,-0.007536361392639196,2026-10-05,AMH
14,-0.007238474633286171,2026-10-05,AMH
1,-0.0006168295835534964,2026-10-05,AMKR
2,-0.0011560567525883952,2026-10-05,AMKR
3,-0.0012304863831457862,2026-10-05,AMKR
4,0.00010545443341592874,2026-10-05,AMKR
5,-0.001255402378457467,2026-10-05,AMKR
6,-0.003356315783699144,2026-10-05,AMKR
7,-0.007641178182768017,2026-10-05,AMKR
8,-0.007299046793557548,2026-10-05,AMKR
9,-0.0026877712412114937,2026-10-05,AMKR
10,-0.0004613686481751131,2026-10-05,AMKR
11,-0.0016329807350985315,2026-10-05,AMKR
12,-0.0047721092715176435,2026-10-05,AMKR
13,-0.008592538424736222,2026-10-05,AMKR
14,-0.007076830890423169,2026-10-05,AMKR
1,-0.0019078690421163178,2026-10-05,AMN
2,-0.0006605712198012837,2026-10-05,AMN
3,-0.004291454895901684,2026-10-05,AMN
4,-0.011260782918002287,2026-10-05,AMN
5,-0.006549087750516372,2026-10-05,AMN
6,-0.0022768460173221306,2026-10-05,AMN
7,-0.003613445082140844,2026-10-05,AMN
8,-0.003438031487888895,2026-10-05,AMN
9,-0.0026479647612298067,2026-10-05,AMN
10,-0.012258985306379661,2026-10-05,AMN
11,-0.0058882282653538376,2026-10-05,AMN
12,-0.0050968144730115785,2026-10-05,AMN
13,-0.00823985345613126,2026-10-05,AMN
14,-0.0044275630538869876,2026-10-05,AMN
1,-0.00020307441331750135,2026-10-05,AMT
2,-0.001738247979515747,2026-10-05,AMT
3,0.0025698905025697783,2026-10-05,AMT
4,0.00012796879395988393,2026-10-05,AMT
5,0.0007385749121714321,2026-10-05,AMT
6,-0.0008955914544017501,2026-10-05,AMT
7,-0.002993164810127957,2026-10-05,AMT
8,0.0004212393319656742,2026-10-05,AMT
9,-0.0024276556501969535,2026-10-05,AMT
10,-0.0020364592597840255,2026-10-05,AMT
11,0.004805081415066328,2026-10-05,AMT
12,0.0007436145313554123,2026-10-05,AMT
13,0.004799048970959009,2026-10-05,AMT
14,-0.004316332507797134,2026-10-05,AMT
1,3.892850195062755e-05,2026-10-05,AMX
2,-0.0017490491779098643,2026-10-05,AMX
3,0.002777321095547245,2026-10-05,AMX
4,0.0001689917442540092,2026-10-05,AMX
5,0.0012665594265770285,2026-10-05,AMX
6,-0.000995597107400917,2026-10-05,AMX
7,-0.0008871417643207951,2026-10-05,AMX
8,-0.00044491104296146244,2026-10-05,AMX
9,-0.0016602244729540712,2026-10-05,AMX
10,-0.002591794763527154,2026-10-05,AMX
11,0.0041133876401810545,2026-10-05,AMX
12,0.00011917763857900353,2026-10-05,AMX
13,0.004587965261484248,2026-10-05,AMX
14,-0.0031819431198964756,2026-10-05,AMX
1,-0.00027462407756610654,2026-10-05,AMZN
2,-0.002230275193144563,2026-10-05,AMZN
3,0.0015173438168919935,2026-10-05,AMZN
4,0.0005153832946515764,2026-10-05,AMZN
5,-1.2001870905114487e-05,2026-10-05,AMZN
6,-0.003459179359597443,2026-10-05,AMZN
7,-0.000994645354860121,2026-10-05,AMZN
8,0.00012938572616625423,2026-10-05,AMZN
9,-0.0009438925707285898,2026-10-05,AMZN
10,0.0037109258123121675,2026-10-05,AMZN
11,0.003907478040882245,2026-10-05,AMZN
12,0.002344238321817653,2026-10-05,AMZN
13,0.008855649679223995,2026-10-05,AMZN
14,-0.000269455699451244,2026-10-05,AMZN
1,7.562548652353883e-05,2026-10-05,ANET
2,-0.0008653771502251175,2026-10-05,ANET
3,0.0015720333047006191,2026-10-05,ANET
4,0.0009190735133783532,2026-10-05,ANET
5,-0.0015900581894593114,2026-10-05,ANET
6,-0.0011706478157331853,2026-10-05,ANET
7,-0.0015202128351758993,2026-10-05,ANET
8,0.0017911108930337106,2026-10-05,ANET
9,-0.0011199019427310145,2026-10-05,ANET
10,0.0003363860618059332,2026-10-05,ANET
11,0.008082599175705045,2026-10-05,ANET
12,0.0042568922763833025,2026-10-05,ANET
13,0.001918322887458621,2026-10-05,ANET
14,-0.004472631499273462,2026-10-05,ANET
1,-0.0006479925898854692,2026-10-05,ANF
2,-0.0049917640000541556,2026-10-05,ANF
3,-0.0025424163026292615,2026-10-05,ANF
4,-0.0033249249092704544,2026-10-05,ANF
5,-0.0034839679404123675,2026-10-05,ANF
6,-0.002997499521885387,2026-10-05,ANF
7,-0.009023139081229405,2026-10-05,ANF
8,-0.004600632675744503,2026-10-05,ANF
9,0.001764357841372517,2026-10-05,ANF
10,-0.001743854579165197,2026-10-05,ANF
11,-0.00024239270515034387,2026-10-05,ANF
12,-0.005522864386705982,2026-10-05,ANF
13,-0.011941265261040756,2026-10-05,ANF
14,-0.010253029857528552,2026-10-05,ANF
1,0.0002025539628988834,2026-10-05,AON
2,-0.0009012811863034754,2026-10-05,AON
3,0.003037447128527724,2026-10-05,AON
4,9.257619165869159e-05,2026-10-05,AON
5,0.0010685332538531022,2026-10-05,AON
6,-0.000225967973777479,2026-10-05,AON
7,-0.0014061108714186186,2026-10-05,AON
8,-0.0007648533626476086,2026-10-05,AON
9,-0.0026202304272190716,2026-10-05,AON
10,-9.064321145671804e-05,2026-10-05,AON
11,0.006050823316669705,2026-10-05,AON
12,0.00351212068648788,2026-10-05,AON
13,0.002189210832651467,2026-10-05,AON
14,-0.004934041925211597,2026-10-05,AON
1,-0.00037205521289747,2026-10-05,APA
2,-0.0010740864266693697,2026-10-05,APA
3,-0.0036352083235329734,2026-10-05,APA
4,-0.0018786962727946725,2026-10-05,APA
5,-0.0010573207170622477,2026-10-05,APA
6,-0.0025240672845402348,2026-10-05,APA
7,-0.009643180476803017,2026-10-05,APA
8,-0.004497819294909418,2026-10-05,APA
9,0.0013977523044881293,2026-10-05,APA
10,0.002635624923681268,2026-10-05,APA
11,0.006117790666474315,2026-10-05,APA
12,-0.004249735441310937,2026-10-05,APA
13,-0.005841628797622902,2026-10-05,APA
14,-0.004803246469510208,2026-10-05,APA
1,0.00022161714604010575,2026-10-05,APD
2,-0.001849451163866953,2026-10-05,APD
3,0.0022130438073902576,2026-10-05,APD
4,0.000548193179696991,2026-10-05,APD
5,-0.00014674216393890406,2026-10-05,APD
6,0.00048395024524810495,2026-10-05,APD
7,-0.001515501495684782,2026-10-05,APD
8,1.8773853408906305e-05,2026-10-05,APD
9,-0.0014944052405241922,2026-10-05,APD
10,-0.001373605015877208,2026-10-05,APD
11,0.0031731751652599874,2026-10-05,APD
12,-0.0013282251805822954,2026-10-05,APD
13,0.002824681636784903,2026-10-05,APD
14,-0.003579908064017481,2026-10-05,APD
1,-0.0010427323302749866,2026-10-05,APG
2,-0.0017816815200021523,2026-10-05,APG
3,-0.001971978604313427,2026-10-05,APG
4,-0.0033006730853910276,2026-10-05,APG
5,-0.0017534667665180454,2026-10-05,APG
6,-8.538743999178477e-05,2026-10-05,APG
7,-0.008531660886350963,2026-10-05,APG
8,-0.007326933508746757,2026-10-05,APG
9,0.0022142194573326985,2026-10-05,APG
10,-0.0025755424060893792,2026-10-05,APG
11,0.007862059873043193,2026-10-05,APG
12,-0.0081902948936141,2026-10-05,APG
13,-0.010044022365189755,2026-10-05,APG
14,-0.005636898191635349,2026-10-05,APG
1,0.0001322424684445145,2026-10-05,APH
2,-0.001756441539122134,2026-10-05,APH
3,0.0011296358614970971,2026-10-05,APH
4,0.0005069197595696746,2026-10-05,APH
5,-0.0015602871009406801,2026-10-05,APH
6,-0.0011488288748430964,2026-10-05,APH
7,-0.0011803052901686163,2026-10-05,APH
8,0.0025081742729324698,2026-10-05,APH
9,-0.0010737677882761692,2026-10-05,APH
10,-0.0005537806194881736,2026-10-05,APH
11,0.006169284893381033,2026-10-05,APH
12,0.004592132561878913,2026-10-05,APH
13,0.0018411896916457262,2026-10-05,APH
14,-0.00519371089169636,2026-10-05,APH
1,-0.0026418521788975687,2026-10-05,APLD
2,0.000680488908945928,2026-10-05,APLD
3,-0.0014226868503538284,2026-10-05,APLD
4,-0.01588131888398321,2026-10-05,APLD
5,-0.004519165816621042,2026-10-05,APLD
6,-0.0019968699490861526,2026-10-05,APLD
7,0.014197612559791892,2026-10-05,APLD
8,0.006140339030987313,2026-10-05,APLD
9,0.008265599055959973,2026-10-05,APLD
10,0.009192290379772818,2026-10-05,APLD
11,0.003205184292296919,2026-10-05,APLD
12,-0.0010174422184682406,2026-10-05,APLD
13,0.005726046922322523,2026-10-05,APLD
14,0.0052558822956384425,2026-10-05,APLD
1,-0.0019959977802497895,2026-10-05,APLE
2,0.0007685853546330581,2026-10-05,APLE
3,-0.004200942705833998,2026-10-05,APLE
4,-0.0071939711862114035,2026-10-05,APLE
5,-0.005417171918165714,2026-10-05,APLE
6,-0.005127530159507771,2026-10-05,APLE
7,0.0020583834970210606,2026-10-05,APLE
8,-0.0016778815195653512,2026-10-05,APLE
9,-0.0013815166540596838,2026-10-05,APLE
10,-0.010295547377711461,2026-10-05,APLE
11,-0.005700547939006932,2026-10-05,APLE
12,-0.0008906205689047358,2026-10-05,APLE
13,0.008714737232291957,2026-10-05,APLE
14,0.0006047661334276509,2026-10-05,APLE
1,-0.0008590848488270025,2026-10-05,APO
2,-0.0011556789691565073,2026-10-05,APO
3,0.005609689686412629,2026-10-05,APO
4,0.0009389233143500713,2026-10-05,APO
5,0.0012402532460480252,2026-10-05,APO
6,-0.0008448516785472365,2026-10-05,APO
7,-0.0018767193015629914,2026-10-05,APO
8,0.0007298927152954934,2026-10-05,APO
9,-0.005094981157434896,2026-10-05,APO
10,-0.0008335260120346196,2026-10-05,APO
11,0.0007704356980398692,2026-10-05,APO
12,-0.003922071596494341,2026-10-05,APO
13,0.0012296991140666944,2026-10-05,APO
14,-0.014852890555599085,2026-10-05,APO
1,0.0006744310754802292,2026-10-05,APP
2,-0.0017965548591136382,2026-10-05,APP
3,-0.0028372592047526397,2026-10-05,APP
4,-0.0029383394671410983,2026-10-05,APP
5,-0.003052267143266377,2026-10-05,APP
6,-0.002618423327495226,2026-10-05,APP
7,-0.0064030640699016175,2026-10-05,APP
8,-0.0057577655693610095,2026-10-05,APP
9,-0.0020218165971792887,2026-10-05,APP
10,-0.0004011102747092789,2026-10-05,APP
11,0.004059616083170909,2026-10-05,APP
12,-0.008891836724494345,2026-10-05,APP
13,-0.010621918020600791,2026-10-05,APP
14,-0.0072636545420486035,2026-10-05,APP
1,-0.0002529528211181152,2026-10-05,APTV
2,-0.000840961694067638,2026-10-05,APTV
3,-0.0027272245186944015,2026-10-05,APTV
4,-0.0019746380045718393,2026-10-05,APTV
5,0.0009725176894896013,2026-10-05,APTV
6,-0.0030554309474567633,2026-10-05,APTV
7,-0.00908058252166501,2026-10-05,APTV
8,-0.0072450660960675355,2026-10-05,APTV
9,0.0015313008690123872,2026-10-05,APTV
10,-0.0033666193075327145,2026-10-05,APTV
11,0.004180780653084097,2026-10-05,APTV
12,-0.008462367157775937,2026-10-05,APTV
13,-0.009931383134551951,2026-10-05,APTV
14,-0.0048955173071375535,2026-10-05,APTV
1,-0.001750093684937967,2026-10-05,AQN
2,-0.0003997931270444902,2026-10-05,AQN
3,-0.002516135224921658,2026-10-05,AQN
4,-0.008682424143609526,2026-10-05,AQN
5,-0.007931176331515006,2026-10-05,AQN
6,-0.0007769976688996493,2026-10-05,AQN
7,-7.067052524235846e-05,2026-10-05,AQN
8,0.0010470491647906748,2026-10-05,AQN
9,0.0011751963334465053,2026-10-05,AQN
10,-0.010866477369782487,2026-10-05,AQN
11,-0.0069323332894942686,2026-10-05,AQN
12,-0.0008631753476993017,2026-10-05,AQN
13,0.0015609378736948765,2026-10-05,AQN
14,-0.009669082234760991,2026-10-05,AQN
1,-8.943338939053858e-05,2026-10-05,AR
2,-0.0023370520980364276,2026-10-05,AR
3,-0.0017860682580720208,2026-10-05,AR
4,-0.0025417693356329556,2026-10-05,AR
5,-5.4459521280395316e-05,2026-10-05,AR
6,-0.0011699627730392308,2026-10-05,AR
7,-0.0077033090888770075,2026-10-05,AR
8,-0.002973742618402624,2026-10-05,AR
9,0.0024124535702985095,2026-10-05,AR
10,-0.0016064189341812123,2026-10-05,AR
11,0.0056586199342441796,2026-10-05,AR
12,-0.006451204998457593,2026-10-05,AR
13,-0.00798776824967352,2026-10-05,AR
14,-0.0024668795323353723,2026-10-05,AR
1,-0.0005613520574523196,2026-10-05,ARCC
2,-0.0013917572409990191,2026-10-05,ARCC
3,-0.0017971396661205948,2026-10-05,ARCC
4,-0.0025396858806673844,2026-10-05,ARCC
5,-0.0017651636288026017,2026-10-05,ARCC
6,-0.0026271099407289495,2026-10-05,ARCC
7,-0.010516278282107954,2026-10-05,ARCC
8,-0.00449877209218775,2026-10-05,ARCC
9,0.0028346956168125636,2026-10-05,ARCC
10,-0.000673747038243765,2026-10-05,ARCC
11,0.006955591356811593,2026-10-05,ARCC
12,-0.006609184493539279,2026-10-05,ARCC
13,-0.008304227849427985,2026-10-05,ARCC
14,-0.004227913540688292,2026-10-05,ARCC
1,-0.002450218010842499,2026-10-05,ARCO
2,-0.000939698990593445,2026-10-05,ARCO
3,-0.00514851324487498,2026-10-05,ARCO
4,-0.008267802974392616,2026-10-05,ARCO
5,-0.007811368400901901,2026-10-05,ARCO
6,-0.0025863509493209806,2026-10-05,ARCO
7,-4.6040726674005284e-05,2026-10-05,ARCO
8,-0.005587726730145037,2026-10-05,ARCO
9,-0.004143477788280263,2026-10-05,ARCO
10,-0.006269036234096606,2026-10-05,ARCO
11,-0.004540253683591725,2026-10-05,ARCO
12,-0.0009586817548751537,2026-10-05,ARCO
13,-0.003140043716612347,2026-10-05,ARCO
14,-0.0016390592627499119,2026-10-05,ARCO
1,-0.0023343253301823397,2026-10-05,ARDX
2,-0.0008676150256264831,2026-10-05,ARDX
3,-0.00018594792428067053,2026-10-05,ARDX
4,-0.011659360466462307,2026-10-05,ARDX
5,-0.005260744271255545,2026-10-05,ARDX
6,-0.0005652293255461706,2026-10-05,ARDX
7,-0.0013550256500150272,2026-10-05,ARDX
8,-0.0009996452817813764,2026-10-05,ARDX
9,-0.0022833767132365503,2026-10-05,ARDX
10,-0.008884493251988103,2026-10-05,ARDX
11,-0.010299987237767098,2026-10-05,ARDX
12,0.004264591382682668,2026-10-05,ARDX
13,0.012734338249037993,2026-10-05,ARDX
14,0.004605554202783107,2026-10-05,ARDX
1,-0.00037156108961259324,2026-10-05,ARE
2,-0.002421187135869531,2026-10-05,ARE
3,-0.0020901375886275392,2026-10-05,ARE
4,-0.0034061795470382294,2026-10-05,ARE
5,-0.0026493484426222016,2026-10-05,ARE
6,-0.0029103762711049333,2026-10-05,ARE
7,-0.006980801651483546,2026-10-05,ARE
8,-0.005545631239057846,2026-10-05,ARE
9,0.001024491648778785,2026-10-05,ARE
10,-0.0026846287876438244,2026-10-05,ARE
11,0.00415085012569184,2026-10-05,ARE
12,-0.004738758252047275,2026-10-05,ARE
13,-0.005957685791037076,2026-10-05,ARE
14,-0.005869518406399796,2026-10-05,ARE
1,-0.0008489168067059295,2026-10-05,ARES
2,-0.0013429233762831793,2026-10-05,ARES
3,0.005641470289003765,2026-10-05,ARES
4,0.0008151504597521964,2026-10-05,ARES
5,0.002376690661144557,2026-10-05,ARES
6,-0.0007706115113925285,2026-10-05,ARES
7,-0.001419529422685934,2026-10-05,ARES
8,0.0005476611144861318,2026-10-05,ARES
9,-0.005548202121077277,2026-10-05,ARES
10,-0.0005713385701967655,2026-10-05,ARES
11,0.0022170772306390617,2026-10-05,ARES
12,-0.003896301519225324,2026-10-05,ARES
13,0.00052029452557474,2026-10-05,ARES
14,-0.01354699360012541,2026-10-05,ARES
1,-0.0026802870164254595,2026-10-05,ARHS
2,0.00026565153828525664,2026-10-05,ARHS
3,-0.002572410612520358,2026-10-05,ARHS
4,-0.010005884368532527,2026-10-05,ARHS
5,-0.0063236185030390284,2026-10-05,ARHS
6,-0.004191916277559768,2026-10-05,ARHS
7,0.0030728853011515694,2026-10-05,ARHS
8,0.00155311175235646,2026-10-05,ARHS
9,-0.005204253266596339,2026-10-05,ARHS
10,-0.006516061252461867,2026-10-05,ARHS
11,-0.002646727792477169,2026-10-05,ARHS
12,0.0005493606572153641,2026-10-05,ARHS
13,0.0031559936489858297,2026-10-05,ARHS
14,0.006744846796829741,2026-10-05,ARHS
1,-0.0013192133819646436,2026-10-05,ARM
2,-0.001161272588293287,2026-10-05,ARM
3,0.00515424777756614,2026-10-05,ARM
4,0.0017596706917685319,2026-10-05,ARM
5,0.0018109266559305922,2026-10-05,ARM
6,0.0002971365447048083,2026-10-05,ARM
7,-0.0005109101287811634,2026-10-05,ARM
8,0.002178679327223895,2026-10-05,ARM
9,-0.0028979989405941244,2026-10-05,ARM
10,-0.0011452234356245472,2026-10-05,ARM
11,0.004201710328778803,2026-10-05,ARM
12,0.0049411254476825674,2026-10-05,ARM
13,-0.0006453163937447117,2026-10-05,ARM
14,-0.00499392793483552,2026-10-05,ARM
1,-0.0005074900889345201,2026-10-05,ARMK
2,-0.0018940650702348452,2026-10-05,ARMK
3,-0.002220129361779887,2026-10-05,ARMK
4,-0.003043939604426576,2026-10-05,ARMK
5,-0.001534806868216935,2026-10-05,ARMK
6,-0.0034693519009687695,2026-10-05,ARMK
7,-0.008558649580727157,2026-10-05,ARMK
8,-0.006140422750089817,2026-10-05,ARMK
9,0.00376546043364476,2026-10-05,ARMK
10,-0.00011501585363523757,2026-10-05,ARMK
11,0.0017431276312196533,2026-10-05,ARMK
12,-0.004630633669433125,2026-10-05,ARMK
13,-0.008371326727941206,2026-10-05,ARMK
14,-0.009269639242810615,2026-10-05,ARMK
1,-0.0033730341921052046,2026-10-05,ARQT
2,-0.0006099888885872552,2026-10-05,ARQT
3,-0.001465996333696482,2026-10-05,ARQT
4,-0.008878210535151171,2026-10-05,ARQT
5,-0.004870131940356235,2026-10-05,ARQT
6,-0.000826897247698525,2026-10-05,ARQT
7,0.00033608417193034784,2026-10-05,ARQT
8,-0.0010793826393785961,2026-10-05,ARQT
9,-0.003372039454602554,2026-10-05,ARQT
10,-0.008317247761144349,2026-10-05,ARQT
11,-0.004975844106009222,2026-10-05,ARQT
12,0.0005561693465945569,2026-10-05,ARQT
13,0.011441061771127086,2026-10-05,ARQT
14,-0.0016719174661155866,2026-10-05,ARQT
1,-0.0014397064467051187,2026-10-05,ARR
2,-0.0009144676466103648,2026-10-05,ARR
3,-0.0024407936289845065,2026-10-05,ARR
4,-0.008369424043225927,2026-10-05,ARR
5,-0.007337812109835892,2026-10-05,ARR
6,-0.005721944224021721,2026-10-05,ARR
7,-0.00013824193417179026,2026-10-05,ARR
8,-0.005550312641667576,2026-10-05,ARR
9,-0.0012809831519157609,2026-10-05,ARR
10,-0.008551246703387302,2026-10-05,ARR
11,-0.005344081322039076,2026-10-05,ARR
12,-0.0005458437128441403,2026-10-05,ARR
13,-1.5065445092946814e-05,2026-10-05,ARR
14,-0.008634085454735771,2026-10-05,ARR
1,-0.0037636766257611444,2026-10-05,ARRY
2,0.0004335546025902801,2026-10-05,ARRY
3,-0.004559066402054622,2026-10-05,ARRY
4,-0.01151437999684803,2026-10-05,ARRY
5,-0.008159341013019366,2026-10-05,ARRY
6,-0.007132822740992834,2026-10-05,ARRY
7,-0.0003000877345213378,2026-10-05,ARRY
8,-0.010758698703069247,2026-10-05,ARRY
9,-0.00640158888705906,2026-10-05,ARRY
10,-0.008317481426507305,2026-10-05,ARRY
11,-0.004018452184205057,2026-10-05,ARRY
12,0.0035696439957328503,2026-10-05,ARRY
13,0.004400580581026752,2026-10-05,ARRY
14,0.0023856422067131677,2026-10-05,ARRY
1,-0.003152123398340651,2026-10-05,ARWR
2,-0.0009295235584880001,2026-10-05,ARWR
3,-0.004442388083460849,2026-10-05,ARWR
4,-0.013774101317435955,2026-10-05,ARWR
5,-0.007889403083062175,2026-10-05,ARWR
6,-0.004765932984663515,2026-10-05,ARWR
7,0.0036504391311117626,2026-10-05,ARWR
8,-0.004615256247954847,2026-10-05,ARWR
9,-0.0049313014986980585,2026-10-05,ARWR
10,-0.007463410064170736,2026-10-05,ARWR
11,-0.0024023833207057425,2026-10-05,ARWR
12,-0.0029414314105456686,2026-10-05,ARWR
13,-0.0030868114421469394,2026-10-05,ARWR
14,0.001213002459373366,2026-10-05,ARWR
1,-9.375848871493898e-05,2026-10-05,AS
2,-0.002167881360154365,2026-10-05,AS
3,-0.004538664227606076,2026-10-05,AS
4,-0.004248411463773689,2026-10-05,AS
5,-0.0009218220822746348,2026-10-05,AS
6,0.000986666127772453,2026-10-05,AS
7,-0.008665664442589413,2026-10-05,AS
8,-0.004457771187814475,2026-10-05,AS
9,0.003479888167645745,2026-10-05,AS
10,-0.0004999399995564914,2026-10-05,AS
11,0.00436581880444751,2026-10-05,AS
12,-0.006285180880516135,2026-10-05,AS
13,-0.008291024306263625,2026-10-05,AS
14,-0.004940636896690722,2026-10-05,AS
1,-0.0044296866233556826,2026-10-05,ASAN
2,-0.0003968279634157854,2026-10-05,ASAN
3,-0.003934885255905035,2026-10-05,ASAN
4,-0.013343714843797198,2026-10-05,ASAN
5,-0.005244151403625167,2026-10-05,ASAN
6,-0.00503446765719658,2026-10-05,ASAN
7,0.0028210943764358926,2026-10-05,ASAN
8,0.001259351631057249,2026-10-05,ASAN
9,-0.0020561027603619958,2026-10-05,ASAN
10,-0.011665391640383948,2026-10-05,ASAN
11,-0.00682611206665701,2026-10-05,ASAN
12,0.0016152301352881984,2026-10-05,ASAN
13,0.01098920490566729,2026-10-05,ASAN
14,0.004995786822204707,2026-10-05,ASAN
1,-0.0021741031517239517,2026-10-05,ASB
2,-0.0003431530671537592,2026-10-05,ASB
3,-0.00450198197961051,2026-10-05,ASB
4,-0.007988406821418492,2026-10-05,ASB
5,-0.007682707634411309,2026-10-05,ASB
6,-0.0016888062238889759,2026-10-05,ASB
7,0.002502444398420942,2026-10-05,ASB
8,-0.004724902556988071,2026-10-05,ASB
9,-0.003499185502242044,2026-10-05,ASB
10,-0.010232074834595449,2026-10-05,ASB
11,-0.0031729898999130236,2026-10-05,ASB
12,0.002828228871353036,2026-10-05,ASB
13,-0.0023804509534014365,2026-10-05,ASB
14,-0.008590161004611402,2026-10-05,ASB
1,-0.0014284581517905823,2026-10-05,ASML
2,-0.0008390798624051718,2026-10-05,ASML
3,0.0055452874053228095,2026-10-05,ASML
4,0.0014938022499134123,2026-10-05,ASML
5,0.0021707143461553264,2026-10-05,ASML
6,0.0013527639069662127,2026-10-05,ASML
7,-0.0003014402561520125,2026-10-05,ASML
8,0.001946841494933165,2026-10-05,ASML
9,-0.0025405068832517995,2026-10-05,ASML
10,-0.0012763430317801606,2026-10-05,ASML
11,0.004325799864366864,2026-10-05,ASML
12,0.005003382558838447,2026-10-05,ASML
13,0.0008767980969987766,2026-10-05,ASML
14,-0.006177629155072087,2026-10-05,ASML
1,-0.0030861918404672052,2026-10-05,ASO
2,-0.000184434963068293,2026-10-05,ASO
3,-0.0055071799108540815,2026-10-05,ASO
4,-0.009581160848138922,2026-10-05,ASO
5,-0.004832189469486454,2026-10-05,ASO
6,-0.007051927128371935,2026-10-05,ASO
7,-4.116309799599941e-05,2026-10-05,ASO
8,-0.002835246110781923,2026-10-05,ASO
9,-0.00627111408187929,2026-10-05,ASO
10,-0.008640998994848343,2026-10-05,ASO
11,-0.00561712171131159,2026-10-05,ASO
12,0.0022071090027532365,2026-10-05,ASO
13,0.00876040814044805,2026-10-05,ASO
14,0.0012927331093297205,2026-10-05,ASO
1,-0.004240430384163817,2026-10-05,ASPN
2,0.00099923354963973,2026-10-05,ASPN
3,-0.0018217125256499965,2026-10-05,ASPN
4,-0.009966536210873001,2026-10-05,ASPN
5,-0.006476274683163238,2026-10-05,ASPN
6,-0.001848647657585998,2026-10-05,ASPN
7,0.0012081199499683613,2026-10-05,ASPN
8,-0.0024231459176892655,2026-10-05,ASPN
9,-0.0023843069462678892,2026-10-05,ASPN
10,-0.0027201083685711646,2026-10-05,ASPN
11,-0.008961350854220725,2026-10-05,ASPN
12,-0.0009915743958118406,2026-10-05,ASPN
13,0.0005639247340541168,2026-10-05,ASPN
14,0.00913134481105885,2026-10-05,ASPN
1,-0.0008640088405474577,2026-10-05,ASX
2,-0.00125710496542637,2026-10-05,ASX
3,-0.000718621402751172,2026-10-05,ASX
4,2.5481418196129e-05,2026-10-05,ASX
5,-0.0014322453935506727,2026-10-05,ASX
6,-0.0026725217879939424,2026-10-05,ASX
7,-0.009109990028594264,2026-10-05,ASX
8,-0.007953223637423639,2026-10-05,ASX
9,-0.0013548834894640354,2026-10-05,ASX
10,-0.0007219189395501808,2026-10-05,ASX
11,0.0025476555852633246,2026-10-05,ASX
12,-0.0043035002821797865,2026-10-05,ASX
13,-0.00913833895581169,2026-10-05,ASX
14,-0.007692405487318642,2026-10-05,ASX
1,-0.0029256868844518328,2026-10-05,ATAT
2,0.001400501252722623,2026-10-05,ATAT
3,-0.003148035496801553,2026-10-05,ATAT
4,-0.01081583484880905,2026-10-05,ATAT
5,-0.0036008804949430495,2026-10-05,ATAT
6,-0.004815127785462676,2026-10-05,ATAT
7,-0.001956383751019862,2026-10-05,ATAT
8,-0.00537291649121434,2026-10-05,ATAT
9,-0.0008022291811914562,2026-10-05,ATAT
10,-0.011589866275330731,2026-10-05,ATAT
11,-0.007161366273775901,2026-10-05,ATAT
12,-0.00025446969824560045,2026-10-05,ATAT
13,-0.0038986105797142643,2026-10-05,ATAT
14,-0.0029876948288137324,2026-10-05,ATAT
1,-0.002974991427185646,2026-10-05,ATEC
2,0.00018812393713441228,2026-10-05,ATEC
3,-0.0059528236461896915,2026-10-05,ATEC
4,-0.011737689748811883,2026-10-05,ATEC
5,-0.004161495949425349,2026-10-05,ATEC
6,-0.00666335850765116,2026-10-05,ATEC
7,0.0007411720592778499,2026-10-05,ATEC
8,-0.0049227936329066324,2026-10-05,ATEC
9,-0.00563701044429071,2026-10-05,ATEC
10,-0.007789143016170019,2026-10-05,ATEC
11,-0.008626987669628836,2026-10-05,ATEC
12,0.004118345253122852,2026-10-05,ATEC
13,0.008763263879118185,2026-10-05,ATEC
14,0.007118427451954204,2026-10-05,ATEC
1,-0.000280960062301109,2026-10-05,ATI
2,-0.0004119634746605859,2026-10-05,ATI
3,-0.0009870576109585886,2026-10-05,ATI
4,-0.00022468212583157625,2026-10-05,ATI
5,0.000280015306599379,2026-10-05,ATI
6,-0.002310195850626889,2026-10-05,ATI
7,-0.006133087474814452,2026-10-05,ATI
8,-0.006064556301295425,2026-10-05,ATI
9,0.002222421366831707,2026-10-05,ATI
10,-0.002712262125853424,2026-10-05,ATI
11,0.006901440087990739,2026-10-05,ATI
12,-0.006787384467276816,2026-10-05,ATI
13,-0.007984749530476893,2026-10-05,ATI
14,-0.004171681459623794,2026-10-05,ATI
1,-0.0035449190888366374,2026-10-05,ATMU
2,0.0008410637498488936,2026-10-05,ATMU
3,-0.004014330049201774,2026-10-05,ATMU
4,-0.009072096780272806,2026-10-05,ATMU
5,-0.005437882996045116,2026-10-05,ATMU
6,-0.005346838069004066,2026-10-05,ATMU
7,0.002006033227733679,2026-10-05,ATMU
8,0.0008283180973966765,2026-10-05,ATMU
9,-0.0005532076448419792,2026-10-05,ATMU
10,-0.003523753832000914,2026-10-05,ATMU
11,-0.003432112637628775,2026-10-05,ATMU
12,0.006643708827018698,2026-10-05,ATMU
13,0.00934737566016635,2026-10-05,ATMU
14,0.0032402371859736345,2026-10-05,ATMU
1,-0.0007377501787923319,2026-10-05,ATO
2,-0.0020489270481555393,2026-10-05,ATO
3,-0.0014700413241987822,2026-10-05,ATO
4,-0.001321581773351679,2026-10-05,ATO
5,-0.0018102814833348996,2026-10-05,ATO
6,-0.0008321118138691563,2026-10-05,ATO
7,-0.009114137417226892,2026-10-05,ATO
8,-0.006149753319503345,2026-10-05,ATO
9,0.0008084026937695662,2026-10-05,ATO
10,0.0013781812702322598,2026-10-05,ATO
11,0.005210568916071154,2026-10-05,ATO
12,-0.005645162138996618,2026-10-05,ATO
13,-0.009000006762938132,2026-10-05,ATO
14,-0.0043546346618272645,2026-10-05,ATO
1,-0.0032225212683002383,2026-10-05,ATRC
2,-0.0011022012684509211,2026-10-05,ATRC
3,-0.005618472920884466,2026-10-05,ATRC
4,-0.011632542052787282,2026-10-05,ATRC
5,-0.004639105981165287,2026-10-05,ATRC
6,-0.005247321915321561,2026-10-05,ATRC
7,0.0020332561802695382,2026-10-05,ATRC
8,-0.0038476112401073068,2026-10-05,ATRC
9,-0.004499077081969457,2026-10-05,ATRC
10,-0.007927741132363591,2026-10-05,ATRC
11,-0.007128197594215454,2026-10-05,ATRC
12,0.0055104224482517,2026-10-05,ATRC
13,0.009166431743942799,2026-10-05,ATRC
14,0.005781802655775758,2026-10-05,ATRC
1,0.0002974638159481459,2026-10-05,AU
2,-0.0016511729538324228,2026-10-05,AU
3,-0.0005626297287003518,2026-10-05,AU
4,-0.001669262820490863,2026-10-05,AU
5,0.0004915955887219412,2026-10-05,AU
6,-0.0019248329298902549,2026-10-05,AU
7,-0.0048828033201902,2026-10-05,AU
8,5.414002716864505e-05,2026-10-05,AU
9,0.003531473415726761,2026-10-05,AU
10,-0.0021202207371090816,2026-10-05,AU
11,0.005630995114565144,2026-10-05,AU
12,-0.011141208335935154,2026-10-05,AU
13,-0.010714370007901179,2026-10-05,AU
14,-0.002962568610009405,2026-10-05,AU
1,-0.003094722515009167,2026-10-05,AUPH
2,0.00021666545414788155,2026-10-05,AUPH
3,-0.003340724373256845,2026-10-05,AUPH
4,-0.011078570854025277,2026-10-05,AUPH
5,-0.006938955417654988,2026-10-05,AUPH
6,-0.006223366006672142,2026-10-05,AUPH
7,-0.000285166980122015,2026-10-05,AUPH
8,-0.011161381498421375,2026-10-05,AUPH
9,-0.005692916549840994,2026-10-05,AUPH
10,-0.00565901604651596,2026-10-05,AUPH
11,-0.004939856990796562,2026-10-05,AUPH
12,-0.0001562007475155029,2026-10-05,AUPH
13,-0.0018016113752400162,2026-10-05,AUPH
14,-0.002563026676240615,2026-10-05,AUPH
1,-0.0023480637018619046,2026-10-05,AUTL
2,-0.0006930509865799476,2026-10-05,AUTL
3,-0.0036156076688216537,2026-10-05,AUTL
4,-0.012117463446198623,2026-10-05,AUTL
5,-0.007866443949678732,2026-10-05,AUTL
6,-0.009356061362293165,2026-10-05,AUTL
7,0.0011377304443691732,2026-10-05,AUTL
8,-0.0005976521138141945,2026-10-05,AUTL
9,-0.003889360818678788,2026-10-05,AUTL
10,-0.007378940175088367,2026-10-05,AUTL
11,-0.007527568394395257,2026-10-05,AUTL
12,0.002162178557564477,2026-10-05,AUTL
13,0.006654265489216044,2026-10-05,AUTL
14,0.0029143096358391594,2026-10-05,AUTL
1,-0.0017345252067558837,2026-10-05,AVGO
2,-0.001983838085366332,2026-10-05,AVGO
3,0.005370370836030376,2026-10-05,AVGO
4,0.0011045505626715278,2026-10-05,AVGO
5,0.002903815003616073,2026-10-05,AVGO
6,0.00133982391247908,2026-10-05,AVGO
7,-0.0017325112099376618,2026-10-05,AVGO
8,0.0015895713165874914,2026-10-05,AVGO
9,-0.003123610026039124,2026-10-05,AVGO
10,4.9316544074431745e-06,2026-10-05,AVGO
11,0.0046792356402443665,2026-10-05,AVGO
12,0.004006383360239337,2026-10-05,AVGO
13,0.0014204271475888063,2026-10-05,AVGO
14,-0.005528930084202735,2026-10-05,AVGO
1,-0.0014827672731773979,2026-10-05,AVPT
2,0.0007194375550581483,2026-10-05,AVPT
3,-0.001816004149170046,2026-10-05,AVPT
4,-0.017332478146002,2026-10-05,AVPT
5,-0.0024403832575285917,2026-10-05,AVPT
6,-0.001330474536881023,2026-10-05,AVPT
7,0.013154670964116965,2026-10-05,AVPT
8,0.0020977830915268137,2026-10-05,AVPT
9,0.006791249237274163,2026-10-05,AVPT
10,0.005908444010928634,2026-10-05,AVPT
11,0.004017454616287864,2026-10-05,AVPT
12,0.0018014643902430343,2026-10-05,AVPT
13,0.0075936090577583834,2026-10-05,AVPT
14,0.0014481793528185838,2026-10-05,AVPT
1,-0.0002254729436724852,2026-10-05,AVTR
2,-0.0018535145322711374,2026-10-05,AVTR
3,-0.002004424564661053,2026-10-05,AVTR
4,-0.0011634709774111195,2026-10-05,AVTR
5,-0.0026177783817652846,2026-10-05,AVTR
6,0.0004262759538679187,2026-10-05,AVTR
7,-0.01030352434504198,2026-10-05,AVTR
8,-0.004046082184897356,2026-10-05,AVTR
9,-0.0011872733869764743,2026-10-05,AVTR
10,-0.000787397806480296,2026-10-05,AVTR
11,0.004117197719927899,2026-10-05,AVTR
12,-0.00403712067057403,2026-10-05,AVTR
13,-0.007647794238080302,2026-10-05,AVTR
14,-0.007261665925276999,2026-10-05,AVTR
1,-0.0003560757556030384,2026-10-05,AWK
2,-0.0015017764793563882,2026-10-05,AWK
3,-0.0010571053493309938,2026-10-05,AWK
4,-0.0025178413909254815,2026-10-05,AWK
5,-0.0023250154894525845,2026-10-05,AWK
6,-0.0014555577740304401,2026-10-05,AWK
7,-0.01055121355423085,2026-10-05,AWK
8,-0.006815816743281569,2026-10-05,AWK
9,0.001193171851508983,2026-10-05,AWK
10,-0.0013394015490647046,2026-10-05,AWK
11,0.0045200208622677065,2026-10-05,AWK
12,-0.006239239633951369,2026-10-05,AWK
13,-0.007307712588379305,2026-10-05,AWK
14,-0.00684138241279755,2026-10-05,AWK
1,-0.0004748444604913208,2026-10-05,AXP
2,-0.0009315265354063608,2026-10-05,AXP
3,0.003181355896266343,2026-10-05,AXP
4,0.0014373361616140756,2026-10-05,AXP
5,-0.00034018378200767214,2026-10-05,AXP
6,0.0007688303406935113,2026-10-05,AXP
7,9.92025727773529e-05,2026-10-05,AXP
8,0.000679765608776594,2026-10-05,AXP
9,-0.003276884334759189,2026-10-05,AXP
10,-0.0003838480319120042,2026-10-05,AXP
11,0.002926259748570131,2026-10-05,AXP
12,0.0007968176247298152,2026-10-05,AXP
13,0.0012510895507328293,2026-10-05,AXP
14,-0.007200659434084293,2026-10-05,AXP
1,-0.0032812046671985753,2026-10-05,AXSM
2,-0.0010547935995056034,2026-10-05,AXSM
3,-0.004367622630316535,2026-10-05,AXSM
4,-0.012426073628085867,2026-10-05,AXSM
5,-0.006900583969488944,2026-10-05,AXSM
6,-0.005060330555385727,2026-10-05,AXSM
7,0.0011449593696772062,2026-10-05,AXSM
8,-0.0034716706529039115,2026-10-05,AXSM
9,-0.004323923945393122,2026-10-05,AXSM
10,-0.006632034472642491,2026-10-05,AXSM
11,-0.0038312156876822894,2026-10-05,AXSM
12,-0.001487097529207016,2026-10-05,AXSM
13,0.0001781864053732369,2026-10-05,AXSM
14,0.0004658292630612924,2026-10-05,AXSM
1,-0.0004949120236705515,2026-10-05,AXTA
2,-0.0032910291960699016,2026-10-05,AXTA
3,-0.001394188010443861,2026-10-05,AXTA
4,-0.0025515794697738253,2026-10-05,AXTA
5,-0.0007779761637022189,2026-10-05,AXTA
6,-0.0021067187329572275,2026-10-05,AXTA
7,-0.009483898483179543,2026-10-05,AXTA
8,-0.007815348335373477,2026-10-05,AXTA
9,0.00014139332253725037,2026-10-05,AXTA
10,0.0015889316573357143,2026-10-05,AXTA
11,0.0039663023156532645,2026-10-05,AXTA
12,-0.004367727852005251,2026-10-05,AXTA
13,-0.008528335761006228,2026-10-05,AXTA
14,-0.005440545955410262,2026-10-05,AXTA
1,0.0010968450319984136,2026-10-05,AZN
2,-0.00229036501456078,2026-10-05,AZN
3,0.0024560871442574255,2026-10-05,AZN
4,-0.0002598841502846784,2026-10-05,AZN
5,-0.0006423492619221113,2026-10-05,AZN
6,-0.0022245167739587297,2026-10-05,AZN
7,-0.0026148367194332397,2026-10-05,AZN
8,0.0018143319929761173,2026-10-05,AZN
9,-0.0005187028389638857,2026-10-05,AZN
10,-0.0032652677657990263,2026-10-05,AZN
11,0.0047168626270160845,2026-10-05,AZN
12,0.0003728830049215812,2026-10-05,AZN
13,0.002316856578004704,2026-10-05,AZN
14,-0.0037034373594748873,2026-10-05,AZN
1,0.0004109431012907356,2026-10-05,BA
2,-0.0016334105158914904,2026-10-05,BA
3,0.0014470163376852586,2026-10-05,BA
4,-0.00010738220557074876,2026-10-05,BA
5,0.0013017679987427,2026-10-05,BA
6,-0.002978586390641334,2026-10-05,BA
7,-0.0009377808283737159,2026-10-05,BA
8,0.0015613207714369017,2026-10-05,BA
9,-0.0020731519702350365,2026-10-05,BA
10,0.002526324954706081,2026-10-05,BA
11,0.005007681752806618,2026-10-05,BA
12,0.0029213763417779027,2026-10-05,BA
13,0.00206318629005763,2026-10-05,BA
14,-0.005533863278766124,2026-10-05,BA
1,0.0009422422725831922,2026-10-05,BABA
2,-0.0008980655333936397,2026-10-05,BABA
3,0.0015946825840086438,2026-10-05,BABA
4,-0.00019733435799317646,2026-10-05,BABA
5,-0.0002710505261653264,2026-10-05,BABA
6,-0.0040878169168077775,2026-10-05,BABA
7,-0.0021136541581888196,2026-10-05,BABA
8,0.0009435622235146667,2026-10-05,BABA
9,-0.002115701749072128,2026-10-05,BABA
10,0.0014617678776209049,2026-10-05,BABA
11,0.004090582988678939,2026-10-05,BABA
12,0.000817443347596581,2026-10-05,BABA
13,0.005929273093315387,2026-10-05,BABA
14,-0.0004718228714326335,2026-10-05,BABA
1,-0.00015858856129130313,2026-10-05,BAC
2,-0.0020276476274608984,2026-10-05,BAC
3,0.002276397848224204,2026-10-05,BAC
4,0.0006554293476726371,2026-10-05,BAC
5,0.0018687366827217313,2026-10-05,BAC
6,0.001082620624349211,2026-10-05,BAC
7,-0.0010622716720753312,2026-10-05,BAC
8,0.0008353261240061793,2026-10-05,BAC
9,-0.003256887374810617,2026-10-05,BAC
10,-0.0005274697477494419,2026-10-05,BAC
11,0.005247085636145453,2026-10-05,BAC
12,0.0028380714281666594,2026-10-05,BAC
13,0.003855542035554066,2026-10-05,BAC
14,-0.0061004993793423905,2026-10-05,BAC
1,-0.00045379053455708634,2026-10-05,BALL
2,-0.00328633767226728,2026-10-05,BALL
3,-0.004361497648196132,2026-10-05,BALL
4,-0.0030655548740260766,2026-10-05,BALL
5,-0.002510671870839579,2026-10-05,BALL
6,-0.004785815572439982,2026-10-05,BALL
7,-0.010135538336624908,2026-10-05,BALL
8,-0.007421963521568439,2026-10-05,BALL
9,0.0005971432015849117,2026-10-05,BALL
10,-0.0017541619320071368,2026-10-05,BALL
11,0.001918410681025386,2026-10-05,BALL
12,-0.007093288255210359,2026-10-05,BALL
13,-0.010767627714669456,2026-10-05,BALL
14,-0.011178396751669843,2026-10-05,BALL
1,-0.00013432843533997549,2026-10-05,BAM
2,-0.0020468892689959354,2026-10-05,BAM
3,-0.0016973045689502363,2026-10-05,BAM
4,-0.0012742030165335285,2026-10-05,BAM
5,-0.0013602270677309236,2026-10-05,BAM
6,-0.00231714886606472,2026-10-05,BAM
7,-0.00944715642057161,2026-10-05,BAM
8,-0.00398449222680889,2026-10-05,BAM
9,0.002482316453767672,2026-10-05,BAM
10,-0.0003209345510246733,2026-10-05,BAM
11,0.006537936699422237,2026-10-05,BAM
12,-0.009631309781746535,2026-10-05,BAM
13,-0.00944560520590392,2026-10-05,BAM
14,-0.003503196048016253,2026-10-05,BAM
1,-0.0024181302045118416,2026-10-05,BANC
2,-0.0005723329080293095,2026-10-05,BANC
3,-0.0036612428127386675,2026-10-05,BANC
4,-0.00858161599078532,2026-10-05,BANC
5,-0.007232927670136449,2026-10-05,BANC
6,-0.001467741361660943,2026-10-05,BANC
7,0.0015016999896379367,2026-10-05,BANC
8,-0.006225601171974323,2026-10-05,BANC
9,0.0013795591304641861,2026-10-05,BANC
10,-0.00940304507577303,2026-10-05,BANC
11,-0.004696939217815202,2026-10-05,BANC
12,0.006025299616923388,2026-10-05,BANC
13,0.0013345122226483153,2026-10-05,BANC
14,-0.006324960342465355,2026-10-05,BANC
1,-0.0003523850235395474,2026-10-05,BAX
2,-0.0025534061132512003,2026-10-05,BAX
3,-0.002361219753357185,2026-10-05,BAX
4,-0.0020994969666787524,2026-10-05,BAX
5,-0.001803159448075411,2026-10-05,BAX
6,-0.003246281946403651,2026-10-05,BAX
7,-0.00963145703863623,2026-10-05,BAX
8,-0.006545849719094348,2026-10-05,BAX
9,0.000421419930197674,2026-10-05,BAX
10,-0.002791707270147706,2026-10-05,BAX
11,0.003135083072394662,2026-10-05,BAX
12,-0.0067621198769266646,2026-10-05,BAX
13,-0.01284937501822622,2026-10-05,BAX
14,-0.006115540195616348,2026-10-05,BAX
1,-0.003754818559187451,2026-10-05,BB
2,-0.0005239840056058371,2026-10-05,BB
3,-0.0032403500573882234,2026-10-05,BB
4,-0.013448563850024894,2026-10-05,BB
5,-0.0026796751399444214,2026-10-05,BB
6,-0.004699153508045912,2026-10-05,BB
7,-0.0002877727207638221,2026-10-05,BB
8,-0.005260568062829665,2026-10-05,BB
9,0.00021513898861100138,2026-10-05,BB
10,0.0007614161258738825,2026-10-05,BB
11,-0.011039883386833432,2026-10-05,BB
12,-0.004123927749510181,2026-10-05,BB
13,0.002236697195489667,2026-10-05,BB
14,0.003148854847052721,2026-10-05,BB
1,-0.003235248982869578,2026-10-05,BBIO
2,-0.0009406384874819883,2026-10-05,BBIO
3,-0.0038500714513323956,2026-10-05,BBIO
4,-0.010640147274200196,2026-10-05,BBIO
5,-0.0101071371028965,2026-10-05,BBIO
6,-0.00834725944510936,2026-10-05,BBIO
7,-0.0028774828960598537,2026-10-05,BBIO
8,-0.004823293381879122,2026-10-05,BBIO
9,-0.006209260551063143,2026-10-05,BBIO
10,-0.002410298160986388,2026-10-05,BBIO
11,-0.0028672385402299964,2026-10-05,BBIO
12,0.00046384269690140053,2026-10-05,BBIO
13,0.0019146804246091317,2026-10-05,BBIO
14,0.003031445815690874,2026-10-05,BBIO
1,-0.0003029631707261585,2026-10-05,BBVA
2,-0.0016556046286690708,2026-10-05,BBVA
3,0.0023943070128283326,2026-10-05,BBVA
4,0.0005047827678627295,2026-10-05,BBVA
5,-0.0001145411581084241,2026-10-05,BBVA
6,0.0006142124854503759,2026-10-05,BBVA
7,-0.0033938150478905293,2026-10-05,BBVA
8,0.0017596729391620677,2026-10-05,BBVA
9,-0.0020390335519627893,2026-10-05,BBVA
10,-0.0005948511730993803,2026-10-05,BBVA
11,0.006201200488015341,2026-10-05,BBVA
12,0.004104747830304504,2026-10-05,BBVA
13,0.004065687027701819,2026-10-05,BBVA
14,-0.005859066368194517,2026-10-05,BBVA
1,-0.0007575268252716263,2026-10-05,BBWI
2,-0.00464509022715574,2026-10-05,BBWI
3,-0.002471022279141633,2026-10-05,BBWI
4,-0.004082528550765113,2026-10-05,BBWI
5,-0.004765296083409771,2026-10-05,BBWI
6,-0.0030369491958047363,2026-10-05,BBWI
7,-0.011404989506760922,2026-10-05,BBWI
8,-0.0046221389766822945,2026-10-05,BBWI
9,0.0013528426908269947,2026-10-05,BBWI
10,-0.0028716188623629335,2026-10-05,BBWI
11,0.0003132586150128395,2026-10-05,BBWI
12,-0.005661927074584859,2026-10-05,BBWI
13,-0.012135928136214131,2026-10-05,BBWI
14,-0.007864384689371522,2026-10-05,BBWI
1,-0.00041784454131901187,2026-10-05,BBY
2,-0.002085064724117632,2026-10-05,BBY
3,-0.002630532791157446,2026-10-05,BBY
4,-0.003072543410950522,2026-10-05,BBY
5,-0.003149507880220406,2026-10-05,BBY
6,-0.0015292952360863204,2026-10-05,BBY
7,-0.011186740065889808,2026-10-05,BBY
8,-0.008416721781074834,2026-10-05,BBY
9,-0.0007795824221096953,2026-10-05,BBY
10,-0.00021324850787319996,2026-10-05,BBY
11,0.002695395463152272,2026-10-05,BBY
12,-0.008103877825356832,2026-10-05,BBY
13,-0.009076586817337947,2026-10-05,BBY
14,-0.009617136249848363,2026-10-05,BBY
1,-0.00030356835752889065,2026-10-05,BCE
2,-0.0017838457045134867,2026-10-05,BCE
3,-0.002012773358281577,2026-10-05,BCE
4,-0.003126289766446404,2026-10-05,BCE
5,-0.0019627979412890537,2026-10-05,BCE
6,-1.0921006503615569e-05,2026-10-05,BCE
7,-0.009210713606379768,2026-10-05,BCE
8,-0.005632909130632306,2026-10-05,BCE
9,0.002833200571795799,2026-10-05,BCE
10,-0.001040434422058088,2026-10-05,BCE
11,0.003988307083342207,2026-10-05,BCE
12,-0.0052890436547961385,2026-10-05,BCE
13,-0.008200861190878057,2026-10-05,BCE
14,-0.006475277891537772,2026-10-05,BCE
1,-0.002544133812773948,2026-10-05,BCRX
2,-5.472856966540625e-05,2026-10-05,BCRX
3,-0.005039319572403989,2026-10-05,BCRX
4,-0.011719077267854627,2026-10-05,BCRX
5,-0.008207960978481426,2026-10-05,BCRX
6,-0.007235120610001392,2026-10-05,BCRX
7,0.0008505447993004683,2026-10-05,BCRX
8,-0.006273275497142721,2026-10-05,BCRX
9,-0.006354130047531205,2026-10-05,BCRX
10,-0.00537400994640098,2026-10-05,BCRX
11,-0.005025996450149454,2026-10-05,BCRX
12,0.004168355778591885,2026-10-05,BCRX
13,0.0022039712139952697,2026-10-05,BCRX
14,0.003601917018765293,2026-10-05,BCRX
1,-0.00034596747667067475,2026-10-05,BCS
2,-0.002106456458399154,2026-10-05,BCS
3,-0.000649954747247164,2026-10-05,BCS
4,-0.002053489386666424,2026-10-05,BCS
5,-0.0031669319484980874,2026-10-05,BCS
6,-0.0028284061511971445,2026-10-05,BCS
7,-0.007412266188677173,2026-10-05,BCS
8,-0.0063713166422070195,2026-10-05,BCS
9,0.0003503095472408926,2026-10-05,BCS
10,-0.002602005170822153,2026-10-05,BCS
11,0.003558026850342603,2026-10-05,BCS
12,-0.006354586962909516,2026-10-05,BCS
13,-0.009586392428223735,2026-10-05,BCS
14,-0.004369338998961651,2026-10-05,BCS
1,7.250341399317681e-05,2026-10-05,BDX
2,-0.001345179019583792,2026-10-05,BDX
3,0.0026649435102528356,2026-10-05,BDX
4,1.718171595763406e-05,2026-10-05,BDX
5,-0.0015693996325595284,2026-10-05,BDX
6,-0.0010532984040918757,2026-10-05,BDX
7,-0.0024652808519552215,2026-10-05,BDX
8,0.00062275073212332,2026-10-05,BDX
9,-0.001741305360997292,2026-10-05,BDX
10,-0.0024638226496586707,2026-10-05,BDX
11,0.004417946627394896,2026-10-05,BDX
12,-0.0005548747285182719,2026-10-05,BDX
13,0.000949704158712347,2026-10-05,BDX
14,-0.0032250570141176276,2026-10-05,BDX
1,-0.0015659913470790468,2026-10-05,BE
2,0.0016192984050878577,2026-10-05,BE
3,-0.002290906363321678,2026-10-05,BE
4,-0.01504815463301972,2026-10-05,BE
5,-0.011123617182179923,2026-10-05,BE
6,0.005615981661204527,2026-10-05,BE
7,-0.0004976060639459736,2026-10-05,BE
8,-0.0018894402514382797,2026-10-05,BE
9,0.01588810875719321,2026-10-05,BE
10,0.009989107324185531,2026-10-05,BE
11,0.0006762851262038056,2026-10-05,BE
12,-0.0011986957296393596,2026-10-05,BE
13,-0.002185590297536814,2026-10-05,BE
14,0.008728769037749448,2026-10-05,BE
1,-0.0026552892085312226,2026-10-05,BEAM
2,-0.0014551687918024025,2026-10-05,BEAM
3,-0.005510307933218629,2026-10-05,BEAM
4,-0.011206636498710395,2026-10-05,BEAM
5,-0.008485754999283534,2026-10-05,BEAM
6,-0.005709990594238083,2026-10-05,BEAM
7,-0.0005400574124994028,2026-10-05,BEAM
8,-0.0024985369283701624,2026-10-05,BEAM
9,-0.0030613208655492765,2026-10-05,BEAM
10,-0.006555074051043684,2026-10-05,BEAM
11,-0.004840124129445955,2026-10-05,BEAM
12,0.0020220224843721995,2026-10-05,BEAM
13,0.003630520986132232,2026-10-05,BEAM
14,0.003719188069776372,2026-10-05,BEAM
1,-0.00011088188143779965,2026-10-05,BEKE
2,-0.0007577596644841142,2026-10-05,BEKE
3,-0.0024442262958004678,2026-10-05,BEKE
4,-0.002445715155356778,2026-10-05,BEKE
5,-0.0023375193614531683,2026-10-05,BEKE
6,-0.001523923668230056,2026-10-05,BEKE
7,-0.010140290247158072,2026-10-05,BEKE
8,-0.0023739799677427124,2026-10-05,BEKE
9,0.007115720027464436,2026-10-05,BEKE
10,-0.002528981852329205,2026-10-05,BEKE
11,0.007660838936104486,2026-10-05,BEKE
12,-0.008825156004930468,2026-10-05,BEKE
13,-0.007635257648870999,2026-10-05,BEKE
14,-0.006511611873447032,2026-10-05,BEKE
1,0.00019445150250579885,2026-10-05,BF.B
2,-0.00091818171884402,2026-10-05,BF.B
3,-0.003241215413008302,2026-10-05,BF.B
4,-0.003854426060514996,2026-10-05,BF.B
5,-0.0005101916205605399,2026-10-05,BF.B
6,-0.0038559938520441556,2026-10-05,BF.B
7,-0.009942921887782554,2026-10-05,BF.B
8,-0.004887892923024376,2026-10-05,BF.B
9,0.001465992344485787,2026-10-05,BF.B
10,-0.0018815313528892058,2026-10-05,BF.B
11,-0.0004907030091811182,2026-10-05,BF.B
12,-0.006651507862214273,2026-10-05,BF.B
13,-0.009008090316428173,2026-10-05,BF.B
14,-0.006373588057343998,2026-10-05,BF.B
1,-0.0023638194742678885,2026-10-05,BFH
2,0.00023118063094527074,2026-10-05,BFH
3,-0.0031895597968732894,2026-10-05,BFH
4,-0.009644768850442234,2026-10-05,BFH
5,-0.006549075937928658,2026-10-05,BFH
6,-0.005079655313322136,2026-10-05,BFH
7,0.0035576493310968847,2026-10-05,BFH
8,0.0004430453527799334,2026-10-05,BFH
9,-0.002940258383405338,2026-10-05,BFH
10,-0.006276802102362814,2026-10-05,BFH
11,0.00022237623196161903,2026-10-05,BFH
12,0.0014633225652704467,2026-10-05,BFH
13,0.006729562690719796,2026-10-05,BFH
14,0.003725343587322914,2026-10-05,BFH
1,-0.0004959451198646225,2026-10-05,BG
2,-0.0023755860264080045,2026-10-05,BG
3,-0.0028160721430935927,2026-10-05,BG
4,-0.0026357747285163666,2026-10-05,BG
5,-0.0039969231215910075,2026-10-05,BG
6,-0.0006666985249834008,2026-10-05,BG
7,-0.011871048766196934,2026-10-05,BG
8,-0.005730242746002287,2026-10-05,BG
9,0.0015290650876687707,2026-10-05,BG
10,0.0008348287762526211,2026-10-05,BG
11,0.0037481605730369577,2026-10-05,BG
12,-0.00811371959151,2026-10-05,BG
13,-0.008179329801198286,2026-10-05,BG
14,-0.00927887091427067,2026-10-05,BG
1,-0.003730125274906491,2026-10-05,BHC
2,-0.001314379341301106,2026-10-05,BHC
3,-0.0046800796524273875,2026-10-05,BHC
4,-0.011202309556640836,2026-10-05,BHC
5,-0.004455957555766381,2026-10-05,BHC
6,-0.005262807641719723,2026-10-05,BHC
7,-0.000679146652306301,2026-10-05,BHC
8,-0.005242551514865191,2026-10-05,BHC
9,-0.0016492244063016838,2026-10-05,BHC
10,-0.011209035367228653,2026-10-05,BHC
11,-0.012446199185756741,2026-10-05,BHC
12,0.0011419566093446283,2026-10-05,BHC
13,0.0048990124208186875,2026-10-05,BHC
14,0.0012404414458078014,2026-10-05,BHC
1,5.120261207350728e-05,2026-10-05,BHP
2,-0.0016759845461758807,2026-10-05,BHP
3,0.0029289393720279434,2026-10-05,BHP
4,-0.0007435608432153829,2026-10-05,BHP
5,-0.00034405808083790576,2026-10-05,BHP
6,-0.0011633765321275823,2026-10-05,BHP
7,-0.0023192741382299428,2026-10-05,BHP
8,0.0016707353209929326,2026-10-05,BHP
9,-0.00040705080719927335,2026-10-05,BHP
10,-0.0011857091205632795,2026-10-05,BHP
11,0.0052619802266202645,2026-10-05,BHP
12,0.0036419961620946886,2026-10-05,BHP
13,0.00631227819412698,2026-10-05,BHP
14,-0.0028649018393797038,2026-10-05,BHP
1,-0.0005346770972239955,2026-10-05,BHVN
2,-0.0035578111842073028,2026-10-05,BHVN
3,-0.0013765578130887663,2026-10-05,BHVN
4,-0.0020832588201979527,2026-10-05,BHVN
5,-0.0019472804601795987,2026-10-05,BHVN
6,-0.0010258068252670632,2026-10-05,BHVN
7,-0.006079759669959898,2026-10-05,BHVN
8,-0.0030534682974718147,2026-10-05,BHVN
9,0.0013689325623529294,2026-10-05,BHVN
10,-0.003102686383883757,2026-10-05,BHVN
11,0.0074249295622119856,2026-10-05,BHVN
12,-0.00947910759473271,2026-10-05,BHVN
13,-0.008358556865559067,2026-10-05,BHVN
14,-0.007627117557411348,2026-10-05,BHVN
1,-0.0009375939033373082,2026-10-05,BIDU
2,-0.0027022492474600844,2026-10-05,BIDU
3,-0.002798993370204602,2026-10-05,BIDU
4,-0.0020216984479134994,2026-10-05,BIDU
5,-0.0037531457353736156,2026-10-05,BIDU
6,-0.0025407753234743076,2026-10-05,BIDU
7,-0.01368296486436735,2026-10-05,BIDU
8,-0.0037272403669157423,2026-10-05,BIDU
9,0.0007162396277807245,2026-10-05,BIDU
10,-0.000825080132579702,2026-10-05,BIDU
11,0.0034661335081335263,2026-10-05,BIDU
12,-0.006243748986334839,2026-10-05,BIDU
13,-0.011362629915356779,2026-10-05,BIDU
14,-0.004116149122955576,2026-10-05,BIDU
1,-0.0005334997245359008,2026-10-05,BIIB
2,-0.001933005642321318,2026-10-05,BIIB
3,-0.0018455849824556346,2026-10-05,BIIB
4,-0.0029313546698508147,2026-10-05,BIIB
5,-0.0017992773023460208,2026-10-05,BIIB
6,-0.001790060680465329,2026-10-05,BIIB
7,-0.010318086238205328,2026-10-05,BIIB
8,-0.006304109362599308,2026-10-05,BIIB
9,0.0008100596016861529,2026-10-05,BIIB
10,-0.0016776750026843098,2026-10-05,BIIB
11,0.005223251914569054,2026-10-05,BIIB
12,-0.0071051446524980025,2026-10-05,BIIB
13,-0.007302099429860172,2026-10-05,BIIB
14,-0.005597607131017971,2026-10-05,BIIB
1,0.0002770549484073664,2026-10-05,BILI
2,-0.0017994493795217106,2026-10-05,BILI
3,-0.0024728994316072133,2026-10-05,BILI
4,-0.004258713611817149,2026-10-05,BILI
5,-0.0029152043534253296,2026-10-05,BILI
6,-0.003055159819508616,2026-10-05,BILI
7,-0.004910565718340013,2026-10-05,BILI
8,-0.0039045663732688004,2026-10-05,BILI
9,-0.0014475402577012251,2026-10-05,BILI
10,-0.0025255084915167692,2026-10-05,BILI
11,0.006076382861853099,2026-10-05,BILI
12,-0.012683868287340267,2026-10-05,BILI
13,-0.010376888027444277,2026-10-05,BILI
14,-0.008628096542802836,2026-10-05,BILI
1,-0.00027636678212100116,2026-10-05,BILL
2,-0.0021248503835387257,2026-10-05,BILL
3,-0.0021399827768132152,2026-10-05,BILL
4,-0.003359856137704422,2026-10-05,BILL
5,-0.004058023559496303,2026-10-05,BILL
6,-0.0014827994169905382,2026-10-05,BILL
7,-0.009677449181800819,2026-10-05,BILL
8,-0.004360619768291862,2026-10-05,BILL
9,0.0002226817579142047,2026-10-05,BILL
10,-0.002146379193589765,2026-10-05,BILL
11,0.007792135568861581,2026-10-05,BILL
12,-0.009559068768328278,2026-10-05,BILL
13,-0.011051359911272075,2026-10-05,BILL
14,-0.006906024778233686,2026-10-05,BILL
1,-0.0008481178686152708,2026-10-05,BIRK
2,-0.002620061338821826,2026-10-05,BIRK
3,-0.002593618613020636,2026-10-05,BIRK
4,-0.002357788051548845,2026-10-05,BIRK
5,-0.002690126628416514,2026-10-05,BIRK
6,-0.001005825178260912,2026-10-05,BIRK
7,-0.010739453879989007,2026-10-05,BIRK
8,-0.006530004293500783,2026-10-05,BIRK
9,-0.0022242247990151794,2026-10-05,BIRK
10,-0.0015006047663303642,2026-10-05,BIRK
11,0.004292767952608781,2026-10-05,BIRK
12,-0.00612667191385698,2026-10-05,BIRK
13,-0.010916969564914487,2026-10-05,BIRK
14,-0.005642021355867074,2026-10-05,BIRK
1,-0.0006343743070596244,2026-10-05,BJ
2,-0.002493809827613955,2026-10-05,BJ
3,-0.003301565378025229,2026-10-05,BJ
4,-0.001960289056842248,2026-10-05,BJ
5,-0.0008833080090089145,2026-10-05,BJ
6,-0.005205128196001132,2026-10-05,BJ
7,-0.010297053531744683,2026-10-05,BJ
8,-0.0038599398423681333,2026-10-05,BJ
9,0.0010893113748251353,2026-10-05,BJ
10,-0.00032778135865135435,2026-10-05,BJ
11,0.006469646544466172,2026-10-05,BJ
12,-0.00345085978202915,2026-10-05,BJ
13,-0.008463553847376014,2026-10-05,BJ
14,-0.004638649518938099,2026-10-05,BJ
1,8.515016006557684e-05,2026-10-05,BKR
2,-0.00209988348619885,2026-10-05,BKR
3,-0.0010431139651034815,2026-10-05,BKR
4,-0.0019299954378626273,2026-10-05,BKR
5,-0.0015049535880639895,2026-10-05,BKR
6,-0.0036829654718808914,2026-10-05,BKR
7,-0.007735776170168285,2026-10-05,BKR
8,-0.005400474818806314,2026-10-05,BKR
9,0.0007658839045941182,2026-10-05,BKR
10,-0.002825973386197585,2026-10-05,BKR
11,0.0031672348632055545,2026-10-05,BKR
12,-0.0063839131741570574,2026-10-05,BKR
13,-0.007515222596604737,2026-10-05,BKR
14,-0.006268115091508636,2026-10-05,BKR
1,-0.004078207391196016,2026-10-05,BL
2,0.0007774521214732252,2026-10-05,BL
3,-0.004644826698513133,2026-10-05,BL
4,-0.011632513191570893,2026-10-05,BL
5,-0.0030842903190599806,2026-10-05,BL
6,-0.0049894402155498535,2026-10-05,BL
7,0.0031530152930741044,2026-10-05,BL
8,-0.0009321261534447034,2026-10-05,BL
9,-0.0025885348433913524,2026-10-05,BL
10,-0.009484197040312269,2026-10-05,BL
11,-0.0017108198156395725,2026-10-05,BL
12,-0.0006737272167725601,2026-10-05,BL
13,0.0127138343549353,2026-10-05,BL
14,0.0042088238895360425,2026-10-05,BL
1,-2.697512886940762e-05,2026-10-05,BLDR
2,-0.0023617749605862066,2026-10-05,BLDR
3,-0.002698308071710055,2026-10-05,BLDR
4,-0.0027973829346451227,2026-10-05,BLDR
5,-0.00426219857503885,2026-10-05,BLDR
6,-0.0012963469673031788,2026-10-05,BLDR
7,-0.011545305898713012,2026-10-05,BLDR
8,-0.005669302520916272,2026-10-05,BLDR
9,0.0020342990073042868,2026-10-05,BLDR
10,-0.0012971941139974872,2026-10-05,BLDR
11,0.003888108586225277,2026-10-05,BLDR
12,-0.00876402596070354,2026-10-05,BLDR
13,-0.008798988753599055,2026-10-05,BLDR
14,-0.0071862040518359165,2026-10-05,BLDR
1,-0.001902020674456523,2026-10-05,BLMN
2,-0.0011759141147961098,2026-10-05,BLMN
3,-0.0043278471969837905,2026-10-05,BLMN
4,-0.009122816741518422,2026-10-05,BLMN
5,-0.00965738248850034,2026-10-05,BLMN
6,-0.006196576565977299,2026-10-05,BLMN
7,0.0004861050240245579,2026-10-05,BLMN
8,-0.0006829213628390205,2026-10-05,BLMN
9,-0.006703189097527522,2026-10-05,BLMN
10,-0.005606941938889292,2026-10-05,BLMN
11,-0.005121681840436214,2026-10-05,BLMN
12,0.005772793607091027,2026-10-05,BLMN
13,0.0012412180900769846,2026-10-05,BLMN
14,0.006668065092793118,2026-10-05,BLMN
1,-0.005192817039066033,2026-10-05,BMBL
2,-0.0007561870360526043,2026-10-05,BMBL
3,-0.002100976922178603,2026-10-05,BMBL
4,-0.011481274589425303,2026-10-05,BMBL
5,-0.006267078134754539,2026-10-05,BMBL
6,-0.005214746524483705,2026-10-05,BMBL
7,0.001044418562971108,2026-10-05,BMBL
8,-0.0040888998480717986,2026-10-05,BMBL
9,-0.0029773665446503877,2026-10-05,BMBL
10,-0.007503259805039639,2026-10-05,BMBL
11,0.0008780076587784748,2026-10-05,BMBL
12,-0.006907280242072589,2026-10-05,BMBL
13,0.013108708966927474,2026-10-05,BMBL
14,0.0049158969135917885,2026-10-05,BMBL
1,-0.00015703230439677012,2026-10-05,BMRN
2,-0.002514237178603658,2026-10-05,BMRN
3,-0.0029167542187384043,2026-10-05,BMRN
4,-0.004015369107716903,2026-10-05,BMRN
5,-0.0013144727266952714,2026-10-05,BMRN
6,-0.0033001895472448504,2026-10-05,BMRN
7,-0.009392582741569986,2026-10-05,BMRN
8,-0.007854962063436643,2026-10-05,BMRN
9,0.00012397862760378113,2026-10-05,BMRN
10,0.0010032175247362417,2026-10-05,BMRN
11,0.0021317618511080797,2026-10-05,BMRN
12,-0.00816511353761722,2026-10-05,BMRN
13,-0.007840070016810407,2026-10-05,BMRN
14,-0.007420016609710258,2026-10-05,BMRN
1,0.00030867989883237443,2026-10-05,BMY
2,-0.0020968811422471018,2026-10-05,BMY
3,0.0022530316168943364,2026-10-05,BMY
4,-3.783654084444764e-05,2026-10-05,BMY
5,-0.0007129893370907232,2026-10-05,BMY
6,-0.0025141729640542226,2026-10-05,BMY
7,-0.0006374002414283085,2026-10-05,BMY
8,0.002306913001183235,2026-10-05,BMY
9,0.00036345138092559374,2026-10-05,BMY
10,-0.003602858055358182,2026-10-05,BMY
11,0.005183084620950838,2026-10-05,BMY
12,0.0026004854152967475,2026-10-05,BMY
13,0.0032378996243181096,2026-10-05,BMY
14,-0.004358837823889202,2026-10-05,BMY
1,-0.0006384307683472382,2026-10-05,BN
2,-0.0012421976964511567,2026-10-05,BN
3,0.005534051354441473,2026-10-05,BN
4,0.0011265040694357273,2026-10-05,BN
5,0.0020494483831056567,2026-10-05,BN
6,-0.0005192318814716711,2026-10-05,BN
7,-0.001991531167038218,2026-10-05,BN
8,0.0008045410738744216,2026-10-05,BN
9,-0.005452107882080725,2026-10-05,BN
10,0.00028939554611196497,2026-10-05,BN
11,0.0018253457090774876,2026-10-05,BN
12,-0.003557423689983385,2026-10-05,BN
13,-0.0006364382261749874,2026-10-05,BN
14,-0.013219312657450645,2026-10-05,BN
1,-0.0006171742460268136,2026-10-05,BNL
2,-0.002465755301272938,2026-10-05,BNL
3,-0.0017362461964154207,2026-10-05,BNL
4,-0.002485836099546779,2026-10-05,BNL
5,-0.0020132708811133448,2026-10-05,BNL
6,-0.0007521179711791956,2026-10-05,BNL
7,-0.0074555106669662845,2026-10-05,BNL
8,-0.0037921313786010327,2026-10-05,BNL
9,0.0009499962789529076,2026-10-05,BNL
10,-0.0011208786622319282,2026-10-05,BNL
11,0.006294279062869313,2026-10-05,BNL
12,-0.006468452211514171,2026-10-05,BNL
13,-0.007535557129669128,2026-10-05,BNL
14,-0.006032374757545184,2026-10-05,BNL
1,-0.0035761209275568338,2026-10-05,BORR
2,0.0011045042713714428,2026-10-05,BORR
3,-0.005170870363513343,2026-10-05,BORR
4,-0.010797907553823989,2026-10-05,BORR
5,-0.00704452129765277,2026-10-05,BORR
6,-0.006934907012162321,2026-10-05,BORR
7,-0.00041007828365455056,2026-10-05,BORR
8,-0.004610122808557942,2026-10-05,BORR
9,-0.004801129752808656,2026-10-05,BORR
10,-0.0049934978858944086,2026-10-05,BORR
11,-0.0047535856369845635,2026-10-05,BORR
12,-0.001841762424626956,2026-10-05,BORR
13,0.006698139461558309,2026-10-05,BORR
14,0.0031966064119640387,2026-10-05,BORR
1,-0.0025463532973432237,2026-10-05,BOX
2,-0.0002924799221146183,2026-10-05,BOX
3,-0.004995989251521952,2026-10-05,BOX
4,-0.010847471379425972,2026-10-05,BOX
5,0.0010305128551179952,2026-10-05,BOX
6,-0.004191385161792655,2026-10-05,BOX
7,-0.00012907013838143154,2026-10-05,BOX
8,-0.0013830756798519064,2026-10-05,BOX
9,0.0020769815666328794,2026-10-05,BOX
10,-0.005153208784123041,2026-10-05,BOX
11,-0.002228561837440962,2026-10-05,BOX
12,0.008803137661265361,2026-10-05,BOX
13,0.009745873560483446,2026-10-05,BOX
14,0.007984683395088931,2026-10-05,BOX
1,0.0009636273454683957,2026-10-05,BP
2,-0.0013329324047748653,2026-10-05,BP
3,0.0025990834638861837,2026-10-05,BP
4,-0.00015785296856493167,2026-10-05,BP
5,0.0006282680674807933,2026-10-05,BP
6,-0.0002299183805901256,2026-10-05,BP
7,-0.0019944576939879295,2026-10-05,BP
8,-0.002786687042984671,2026-10-05,BP
9,-0.002066817775966159,2026-10-05,BP
10,-0.004901320800149446,2026-10-05,BP
11,0.003431348702102728,2026-10-05,BP
12,0.00314912901527023,2026-10-05,BP
13,0.006711769506870276,2026-10-05,BP
14,-0.000561674087711765,2026-10-05,BP
1,-0.0027190632775154853,2026-10-05,BRBR
2,0.001146008753294611,2026-10-05,BRBR
3,-0.004379241916719411,2026-10-05,BRBR
4,-0.01213337131290354,2026-10-05,BRBR
5,-0.00704943897986892,2026-10-05,BRBR
6,0.001868771047321472,2026-10-05,BRBR
7,0.00022831766404948168,2026-10-05,BRBR
8,-0.003620124082887206,2026-10-05,BRBR
9,0.0012103298176274948,2026-10-05,BRBR
10,0.002596515176355692,2026-10-05,BRBR
11,-0.003975246721099535,2026-10-05,BRBR
12,-5.207421645297586e-05,2026-10-05,BRBR
13,-0.007926875215073062,2026-10-05,BRBR
14,-0.004183114844197529,2026-10-05,BRBR
1,-0.0025814066160454534,2026-10-05,BRCC
2,-0.0018546807605601106,2026-10-05,BRCC
3,-0.0025862943324360347,2026-10-05,BRCC
4,-0.015043765443367713,2026-10-05,BRCC
5,-0.007242681762651447,2026-10-05,BRCC
6,-0.003231943405605556,2026-10-05,BRCC
7,-0.0015621893318284545,2026-10-05,BRCC
8,6.398668625168572e-05,2026-10-05,BRCC
9,-4.3810274344020465e-05,2026-10-05,BRCC
10,0.006055417983654766,2026-10-05,BRCC
11,-0.0036353549594633867,2026-10-05,BRCC
12,0.0018799104189895321,2026-10-05,BRCC
13,-0.0014665767606054365,2026-10-05,BRCC
14,0.01155089072314054,2026-10-05,BRCC
1,-0.0003381993488653487,2026-10-05,BRK.B
2,-0.0020825526064986036,2026-10-05,BRK.B
3,0.0023396515390541896,2026-10-05,BRK.B
4,-0.0006643984169729856,2026-10-05,BRK.B
5,0.0003293462589257629,2026-10-05,BRK.B
6,-0.00034649547313006296,2026-10-05,BRK.B
7,-0.002420262671021198,2026-10-05,BRK.B
8,0.0034796357818787905,2026-10-05,BRK.B
9,-0.0006953857149907055,2026-10-05,BRK.B
10,0.0008039112718334661,2026-10-05,BRK.B
11,0.004638244904269858,2026-10-05,BRK.B
12,0.0033387703689060307,2026-10-05,BRK.B
13,0.00026976593177490706,2026-10-05,BRK.B
14,-0.004677299776785658,2026-10-05,BRK.B
1,-0.002569594850602343,2026-10-05,BRKR
2,-0.0001521948860643449,2026-10-05,BRKR
3,-0.006221099137943546,2026-10-05,BRKR
4,-0.00966222119069287,2026-10-05,BRKR
5,-0.007211948107532063,2026-10-05,BRKR
6,-0.006826787401164864,2026-10-05,BRKR
7,0.003323083684578237,2026-10-05,BRKR
8,-0.004194826700470441,2026-10-05,BRKR
9,-0.008970665414219078,2026-10-05,BRKR
10,-0.00685930493686782,2026-10-05,BRKR
11,-0.006841325826973999,2026-10-05,BRKR
12,-0.0009206000459169147,2026-10-05,BRKR
13,0.011022650518851,2026-10-05,BRKR
14,0.004242477095005169,2026-10-05,BRKR
1,-0.0005009293292687636,2026-10-05,BRO
2,-0.0024504606376630467,2026-10-05,BRO
3,-0.002470396307641275,2026-10-05,BRO
4,-0.001240596256290747,2026-10-05,BRO
5,-0.003654583120197982,2026-10-05,BRO
6,-0.0013797951880179086,2026-10-05,BRO
7,-0.008843359023313433,2026-10-05,BRO
8,-0.007889170767686141,2026-10-05,BRO
9,0.000508404959290979,2026-10-05,BRO
10,0.0016160578850114892,2026-10-05,BRO
11,0.002896277410877997,2026-10-05,BRO
12,-0.005394607406230938,2026-10-05,BRO
13,-0.0077585066664059435,2026-10-05,BRO
14,-0.00394206016375693,2026-10-05,BRO
1,-0.0016324936291775391,2026-10-05,BROS
2,4.808947598411683e-05,2026-10-05,BROS
3,-0.006920100641147472,2026-10-05,BROS
4,-0.015653872099123202,2026-10-05,BROS
5,-0.012962386768306642,2026-10-05,BROS
6,-0.00636937028953073,2026-10-05,BROS
7,0.0030073912300165387,2026-10-05,BROS
8,-0.0008104361086330947,2026-10-05,BROS
9,-0.002969744920929282,2026-10-05,BROS
10,-0.007255074670517589,2026-10-05,BROS
11,-0.005502591069910395,2026-10-05,BROS
12,-0.0037244203169921816,2026-10-05,BROS
13,0.001371406470303967,2026-10-05,BROS
14,0.0036718582826613813,2026-10-05,BROS
1,-0.0019558135440464267,2026-10-05,BRX
2,0.00037924049862147775,2026-10-05,BRX
3,-0.003963386464556438,2026-10-05,BRX
4,-0.008122055710329807,2026-10-05,BRX
5,-0.005853131684429747,2026-10-05,BRX
6,-0.0006737603258310768,2026-10-05,BRX
7,-0.000372789857284075,2026-10-05,BRX
8,-0.004090339483619896,2026-10-05,BRX
9,-0.002134531469534692,2026-10-05,BRX
10,-0.010239598191142002,2026-10-05,BRX
11,-0.006843864076911557,2026-10-05,BRX
12,0.0026306141437466035,2026-10-05,BRX
13,0.0004218287497403144,2026-10-05,BRX
14,-0.006083868945837404,2026-10-05,BRX
1,-0.003551923827560269,2026-10-05,BRZE
2,-0.0008908966890096566,2026-10-05,BRZE
3,-0.00284449613742299,2026-10-05,BRZE
4,-0.014814654940146835,2026-10-05,BRZE
5,-0.006704548588838057,2026-10-05,BRZE
6,-0.0059783938081731025,2026-10-05,BRZE
7,0.0009644762928069316,2026-10-05,BRZE
8,-0.0011997990911369791,2026-10-05,BRZE
9,-0.0016338280038591915,2026-10-05,BRZE
10,0.0009374750032481344,2026-10-05,BRZE
11,-0.004856239357237164,2026-10-05,BRZE
12,-0.00489497758233011,2026-10-05,BRZE
13,0.0005238568820687557,2026-10-05,BRZE
14,0.006006110669090895,2026-10-05,BRZE
1,0.00021220149438109387,2026-10-05,BSX
2,-0.0008120902955697495,2026-10-05,BSX
3,0.001830261560219248,2026-10-05,BSX
4,0.00010427194167680902,2026-10-05,BSX
5,-0.0019101403190068895,2026-10-05,BSX
6,-0.0008030860207451894,2026-10-05,BSX
7,-0.003179132187400272,2026-10-05,BSX
8,0.0015951920142522865,2026-10-05,BSX
9,-0.001916505920701432,2026-10-05,BSX
10,-0.002029378343403179,2026-10-05,BSX
11,0.0033157474264271843,2026-10-05,BSX
12,-0.0006243753760659233,2026-10-05,BSX
13,0.000758315314358608,2026-10-05,BSX
14,-0.004463698255903559,2026-10-05,BSX
1,-7.327442078760097e-05,2026-10-05,BSY
2,-0.0019418373780251833,2026-10-05,BSY
3,-0.0019316138424144919,2026-10-05,BSY
4,-0.0047537979471001515,2026-10-05,BSY
5,-0.004098343349506722,2026-10-05,BSY
6,-0.001987303894223028,2026-10-05,BSY
7,-0.0106885537979206,2026-10-05,BSY
8,-0.007943232577199807,2026-10-05,BSY
9,-0.0007994965839035189,2026-10-05,BSY
10,-0.002670466225414212,2026-10-05,BSY
11,0.005175104118250913,2026-10-05,BSY
12,-0.006605929219285867,2026-10-05,BSY
13,-0.00905560703083031,2026-10-05,BSY
14,-0.007637440694073788,2026-10-05,BSY
1,-0.001889634161299112,2026-10-05,BTDR
2,0.00018645900261269555,2026-10-05,BTDR
3,-0.002014204204404868,2026-10-05,BTDR
4,-0.012909582888290158,2026-10-05,BTDR
5,-0.002093842360940261,2026-10-05,BTDR
6,-0.0008452376067650662,2026-10-05,BTDR
7,0.011625545107565825,2026-10-05,BTDR
8,0.002272896338947418,2026-10-05,BTDR
9,0.005585572101692998,2026-10-05,BTDR
10,0.007350540106267826,2026-10-05,BTDR
11,0.000380396224781432,2026-10-05,BTDR
12,0.007419411564434732,2026-10-05,BTDR
13,0.006845474999239814,2026-10-05,BTDR
14,0.0076895307815695365,2026-10-05,BTDR
1,-0.003119424918292593,2026-10-05,BTE
2,-0.0008032945393333791,2026-10-05,BTE
3,-0.0029248122473528324,2026-10-05,BTE
4,-0.012408420463662704,2026-10-05,BTE
5,-0.0072680147726807715,2026-10-05,BTE
6,-0.0012339573561480188,2026-10-05,BTE
7,0.0028781740519071342,2026-10-05,BTE
8,-0.001966973156930925,2026-10-05,BTE
9,0.003013865762777002,2026-10-05,BTE
10,-0.009298222937329115,2026-10-05,BTE
11,-0.00548100014032985,2026-10-05,BTE
12,0.005707591406822169,2026-10-05,BTE
13,0.0068764586345237645,2026-10-05,BTE
14,0.002214790235977392,2026-10-05,BTE
1,-0.003132588462466151,2026-10-05,BTG
2,-0.00020601389703111666,2026-10-05,BTG
3,-0.00630760075429166,2026-10-05,BTG
4,-0.007945904041530238,2026-10-05,BTG
5,-0.0035945939814035674,2026-10-05,BTG
6,-0.0035196930477712327,2026-10-05,BTG
7,0.0028416521974357796,2026-10-05,BTG
8,-0.00184772513765359,2026-10-05,BTG
9,0.0037335695356058574,2026-10-05,BTG
10,-0.0071593058625252564,2026-10-05,BTG
11,-0.0031754641427181023,2026-10-05,BTG
12,0.004481251116580805,2026-10-05,BTG
13,0.011396400147770814,2026-10-05,BTG
14,0.006048754122464849,2026-10-05,BTG
1,-0.00028445476187725926,2026-10-05,BUD
2,-0.0020020316536570482,2026-10-05,BUD
3,0.0006705873030062451,2026-10-05,BUD
4,-0.00044975353878280814,2026-10-05,BUD
5,-0.00016116554258781775,2026-10-05,BUD
6,-0.0027370342591125077,2026-10-05,BUD
7,-0.0008523216307920978,2026-10-05,BUD
8,0.0007408943846969381,2026-10-05,BUD
9,-0.00044700310784299746,2026-10-05,BUD
10,-0.0008394320630551426,2026-10-05,BUD
11,0.006568566326601188,2026-10-05,BUD
12,0.004944077595892228,2026-10-05,BUD
13,0.006688598137281938,2026-10-05,BUD
14,-0.0008151325270474476,2026-10-05,BUD
1,0.0002519190402371855,2026-10-05,BURL
2,-0.004784575827726654,2026-10-05,BURL
3,-0.0026927679902141685,2026-10-05,BURL
4,-0.004110301932851759,2026-10-05,BURL
5,-0.0012149022883483618,2026-10-05,BURL
6,-0.003910657528253437,2026-10-05,BURL
7,-0.009967273998683177,2026-10-05,BURL
8,-0.0031405162755031514,2026-10-05,BURL
9,0.0002649095315993294,2026-10-05,BURL
10,-0.0031704023798403776,2026-10-05,BURL
11,0.0010121316652367239,2026-10-05,BURL
12,-0.008478235227808495,2026-10-05,BURL
13,-0.011083889959863397,2026-10-05,BURL
14,-0.008148315868517221,2026-10-05,BURL
1,-0.0025708028098486834,2026-10-05,BVN
2,-0.0013961527863065486,2026-10-05,BVN
3,-0.006833633636624537,2026-10-05,BVN
4,-0.007066191093496305,2026-10-05,BVN
5,-0.0008325030044383677,2026-10-05,BVN
6,-0.008418470802642795,2026-10-05,BVN
7,0.003058877778890846,2026-10-05,BVN
8,-0.00010765090458626255,2026-10-05,BVN
9,0.0006569913184734498,2026-10-05,BVN
10,-0.007056417468859662,2026-10-05,BVN
11,-0.0061308694951866275,2026-10-05,BVN
12,-0.0008391345599408564,2026-10-05,BVN
13,0.007420183813301711,2026-10-05,BVN
14,-0.0005837223866728916,2026-10-05,BVN
1,-0.0032942307715650146,2026-10-05,BWA
2,0.00017946054766016927,2026-10-05,BWA
3,-0.005072727681865094,2026-10-05,BWA
4,-0.010858947059760236,2026-10-05,BWA
5,-0.006039417215468234,2026-10-05,BWA
6,-0.005586386414126049,2026-10-05,BWA
7,0.0022443584951757534,2026-10-05,BWA
8,0.001980212859506117,2026-10-05,BWA
9,-0.0019626974707035168,2026-10-05,BWA
10,-0.00943176594381027,2026-10-05,BWA
11,-0.00274933071988255,2026-10-05,BWA
12,0.004355599063675811,2026-10-05,BWA
13,0.010180970839535418,2026-10-05,BWA
14,0.0025935894541234228,2026-10-05,BWA
1,-0.0008830084478622063,2026-10-05,BX
2,-0.001231036223902427,2026-10-05,BX
3,0.005467088571344708,2026-10-05,BX
4,0.0011603849110843815,2026-10-05,BX
5,0.001239830250198333,2026-10-05,BX
6,0.00012600824505579352,2026-10-05,BX
7,-6.893698395112509e-05,2026-10-05,BX
8,-0.0002411521191403356,2026-10-05,BX
9,-0.005503855996218145,2026-10-05,BX
10,-0.0005452242987369811,2026-10-05,BX
11,0.0007420437254224291,2026-10-05,BX
12,-0.0025606551240758666,2026-10-05,BX
13,0.00021421467118167334,2026-10-05,BX
14,-0.015326362630442559,2026-10-05,BX
1,-0.003298022442007503,2026-10-05,BXMT
2,-0.00037971688537407635,2026-10-05,BXMT
3,-0.0033666598339311977,2026-10-05,BXMT
4,-0.008283212435788721,2026-10-05,BXMT
5,-0.0051069291830410785,2026-10-05,BXMT
6,-0.005287842846998754,2026-10-05,BXMT
7,0.0016430165462262816,2026-10-05,BXMT
8,-0.002956983543544123,2026-10-05,BXMT
9,-0.0042008303716624595,2026-10-05,BXMT
10,-0.006213459368934744,2026-10-05,BXMT
11,-0.0017524845136290836,2026-10-05,BXMT
12,-0.0021163837675471056,2026-10-05,BXMT
13,0.008309801680541698,2026-10-05,BXMT
14,0.006242856906734544,2026-10-05,BXMT
1,-0.000563071128922205,2026-10-05,BXP
2,-0.00212938431317834,2026-10-05,BXP
3,-0.0020247072261507606,2026-10-05,BXP
4,-0.0023497841053414068,2026-10-05,BXP
5,-0.0032141367246574935,2026-10-05,BXP
6,-0.002858886283271701,2026-10-05,BXP
7,-0.01143008637964859,2026-10-05,BXP
8,-0.005131357649486973,2026-10-05,BXP
9,0.00036218937376803005,2026-10-05,BXP
10,-0.0024416565521390584,2026-10-05,BXP
11,0.004063914043058446,2026-10-05,BXP
12,-0.006456610796862574,2026-10-05,BXP
13,-0.007939336661560334,2026-10-05,BXP
14,-0.006603557771749099,2026-10-05,BXP
1,-0.0016214727460703835,2026-10-05,BXSL
2,6.043401836696943e-05,2026-10-05,BXSL
3,-0.0032687082808982963,2026-10-05,BXSL
4,-0.00902306111871605,2026-10-05,BXSL
5,-0.006590232100509898,2026-10-05,BXSL
6,-0.0031323922091756125,2026-10-05,BXSL
7,0.001890165653237174,2026-10-05,BXSL
8,-0.003767839329018788,2026-10-05,BXSL
9,0.0007067523691780224,2026-10-05,BXSL
10,-0.007874576170684067,2026-10-05,BXSL
11,-0.0030247574909789523,2026-10-05,BXSL
12,0.001256976813346921,2026-10-05,BXSL
13,0.0008476110800278238,2026-10-05,BXSL
14,-0.01010248423424837,2026-10-05,BXSL
1,-0.002509701407631583,2026-10-05,BYD
2,0.0007173067418837866,2026-10-05,BYD
3,-0.0034014913415839534,2026-10-05,BYD
4,-0.010684069755465373,2026-10-05,BYD
5,-0.005945281174140032,2026-10-05,BYD
6,-0.0033964449297015416,2026-10-05,BYD
7,0.0005767511627753004,2026-10-05,BYD
8,-0.004078282367940459,2026-10-05,BYD
9,0.002301985749268901,2026-10-05,BYD
10,-0.009734702522883497,2026-10-05,BYD
11,0.0029631248728582554,2026-10-05,BYD
12,0.0016312866541167625,2026-10-05,BYD
13,0.000932325849553895,2026-10-05,BYD
14,-0.0013090242654747496,2026-10-05,BYD
1,-0.00310648774970683,2026-10-05,BZ
2,0.001057290684507904,2026-10-05,BZ
3,-0.002021823050968404,2026-10-05,BZ
4,-0.013715779797503963,2026-10-05,BZ
5,-0.005944393613977913,2026-10-05,BZ
6,-0.005038396670579584,2026-10-05,BZ
7,0.0023284592064261676,2026-10-05,BZ
8,-0.0010852018592341563,2026-10-05,BZ
9,-0.0016026771279402596,2026-10-05,BZ
10,-0.0010070123659632513,2026-10-05,BZ
11,-0.005824366331354306,2026-10-05,BZ
12,-0.009211247355301405,2026-10-05,BZ
13,-0.0020468849036570404,2026-10-05,BZ
14,0.0006552769701310316,2026-10-05,BZ
1,-0.00024906310753977846,2026-10-05,C
2,-0.0020310472635305396,2026-10-05,C
3,0.0016719566622542534,2026-10-05,C
4,-0.00024661389681536944,2026-10-05,C
5,0.00041763731854661275,2026-10-05,C
6,-0.00019551325139322337,2026-10-05,C
7,-0.0037850613226736995,2026-10-05,C
8,-8.634921125542206e-07,2026-10-05,C
9,-0.0028289874098783134,2026-10-05,C
10,-0.001751451552003832,2026-10-05,C
11,0.0037567524816810205,2026-10-05,C
12,0.001221117740751481,2026-10-05,C
13,0.0029347075095366533,2026-10-05,C
14,-0.0059705865734938236,2026-10-05,C
1,-0.003014348313181899,2026-10-05,CAE
2,-0.0004958228026991564,2026-10-05,CAE
3,-0.001965284983184982,2026-10-05,CAE
4,-0.011160425975357404,2026-10-05,CAE
5,-0.005844423602852648,2026-10-05,CAE
6,-0.00037206537597932513,2026-10-05,CAE
7,-0.0009686591169225311,2026-10-05,CAE
8,-0.0031820026711822428,2026-10-05,CAE
9,-0.0017077152448014739,2026-10-05,CAE
10,-0.008604437758626092,2026-10-05,CAE
11,-0.009761386066236112,2026-10-05,CAE
12,-0.002332393949662595,2026-10-05,CAE
13,-0.005395105121212123,2026-10-05,CAE
14,-0.006353635219842581,2026-10-05,CAE
1,-0.004025885731791431,2026-10-05,CAG
2,0.0006007097801983144,2026-10-05,CAG
3,-0.0010953845481366826,2026-10-05,CAG
4,-0.009159369469195894,2026-10-05,CAG
5,-0.00543185384640395,2026-10-05,CAG
6,-0.006262216638272147,2026-10-05,CAG
7,0.002444845591833912,2026-10-05,CAG
8,-0.00292347020986292,2026-10-05,CAG
9,-0.0030826333918814617,2026-10-05,CAG
10,-0.007847755403617035,2026-10-05,CAG
11,0.00013063370489380487,2026-10-05,CAG
12,0.000802307240165843,2026-10-05,CAG
13,0.005033818557695596,2026-10-05,CAG
14,0.011938889010787688,2026-10-05,CAG
1,-0.0011922380552079807,2026-10-05,CAH
2,-0.0008700360608292237,2026-10-05,CAH
3,-0.0017861920999987545,2026-10-05,CAH
4,-0.002476083690648137,2026-10-05,CAH
5,0.000636229526991928,2026-10-05,CAH
6,-0.0031806473992841795,2026-10-05,CAH
7,-0.006614383025460316,2026-10-05,CAH
8,-0.005875817119780053,2026-10-05,CAH
9,0.0012285691572297987,2026-10-05,CAH
10,-0.00324438444542213,2026-10-05,CAH
11,0.0028496801667440394,2026-10-05,CAH
12,-0.01042056954275781,2026-10-05,CAH
13,-0.010291474635246958,2026-10-05,CAH
14,-0.0035435077048910505,2026-10-05,CAH
1,-0.002090892992197775,2026-10-05,CAKE
2,-0.00042504344740541204,2026-10-05,CAKE
3,-0.003675505242576567,2026-10-05,CAKE
4,-0.008436848937325424,2026-10-05,CAKE
5,-0.006258863270620768,2026-10-05,CAKE
6,-0.006669589859674681,2026-10-05,CAKE
7,0.003619615661462949,2026-10-05,CAKE
8,-0.0026238262355796796,2026-10-05,CAKE
9,-0.005443989019372587,2026-10-05,CAKE
10,-0.006419887159031749,2026-10-05,CAKE
11,-0.005280470075486427,2026-10-05,CAKE
12,-0.0006570628412870024,2026-10-05,CAKE
13,0.004068814499625491,2026-10-05,CAKE
14,0.0036080552891892973,2026-10-05,CAKE
1,-0.0033458813507010756,2026-10-05,CARG
2,-0.0001488083577740266,2026-10-05,CARG
3,-0.0017653521368728598,2026-10-05,CARG
4,-0.011333752833708162,2026-10-05,CARG
5,-0.004334029546382834,2026-10-05,CARG
6,-0.002458858535130111,2026-10-05,CARG
7,0.003602795684927276,2026-10-05,CARG
8,3.869271216838302e-05,2026-10-05,CARG
9,-0.00504427175391554,2026-10-05,CARG
10,-0.006301685886419265,2026-10-05,CARG
11,-0.004602880823182459,2026-10-05,CARG
12,-0.0034691610643739195,2026-10-05,CARG
13,0.01002485517444834,2026-10-05,CARG
14,0.0033053495848702446,2026-10-05,CARG
1,0.00014192525176442544,2026-10-05,CARR
2,-0.0015930697106062612,2026-10-05,CARR
3,0.0028340161883488165,2026-10-05,CARR
4,3.843216829823448e-05,2026-10-05,CARR
5,0.00016699932814665945,2026-10-05,CARR
6,-0.0007935099731408201,2026-10-05,CARR
7,-0.0028654755227006754,2026-10-05,CARR
8,0.0013269587307470662,2026-10-05,CARR
9,-0.001687984679513167,2026-10-05,CARR
10,-0.0012474344546315166,2026-10-05,CARR
11,0.004559490502157315,2026-10-05,CARR
12,0.004577050278600944,2026-10-05,CARR
13,0.002367937760036944,2026-10-05,CARR
14,-0.004911544372355499,2026-10-05,CARR
1,-0.00036142278968217926,2026-10-05,CART
2,-0.001458056945082048,2026-10-05,CART
3,-0.0030849471934177933,2026-10-05,CART
4,-0.002038104103864231,2026-10-05,CART
5,-0.0007345617858972044,2026-10-05,CART
6,-0.002524925802414253,2026-10-05,CART
7,-0.007993316780891437,2026-10-05,CART
8,-0.005352219266590961,2026-10-05,CART
9,0.005201666507184652,2026-10-05,CART
10,-0.0027283471593849196,2026-10-05,CART
11,0.005769263408121403,2026-10-05,CART
12,-0.008461289488016879,2026-10-05,CART
13,-0.01168125258991177,2026-10-05,CART
14,-0.0051134941265455185,2026-10-05,CART
1,-0.00043628086200792553,2026-10-05,CAT
2,-0.0015430222785220737,2026-10-05,CAT
3,0.003281736922043044,2026-10-05,CAT
4,0.0005674571546181444,2026-10-05,CAT
5,0.0017955927432639052,2026-10-05,CAT
6,0.0002546947196204225,2026-10-05,CAT
7,-0.0028048800079648814,2026-10-05,CAT
8,0.0011956563519445722,2026-10-05,CAT
9,-0.0018527977054620998,2026-10-05,CAT
10,8.468720363954578e-05,2026-10-05,CAT
11,0.0059763098626482,2026-10-05,CAT
12,0.001903016737744056,2026-10-05,CAT
13,0.0028821816091707665,2026-10-05,CAT
14,-0.0074588850742263015,2026-10-05,CAT
1,-0.0027946969668082183,2026-10-05,CAVA
2,9.585008114572068e-05,2026-10-05,CAVA
3,-0.0029507426882182833,2026-10-05,CAVA
4,-0.010486126722227502,2026-10-05,CAVA
5,-0.00858792000741242,2026-10-05,CAVA
6,-0.004546450069870749,2026-10-05,CAVA
7,0.0031239106664042704,2026-10-05,CAVA
8,0.0026701415337505325,2026-10-05,CAVA
9,-0.0037336283648597727,2026-10-05,CAVA
10,-0.008576115963745877,2026-10-05,CAVA
11,-0.006068186295669977,2026-10-05,CAVA
12,0.0029025142160030277,2026-10-05,CAVA
13,0.002710743260444156,2026-10-05,CAVA
14,0.0026683013613626135,2026-10-05,CAVA
1,-0.0003966151214759116,2026-10-05,CB
2,-0.0018365092136580438,2026-10-05,CB
3,0.0022807111885935673,2026-10-05,CB
4,0.000462118354521967,2026-10-05,CB
5,0.0004906360148793126,2026-10-05,CB
6,-0.0008405888940229961,2026-10-05,CB
7,-0.002010293485963952,2026-10-05,CB
8,0.0035483626888150152,2026-10-05,CB
9,-0.0007172056149430735,2026-10-05,CB
10,-0.0016583914251872367,2026-10-05,CB
11,0.004524293492033268,2026-10-05,CB
12,0.002535489666505187,2026-10-05,CB
13,0.0020343730170282372,2026-10-05,CB
14,-0.005222141131090434,2026-10-05,CB
1,-0.00020093451415534392,2026-10-05,CBRE
2,-0.0010724008082163964,2026-10-05,CBRE
3,-0.00182050683124042,2026-10-05,CBRE
4,-0.0020709399982750433,2026-10-05,CBRE
5,-0.0021851386862647717,2026-10-05,CBRE
6,-0.00010238526662068032,2026-10-05,CBRE
7,-0.008614556975228633,2026-10-05,CBRE
8,-0.005088935472784037,2026-10-05,CBRE
9,0.006198921594875929,2026-10-05,CBRE
10,0.000535140198015896,2026-10-05,CBRE
11,0.005125067063397402,2026-10-05,CBRE
12,-0.009371626019505665,2026-10-05,CBRE
13,-0.007199183516943691,2026-10-05,CBRE
14,-0.008480422669938306,2026-10-05,CBRE
1,-0.004432299407506565,2026-10-05,CC
2,-0.0015320345007844272,2026-10-05,CC
3,-0.005563047688898995,2026-10-05,CC
4,-0.013754672682706517,2026-10-05,CC
5,-0.005476249840942105,2026-10-05,CC
6,-0.011470135717519134,2026-10-05,CC
7,-0.003840417925372135,2026-10-05,CC
8,-0.0032799083391608624,2026-10-05,CC
9,-0.0005082142536112352,2026-10-05,CC
10,-0.009958932503062824,2026-10-05,CC
11,-0.009616252898998564,2026-10-05,CC
12,0.0048931282037160155,2026-10-05,CC
13,0.008815480288474856,2026-10-05,CC
14,0.0007446762125081028,2026-10-05,CC
1,-0.000660905637269301,2026-10-05,CCEP
2,-0.0026213857269726136,2026-10-05,CCEP
3,-0.0024692565363792,2026-10-05,CCEP
4,-0.0016889233009603922,2026-10-05,CCEP
5,-0.0010190135754468196,2026-10-05,CCEP
6,-0.000417909553794717,2026-10-05,CCEP
7,-0.01193402416327346,2026-10-05,CCEP
8,-0.0036613654070592424,2026-10-05,CCEP
9,0.0031333139885316203,2026-10-05,CCEP
10,-0.0010925199934504158,2026-10-05,CCEP
11,0.0050745826474073805,2026-10-05,CCEP
12,-0.00918748376783601,2026-10-05,CCEP
13,-0.00859530167418165,2026-10-05,CCEP
14,-0.006675435438634157,2026-10-05,CCEP
1,-0.0007478639767047356,2026-10-05,CCI
2,-0.0013389538557716356,2026-10-05,CCI
3,-0.0011547032199044095,2026-10-05,CCI
4,-0.002243643098542359,2026-10-05,CCI
5,-0.0014020102008255534,2026-10-05,CCI
6,-0.003464009810202172,2026-10-05,CCI
7,-0.010165961464906045,2026-10-05,CCI
8,-0.005778993700210477,2026-10-05,CCI
9,-0.0021327146605417675,2026-10-05,CCI
10,-0.0026494959972271337,2026-10-05,CCI
11,0.0005040064324320334,2026-10-05,CCI
12,-0.005278808182638716,2026-10-05,CCI
13,-0.008462468884842126,2026-10-05,CCI
14,-0.00827922496267531,2026-10-05,CCI
1,0.0006064992122785357,2026-10-05,CCJ
2,-0.0009505385900344741,2026-10-05,CCJ
3,-0.0010726810864250713,2026-10-05,CCJ
4,-0.0011865379628220693,2026-10-05,CCJ
5,-0.00129261310424262,2026-10-05,CCJ
6,-0.0038886732632280817,2026-10-05,CCJ
7,-0.008332072130887824,2026-10-05,CCJ
8,-0.005299618755604031,2026-10-05,CCJ
9,0.004836833896811976,2026-10-05,CCJ
10,-0.004046937290965756,2026-10-05,CCJ
11,0.004539884801502807,2026-10-05,CCJ
12,-0.009449908293852952,2026-10-05,CCJ
13,-0.010466467058586582,2026-10-05,CCJ
14,-0.005117198295814526,2026-10-05,CCJ
1,-0.0028713743049169466,2026-10-05,CCK
2,-0.0008130987921055245,2026-10-05,CCK
3,-0.004563102460094963,2026-10-05,CCK
4,-0.011472732069545355,2026-10-05,CCK
5,-0.005193191626033837,2026-10-05,CCK
6,-0.004867687431210744,2026-10-05,CCK
7,0.00044072368883988017,2026-10-05,CCK
8,-0.002706457551447857,2026-10-05,CCK
9,-0.003218125152238356,2026-10-05,CCK
10,-0.0077343359591799535,2026-10-05,CCK
11,-0.0012818360187251074,2026-10-05,CCK
12,0.0010786220799148707,2026-10-05,CCK
13,0.000960368530251354,2026-10-05,CCK
14,-7.82300603509882e-07,2026-10-05,CCK
1,-0.0003825737901099285,2026-10-05,CCL
2,-0.0026837373035784604,2026-10-05,CCL
3,-0.0026159966976052555,2026-10-05,CCL
4,-0.0028798386619138675,2026-10-05,CCL
5,-0.002692386770674154,2026-10-05,CCL
6,-0.002223214401680299,2026-10-05,CCL
7,-0.010546990478889993,2026-10-05,CCL
8,-0.00619554133623936,2026-10-05,CCL
9,0.0011044003750765386,2026-10-05,CCL
10,-0.002679307128628437,2026-10-05,CCL
11,0.0037656440111847812,2026-10-05,CCL
12,-0.00642604078531916,2026-10-05,CCL
13,-0.010516809282799314,2026-10-05,CCL
14,-0.005709907253244575,2026-10-05,CCL
1,-0.0019198793454023486,2026-10-05,CDE
2,-0.0009989321303852546,2026-10-05,CDE
3,-0.006099233874746855,2026-10-05,CDE
4,-0.008178015272063134,2026-10-05,CDE
5,-0.0009234324875686882,2026-10-05,CDE
6,-0.0037865784276853278,2026-10-05,CDE
7,0.004608765752858379,2026-10-05,CDE
8,-0.002322279195635957,2026-10-05,CDE
9,0.0036388149503542447,2026-10-05,CDE
10,-0.009345643380066677,2026-10-05,CDE
11,-0.007719251598058602,2026-10-05,CDE
12,0.0021066187700696164,2026-10-05,CDE
13,0.0024554617796413566,2026-10-05,CDE
14,0.004472222451789028,2026-10-05,CDE
1,0.00020409308182623359,2026-10-05,CDNS
2,-0.0011108755757556626,2026-10-05,CDNS
3,0.001989231183031218,2026-10-05,CDNS
4,-0.0004163905241428356,2026-10-05,CDNS
5,0.0035512773264088156,2026-10-05,CDNS
6,-0.0012140996485905447,2026-10-05,CDNS
7,-0.0015805878994150915,2026-10-05,CDNS
8,0.0005927282519097544,2026-10-05,CDNS
9,-0.004843148383173651,2026-10-05,CDNS
10,0.004363655068191813,2026-10-05,CDNS
11,0.004272887277675382,2026-10-05,CDNS
12,-0.0003282834917936349,2026-10-05,CDNS
13,0.0027474212238661824,2026-10-05,CDNS
14,-0.006401168756558233,2026-10-05,CDNS
1,-0.00012119599308543564,2026-10-05,CDW
2,-0.002649933077670898,2026-10-05,CDW
3,-0.002341805913355,2026-10-05,CDW
4,-0.0026641051439403743,2026-10-05,CDW
5,-0.0026641702690127353,2026-10-05,CDW
6,-0.00010334889773969428,2026-10-05,CDW
7,-0.00886077515994299,2026-10-05,CDW
8,-0.0069453718001681606,2026-10-05,CDW
9,0.0011016645487960143,2026-10-05,CDW
10,0.0015171737293529519,2026-10-05,CDW
11,0.002808566822133822,2026-10-05,CDW
12,-0.006933114288629525,2026-10-05,CDW
13,-0.009311839992687037,2026-10-05,CDW
14,-0.005809592853123079,2026-10-05,CDW
1,-0.0006712614520293843,2026-10-05,CE
2,-0.0017445113620208302,2026-10-05,CE
3,-0.002492380368584733,2026-10-05,CE
4,-0.001649312068088093,2026-10-05,CE
5,-0.002378523664604696,2026-10-05,CE
6,0.00019906723824316755,2026-10-05,CE
7,-0.010359570498243358,2026-10-05,CE
8,-0.0048262893888671695,2026-10-05,CE
9,-0.0009319001650993278,2026-10-05,CE
10,2.1410531643855457e-06,2026-10-05,CE
11,0.004430785011200668,2026-10-05,CE
12,-0.004506549411426807,2026-10-05,CE
13,-0.006423488135282529,2026-10-05,CE
14,-0.0063102202525192365,2026-10-05,CE
1,-0.00010497790759817329,2026-10-05,CEG
2,-0.0015021162874649385,2026-10-05,CEG
3,0.002179604129219484,2026-10-05,CEG
4,-0.00040192852070067086,2026-10-05,CEG
5,0.0005445418843429806,2026-10-05,CEG
6,-0.001804268752682074,2026-10-05,CEG
7,-0.0026297782071859482,2026-10-05,CEG
8,0.00081484978770558,2026-10-05,CEG
9,-0.002755140647422014,2026-10-05,CEG
10,9.77956784851186e-05,2026-10-05,CEG
11,0.004617594730847675,2026-10-05,CEG
12,-0.0002975333231108193,2026-10-05,CEG
13,0.0025019771789731994,2026-10-05,CEG
14,-0.003969925394969144,2026-10-05,CEG
1,-0.002879267795349279,2026-10-05,CELH
2,0.001146024325170292,2026-10-05,CELH
3,-0.00629114563615897,2026-10-05,CELH
4,-0.010001529159502063,2026-10-05,CELH
5,-0.0027052293956937494,2026-10-05,CELH
6,-0.002779095928157626,2026-10-05,CELH
7,0.002767285307405888,2026-10-05,CELH
8,0.001651038329996606,2026-10-05,CELH
9,-0.0005963746433313975,2026-10-05,CELH
10,-0.006717280572775364,2026-10-05,CELH
11,-0.0024081673018541733,2026-10-05,CELH
12,0.005192620923153941,2026-10-05,CELH
13,0.009419770144379164,2026-10-05,CELH
14,0.004841152656314654,2026-10-05,CELH
1,-0.0036054464802889124,2026-10-05,CERT
2,-0.0017442324115039822,2026-10-05,CERT
3,-0.004966900625320396,2026-10-05,CERT
4,-0.00985449361220961,2026-10-05,CERT
5,-0.0031650077716107853,2026-10-05,CERT
6,-0.003900812442669334,2026-10-05,CERT
7,0.0013169015209550745,2026-10-05,CERT
8,-0.002074134177526792,2026-10-05,CERT
9,0.0003928435810647273,2026-10-05,CERT
10,-0.007602401165992082,2026-10-05,CERT
11,-0.009815437962661986,2026-10-05,CERT
12,-0.002221525858660112,2026-10-05,CERT
13,0.011814025224944368,2026-10-05,CERT
14,0.006416320855439154,2026-10-05,CERT
1,-0.0023927698679111465,2026-10-05,CF
2,-0.0007733406550935594,2026-10-05,CF
3,-0.003137407594686066,2026-10-05,CF
4,-0.01099145193231353,2026-10-05,CF
5,-0.004882165962544068,2026-10-05,CF
6,-0.0061638803822447585,2026-10-05,CF
7,0.004413724069292109,2026-10-05,CF
8,-0.0005462250965250987,2026-10-05,CF
9,-0.004384895380536837,2026-10-05,CF
10,-0.006359479460121118,2026-10-05,CF
11,-0.007461025916885864,2026-10-05,CF
12,0.002868922422166694,2026-10-05,CF
13,0.002101484650178548,2026-10-05,CF
14,0.0024116403503791875,2026-10-05,CF
1,-0.000300999371537616,2026-10-05,CFG
2,-0.0026138672312484047,2026-10-05,CFG
3,-0.0009137790164202583,2026-10-05,CFG
4,-0.0028603198628746967,2026-10-05,CFG
5,-0.002356600269668179,2026-10-05,CFG
6,-0.0022992560120569942,2026-10-05,CFG
7,-0.007774495951142636,2026-10-05,CFG
8,-0.004399184712143419,2026-10-05,CFG
9,0.0024761212688714147,2026-10-05,CFG
10,-0.004601094459518868,2026-10-05,CFG
11,0.003917245548433027,2026-10-05,CFG
12,-0.007261034476486564,2026-10-05,CFG
13,-0.010022039192438065,2026-10-05,CFG
14,-0.004867311841227906,2026-10-05,CFG
1,-0.0004921965497995143,2026-10-05,CG
2,-0.0012650788059549558,2026-10-05,CG
3,-0.001341055016969671,2026-10-05,CG
4,-0.0026129726448531508,2026-10-05,CG
5,-0.0019096482066577707,2026-10-05,CG
6,-0.0032125288684840534,2026-10-05,CG
7,-0.009782565161371517,2026-10-05,CG
8,-0.005432507629178686,2026-10-05,CG
9,0.0014338355591898145,2026-10-05,CG
10,-0.003441462083574729,2026-10-05,CG
11,0.0035843914746518024,2026-10-05,CG
12,-0.009072446504526656,2026-10-05,CG
13,-0.012190353810561567,2026-10-05,CG
14,-0.006572147439617567,2026-10-05,CG
1,-0.002989431796273436,2026-10-05,CGEM
2,0.0005459468818620586,2026-10-05,CGEM
3,-0.001600390999347746,2026-10-05,CGEM
4,-0.011592808667369926,2026-10-05,CGEM
5,-0.004232417257389131,2026-10-05,CGEM
6,-0.003148159684997144,2026-10-05,CGEM
7,0.0005359308662295974,2026-10-05,CGEM
8,0.002181847534736868,2026-10-05,CGEM
9,-0.0034173300535582634,2026-10-05,CGEM
10,-0.006586017713443359,2026-10-05,CGEM
11,-0.004436441697457764,2026-10-05,CGEM
12,0.005151554959225245,2026-10-05,CGEM
13,0.008981491774649571,2026-10-05,CGEM
14,0.00039220567728536556,2026-10-05,CGEM
1,-0.003136460289814602,2026-10-05,CGNX
2,-0.00036002734926814074,2026-10-05,CGNX
3,-0.0046861173439391455,2026-10-05,CGNX
4,-0.00972776657575328,2026-10-05,CGNX
5,-0.00555509848672765,2026-10-05,CGNX
6,-0.005460033783440325,2026-10-05,CGNX
7,0.004469956527659608,2026-10-05,CGNX
8,-0.0057187916786740015,2026-10-05,CGNX
9,-0.005908127257594976,2026-10-05,CGNX
10,-0.007368602106364401,2026-10-05,CGNX
11,-0.006428742194391818,2026-10-05,CGNX
12,0.0048289215562205895,2026-10-05,CGNX
13,0.00400197331179516,2026-10-05,CGNX
14,0.0064030462249906875,2026-10-05,CGNX
1,-0.00047462644295884264,2026-10-05,CHD
2,-0.0024449921232268163,2026-10-05,CHD
3,-0.002226028699763851,2026-10-05,CHD
4,-0.004263345961806621,2026-10-05,CHD
5,-0.0015173229613689293,2026-10-05,CHD
6,-0.0006392141570323071,2026-10-05,CHD
7,-0.010764164476652878,2026-10-05,CHD
8,-0.00601982190121302,2026-10-05,CHD
9,0.0019904903125834987,2026-10-05,CHD
10,-0.0014370002748904792,2026-10-05,CHD
11,0.00320843539165842,2026-10-05,CHD
12,-0.005014893905417505,2026-10-05,CHD
13,-0.009245103387369396,2026-10-05,CHD
14,-0.005452349090089629,2026-10-05,CHD
1,-0.003294997908612315,2026-10-05,CHRD
2,0.000902123286839303,2026-10-05,CHRD
3,-0.0038168373974363117,2026-10-05,CHRD
4,-0.010253479712882568,2026-10-05,CHRD
5,-0.006906634865683215,2026-10-05,CHRD
6,-0.003555986888328814,2026-10-05,CHRD
7,0.002389365688029955,2026-10-05,CHRD
8,0.0009431437322092763,2026-10-05,CHRD
9,-0.004029338982277816,2026-10-05,CHRD
10,-0.007358001722408771,2026-10-05,CHRD
11,-0.0017254270072768762,2026-10-05,CHRD
12,0.003919501032905789,2026-10-05,CHRD
13,0.008570783951540319,2026-10-05,CHRD
14,0.0047892122964575635,2026-10-05,CHRD
1,-0.0018406475758075158,2026-10-05,CHRW
2,-0.0005208188979554451,2026-10-05,CHRW
3,-0.0037857482444142864,2026-10-05,CHRW
4,-0.009826577186679827,2026-10-05,CHRW
5,-0.01076769348743429,2026-10-05,CHRW
6,-0.003677665590605517,2026-10-05,CHRW
7,-0.0005256803079244065,2026-10-05,CHRW
8,-0.0040282431532476515,2026-10-05,CHRW
9,0.0010228199355947097,2026-10-05,CHRW
10,-0.009766801263245462,2026-10-05,CHRW
11,-0.0001339476472281438,2026-10-05,CHRW
12,-3.557914414240967e-05,2026-10-05,CHRW
13,-0.007189017609813269,2026-10-05,CHRW
14,-0.004236488775177124,2026-10-05,CHRW
1,-0.0017729404647886457,2026-10-05,CHTR
2,-0.001280659805179309,2026-10-05,CHTR
3,-0.001350184218067646,2026-10-05,CHTR
4,-0.00024093099607582936,2026-10-05,CHTR
5,-0.0003290974209420134,2026-10-05,CHTR
6,-0.0013133166610678664,2026-10-05,CHTR
7,-0.001832777321393174,2026-10-05,CHTR
8,0.00016592936809581223,2026-10-05,CHTR
9,-0.0038900729260976483,2026-10-05,CHTR
10,-0.005156481656889319,2026-10-05,CHTR
11,0.003307195697842269,2026-10-05,CHTR
12,-0.004230664124707434,2026-10-05,CHTR
13,0.0020980343188674276,2026-10-05,CHTR
14,-0.00030798208560540964,2026-10-05,CHTR
1,-0.001807397456638158,2026-10-05,CHWY
2,-0.000160703300312736,2026-10-05,CHWY
3,-0.004488377059571547,2026-10-05,CHWY
4,-0.010584326733708595,2026-10-05,CHWY
5,-0.005520334967496455,2026-10-05,CHWY
6,-0.0029496297821976474,2026-10-05,CHWY
7,0.0015028189144997656,2026-10-05,CHWY
8,0.0019075308513076237,2026-10-05,CHWY
9,-0.005088000966205612,2026-10-05,CHWY
10,-0.0044602309485261265,2026-10-05,CHWY
11,-0.003459962226770046,2026-10-05,CHWY
12,-0.0011338716234298367,2026-10-05,CHWY
13,0.006813330047903532,2026-10-05,CHWY
14,0.0029913714100412736,2026-10-05,CHWY
1,-0.0007227114976351495,2026-10-05,CI
2,-0.002528204027284479,2026-10-05,CI
3,0.002452897360392636,2026-10-05,CI
4,0.000393258757955398,2026-10-05,CI
5,-0.0008086658989088937,2026-10-05,CI
6,-0.005308994681384183,2026-10-05,CI
7,-0.003568938829267105,2026-10-05,CI
8,-0.0003816698391820945,2026-10-05,CI
9,0.000182505959090893,2026-10-05,CI
10,-0.003948613159296344,2026-10-05,CI
11,0.005820296441208644,2026-10-05,CI
12,-0.0002941488837917721,2026-10-05,CI
13,0.0019147899156210688,2026-10-05,CI
14,-0.004845246968635871,2026-10-05,CI
1,-0.0021985668219493965,2026-10-05,CIEN
2,0.0011207555596905328,2026-10-05,CIEN
3,-0.0022183253642115842,2026-10-05,CIEN
4,-0.010526412596047769,2026-10-05,CIEN
5,-0.008632965596015873,2026-10-05,CIEN
6,-0.0016796304523186575,2026-10-05,CIEN
7,0.00386063129676632,2026-10-05,CIEN
8,-0.004416169865278887,2026-10-05,CIEN
9,0.0013802426395056631,2026-10-05,CIEN
10,0.004542198137306258,2026-10-05,CIEN
11,-0.010071353591635537,2026-10-05,CIEN
12,-0.0013287307397770053,2026-10-05,CIEN
13,-0.001189466893574207,2026-10-05,CIEN
14,0.008718981670271386,2026-10-05,CIEN
1,-0.002632211631515846,2026-10-05,CIFR
2,-0.0006609808556847531,2026-10-05,CIFR
3,-0.00037196819456604624,2026-10-05,CIFR
4,-0.013423039809517928,2026-10-05,CIFR
5,-0.003277933221300117,2026-10-05,CIFR
6,0.0015333090930154487,2026-10-05,CIFR
7,0.012805434104373962,2026-10-05,CIFR
8,0.002168750154945814,2026-10-05,CIFR
9,0.0031128194607649767,2026-10-05,CIFR
10,0.007347891343960057,2026-10-05,CIFR
11,-0.0051797172243687505,2026-10-05,CIFR
12,-0.0009564541230619216,2026-10-05,CIFR
13,0.00814822718818246,2026-10-05,CIFR
14,0.008072844358394041,2026-10-05,CIFR
1,-0.0027498980675993304,2026-10-05,CIG
2,-0.00033169791444645063,2026-10-05,CIG
3,-0.005207944852523581,2026-10-05,CIG
4,-0.008165864883059797,2026-10-05,CIG
5,-0.0038388235753075936,2026-10-05,CIG
6,-0.005292993414552766,2026-10-05,CIG
7,0.0004755002881341009,2026-10-05,CIG
8,-0.00021530178945287326,2026-10-05,CIG
9,-0.0017036509632578599,2026-10-05,CIG
10,-0.004503969589884496,2026-10-05,CIG
11,-0.0014369627855866346,2026-10-05,CIG
12,0.004085084452440373,2026-10-05,CIG
13,0.01125236251284018,2026-10-05,CIG
14,0.0019785529293078665,2026-10-05,CIG
1,-0.0005349831395611553,2026-10-05,CL
2,-0.0017302449829208761,2026-10-05,CL
3,0.0024316017464092263,2026-10-05,CL
4,-0.0008404403385067114,2026-10-05,CL
5,-0.00025560219817763767,2026-10-05,CL
6,-0.001444727078398295,2026-10-05,CL
7,-0.0023797970526252044,2026-10-05,CL
8,-4.909224046596195e-05,2026-10-05,CL
9,-0.002279824330863992,2026-10-05,CL
10,-0.00275901596395567,2026-10-05,CL
11,0.0035944434074348087,2026-10-05,CL
12,0.0012303225819532107,2026-10-05,CL
13,0.0020316277607639395,2026-10-05,CL
14,-0.004261511942905678,2026-10-05,CL
1,-0.0047743507674473966,2026-10-05,CLBT
2,-0.00026986467874122666,2026-10-05,CLBT
3,-0.003908769037414388,2026-10-05,CLBT
4,-0.011844943295123372,2026-10-05,CLBT
5,-0.004074668357908837,2026-10-05,CLBT
6,-0.004485502963308284,2026-10-05,CLBT
7,0.003971127949258719,2026-10-05,CLBT
8,-0.001453196949393401,2026-10-05,CLBT
9,0.0005244908467932658,2026-10-05,CLBT
10,-0.0087544178285625,2026-10-05,CLBT
11,-0.0042438440355220906,2026-10-05,CLBT
12,0.005060955607488402,2026-10-05,CLBT
13,0.006981346050078059,2026-10-05,CLBT
14,0.0024549873129171697,2026-10-05,CLBT
1,-0.0028956850805385466,2026-10-05,CLF
2,0.00034002786008570233,2026-10-05,CLF
3,-0.004926887993310915,2026-10-05,CLF
4,-0.010626858663293938,2026-10-05,CLF
5,-0.007308258243913183,2026-10-05,CLF
6,-0.007752618113347527,2026-10-05,CLF
7,0.001279489173449633,2026-10-05,CLF
8,-0.003984099163400497,2026-10-05,CLF
9,-0.00561474927377432,2026-10-05,CLF
10,-0.008292854129850404,2026-10-05,CLF
11,-0.002315661069167469,2026-10-05,CLF
12,0.0022738096353463275,2026-10-05,CLF
13,0.006605053045501055,2026-10-05,CLF
14,0.0025855149630030576,2026-10-05,CLF
1,-0.002730609661957287,2026-10-05,CLS
2,0.0001548221468258563,2026-10-05,CLS
3,-0.0019460842729505908,2026-10-05,CLS
4,-0.007451234900754133,2026-10-05,CLS
5,-0.007984832171473987,2026-10-05,CLS
6,-0.005293433664825901,2026-10-05,CLS
7,0.005501134154823674,2026-10-05,CLS
8,0.0026790334845761673,2026-10-05,CLS
9,-2.633586075960377e-05,2026-10-05,CLS
10,-0.004274555090610983,2026-10-05,CLS
11,-0.007827031678059588,2026-10-05,CLS
12,0.0022066875377290945,2026-10-05,CLS
13,0.003350152999983884,2026-10-05,CLS
14,0.009689368170006239,2026-10-05,CLS
1,-0.0018927752730824863,2026-10-05,CLSK
2,-0.0007724015463086697,2026-10-05,CLSK
3,-0.000669439522921027,2026-10-05,CLSK
4,-0.013077680123728784,2026-10-05,CLSK
5,-0.003942025673211656,2026-10-05,CLSK
6,-1.6357551221922974e-05,2026-10-05,CLSK
7,0.012282647777827787,2026-10-05,CLSK
8,0.0015443635164605208,2026-10-05,CLSK
9,0.005620555225415528,2026-10-05,CLSK
10,0.00891040676519698,2026-10-05,CLSK
11,-0.0018641659823002306,2026-10-05,CLSK
12,-0.000996747908553729,2026-10-05,CLSK
13,0.006398951221984251,2026-10-05,CLSK
14,0.008867886570395878,2026-10-05,CLSK
1,-0.004270276902412518,2026-10-05,CLVT
2,-7.956154582249277e-06,2026-10-05,CLVT
3,-0.0033109558286764317,2026-10-05,CLVT
4,-0.012489342535314142,2026-10-05,CLVT
5,-0.005305237812680932,2026-10-05,CLVT
6,-0.0034941466790533544,2026-10-05,CLVT
7,0.002207348658304129,2026-10-05,CLVT
8,-0.003097498616821091,2026-10-05,CLVT
9,-0.006595144490314297,2026-10-05,CLVT
10,-0.007424624797698384,2026-10-05,CLVT
11,-0.007956671920993573,2026-10-05,CLVT
12,-0.0006856954322167682,2026-10-05,CLVT
13,0.002812167091343929,2026-10-05,CLVT
14,-0.0009447300602077944,2026-10-05,CLVT
1,1.76123166912037e-05,2026-10-05,CLX
2,-0.0015186859450906235,2026-10-05,CLX
3,-0.003349868341079852,2026-10-05,CLX
4,-0.00440399800503116,2026-10-05,CLX
5,-0.0010964022797789223,2026-10-05,CLX
6,-0.003151424142480459,2026-10-05,CLX
7,-0.014022255612729859,2026-10-05,CLX
8,-0.004542381707027306,2026-10-05,CLX
9,-0.0017181357787687736,2026-10-05,CLX
10,-0.001024704055999922,2026-10-05,CLX
11,0.002830160752946234,2026-10-05,CLX
12,-0.0037528247072280705,2026-10-05,CLX
13,-0.007693498182840054,2026-10-05,CLX
14,-0.0063992448323902055,2026-10-05,CLX
1,-0.0031167653992390156,2026-10-05,CMC
2,0.000295311626651426,2026-10-05,CMC
3,-0.004661172903748998,2026-10-05,CMC
4,-0.009495422881224925,2026-10-05,CMC
5,-0.007251425060747162,2026-10-05,CMC
6,-0.007938039114596838,2026-10-05,CMC
7,0.0028004605446065554,2026-10-05,CMC
8,-0.0019170705574572196,2026-10-05,CMC
9,-0.0024197274359456,2026-10-05,CMC
10,-0.008385023442287793,2026-10-05,CMC
11,-0.003558914391818229,2026-10-05,CMC
12,0.0036488831258665202,2026-10-05,CMC
13,0.008695055097861391,2026-10-05,CMC
14,0.0036146526667321546,2026-10-05,CMC
1,-0.001812944693270324,2026-10-05,CMCSA
2,-0.0011568350332139636,2026-10-05,CMCSA
3,-0.001339486286340842,2026-10-05,CMCSA
4,-0.0002063230230869048,2026-10-05,CMCSA
5,-0.000542026735860635,2026-10-05,CMCSA
6,-0.0025876547382958043,2026-10-05,CMCSA
7,-0.0022641792191219457,2026-10-05,CMCSA
8,0.0006069130244021712,2026-10-05,CMCSA
9,-0.0037062615865953792,2026-10-05,CMCSA
10,-0.004196602566043436,2026-10-05,CMCSA
11,0.0023569024890683055,2026-10-05,CMCSA
12,-0.005785654403973729,2026-10-05,CMCSA
13,0.003469320804778064,2026-10-05,CMCSA
14,-0.0003117327847803899,2026-10-05,CMCSA
1,0.00042826395153765934,2026-10-05,CME
2,-0.0015108580483108953,2026-10-05,CME
3,0.0031381693743666025,2026-10-05,CME
4,-0.0004529538830920352,2026-10-05,CME
5,0.001604869927096099,2026-10-05,CME
6,-0.0010001145667676745,2026-10-05,CME
7,-0.0015224690420574721,2026-10-05,CME
8,0.0010744048354486418,2026-10-05,CME
9,-0.002031961799715693,2026-10-05,CME
10,0.00020800600708913454,2026-10-05,CME
11,0.004851569937470607,2026-10-05,CME
12,0.0015059463169476905,2026-10-05,CME
13,0.0025472825349076946,2026-10-05,CME
14,-0.005109260895090663,2026-10-05,CME
1,-0.00016651792114123193,2026-10-05,CMI
2,-0.0016610791342911546,2026-10-05,CMI
3,-0.003387307506593336,2026-10-05,CMI
4,-0.0026244389434819013,2026-10-05,CMI
5,0.000564770353721846,2026-10-05,CMI
6,-0.0018877012712319738,2026-10-05,CMI
7,-0.006325935546937944,2026-10-05,CMI
8,-0.005588854352762656,2026-10-05,CMI
9,-0.0005623364648860798,2026-10-05,CMI
10,-5.1409130940752905e-05,2026-10-05,CMI
11,0.005255443413758864,2026-10-05,CMI
12,-0.008907984759451964,2026-10-05,CMI
13,-0.01019172230597093,2026-10-05,CMI
14,-0.006107209919838723,2026-10-05,CMI
1,-0.0003873192213838776,2026-10-05,CMS
2,-0.0022731904998562987,2026-10-05,CMS
3,-0.0028674244808872314,2026-10-05,CMS
4,-0.00251745218459285,2026-10-05,CMS
5,-0.0025798997146780694,2026-10-05,CMS
6,-0.00249985463132783,2026-10-05,CMS
7,-0.008078469977132467,2026-10-05,CMS
8,-0.004667493101599712,2026-10-05,CMS
9,0.003572543132235828,2026-10-05,CMS
10,-0.0033935240630083305,2026-10-05,CMS
11,0.007720849182428853,2026-10-05,CMS
12,-0.008543966855654757,2026-10-05,CMS
13,-0.009815804522683689,2026-10-05,CMS
14,-0.005075056706091724,2026-10-05,CMS
1,-0.001096691208048937,2026-10-05,CNC
2,-0.0024610907613471507,2026-10-05,CNC
3,-0.001809377958200015,2026-10-05,CNC
4,0.00022157276948748042,2026-10-05,CNC
5,0.0015417164600264616,2026-10-05,CNC
6,0.0007827394548287535,2026-10-05,CNC
7,-0.008635283607432506,2026-10-05,CNC
8,-0.004369240674498376,2026-10-05,CNC
9,0.0007953980684413013,2026-10-05,CNC
10,0.0023012609780159485,2026-10-05,CNC
11,0.004116369732242327,2026-10-05,CNC
12,-0.002854111087422617,2026-10-05,CNC
13,-0.003982313145634626,2026-10-05,CNC
14,-0.0033703933741634586,2026-10-05,CNC
1,-0.0024638368723048677,2026-10-05,CNH
2,0.00082028484515287,2026-10-05,CNH
3,-0.0008091992068754918,2026-10-05,CNH
4,-0.01284091157582165,2026-10-05,CNH
5,-0.007710843569668552,2026-10-05,CNH
6,0.00024165884206277355,2026-10-05,CNH
7,-0.00010117916296613314,2026-10-05,CNH
8,-0.004925582110345186,2026-10-05,CNH
9,-0.0017590511373806153,2026-10-05,CNH
10,0.0046873068693235,2026-10-05,CNH
11,-0.0100077191053953,2026-10-05,CNH
12,-0.003404119905026685,2026-10-05,CNH
13,0.0017310265496704835,2026-10-05,CNH
14,0.002259015026274587,2026-10-05,CNH
1,-8.383304754955684e-05,2026-10-05,CNI
2,-0.0008512476163730888,2026-10-05,CNI
3,0.0021592177525975656,2026-10-05,CNI
4,-0.0005938570781850093,2026-10-05,CNI
5,-0.00024171764590326066,2026-10-05,CNI
6,-0.0011610549792244367,2026-10-05,CNI
7,-0.0006996306537168685,2026-10-05,CNI
8,0.0007498014854309297,2026-10-05,CNI
9,-0.0012325499556654815,2026-10-05,CNI
10,-0.002537273106869362,2026-10-05,CNI
11,0.004295043493438022,2026-10-05,CNI
12,6.113906218511688e-05,2026-10-05,CNI
13,0.0011015303319809372,2026-10-05,CNI
14,-0.004670270027544826,2026-10-05,CNI
1,-0.00310208310087788,2026-10-05,CNK
2,0.00043826694181140266,2026-10-05,CNK
3,-0.004126211183225643,2026-10-05,CNK
4,-0.011271978726420709,2026-10-05,CNK
5,-0.00942411423894884,2026-10-05,CNK
6,-0.005288282439347063,2026-10-05,CNK
7,8.507456717513709e-05,2026-10-05,CNK
8,-0.0007187259076163751,2026-10-05,CNK
9,-0.002741550711535888,2026-10-05,CNK
10,-0.003952954181119818,2026-10-05,CNK
11,-0.006902370220024169,2026-10-05,CNK
12,0.0037803998822064752,2026-10-05,CNK
13,0.004830149726383654,2026-10-05,CNK
14,-0.0006708633508994534,2026-10-05,CNK
1,-0.002500190169579812,2026-10-05,CNM
2,0.0035115092629363132,2026-10-05,CNM
3,-0.00322220927242878,2026-10-05,CNM
4,-0.010431299067448625,2026-10-05,CNM
5,-0.007727568726445148,2026-10-05,CNM
6,-0.006241731014901395,2026-10-05,CNM
7,-0.0006699977684627085,2026-10-05,CNM
8,-0.0014827737000673834,2026-10-05,CNM
9,-0.005396284821331931,2026-10-05,CNM
10,-0.01195264304987285,2026-10-05,CNM
11,-0.0037573959680086214,2026-10-05,CNM
12,0.0022978983599122147,2026-10-05,CNM
13,0.005710345819973596,2026-10-05,CNM
14,0.005146752451402699,2026-10-05,CNM
1,-0.0015036580981055735,2026-10-05,CNO
2,-0.0009626032668726894,2026-10-05,CNO
3,-0.00295952354344654,2026-10-05,CNO
4,-0.008041289291397488,2026-10-05,CNO
5,-0.005929229630665363,2026-10-05,CNO
6,-0.0007061438081207153,2026-10-05,CNO
7,0.0016792298183868942,2026-10-05,CNO
8,-0.002273185635858911,2026-10-05,CNO
9,-0.0024017284965164552,2026-10-05,CNO
10,-0.008425330567254427,2026-10-05,CNO
11,-0.0022126204778719996,2026-10-05,CNO
12,0.0027635712400216343,2026-10-05,CNO
13,0.0008441558485774298,2026-10-05,CNO
14,-0.0037601122977928875,2026-10-05,CNO
1,-0.0005058496783983352,2026-10-05,CNP
2,-0.0010894148503319454,2026-10-05,CNP
3,-0.001556677555883678,2026-10-05,CNP
4,-0.003071202990849404,2026-10-05,CNP
5,-0.0005131437124140903,2026-10-05,CNP
6,-0.002827357230938992,2026-10-05,CNP
7,-0.008593087212746818,2026-10-05,CNP
8,-0.006866450132557705,2026-10-05,CNP
9,0.002461864691512951,2026-10-05,CNP
10,-0.0034843803887934237,2026-10-05,CNP
11,0.006704182594595843,2026-10-05,CNP
12,-0.008878927078709496,2026-10-05,CNP
13,-0.00995348213838155,2026-10-05,CNP
14,-0.0034222456726979264,2026-10-05,CNP
1,0.000123712747824707,2026-10-05,CNQ
2,-0.0013059195400111135,2026-10-05,CNQ
3,0.0021236402959682555,2026-10-05,CNQ
4,-0.0011900256038618032,2026-10-05,CNQ
5,-0.0008061223296022541,2026-10-05,CNQ
6,-0.0014026883463850101,2026-10-05,CNQ
7,-0.0017458445041285112,2026-10-05,CNQ
8,-0.00014644167520728034,2026-10-05,CNQ
9,-0.0008336134223858542,2026-10-05,CNQ
10,-0.004533712225963478,2026-10-05,CNQ
11,0.0020951128962645,2026-10-05,CNQ
12,0.0005895293402828706,2026-10-05,CNQ
13,0.002375313797083959,2026-10-05,CNQ
14,-0.004418746165443144,2026-10-05,CNQ
1,-0.0028436401309365113,2026-10-05,CNX
2,0.00046229173117167576,2026-10-05,CNX
3,-0.0015345158809123133,2026-10-05,CNX
4,-0.0103303563430956,2026-10-05,CNX
5,-0.006829587850563245,2026-10-05,CNX
6,-0.002943395053427988,2026-10-05,CNX
7,0.0024023286274142057,2026-10-05,CNX
8,-0.006222120379431597,2026-10-05,CNX
9,0.0033368991556292833,2026-10-05,CNX
10,-0.009278054771097041,2026-10-05,CNX
11,-0.001995482260833903,2026-10-05,CNX
12,0.0017245973347312607,2026-10-05,CNX
13,-0.00016109391958399943,2026-10-05,CNX
14,-0.0026678038362733182,2026-10-05,CNX
1,0.0001833099893758446,2026-10-05,COF
2,-0.0016959321789481745,2026-10-05,COF
3,0.002692247690742509,2026-10-05,COF
4,-0.0005262559642362981,2026-10-05,COF
5,0.0017615590752079364,2026-10-05,COF
6,-0.0009184390259305132,2026-10-05,COF
7,-0.001982250896287846,2026-10-05,COF
8,-0.00010128966275238573,2026-10-05,COF
9,-0.0022046966096187707,2026-10-05,COF
10,-0.0011774845163522588,2026-10-05,COF
11,0.003818119127706953,2026-10-05,COF
12,0.0027280129919140233,2026-10-05,COF
13,0.0017421395771642742,2026-10-05,COF
14,-0.005540246697577812,2026-10-05,COF
1,-0.0029739764253473664,2026-10-05,COGT
2,-0.0009673478798411977,2026-10-05,COGT
3,-0.005960036621087261,2026-10-05,COGT
4,-0.012267926502554878,2026-10-05,COGT
5,-0.007187291434349507,2026-10-05,COGT
6,-0.007611256393143307,2026-10-05,COGT
7,-0.005298788295687766,2026-10-05,COGT
8,-0.005531226099009049,2026-10-05,COGT
9,-0.005401291728895969,2026-10-05,COGT
10,-0.009695311432103584,2026-10-05,COGT
11,-0.0035096974429640456,2026-10-05,COGT
12,0.0015070330562697522,2026-10-05,COGT
13,0.001368212907284139,2026-10-05,COGT
14,-0.004790480565243616,2026-10-05,COGT
1,-0.00030644781253889923,2026-10-05,COHR
2,-0.0014762186250818874,2026-10-05,COHR
3,-0.002514644788172105,2026-10-05,COHR
4,-0.0033742112632948696,2026-10-05,COHR
5,0.003982027038476185,2026-10-05,COHR
6,-0.0012250237010699276,2026-10-05,COHR
7,-0.005455185490509142,2026-10-05,COHR
8,-0.0049853598853430384,2026-10-05,COHR
9,-0.0017203489439374118,2026-10-05,COHR
10,-0.0037801523566720874,2026-10-05,COHR
11,0.0048132825583132675,2026-10-05,COHR
12,-0.006236774232972456,2026-10-05,COHR
13,-0.014056872457138719,2026-10-05,COHR
14,-0.004339866837782698,2026-10-05,COHR
1,-6.156498082796149e-05,2026-10-05,COIN
2,-0.0007184853712315425,2026-10-05,COIN
3,0.0026931133250643244,2026-10-05,COIN
4,0.00024975283092244023,2026-10-05,COIN
5,0.0006535208920655731,2026-10-05,COIN
6,-0.0006081273692994974,2026-10-05,COIN
7,-0.002037857738035792,2026-10-05,COIN
8,0.0011716294959750258,2026-10-05,COIN
9,-0.0029316797052687475,2026-10-05,COIN
10,0.0017399742994999123,2026-10-05,COIN
11,0.005232674972132292,2026-10-05,COIN
12,0.0031991740874258517,2026-10-05,COIN
13,4.3529299101319365e-05,2026-10-05,COIN
14,-0.005891470137023163,2026-10-05,COIN
1,-0.002228976053473479,2026-10-05,COLB
2,-0.000861271576532057,2026-10-05,COLB
3,-0.00482148229837242,2026-10-05,COLB
4,-0.00782068975233975,2026-10-05,COLB
5,-0.007543074454339742,2026-10-05,COLB
6,-0.0017876579331253402,2026-10-05,COLB
7,0.001517045154887735,2026-10-05,COLB
8,-0.004895648033593873,2026-10-05,COLB
9,-0.005263651572236689,2026-10-05,COLB
10,-0.009986302629695413,2026-10-05,COLB
11,-0.0037088077354863534,2026-10-05,COLB
12,0.0071230400937984835,2026-10-05,COLB
13,0.0007797611571285297,2026-10-05,COLB
14,-0.006614573290334051,2026-10-05,COLB
1,-0.0021133967036274575,2026-10-05,COLD
2,-0.0003676733282689012,2026-10-05,COLD
3,-0.0035598040632846026,2026-10-05,COLD
4,-0.010539596364659998,2026-10-05,COLD
5,-0.007965573595411604,2026-10-05,COLD
6,-0.0061676379656042165,2026-10-05,COLD
7,0.00036594392190708195,2026-10-05,COLD
8,-0.003477654233754515,2026-10-05,COLD
9,-0.0016094344655356281,2026-10-05,COLD
10,-0.009278582337539344,2026-10-05,COLD
11,-0.006847735518025909,2026-10-05,COLD
12,0.0011958716613255933,2026-10-05,COLD
13,-0.002199279741028467,2026-10-05,COLD
14,-0.003320583200586682,2026-10-05,COLD
1,-0.004448596403651408,2026-10-05,COMP
2,-0.000612801098139572,2026-10-05,COMP
3,-0.0038987101527243224,2026-10-05,COMP
4,-0.011975105761196368,2026-10-05,COMP
5,-0.0041964102172878555,2026-10-05,COMP
6,-0.003649817734079025,2026-10-05,COMP
7,0.002482128451650716,2026-10-05,COMP
8,0.0018424758703909328,2026-10-05,COMP
9,-0.0006619019895641166,2026-10-05,COMP
10,-0.009712617616554238,2026-10-05,COMP
11,-0.003894529086040397,2026-10-05,COMP
12,0.006072201351612834,2026-10-05,COMP
13,0.00947548972928268,2026-10-05,COMP
14,0.0037973745921708337,2026-10-05,COMP
1,-0.00040787139801640437,2026-10-05,COO
2,-0.002259301582344574,2026-10-05,COO
3,-0.0029650285060615683,2026-10-05,COO
4,-0.003421249217598474,2026-10-05,COO
5,-0.0022350678055255676,2026-10-05,COO
6,-0.0037503009515882043,2026-10-05,COO
7,-0.012204059287348896,2026-10-05,COO
8,-0.005646882035076905,2026-10-05,COO
9,-0.0002610084055939373,2026-10-05,COO
10,-0.000998383965049589,2026-10-05,COO
11,0.0019577696269465093,2026-10-05,COO
12,-0.004439909060432009,2026-10-05,COO
13,-0.009355755650681237,2026-10-05,COO
14,-0.00776483908859063,2026-10-05,COO
1,0.00020782604513249357,2026-10-05,COP
2,-0.001357364223649429,2026-10-05,COP
3,0.0026633010674753615,2026-10-05,COP
4,-0.0010039905392866847,2026-10-05,COP
5,-1.3889134737918932e-05,2026-10-05,COP
6,-0.0011342608595474794,2026-10-05,COP
7,-0.002429155934304765,2026-10-05,COP
8,0.00035745895623683896,2026-10-05,COP
9,-0.0014435750952961487,2026-10-05,COP
10,-0.0037444548889040852,2026-10-05,COP
11,0.0022149860599603344,2026-10-05,COP
12,-0.000831706379500231,2026-10-05,COP
13,0.002712017110188213,2026-10-05,COP
14,-0.003478548640263403,2026-10-05,COP
1,0.0001456565626590873,2026-10-05,COR
2,-0.0010864134176847174,2026-10-05,COR
3,0.0015130618124087666,2026-10-05,COR
4,-0.00028346535342871235,2026-10-05,COR
5,-0.0012642021597906187,2026-10-05,COR
6,-0.0008644276656245685,2026-10-05,COR
7,-0.0011060840827157674,2026-10-05,COR
8,0.0018302493063892568,2026-10-05,COR
9,-0.0005478512034410227,2026-10-05,COR
10,0.0005634099213433138,2026-10-05,COR
11,0.006422054711519902,2026-10-05,COR
12,0.002649877896798995,2026-10-05,COR
13,0.0015915233048639302,2026-10-05,COR
14,-0.0046595426983964275,2026-10-05,COR
1,0.00037215548559887637,2026-10-05,COST
2,-0.0014377894938472694,2026-10-05,COST
3,0.002840813451140943,2026-10-05,COST
4,0.00018538862620593076,2026-10-05,COST
5,-0.0002651566655073331,2026-10-05,COST
6,-0.0003483334196263257,2026-10-05,COST
7,-0.0023132149684160263,2026-10-05,COST
8,0.0010376971517034304,2026-10-05,COST
9,-0.0010786886480571901,2026-10-05,COST
10,-0.003168970747573173,2026-10-05,COST
11,0.00322641236738527,2026-10-05,COST
12,-0.0026615808894356234,2026-10-05,COST
13,0.0021321773424695933,2026-10-05,COST
14,-0.006896063005288082,2026-10-05,COST
1,-0.001059646291788878,2026-10-05,COTY
2,-0.0011499248005300041,2026-10-05,COTY
3,-0.004856207763523028,2026-10-05,COTY
4,-0.011093235250444132,2026-10-05,COTY
5,-0.005778824648690105,2026-10-05,COTY
6,-0.004696806395034651,2026-10-05,COTY
7,-0.000341253830070381,2026-10-05,COTY
8,-0.002382947564283181,2026-10-05,COTY
9,-0.00033817047446492904,2026-10-05,COTY
10,-0.008549816914220687,2026-10-05,COTY
11,-0.003111833733888304,2026-10-05,COTY
12,0.0015257168849702213,2026-10-05,COTY
13,0.006069188975052947,2026-10-05,COTY
14,0.001168493823324847,2026-10-05,COTY
1,-0.003340979414430929,2026-10-05,COUR
2,-0.0012012654578044098,2026-10-05,COUR
3,-0.003412717517462553,2026-10-05,COUR
4,-0.01284130649328311,2026-10-05,COUR
5,-0.005152383781618892,2026-10-05,COUR
6,-0.0037327232479564608,2026-10-05,COUR
7,0.002388199676771257,2026-10-05,COUR
8,-0.002149359638342381,2026-10-05,COUR
9,-0.0020966827306704602,2026-10-05,COUR
10,-0.008865843921486849,2026-10-05,COUR
11,-0.0022020755261770272,2026-10-05,COUR
12,0.0023185103817434187,2026-10-05,COUR
13,0.007619832703185032,2026-10-05,COUR
14,0.0072167596025631145,2026-10-05,COUR
1,0.00016131225467393647,2026-10-05,CP
2,-0.0010563019924093406,2026-10-05,CP
3,0.0030548825785793434,2026-10-05,CP
4,-0.0007472840938372935,2026-10-05,CP
5,0.0009513363220659218,2026-10-05,CP
6,-0.0013657068988476944,2026-10-05,CP
7,-0.00034511150897555094,2026-10-05,CP
8,0.00043768271487847825,2026-10-05,CP
9,-0.0015974796874789652,2026-10-05,CP
10,-0.001216069246187488,2026-10-05,CP
11,0.001979562901537832,2026-10-05,CP
12,0.0007988517187848312,2026-10-05,CP
13,0.003542973909862613,2026-10-05,CP
14,-0.004049253748327337,2026-10-05,CP
1,-0.0031194078825715122,2026-10-05,CPB
2,-0.000284467267078519,2026-10-05,CPB
3,-0.0053362222165717595,2026-10-05,CPB
4,-0.012248158288504162,2026-10-05,CPB
5,-0.006753985585501063,2026-10-05,CPB
6,-0.005633857671288129,2026-10-05,CPB
7,-0.0014202667241718925,2026-10-05,CPB
8,-0.003486869105931055,2026-10-05,CPB
9,2.94518530389761e-06,2026-10-05,CPB
10,-0.009006472296894165,2026-10-05,CPB
11,0.0006406639672761557,2026-10-05,CPB
12,-0.006108297106922948,2026-10-05,CPB
13,0.0005382181496319761,2026-10-05,CPB
14,-8.839163324607827e-05,2026-10-05,CPB
1,-0.0006226293963625571,2026-10-05,CPNG
2,-0.0027298978668647985,2026-10-05,CPNG
3,-0.0012756693906819817,2026-10-05,CPNG
4,-0.0011024806146542596,2026-10-05,CPNG
5,-0.004086318727235095,2026-10-05,CPNG
6,-0.0031735250724297857,2026-10-05,CPNG
7,-0.005744961414651669,2026-10-05,CPNG
8,-0.005185913596611691,2026-10-05,CPNG
9,-0.001157598959315732,2026-10-05,CPNG
10,-0.0005050213424771004,2026-10-05,CPNG
11,0.0009272254989650464,2026-10-05,CPNG
12,-0.008181754351869098,2026-10-05,CPNG
13,-0.004112915918121714,2026-10-05,CPNG
14,-0.004996802761340104,2026-10-05,CPNG
1,-0.0028474975587408297,2026-10-05,CPRI
2,-0.0011486807288141933,2026-10-05,CPRI
3,-0.005171001707916927,2026-10-05,CPRI
4,-0.0088930259230437,2026-10-05,CPRI
5,-0.004293406725313103,2026-10-05,CPRI
6,-0.0032128026606020113,2026-10-05,CPRI
7,-0.0008998765081420331,2026-10-05,CPRI
8,-0.0024780325583559815,2026-10-05,CPRI
9,-0.0043959470933128885,2026-10-05,CPRI
10,-0.009484054275537047,2026-10-05,CPRI
11,-0.006053452875263907,2026-10-05,CPRI
12,0.007984739609433855,2026-10-05,CPRI
13,0.0071115742630139395,2026-10-05,CPRI
14,0.0020497364662708626,2026-10-05,CPRI
1,0.000178314993933125,2026-10-05,CPRT
2,-0.0008686525506625818,2026-10-05,CPRT
3,0.003517540743305617,2026-10-05,CPRT
4,-0.0006696907292927416,2026-10-05,CPRT
5,0.0010706871365995297,2026-10-05,CPRT
6,-0.0001278156454541761,2026-10-05,CPRT
7,-0.0010959955913638552,2026-10-05,CPRT
8,0.0003816658419965338,2026-10-05,CPRT
9,-0.0029324400147767277,2026-10-05,CPRT
10,-0.0020792815330789127,2026-10-05,CPRT
11,0.00326282261740675,2026-10-05,CPRT
12,0.00013018012930888478,2026-10-05,CPRT
13,0.0018121976081224734,2026-10-05,CPRT
14,-0.007308249609659671,2026-10-05,CPRT
1,0.00015271807466239737,2026-10-05,CRBG
2,-0.0015848586373642286,2026-10-05,CRBG
3,-0.00261916454568457,2026-10-05,CRBG
4,-0.0029235423575078513,2026-10-05,CRBG
5,-0.0007081540792754063,2026-10-05,CRBG
6,-0.0037892686288491144,2026-10-05,CRBG
7,-0.00918154047023679,2026-10-05,CRBG
8,-0.005538225266419817,2026-10-05,CRBG
9,0.003388179941504918,2026-10-05,CRBG
10,-0.0004089082109783313,2026-10-05,CRBG
11,0.005053216643605498,2026-10-05,CRBG
12,-0.008871991357998151,2026-10-05,CRBG
13,-0.008435494119210312,2026-10-05,CRBG
14,-0.002586593110840969,2026-10-05,CRBG
1,-0.002237036726881105,2026-10-05,CRC
2,-0.0003128609746067773,2026-10-05,CRC
3,-0.0033573269495983556,2026-10-05,CRC
4,-0.00998239044208734,2026-10-05,CRC
5,-0.00826206307529312,2026-10-05,CRC
6,-0.004989872226994697,2026-10-05,CRC
7,0.0003265984537836975,2026-10-05,CRC
8,-0.005913254251594163,2026-10-05,CRC
9,0.0025663294094883152,2026-10-05,CRC
10,-0.005714291924935322,2026-10-05,CRC
11,-0.008387022683904554,2026-10-05,CRC
12,0.002841624448193463,2026-10-05,CRC
13,-0.0036245650172646066,2026-10-05,CRC
14,-0.0006624515825091107,2026-10-05,CRC
1,-0.003395917670427097,2026-10-05,CRDO
2,-0.00038787129429772933,2026-10-05,CRDO
3,-0.001577953690480706,2026-10-05,CRDO
4,-0.015091333350588975,2026-10-05,CRDO
5,-0.0026973984700941495,2026-10-05,CRDO
6,-0.0007792378740646474,2026-10-05,CRDO
7,-0.004879339641590805,2026-10-05,CRDO
8,-0.0031942067824312203,2026-10-05,CRDO
9,0.00360308227255754,2026-10-05,CRDO
10,-0.00041965354303695587,2026-10-05,CRDO
11,-0.006085518425701784,2026-10-05,CRDO
12,-0.005700977248688309,2026-10-05,CRDO
13,0.0006711208610208338,2026-10-05,CRDO
14,0.012005447287991251,2026-10-05,CRDO
1,-0.0032740556533232,2026-10-05,CRGY
2,-0.001559820111138795,2026-10-05,CRGY
3,-0.006012453942179256,2026-10-05,CRGY
4,-0.01264675152732803,2026-10-05,CRGY
5,-0.0058849695073789204,2026-10-05,CRGY
6,-0.0038167217893341886,2026-10-05,CRGY
7,0.0008327059570158029,2026-10-05,CRGY
8,-0.0027757655677039016,2026-10-05,CRGY
9,-0.001979230212099249,2026-10-05,CRGY
10,-0.005428484231979065,2026-10-05,CRGY
11,-0.003274105166539382,2026-10-05,CRGY
12,0.008545102605503074,2026-10-05,CRGY
13,-0.0013534331468699633,2026-10-05,CRGY
14,0.003933279445558843,2026-10-05,CRGY
1,0.00023854400745092978,2026-10-05,CRH
2,-0.0016298522860453304,2026-10-05,CRH
3,0.002863602712189596,2026-10-05,CRH
4,-0.0009123208267674681,2026-10-05,CRH
5,-6.46406556042068e-05,2026-10-05,CRH
6,-0.0013030235328977348,2026-10-05,CRH
7,-0.00195398689604295,2026-10-05,CRH
8,0.0022393565496501883,2026-10-05,CRH
9,-0.0005682086206761378,2026-10-05,CRH
10,-0.0015814841161667004,2026-10-05,CRH
11,0.004847952029306028,2026-10-05,CRH
12,0.005867687192488132,2026-10-05,CRH
13,0.006031174500873202,2026-10-05,CRH
14,-0.0028849727666125885,2026-10-05,CRH
1,-0.002957029011120805,2026-10-05,CRI
2,-0.00012474724587496433,2026-10-05,CRI
3,-0.0034506596079247965,2026-10-05,CRI
4,-0.009682448671207156,2026-10-05,CRI
5,-0.004174870565330122,2026-10-05,CRI
6,-0.00324040069488186,2026-10-05,CRI
7,0.0030720727244130212,2026-10-05,CRI
8,-0.001402304518853286,2026-10-05,CRI
9,-0.0030044898806283306,2026-10-05,CRI
10,-0.0080346330800065,2026-10-05,CRI
11,-0.00721126272748624,2026-10-05,CRI
12,0.0035209338180855923,2026-10-05,CRI
13,0.011803010480583237,2026-10-05,CRI
14,0.0026550499482541697,2026-10-05,CRI
1,-0.0029220589630687653,2026-10-05,CRK
2,0.00044910282920078225,2026-10-05,CRK
3,-0.004121331045387702,2026-10-05,CRK
4,-0.011226423446812418,2026-10-05,CRK
5,-0.003345406012431534,2026-10-05,CRK
6,-0.005831380476600591,2026-10-05,CRK
7,0.0033782685768576027,2026-10-05,CRK
8,-0.0013308582240171842,2026-10-05,CRK
9,-0.003801237152060373,2026-10-05,CRK
10,-0.00840131108572906,2026-10-05,CRK
11,-0.0019344455132447769,2026-10-05,CRK
12,0.004526697096260399,2026-10-05,CRK
13,0.010260073489114382,2026-10-05,CRK
14,0.005587594177233712,2026-10-05,CRK
1,-0.00025867417650896464,2026-10-05,CRM
2,-0.0012824290203199047,2026-10-05,CRM
3,0.0021946244708224635,2026-10-05,CRM
4,-0.0008823469168181768,2026-10-05,CRM
5,0.001623325962525679,2026-10-05,CRM
6,-0.0007039173993786064,2026-10-05,CRM
7,-0.001099598619809561,2026-10-05,CRM
8,0.0011226812595655198,2026-10-05,CRM
9,-0.005048844990448616,2026-10-05,CRM
10,0.005078399818092827,2026-10-05,CRM
11,0.004392738088532556,2026-10-05,CRM
12,0.00020692680797594309,2026-10-05,CRM
13,0.0017801732099025172,2026-10-05,CRM
14,-0.005440025376832002,2026-10-05,CRM
1,-0.0047811108738091326,2026-10-05,CRON
2,0.0004512669924104779,2026-10-05,CRON
3,-0.004610787726251265,2026-10-05,CRON
4,-0.01184501326229729,2026-10-05,CRON
5,-0.005306409729798966,2026-10-05,CRON
6,-0.0037562509564059527,2026-10-05,CRON
7,0.004564305202752331,2026-10-05,CRON
8,0.001038367567249814,2026-10-05,CRON
9,-0.0017900768912513165,2026-10-05,CRON
10,-0.004878191334342723,2026-10-05,CRON
11,-0.004386790970930697,2026-10-05,CRON
12,0.0020169283937069185,2026-10-05,CRON
13,0.005366616223831277,2026-10-05,CRON
14,0.0025536388612299793,2026-10-05,CRON
1,-0.00315891767196977,2026-10-05,CROX
2,0.002266318355239993,2026-10-05,CROX
3,-0.00439341075459819,2026-10-05,CROX
4,-0.011409368255890819,2026-10-05,CROX
5,-0.0051826110125610374,2026-10-05,CROX
6,-0.004770051653727082,2026-10-05,CROX
7,0.0005097598412367212,2026-10-05,CROX
8,6.295894906144532e-05,2026-10-05,CROX
9,-0.0055636653690557146,2026-10-05,CROX
10,-0.0072675920901971655,2026-10-05,CROX
11,-0.004350036889910067,2026-10-05,CROX
12,0.006192954194070654,2026-10-05,CROX
13,0.00977352047044622,2026-10-05,CROX
14,0.0011560841817055377,2026-10-05,CROX
1,-0.002832858814663745,2026-10-05,CRSP
2,-0.0006942274554357305,2026-10-05,CRSP
3,-0.0057814583291527335,2026-10-05,CRSP
4,-0.012821823199763095,2026-10-05,CRSP
5,-0.01021182353959238,2026-10-05,CRSP
6,-0.0074927507924400765,2026-10-05,CRSP
7,-0.003752219698912235,2026-10-05,CRSP
8,-0.003112095545688119,2026-10-05,CRSP
9,-0.003407131816233531,2026-10-05,CRSP
10,-0.005390285378269844,2026-10-05,CRSP
11,-0.004415306117020083,2026-10-05,CRSP
12,0.004228234987275803,2026-10-05,CRSP
13,0.0025997934187287344,2026-10-05,CRSP
14,0.00375995662100249,2026-10-05,CRSP
1,-0.000251799337536358,2026-10-05,CSCO
2,-0.001993767546246021,2026-10-05,CSCO
3,0.0013402498935740845,2026-10-05,CSCO
4,-0.0003767574600871025,2026-10-05,CSCO
5,0.0016859312369703278,2026-10-05,CSCO
6,-0.0015719394512647992,2026-10-05,CSCO
7,-0.0011866458007129019,2026-10-05,CSCO
8,0.0011504599779696846,2026-10-05,CSCO
9,-0.0008635059343776995,2026-10-05,CSCO
10,-0.0005249914346904548,2026-10-05,CSCO
11,0.004903559031898187,2026-10-05,CSCO
12,0.004024594830720031,2026-10-05,CSCO
13,0.0032751697463977987,2026-10-05,CSCO
14,-0.004819479445035592,2026-10-05,CSCO
1,-0.0002525038399956177,2026-10-05,CSGP
2,-0.0030264086119068173,2026-10-05,CSGP
3,-0.002291801662986248,2026-10-05,CSGP
4,-0.0015750394583046448,2026-10-05,CSGP
5,-0.0021726137343250664,2026-10-05,CSGP
6,-0.001718990961200457,2026-10-05,CSGP
7,-0.012068928600010772,2026-10-05,CSGP
8,-0.003429791195551962,2026-10-05,CSGP
9,0.0013460510295282386,2026-10-05,CSGP
10,0.0007186758792007175,2026-10-05,CSGP
11,0.005957591510589319,2026-10-05,CSGP
12,-0.003564673732622227,2026-10-05,CSGP
13,-0.011410397659423463,2026-10-05,CSGP
14,-0.004423559579824732,2026-10-05,CSGP
1,-0.0032999015062085252,2026-10-05,CSIQ
2,-0.0010511959758894693,2026-10-05,CSIQ
3,-0.004477411532865374,2026-10-05,CSIQ
4,-0.010415267432501832,2026-10-05,CSIQ
5,-0.006587967093102959,2026-10-05,CSIQ
6,-0.010606022017382227,2026-10-05,CSIQ
7,-0.0010932211524125011,2026-10-05,CSIQ
8,-0.010121609433306571,2026-10-05,CSIQ
9,-0.007501326921117847,2026-10-05,CSIQ
10,-0.009257369640368213,2026-10-05,CSIQ
11,-0.006317560291450795,2026-10-05,CSIQ
12,0.002725774875855421,2026-10-05,CSIQ
13,0.009370946372666217,2026-10-05,CSIQ
14,0.001927448759691062,2026-10-05,CSIQ
1,-0.003444681565911681,2026-10-05,CSTM
2,0.00026176767747114054,2026-10-05,CSTM
3,-0.0038440108002111913,2026-10-05,CSTM
4,-0.010597917332272694,2026-10-05,CSTM
5,-0.006151063375346333,2026-10-05,CSTM
6,-0.0023718798972803697,2026-10-05,CSTM
7,0.0020883146100257855,2026-10-05,CSTM
8,0.0015754464381070102,2026-10-05,CSTM
9,-0.0027964331146789257,2026-10-05,CSTM
10,-0.008243408010053521,2026-10-05,CSTM
11,-0.009509258059999021,2026-10-05,CSTM
12,0.0024171001386751015,2026-10-05,CSTM
13,0.0044584727385058665,2026-10-05,CSTM
14,0.0013398534284263122,2026-10-05,CSTM
1,0.00033008080798871365,2026-10-05,CSX
2,-0.0011848060519493314,2026-10-05,CSX
3,0.002830026797393232,2026-10-05,CSX
4,-0.00047428959105911026,2026-10-05,CSX
5,0.0001235577958352707,2026-10-05,CSX
6,7.188292797789807e-05,2026-10-05,CSX
7,-0.0006129844769260815,2026-10-05,CSX
8,0.0008964839174458556,2026-10-05,CSX
9,-0.0015855734849890698,2026-10-05,CSX
10,-0.0019065881051054303,2026-10-05,CSX
11,0.0027474924620683417,2026-10-05,CSX
12,0.0008018724930640345,2026-10-05,CSX
13,0.003389691419664835,2026-10-05,CSX
14,-0.0044115159769035975,2026-10-05,CSX
1,-0.002258550198201519,2026-10-05,CTRE
2,7.924920549260596e-05,2026-10-05,CTRE
3,-0.004259709568127297,2026-10-05,CTRE
4,-0.009360298464971804,2026-10-05,CTRE
5,-0.0038280311860789504,2026-10-05,CTRE
6,-0.0030262095168034683,2026-10-05,CTRE
7,0.0034273617244623875,2026-10-05,CTRE
8,0.0025915485409386484,2026-10-05,CTRE
9,-0.001519191272521526,2026-10-05,CTRE
10,-0.005358949328926126,2026-10-05,CTRE
11,-0.008965384955359468,2026-10-05,CTRE
12,0.001504976743313047,2026-10-05,CTRE
13,0.005257860168135495,2026-10-05,CTRE
14,0.0035315189352896716,2026-10-05,CTRE
1,-0.00041163907884475304,2026-10-05,CTSH
2,-0.0018981586123358737,2026-10-05,CTSH
3,-0.0046860325262463335,2026-10-05,CTSH
4,-0.003423515423389315,2026-10-05,CTSH
5,-0.003816346504442472,2026-10-05,CTSH
6,-0.002141244185683766,2026-10-05,CTSH
7,-0.011442303321256524,2026-10-05,CTSH
8,-0.008052368682299816,2026-10-05,CTSH
9,0.000507406567928252,2026-10-05,CTSH
10,-0.00034310496204816243,2026-10-05,CTSH
11,0.003211192921231471,2026-10-05,CTSH
12,-0.005965001310974471,2026-10-05,CTSH
13,-0.008383214167396047,2026-10-05,CTSH
14,-0.010680628011989803,2026-10-05,CTSH
1,-0.00023445604778334848,2026-10-05,CTVA
2,-0.0032170437163871533,2026-10-05,CTVA
3,-0.0027050920456447984,2026-10-05,CTVA
4,-0.0020075372636809536,2026-10-05,CTVA
5,-0.003898927433295814,2026-10-05,CTVA
6,0.0012767848443880137,2026-10-05,CTVA
7,-0.009659085508305755,2026-10-05,CTVA
8,-0.004496907970003131,2026-10-05,CTVA
9,-0.002771688565534895,2026-10-05,CTVA
10,0.0002810649164196362,2026-10-05,CTVA
11,0.006559873930867877,2026-10-05,CTVA
12,-0.006100439122171032,2026-10-05,CTVA
13,-0.00848207724060517,2026-10-05,CTVA
14,-0.006056037281182564,2026-10-05,CTVA
1,-0.001781127536796796,2026-10-05,CUBE
2,0.0004598630817222121,2026-10-05,CUBE
3,-0.0033124338940158796,2026-10-05,CUBE
4,-0.008953866127234061,2026-10-05,CUBE
5,-0.005018928085958361,2026-10-05,CUBE
6,-0.0021207819490545858,2026-10-05,CUBE
7,-0.000642453614890199,2026-10-05,CUBE
8,-0.005304982615376226,2026-10-05,CUBE
9,-0.0018578639710873236,2026-10-05,CUBE
10,-0.009002501625205042,2026-10-05,CUBE
11,-0.005306490914414278,2026-10-05,CUBE
12,-0.0007600163884585377,2026-10-05,CUBE
13,0.0012445618719566114,2026-10-05,CUBE
14,-0.008849505548463291,2026-10-05,CUBE
1,-0.0015215823949390262,2026-10-05,CUZ
2,0.0004982646110160216,2026-10-05,CUZ
3,-0.002440923550992245,2026-10-05,CUZ
4,-0.0070618496273392615,2026-10-05,CUZ
5,-0.006403464313195808,2026-10-05,CUZ
6,-0.003656754342447405,2026-10-05,CUZ
7,0.0010308112405253806,2026-10-05,CUZ
8,-0.006180099762720534,2026-10-05,CUZ
9,-0.0008826288230474158,2026-10-05,CUZ
10,-0.006368352164727786,2026-10-05,CUZ
11,-0.006083083659399309,2026-10-05,CUZ
12,0.0009679386492808662,2026-10-05,CUZ
13,-0.0024348962171240763,2026-10-05,CUZ
14,-0.0012818011502675356,2026-10-05,CUZ
1,-0.0005084632979753624,2026-10-05,CVE
2,-0.0015255638698988571,2026-10-05,CVE
3,-0.0034677304072080533,2026-10-05,CVE
4,-0.0023921434505020773,2026-10-05,CVE
5,0.0005655146301653421,2026-10-05,CVE
6,-0.0045251629929166405,2026-10-05,CVE
7,-0.00792130032276843,2026-10-05,CVE
8,-0.005014538661294803,2026-10-05,CVE
9,0.0012714128107968064,2026-10-05,CVE
10,0.004047078337508105,2026-10-05,CVE
11,0.004027175321291572,2026-10-05,CVE
12,-0.005969422656014116,2026-10-05,CVE
13,-0.004119114745301947,2026-10-05,CVE
14,-0.003403007125349052,2026-10-05,CVE
1,-0.000873842871378015,2026-10-05,CVNA
2,-0.0029195524083591587,2026-10-05,CVNA
3,-0.0023987017393995603,2026-10-05,CVNA
4,-0.0015555888352868968,2026-10-05,CVNA
5,-0.0033677616440735015,2026-10-05,CVNA
6,-0.004651738283341375,2026-10-05,CVNA
7,-0.00992779884985049,2026-10-05,CVNA
8,-0.005438215270154717,2026-10-05,CVNA
9,0.002095813772478442,2026-10-05,CVNA
10,0.00023759534262682538,2026-10-05,CVNA
11,0.006159725088619694,2026-10-05,CVNA
12,-0.004517461846752859,2026-10-05,CVNA
13,-0.010543903767045408,2026-10-05,CVNA
14,-0.005300259971983651,2026-10-05,CVNA
1,0.00012691923392136998,2026-10-05,CVS
2,-0.0012804310211293841,2026-10-05,CVS
3,0.0024357848949366186,2026-10-05,CVS
4,-0.000750011930339069,2026-10-05,CVS
5,-0.0007087586864390495,2026-10-05,CVS
6,-0.0009276043114643172,2026-10-05,CVS
7,-0.0007808178061389764,2026-10-05,CVS
8,0.0009422562761482262,2026-10-05,CVS
9,0.0003705845990718662,2026-10-05,CVS
10,-0.002295429275926141,2026-10-05,CVS
11,0.005862711979922651,2026-10-05,CVS
12,0.0036606510427521963,2026-10-05,CVS
13,0.005651044790027776,2026-10-05,CVS
14,-0.0029286969955038813,2026-10-05,CVS
1,0.001196469476401037,2026-10-05,CVX
2,-0.0008024793905272426,2026-10-05,CVX
3,0.0013939676415482985,2026-10-05,CVX
4,0.0005723290633823071,2026-10-05,CVX
5,0.00022739606682118353,2026-10-05,CVX
6,-0.0009981545057418336,2026-10-05,CVX
7,-0.0016949739995006311,2026-10-05,CVX
8,-0.003728181970555302,2026-10-05,CVX
9,-0.0024857596263446343,2026-10-05,CVX
10,-0.0052884111367194,2026-10-05,CVX
11,0.0035409401584120086,2026-10-05,CVX
12,0.0051112942738448216,2026-10-05,CVX
13,0.00322207365045308,2026-10-05,CVX
14,-0.0011645229680774828,2026-10-05,CVX
1,-0.0037962446533636256,2026-10-05,CWH
2,0.00024836956257799533,2026-10-05,CWH
3,-0.0049628486962914175,2026-10-05,CWH
4,-0.012739674763582245,2026-10-05,CWH
5,-0.006076568570057199,2026-10-05,CWH
6,-0.005791476033807254,2026-10-05,CWH
7,0.0023215171918592255,2026-10-05,CWH
8,-0.00014975987183601174,2026-10-05,CWH
9,-0.003808361392942274,2026-10-05,CWH
10,-0.010628936839982237,2026-10-05,CWH
11,-0.003706379409994622,2026-10-05,CWH
12,0.00032009648830349857,2026-10-05,CWH
13,0.004228046683163102,2026-10-05,CWH
14,0.002261073226657392,2026-10-05,CWH
1,-0.0028161517099456004,2026-10-05,CWK
2,0.0017633180796641408,2026-10-05,CWK
3,-0.004908594967448822,2026-10-05,CWK
4,-0.007929027593327883,2026-10-05,CWK
5,-0.0071908602608355375,2026-10-05,CWK
6,-0.001541972920747261,2026-10-05,CWK
7,8.034816429506315e-05,2026-10-05,CWK
8,-0.004282142242079218,2026-10-05,CWK
9,-0.000996585719133302,2026-10-05,CWK
10,-0.007367920037185495,2026-10-05,CWK
11,-0.009644215064456287,2026-10-05,CWK
12,-0.00013137611242866436,2026-10-05,CWK
13,0.0007570034804043118,2026-10-05,CWK
14,0.00061694206568923,2026-10-05,CWK
1,-0.002511393248189457,2026-10-05,CX
2,0.0011269921731285651,2026-10-05,CX
3,-0.0012929282872771685,2026-10-05,CX
4,-0.01109047394362724,2026-10-05,CX
5,-0.009050718518592236,2026-10-05,CX
6,-0.004929976327615139,2026-10-05,CX
7,0.0027280865342557328,2026-10-05,CX
8,-0.00046003410949153515,2026-10-05,CX
9,0.00034940370570994494,2026-10-05,CX
10,0.0072611620954100365,2026-10-05,CX
11,-0.0030301862800514775,2026-10-05,CX
12,-0.00959975434449496,2026-10-05,CX
13,0.0014111283032509994,2026-10-05,CX
14,0.006644645506620054,2026-10-05,CX
1,-0.004800972471580859,2026-10-05,CXM
2,-5.199326478249574e-05,2026-10-05,CXM
3,-0.003856221781683829,2026-10-05,CXM
4,-0.012843937754816234,2026-10-05,CXM
5,-0.0032533587907256365,2026-10-05,CXM
6,-0.005150643823359914,2026-10-05,CXM
7,0.0038833752637554503,2026-10-05,CXM
8,0.0016099495780576957,2026-10-05,CXM
9,-0.0031749506463495765,2026-10-05,CXM
10,-0.009200205804686825,2026-10-05,CXM
11,-0.00268841097187225,2026-10-05,CXM
12,-0.004327260653024354,2026-10-05,CXM
13,0.006418875703725685,2026-10-05,CXM
14,0.0034957401720392234,2026-10-05,CXM
1,-0.0035824006344468613,2026-10-05,CYTK
2,-0.000557177194959172,2026-10-05,CYTK
3,-0.00033489626036164354,2026-10-05,CYTK
4,-0.010767899386536698,2026-10-05,CYTK
5,-0.005485849524280167,2026-10-05,CYTK
6,-0.002715540610723684,2026-10-05,CYTK
7,0.0014725623286018991,2026-10-05,CYTK
8,-0.00026994876196437506,2026-10-05,CYTK
9,-0.004357309641990527,2026-10-05,CYTK
10,-0.009291232358770801,2026-10-05,CYTK
11,-0.001431803112373791,2026-10-05,CYTK
12,0.0033995284031699204,2026-10-05,CYTK
13,0.006317133744641455,2026-10-05,CYTK
14,0.002342334798591361,2026-10-05,CYTK
1,-0.0006360029015822115,2026-10-05,CZR
2,-0.0016771634204050005,2026-10-05,CZR
3,-0.004334350028312683,2026-10-05,CZR
4,-0.001625640680359946,2026-10-05,CZR
5,-0.00048696929178178056,2026-10-05,CZR
6,-0.0007888469300811673,2026-10-05,CZR
7,-0.006723367504517596,2026-10-05,CZR
8,-0.0044122049300506965,2026-10-05,CZR
9,0.0029582018976359423,2026-10-05,CZR
10,0.0007132715804250925,2026-10-05,CZR
11,-0.0014590533805762741,2026-10-05,CZR
12,-0.008568992452267193,2026-10-05,CZR
13,-0.0075517391909618314,2026-10-05,CZR
14,-0.005792593378071937,2026-10-05,CZR
1,-0.0005817096820677397,2026-10-05,D
2,-0.0024477345997290056,2026-10-05,D
3,-0.001649120000450596,2026-10-05,D
4,-0.0027701895387818205,2026-10-05,D
5,-0.001542996098146401,2026-10-05,D
6,-0.0025508714082055055,2026-10-05,D
7,-0.00804250396486161,2026-10-05,D
8,-0.004767068102560898,2026-10-05,D
9,0.003633082072808667,2026-10-05,D
10,-0.003041589430096626,2026-10-05,D
11,0.006578958323146544,2026-10-05,D
12,-0.008581062483242313,2026-10-05,D
13,-0.008530035392511836,2026-10-05,D
14,-0.005991124168561527,2026-10-05,D
1,-0.0009460757817480856,2026-10-05,DAL
2,-0.002910520006936858,2026-10-05,DAL
3,-0.0024647358828202622,2026-10-05,DAL
4,-0.004160025836906555,2026-10-05,DAL
5,-0.0018280156772965725,2026-10-05,DAL
6,-0.0030746748150366487,2026-10-05,DAL
7,-0.013435447999346246,2026-10-05,DAL
8,-0.008257753461398386,2026-10-05,DAL
9,0.002337821374492274,2026-10-05,DAL
10,0.0003628945971417734,2026-10-05,DAL
11,0.007316665603342181,2026-10-05,DAL
12,-0.006632280526775879,2026-10-05,DAL
13,-0.004603234755492776,2026-10-05,DAL
14,-0.005550186190155496,2026-10-05,DAL
1,-0.004043397837669543,2026-10-05,DAN
2,-0.0013088473268630602,2026-10-05,DAN
3,-0.005819777167581283,2026-10-05,DAN
4,-0.011749635876857917,2026-10-05,DAN
5,-0.005702892410922792,2026-10-05,DAN
6,-0.007454967347252536,2026-10-05,DAN
7,0.0023989102925435117,2026-10-05,DAN
8,-0.0018385586424767913,2026-10-05,DAN
9,-0.003554152149193678,2026-10-05,DAN
10,-0.0041260910865887285,2026-10-05,DAN
11,-0.005816761487474572,2026-10-05,DAN
12,0.005689575103187829,2026-10-05,DAN
13,0.004886897759977586,2026-10-05,DAN
14,-0.0017092687855142967,2026-10-05,DAN
1,-0.0009224212046297382,2026-10-05,DAR
2,-0.0019507893320360498,2026-10-05,DAR
3,-0.0017281100749467417,2026-10-05,DAR
4,-0.002880089895961272,2026-10-05,DAR
5,-0.0021223164973263294,2026-10-05,DAR
6,-0.0016328387789680875,2026-10-05,DAR
7,-0.009803232766744337,2026-10-05,DAR
8,-0.007040410933850781,2026-10-05,DAR
9,0.0004249836995696936,2026-10-05,DAR
10,-0.0017637769697288544,2026-10-05,DAR
11,0.0022476383855145176,2026-10-05,DAR
12,-0.0039371857346095955,2026-10-05,DAR
13,-0.009092657109835253,2026-10-05,DAR
14,-0.007789432612907701,2026-10-05,DAR
1,-0.0008341593751618316,2026-10-05,DASH
2,-0.00036630516967189013,2026-10-05,DASH
3,0.0024077407201417785,2026-10-05,DASH
4,0.002539944701497437,2026-10-05,DASH
5,-0.0019748526217706623,2026-10-05,DASH
6,7.771779231816452e-05,2026-10-05,DASH
7,-0.003835737101427597,2026-10-05,DASH
8,-0.0008535240365507554,2026-10-05,DASH
9,0.0003903289057252878,2026-10-05,DASH
10,-0.00018307924544186966,2026-10-05,DASH
11,0.005574888560228211,2026-10-05,DASH
12,0.001980473345147839,2026-10-05,DASH
13,0.0036172209383451806,2026-10-05,DASH
14,-0.004068835112621974,2026-10-05,DASH
1,-0.0002669477186449763,2026-10-05,DB
2,-0.00277640901045482,2026-10-05,DB
3,-0.0015502864729076266,2026-10-05,DB
4,-0.0014364145976210306,2026-10-05,DB
5,-0.0010642783660638753,2026-10-05,DB
6,-0.00030968538601666083,2026-10-05,DB
7,-0.007617765041341198,2026-10-05,DB
8,-0.0070239474549261705,2026-10-05,DB
9,0.001296948268628406,2026-10-05,DB
10,6.369011887514984e-05,2026-10-05,DB
11,0.0026617273830746744,2026-10-05,DB
12,-0.006011899615238871,2026-10-05,DB
13,-0.00787424431508607,2026-10-05,DB
14,-0.0031389626211552712,2026-10-05,DB
1,0.0007416795576750323,2026-10-05,DBX
2,0.00018920371638004555,2026-10-05,DBX
3,-0.004680173844849742,2026-10-05,DBX
4,-0.011273492470906168,2026-10-05,DBX
5,-0.00322492015638076,2026-10-05,DBX
6,-0.0038743630909249625,2026-10-05,DBX
7,0.018067689274923204,2026-10-05,DBX
8,0.000837900057419515,2026-10-05,DBX
9,0.005520980877829651,2026-10-05,DBX
10,-0.005899437390696339,2026-10-05,DBX
11,-0.005130804182750178,2026-10-05,DBX
12,-0.0038305698498468997,2026-10-05,DBX
13,-0.0045277498100989595,2026-10-05,DBX
14,-0.007491354876779327,2026-10-05,DBX
1,0.0006015699030013702,2026-10-05,DD
2,-0.001390592956404489,2026-10-05,DD
3,0.0018469140486570804,2026-10-05,DD
4,-0.0002490375060483014,2026-10-05,DD
5,3.4219997607601256e-05,2026-10-05,DD
6,-0.0019066356095113132,2026-10-05,DD
7,-0.002530858221777463,2026-10-05,DD
8,0.0020979740744162547,2026-10-05,DD
9,-0.00020644931518537573,2026-10-05,DD
10,-0.0010539564994180536,2026-10-05,DD
11,0.006931603302276229,2026-10-05,DD
12,0.003983297750461375,2026-10-05,DD
13,0.0029032589378425026,2026-10-05,DD
14,-0.003786697746466773,2026-10-05,DD
1,0.00047807805194212573,2026-10-05,DDOG
2,-0.0024409824849200537,2026-10-05,DDOG
3,-0.002938218061322125,2026-10-05,DDOG
4,-0.003867416545782183,2026-10-05,DDOG
5,-0.0007002454390726435,2026-10-05,DDOG
6,-0.0042323937273146565,2026-10-05,DDOG
7,-0.008950929754061006,2026-10-05,DDOG
8,-0.004327650737064699,2026-10-05,DDOG
9,-0.0005667125565435682,2026-10-05,DDOG
10,-0.0019052106982304494,2026-10-05,DDOG
11,0.0035577918462769633,2026-10-05,DDOG
12,-0.00850421555242408,2026-10-05,DDOG
13,-0.009995082677333053,2026-10-05,DDOG
14,-0.008088226612759998,2026-10-05,DDOG
1,-7.418944493280927e-05,2026-10-05,DE
2,-0.0012422606451309545,2026-10-05,DE
3,0.002932431329153949,2026-10-05,DE
4,0.0008790400363016336,2026-10-05,DE
5,0.0017584016602055716,2026-10-05,DE
6,-0.0005867498057281882,2026-10-05,DE
7,-0.002694569210137721,2026-10-05,DE
8,0.001666533386114504,2026-10-05,DE
9,-0.0029392030829691065,2026-10-05,DE
10,0.0006923680118177592,2026-10-05,DE
11,0.003757612723571904,2026-10-05,DE
12,0.0023506283324752747,2026-10-05,DE
13,0.0008298119774346368,2026-10-05,DE
14,-0.0058244439002022984,2026-10-05,DE
1,-0.0014699294337950854,2026-10-05,DEA
2,9.553924268230224e-05,2026-10-05,DEA
3,-0.0041372343815183005,2026-10-05,DEA
4,-0.007200383008035938,2026-10-05,DEA
5,-0.006585522976395387,2026-10-05,DEA
6,-0.0024296319651346612,2026-10-05,DEA
7,-0.00016273575081603815,2026-10-05,DEA
8,-0.00444767181380583,2026-10-05,DEA
9,-0.0017555458642238347,2026-10-05,DEA
10,-0.008454116118283282,2026-10-05,DEA
11,-0.003206732825058923,2026-10-05,DEA
12,0.0018433859124316033,2026-10-05,DEA
13,-1.1407373747176438e-05,2026-10-05,DEA
14,-0.010354129392402454,2026-10-05,DEA
1,-0.0016739838628868633,2026-10-05,DEI
2,0.001143458371027558,2026-10-05,DEI
3,-0.003992092041423849,2026-10-05,DEI
4,-0.009582902452745989,2026-10-05,DEI
5,-0.005713838537148653,2026-10-05,DEI
6,-0.0024065949104197086,2026-10-05,DEI
7,-0.00040569763023455937,2026-10-05,DEI
8,-0.006921677718915252,2026-10-05,DEI
9,-0.0017972854386166881,2026-10-05,DEI
10,-0.009152098815832545,2026-10-05,DEI
11,-0.004475861432103264,2026-10-05,DEI
12,-0.001316891783920852,2026-10-05,DEI
13,-0.0008232875221370525,2026-10-05,DEI
14,-0.004651355410907542,2026-10-05,DEI
1,-0.00033240762694418635,2026-10-05,DELL
2,-0.0002850056596949304,2026-10-05,DELL
3,0.0025668740923935774,2026-10-05,DELL
4,0.004055676376057565,2026-10-05,DELL
5,0.003754378237333994,2026-10-05,DELL
6,-0.0005096341842826628,2026-10-05,DELL
7,-0.002707961351116453,2026-10-05,DELL
8,0.0034262697225870067,2026-10-05,DELL
9,-0.0013144414278474321,2026-10-05,DELL
10,-0.0008323456266876106,2026-10-05,DELL
11,0.004609584256384342,2026-10-05,DELL
12,0.0023115163974692394,2026-10-05,DELL
13,0.0019319052303765375,2026-10-05,DELL
14,-0.005352464398822186,2026-10-05,DELL
1,-0.0004633180537970755,2026-10-05,DG
2,-0.0033099220356186524,2026-10-05,DG
3,-0.0026269734329051925,2026-10-05,DG
4,-0.002819374705360219,2026-10-05,DG
5,-0.0013651689372516716,2026-10-05,DG
6,-0.0024210469524214955,2026-10-05,DG
7,-0.010200893457515492,2026-10-05,DG
8,-0.009504988320950182,2026-10-05,DG
9,-0.0008699215778931714,2026-10-05,DG
10,-0.001430956095482831,2026-10-05,DG
11,0.0031191332855551525,2026-10-05,DG
12,-0.001324595000236242,2026-10-05,DG
13,-0.008876953413531417,2026-10-05,DG
14,-0.007109008820642664,2026-10-05,DG
1,-0.004887661803391346,2026-10-05,DH
2,-0.0016911551392592111,2026-10-05,DH
3,-0.0011584872881159683,2026-10-05,DH
4,-0.01393552794626448,2026-10-05,DH
5,-0.0026792651808442945,2026-10-05,DH
6,-0.004683592875104176,2026-10-05,DH
7,0.003493430431102659,2026-10-05,DH
8,0.005586461989833306,2026-10-05,DH
9,-0.004811798344771736,2026-10-05,DH
10,-0.006256896316264421,2026-10-05,DH
11,-0.001398630462030063,2026-10-05,DH
12,-0.0011066479168638755,2026-10-05,DH
13,0.006201906185082087,2026-10-05,DH
14,0.008326077992376614,2026-10-05,DH
1,0.00025791630333715993,2026-10-05,DHI
2,-0.0010784514340122155,2026-10-05,DHI
3,0.002584096639603737,2026-10-05,DHI
4,-0.001106206290866361,2026-10-05,DHI
5,-0.001637584619103085,2026-10-05,DHI
6,-0.0012369946756715772,2026-10-05,DHI
7,-0.000138232654950291,2026-10-05,DHI
8,0.0016690536174964591,2026-10-05,DHI
9,0.0005783803925162657,2026-10-05,DHI
10,0.0017987215006742563,2026-10-05,DHI
11,0.007740153276127295,2026-10-05,DHI
12,0.0039031715609766085,2026-10-05,DHI
13,0.003942884829442486,2026-10-05,DHI
14,-0.004323229731698212,2026-10-05,DHI
1,0.0001323900047383885,2026-10-05,DHR
2,-0.0012739338078167318,2026-10-05,DHR
3,0.0022525488335873966,2026-10-05,DHR
4,-0.00021117255087544482,2026-10-05,DHR
5,-0.0010915808715579141,2026-10-05,DHR
6,-0.0011715238847713866,2026-10-05,DHR
7,-0.002393889731599956,2026-10-05,DHR
8,-0.0007269518893932446,2026-10-05,DHR
9,-0.0021579138475077355,2026-10-05,DHR
10,-0.0018762120088980235,2026-10-05,DHR
11,0.004506234282573778,2026-10-05,DHR
12,-0.00025425481906402405,2026-10-05,DHR
13,0.0009304881403910956,2026-10-05,DHR
14,-0.0037675090531463546,2026-10-05,DHR
1,-0.0029804718694756496,2026-10-05,DHT
2,0.0005192380621162462,2026-10-05,DHT
3,-0.0015499645675406775,2026-10-05,DHT
4,-0.009052679728732459,2026-10-05,DHT
5,-0.004189693547922575,2026-10-05,DHT
6,-0.003459460418418417,2026-10-05,DHT
7,-0.0028939121109233914,2026-10-05,DHT
8,-0.0040390837725305054,2026-10-05,DHT
9,0.00036312145815626677,2026-10-05,DHT
10,-0.0013058527934236867,2026-10-05,DHT
11,-0.008141483806030601,2026-10-05,DHT
12,-0.0053870332031501055,2026-10-05,DHT
13,-0.0066935747488461135,2026-10-05,DHT
14,0.0011972339441324211,2026-10-05,DHT
1,-0.003106064216310737,2026-10-05,DINO
2,-6.207266764210828e-05,2026-10-05,DINO
3,-0.003935339263142096,2026-10-05,DINO
4,-0.009868979656124637,2026-10-05,DINO
5,-0.0060780949271890235,2026-10-05,DINO
6,-0.008905995425901595,2026-10-05,DINO
7,0.0037180666525807923,2026-10-05,DINO
8,-0.005712109195749023,2026-10-05,DINO
9,-0.005684945673337929,2026-10-05,DINO
10,-0.005058543170462406,2026-10-05,DINO
11,0.00047728053013327626,2026-10-05,DINO
12,0.005251195292446301,2026-10-05,DINO
13,0.0037178653442197836,2026-10-05,DINO
14,0.0047698435610430455,2026-10-05,DINO
1,0.000364741145166435,2026-10-05,DIS
2,-0.0013414941504539411,2026-10-05,DIS
3,0.0022739582389045784,2026-10-05,DIS
4,1.893312579545195e-05,2026-10-05,DIS
5,-0.0012522932277998808,2026-10-05,DIS
6,-0.0011175413989166245,2026-10-05,DIS
7,-0.0004289426383176636,2026-10-05,DIS
8,0.00025457356138936405,2026-10-05,DIS
9,-0.0003446449350972599,2026-10-05,DIS
10,-0.0017946167017337156,2026-10-05,DIS
11,0.003560429391996938,2026-10-05,DIS
12,-0.0008034768749694853,2026-10-05,DIS
13,0.002497344586550184,2026-10-05,DIS
14,-0.0050915641554962485,2026-10-05,DIS
1,-0.0034672356066576373,2026-10-05,DK
2,-0.0013863829746556732,2026-10-05,DK
3,-0.004150691258540434,2026-10-05,DK
4,-0.011205997858322476,2026-10-05,DK
5,-0.00609996515488374,2026-10-05,DK
6,-0.00862287713110602,2026-10-05,DK
7,0.005059654707917447,2026-10-05,DK
8,-0.004436223008863449,2026-10-05,DK
9,-0.0009583709855326304,2026-10-05,DK
10,-0.006638432985427537,2026-10-05,DK
11,-0.0017399569942087379,2026-10-05,DK
12,0.0051400267896126945,2026-10-05,DK
13,0.0072494976832223924,2026-10-05,DK
14,0.005739837969608739,2026-10-05,DK
1,0.0003806885014067565,2026-10-05,DKNG
2,-0.0035549783394579785,2026-10-05,DKNG
3,-0.001895569293167178,2026-10-05,DKNG
4,-0.0024473562005379564,2026-10-05,DKNG
5,-0.004140746556388253,2026-10-05,DKNG
6,0.0018661452759968446,2026-10-05,DKNG
7,-0.011136108700394219,2026-10-05,DKNG
8,-0.005759534713385194,2026-10-05,DKNG
9,0.000964971461232404,2026-10-05,DKNG
10,-0.001256529315757516,2026-10-05,DKNG
11,0.005370687823948155,2026-10-05,DKNG
12,-0.008525878331990413,2026-10-05,DKNG
13,-0.010070017422773853,2026-10-05,DKNG
14,-0.004346608610684155,2026-10-05,DKNG
1,-0.0005645611862692769,2026-10-05,DKS
2,-0.002152811330053971,2026-10-05,DKS
3,-0.0018429925385600985,2026-10-05,DKS
4,-0.0029481937994611327,2026-10-05,DKS
5,-0.0017541012493572045,2026-10-05,DKS
6,-0.005332628057630747,2026-10-05,DKS
7,-0.00949101674534121,2026-10-05,DKS
8,-0.00424968752611641,2026-10-05,DKS
9,0.0024883442743781387,2026-10-05,DKS
10,-0.0010679813974893038,2026-10-05,DKS
11,0.007045442594466819,2026-10-05,DKS
12,-0.0018864467678628859,2026-10-05,DKS
13,-0.009396262126636672,2026-10-05,DKS
14,-0.003584999151900788,2026-10-05,DKS
1,-0.004813066050863423,2026-10-05,DLO
2,0.0008475731155632787,2026-10-05,DLO
3,-0.0043564424111418925,2026-10-05,DLO
4,-0.011658037478062199,2026-10-05,DLO
5,-0.0021567409972481177,2026-10-05,DLO
6,-0.005908164924833014,2026-10-05,DLO
7,0.002742419933586957,2026-10-05,DLO
8,-0.0012974991916706801,2026-10-05,DLO
9,-0.005234586659738526,2026-10-05,DLO
10,-0.010743905203875255,2026-10-05,DLO
11,-0.004190315611955769,2026-10-05,DLO
12,-0.0015756081254637653,2026-10-05,DLO
13,0.01130863139618253,2026-10-05,DLO
14,-0.0011006228654043056,2026-10-05,DLO
1,-0.0004970635584517344,2026-10-05,DLR
2,-0.001295470476912912,2026-10-05,DLR
3,0.0014062793570531339,2026-10-05,DLR
4,0.0010071021659429143,2026-10-05,DLR
5,-0.0011610099309260875,2026-10-05,DLR
6,-0.0012403350805582304,2026-10-05,DLR
7,-0.0026476118320951396,2026-10-05,DLR
8,-0.00015268075353214972,2026-10-05,DLR
9,-0.0024191240409690185,2026-10-05,DLR
10,-0.0018228185524006722,2026-10-05,DLR
11,0.005943448546817873,2026-10-05,DLR
12,0.002417509419849556,2026-10-05,DLR
13,0.0007265593918391043,2026-10-05,DLR
14,-0.004151057139060388,2026-10-05,DLR
1,-0.000777974410116882,2026-10-05,DLTR
2,-0.002367382807382819,2026-10-05,DLTR
3,-0.0029961912203027154,2026-10-05,DLTR
4,-0.0021601150144613165,2026-10-05,DLTR
5,0.002032106880024601,2026-10-05,DLTR
6,-0.0009657271285791621,2026-10-05,DLTR
7,-0.008131182531726018,2026-10-05,DLTR
8,-0.006410407347422743,2026-10-05,DLTR
9,-0.00040454794848519485,2026-10-05,DLTR
10,-0.003504738284014113,2026-10-05,DLTR
11,0.00381495963947361,2026-10-05,DLTR
12,-0.0043471456021580085,2026-10-05,DLTR
13,-0.013196921977097226,2026-10-05,DLTR
14,-0.005255325670754493,2026-10-05,DLTR
1,-0.0025429120460971964,2026-10-05,DNLI
2,-0.000646858793402334,2026-10-05,DNLI
3,-0.00504551328441091,2026-10-05,DNLI
4,-0.011620740311065034,2026-10-05,DNLI
5,-0.007267067724736563,2026-10-05,DNLI
6,-0.00850650335756146,2026-10-05,DNLI
7,0.0009101372367268533,2026-10-05,DNLI
8,-0.0032368416158814538,2026-10-05,DNLI
9,-0.004528767518747032,2026-10-05,DNLI
10,-0.007205378945937458,2026-10-05,DNLI
11,-0.007688098095625625,2026-10-05,DNLI
12,0.004639773182081604,2026-10-05,DNLI
13,0.0007695054007549568,2026-10-05,DNLI
14,0.0030001707246735854,2026-10-05,DNLI
1,-0.0032158745390927007,2026-10-05,DNUT
2,0.0014942180864071604,2026-10-05,DNUT
3,-0.0030347280958777914,2026-10-05,DNUT
4,-0.012873385486256465,2026-10-05,DNUT
5,-0.0076448754644367145,2026-10-05,DNUT
6,-0.0060323223022029126,2026-10-05,DNUT
7,-0.0021679317874145473,2026-10-05,DNUT
8,-0.0034573071379861205,2026-10-05,DNUT
9,-0.004063230997439726,2026-10-05,DNUT
10,-0.010853101157407032,2026-10-05,DNUT
11,-0.00433332384249609,2026-10-05,DNUT
12,-0.0006907621819380415,2026-10-05,DNUT
13,0.013930064342297934,2026-10-05,DNUT
14,0.004179000299692744,2026-10-05,DNUT
1,-0.0003719169797703669,2026-10-05,DOC
2,-0.002110230998099285,2026-10-05,DOC
3,-0.0017232645910771035,2026-10-05,DOC
4,-0.002753378480965924,2026-10-05,DOC
5,-0.0026450786136766294,2026-10-05,DOC
6,-0.0037990934872608774,2026-10-05,DOC
7,-0.006389082902455474,2026-10-05,DOC
8,-0.006416137491259447,2026-10-05,DOC
9,0.000601840805152164,2026-10-05,DOC
10,-0.0021427069411902905,2026-10-05,DOC
11,0.005962671611896796,2026-10-05,DOC
12,-0.006929368838989442,2026-10-05,DOC
13,-0.00793333904946197,2026-10-05,DOC
14,-0.004555729954863233,2026-10-05,DOC
1,-0.004212308686833401,2026-10-05,DOCN
2,0.00031251312285716936,2026-10-05,DOCN
3,-0.0027941898592775617,2026-10-05,DOCN
4,-0.01065390941134487,2026-10-05,DOCN
5,-0.006342872093854049,2026-10-05,DOCN
6,-0.0017595505277591885,2026-10-05,DOCN
7,0.002308609780983659,2026-10-05,DOCN
8,-0.002497994698730916,2026-10-05,DOCN
9,0.003379346036425656,2026-10-05,DOCN
10,0.0015719979182539428,2026-10-05,DOCN
11,-0.007974657981377796,2026-10-05,DOCN
12,-0.004011920966397201,2026-10-05,DOCN
13,0.00722108374865895,2026-10-05,DOCN
14,0.004139130009374276,2026-10-05,DOCN
1,-0.004067749467520235,2026-10-05,DOCS
2,0.0004236678874969827,2026-10-05,DOCS
3,-0.005465730369689325,2026-10-05,DOCS
4,-0.013373555454943935,2026-10-05,DOCS
5,-0.0048802842779248345,2026-10-05,DOCS
6,-0.005013060116150412,2026-10-05,DOCS
7,0.002013472284968719,2026-10-05,DOCS
8,0.0015181168715635615,2026-10-05,DOCS
9,-0.002457409355351979,2026-10-05,DOCS
10,-0.007717986894916012,2026-10-05,DOCS
11,-0.006273494460920055,2026-10-05,DOCS
12,-0.0024305220679637163,2026-10-05,DOCS
13,0.009425573371044094,2026-10-05,DOCS
14,0.004023838008616426,2026-10-05,DOCS
1,-0.004458488109647524,2026-10-05,DOCU
2,-6.8728139787867794e-06,2026-10-05,DOCU
3,-0.004866704015648808,2026-10-05,DOCU
4,-0.011448136209335349,2026-10-05,DOCU
5,-0.0039011034775729004,2026-10-05,DOCU
6,-0.0036544703476644826,2026-10-05,DOCU
7,-1.2252380951869475e-05,2026-10-05,DOCU
8,0.0010165244609037214,2026-10-05,DOCU
9,-0.0028947251024061607,2026-10-05,DOCU
10,-0.008199737940716833,2026-10-05,DOCU
11,-0.008038187886281387,2026-10-05,DOCU
12,-0.0009697531273104023,2026-10-05,DOCU
13,0.008194255009921339,2026-10-05,DOCU
14,0.002790379590490553,2026-10-05,DOCU
1,-0.00013604846207650116,2026-10-05,DOV
2,-0.002584594945364158,2026-10-05,DOV
3,-0.0013626409612871218,2026-10-05,DOV
4,-0.001971285642721325,2026-10-05,DOV
5,-0.0016609497282158634,2026-10-05,DOV
6,-0.0017258562524412177,2026-10-05,DOV
7,-0.00787144112244527,2026-10-05,DOV
8,-0.006700585312450301,2026-10-05,DOV
9,0.0006713629071977938,2026-10-05,DOV
10,-0.003313137845000228,2026-10-05,DOV
11,0.005561126422443627,2026-10-05,DOV
12,-0.0069536983477720676,2026-10-05,DOV
13,-0.007860237738518433,2026-10-05,DOV
14,-0.004533577725051643,2026-10-05,DOV
1,-0.00012768197517334405,2026-10-05,DOW
2,-0.0008580418067469227,2026-10-05,DOW
3,0.003562903810512925,2026-10-05,DOW
4,-0.0011813182165714407,2026-10-05,DOW
5,-0.0007372273942695738,2026-10-05,DOW
6,-0.0005327208875449691,2026-10-05,DOW
7,-0.0016181295824357629,2026-10-05,DOW
8,0.0024683691218553914,2026-10-05,DOW
9,-0.0008668214959776014,2026-10-05,DOW
10,-0.0013626718563132993,2026-10-05,DOW
11,0.0025024553318585266,2026-10-05,DOW
12,-0.0017721117831923487,2026-10-05,DOW
13,0.0015467640724187656,2026-10-05,DOW
14,-0.004431764689948114,2026-10-05,DOW
1,-0.002894023530230294,2026-10-05,DOX
2,-0.0013075371612256944,2026-10-05,DOX
3,-0.004324189672240178,2026-10-05,DOX
4,-0.013167246239752428,2026-10-05,DOX
5,0.00044169063139877263,2026-10-05,DOX
6,-0.004224092664733251,2026-10-05,DOX
7,0.0009497802143797444,2026-10-05,DOX
8,-0.003061371746563211,2026-10-05,DOX
9,-0.0012500182570919845,2026-10-05,DOX
10,-0.005411673308084987,2026-10-05,DOX
11,-0.00040191748813361676,2026-10-05,DOX
12,0.0011937882283065712,2026-10-05,DOX
13,0.0028129377349400066,2026-10-05,DOX
14,0.005520715111895668,2026-10-05,DOX
1,-0.0016221125540886254,2026-10-05,DRH
2,0.00038359547984030077,2026-10-05,DRH
3,-0.004610273031414011,2026-10-05,DRH
4,-0.010139996599194357,2026-10-05,DRH
5,-0.0047004094013100815,2026-10-05,DRH
6,-0.00481460982710391,2026-10-05,DRH
7,0.002141584258140532,2026-10-05,DRH
8,-0.0008752314741869717,2026-10-05,DRH
9,-0.002743016190107243,2026-10-05,DRH
10,-0.007143858319112867,2026-10-05,DRH
11,-0.00907941239114773,2026-10-05,DRH
12,-0.0005359404299058468,2026-10-05,DRH
13,0.0015077062438705838,2026-10-05,DRH
14,0.002282319219141971,2026-10-05,DRH
1,-7.071356986565298e-05,2026-10-05,DRI
2,-0.0024211794334027346,2026-10-05,DRI
3,-0.001701063873225739,2026-10-05,DRI
4,-0.002478917555006058,2026-10-05,DRI
5,-0.0010155957746154514,2026-10-05,DRI
6,-0.0005724778871631016,2026-10-05,DRI
7,-0.007872608033309145,2026-10-05,DRI
8,-0.004317675343158925,2026-10-05,DRI
9,0.002589962249457497,2026-10-05,DRI
10,0.0020967164933153606,2026-10-05,DRI
11,0.0029173137851035537,2026-10-05,DRI
12,-0.0057796263453661475,2026-10-05,DRI
13,-0.009514205432981853,2026-10-05,DRI
14,-0.005939830377599546,2026-10-05,DRI
1,-0.0020472007587941836,2026-10-05,DRVN
2,0.000628777059653143,2026-10-05,DRVN
3,-0.003510904630620034,2026-10-05,DRVN
4,-0.010364281675813575,2026-10-05,DRVN
5,-0.005245340796139531,2026-10-05,DRVN
6,-0.004191667915580823,2026-10-05,DRVN
7,0.0006352928557099103,2026-10-05,DRVN
8,-0.001112938212542523,2026-10-05,DRVN
9,-0.0036858066650097836,2026-10-05,DRVN
10,-0.003966950077776202,2026-10-05,DRVN
11,-0.002601564078715168,2026-10-05,DRVN
12,0.004492779569812262,2026-10-05,DRVN
13,0.0032199974150604114,2026-10-05,DRVN
14,-0.00040262248495744686,2026-10-05,DRVN
1,-0.004511385678254588,2026-10-05,DT
2,-0.00012952065980391736,2026-10-05,DT
3,-0.004223861597350233,2026-10-05,DT
4,-0.012310798000050135,2026-10-05,DT
5,-0.004496133632467798,2026-10-05,DT
6,-0.005296810412676615,2026-10-05,DT
7,0.00549521969872989,2026-10-05,DT
8,0.0034980157795140633,2026-10-05,DT
9,-0.0006720027706101731,2026-10-05,DT
10,-0.007923479393264115,2026-10-05,DT
11,-0.004387504602895779,2026-10-05,DT
12,-0.0014509018799289725,2026-10-05,DT
13,0.009441077210298689,2026-10-05,DT
14,0.005359885864031608,2026-10-05,DT
1,-0.0007094284312730056,2026-10-05,DTE
2,-0.001957134199527079,2026-10-05,DTE
3,-0.0015684480289334564,2026-10-05,DTE
4,-0.0026030766368455712,2026-10-05,DTE
5,-0.002764406531953983,2026-10-05,DTE
6,-0.0022221949726538605,2026-10-05,DTE
7,-0.00901018360791992,2026-10-05,DTE
8,-0.005221115021319118,2026-10-05,DTE
9,0.002438809576772555,2026-10-05,DTE
10,-0.0033874663415956025,2026-10-05,DTE
11,0.005707562954331851,2026-10-05,DTE
12,-0.009282736809775888,2026-10-05,DTE
13,-0.009374367254229955,2026-10-05,DTE
14,-0.006866114218420694,2026-10-05,DTE
1,-3.5441476314976923e-05,2026-10-05,DUK
2,-0.0015699431796888734,2026-10-05,DUK
3,0.0023351043991618366,2026-10-05,DUK
4,-0.0007482736069087813,2026-10-05,DUK
5,0.0007469447839285633,2026-10-05,DUK
6,-0.0010341714792942154,2026-10-05,DUK
7,-0.0018257496794280182,2026-10-05,DUK
8,0.0002620397137094317,2026-10-05,DUK
9,-0.0009124781965719389,2026-10-05,DUK
10,-0.00027403980440827215,2026-10-05,DUK
11,0.004738639771832882,2026-10-05,DUK
12,0.0006599223281579516,2026-10-05,DUK
13,0.002659705523909774,2026-10-05,DUK
14,-0.0040419391406575555,2026-10-05,DUK
1,-0.004716750076671065,2026-10-05,DV
2,0.0016427765732671205,2026-10-05,DV
3,-0.002255636718497313,2026-10-05,DV
4,-0.0128305548426055,2026-10-05,DV
5,-0.0025907038491510192,2026-10-05,DV
6,-0.00022124127574526018,2026-10-05,DV
7,0.002158710058216829,2026-10-05,DV
8,-0.0017311182616180911,2026-10-05,DV
9,-0.004215907799021994,2026-10-05,DV
10,-0.0063634666720223795,2026-10-05,DV
11,0.0015784547157170624,2026-10-05,DV
12,-0.0035118844437236904,2026-10-05,DV
13,0.0026212726057834256,2026-10-05,DV
14,-0.011486046417694651,2026-10-05,DV
1,-0.0027472492305778474,2026-10-05,DVA
2,1.402484628931588e-05,2026-10-05,DVA
3,-0.0024458307844305565,2026-10-05,DVA
4,-0.010628766272498685,2026-10-05,DVA
5,-0.004383317794029437,2026-10-05,DVA
6,-0.0015140856734960778,2026-10-05,DVA
7,-8.111342159770245e-05,2026-10-05,DVA
8,-0.0021988221534886333,2026-10-05,DVA
9,-0.0010793661613508292,2026-10-05,DVA
10,-0.007833386517937555,2026-10-05,DVA
11,-0.010244078454483002,2026-10-05,DVA
12,-0.0032804940807439264,2026-10-05,DVA
13,0.00015509459214089376,2026-10-05,DVA
14,-0.0028961255943618655,2026-10-05,DVA
1,-0.00043562223833002443,2026-10-05,DVN
2,-0.0012147461404837185,2026-10-05,DVN
3,-0.0027580911690570863,2026-10-05,DVN
4,-0.0018800106838526864,2026-10-05,DVN
5,-0.0009533661521396754,2026-10-05,DVN
6,-0.0030886966571784303,2026-10-05,DVN
7,-0.008383511848496871,2026-10-05,DVN
8,-0.003481631337145522,2026-10-05,DVN
9,0.0008504335460960354,2026-10-05,DVN
10,0.003361638676087838,2026-10-05,DVN
11,0.0063003211931323385,2026-10-05,DVN
12,-0.004623480762418343,2026-10-05,DVN
13,-0.003920015592136691,2026-10-05,DVN
14,-0.003926964037572118,2026-10-05,DVN
1,-0.0014693996755310713,2026-10-05,DX
2,0.0006185353417003149,2026-10-05,DX
3,-0.004323802274160884,2026-10-05,DX
4,-0.007724864726829669,2026-10-05,DX
5,-0.006528267731518257,2026-10-05,DX
6,-0.0022734258672943743,2026-10-05,DX
7,0.0007192438097944159,2026-10-05,DX
8,-0.004079765053157252,2026-10-05,DX
9,-0.0009039536919853758,2026-10-05,DX
10,-0.008822190089494768,2026-10-05,DX
11,-0.0034710760458948,2026-10-05,DX
12,0.0005718768459812013,2026-10-05,DX
13,0.00044605817811945077,2026-10-05,DX
14,-0.008076922557763865,2026-10-05,DX
1,-0.0009333180429937818,2026-10-05,DXC
2,-0.0023864972581079304,2026-10-05,DXC
3,-0.00365906610711391,2026-10-05,DXC
4,-0.014525668803481297,2026-10-05,DXC
5,-0.0007091992414585099,2026-10-05,DXC
6,7.835461021102933e-05,2026-10-05,DXC
7,0.02369232036081349,2026-10-05,DXC
8,0.00017626878444634196,2026-10-05,DXC
9,-0.0007103390835217917,2026-10-05,DXC
10,0.00012481988096044392,2026-10-05,DXC
11,0.00040982350713216853,2026-10-05,DXC
12,0.006266654560918682,2026-10-05,DXC
13,0.0038414628407091615,2026-10-05,DXC
14,0.004219115199928383,2026-10-05,DXC
1,-0.0013209190697149045,2026-10-05,DXCM
2,-0.002541139771768985,2026-10-05,DXCM
3,-0.0033944678861908347,2026-10-05,DXCM
4,-0.0027148738278799066,2026-10-05,DXCM
5,-0.0027611820190815415,2026-10-05,DXCM
6,-0.003517276533210577,2026-10-05,DXCM
7,-0.00931175846250474,2026-10-05,DXCM
8,-0.007349329099750812,2026-10-05,DXCM
9,-3.112627211029939e-05,2026-10-05,DXCM
10,-0.00140067804232409,2026-10-05,DXCM
11,0.0025065632495069635,2026-10-05,DXCM
12,-0.006096014700686519,2026-10-05,DXCM
13,-0.011057618041203017,2026-10-05,DXCM
14,-0.008224325387094868,2026-10-05,DXCM
1,-0.003099530233610233,2026-10-05,DYN
2,-0.0003864386647112265,2026-10-05,DYN
3,-0.00428900475710473,2026-10-05,DYN
4,-0.011030990996769664,2026-10-05,DYN
5,-0.006538878093995758,2026-10-05,DYN
6,-0.007165697983513551,2026-10-05,DYN
7,-0.0009469197380531334,2026-10-05,DYN
8,-0.002062435108327554,2026-10-05,DYN
9,-0.0038167549276890184,2026-10-05,DYN
10,-0.00474060602136164,2026-10-05,DYN
11,-0.0011639146564411884,2026-10-05,DYN
12,0.0017126435259503267,2026-10-05,DYN
13,0.004489124499282292,2026-10-05,DYN
14,0.0021339246498695984,2026-10-05,DYN
1,-0.003369336906371153,2026-10-05,EAT
2,-0.00011140217096090827,2026-10-05,EAT
3,-0.002709184033780271,2026-10-05,EAT
4,-0.010571320480462856,2026-10-05,EAT
5,-0.006368738964025261,2026-10-05,EAT
6,-0.005316649538966419,2026-10-05,EAT
7,0.004028725942091358,2026-10-05,EAT
8,-0.0019765698934352165,2026-10-05,EAT
9,-0.0029724520254960697,2026-10-05,EAT
10,-0.00576542817142702,2026-10-05,EAT
11,-0.0023783643097784004,2026-10-05,EAT
12,0.00150111600254743,2026-10-05,EAT
13,0.001449626161789791,2026-10-05,EAT
14,0.005676404449486704,2026-10-05,EAT
1,-0.0008166073233281523,2026-10-05,EBAY
2,-0.0026787266361202253,2026-10-05,EBAY
3,-0.0015263390492489045,2026-10-05,EBAY
4,-0.0003582314074374527,2026-10-05,EBAY
5,-0.0034593650988148407,2026-10-05,EBAY
6,-0.0034007089082220554,2026-10-05,EBAY
7,-0.010101839489236587,2026-10-05,EBAY
8,-0.0074929243739449095,2026-10-05,EBAY
9,4.4826552057577895e-05,2026-10-05,EBAY
10,0.0005750553763334541,2026-10-05,EBAY
11,0.0024163465492713205,2026-10-05,EBAY
12,-0.003449686508750652,2026-10-05,EBAY
13,-0.004028596485133672,2026-10-05,EBAY
14,-0.006136494072882851,2026-10-05,EBAY
1,-0.0005039018691767902,2026-10-05,EC
2,-0.0014420249223169694,2026-10-05,EC
3,-0.0026588656626373745,2026-10-05,EC
4,-0.0025080325657207995,2026-10-05,EC
5,-0.0018936363982865088,2026-10-05,EC
6,-0.0023646193238525946,2026-10-05,EC
7,-0.008510483777751396,2026-10-05,EC
8,-0.003810997976430813,2026-10-05,EC
9,0.0023355315348101854,2026-10-05,EC
10,0.0021259014995349546,2026-10-05,EC
11,0.005519596635772197,2026-10-05,EC
12,-0.002888257057648911,2026-10-05,EC
13,-0.004231560644702848,2026-10-05,EC
14,-0.0037952674740656268,2026-10-05,EC
1,0.0004399890256778618,2026-10-05,ECL
2,-0.001632144231437129,2026-10-05,ECL
3,0.0035398443769477463,2026-10-05,ECL
4,-0.0010060036051777325,2026-10-05,ECL
5,-0.0006937395141131592,2026-10-05,ECL
6,-0.000737297438370943,2026-10-05,ECL
7,-0.0024010032195101493,2026-10-05,ECL
8,0.001484557678214739,2026-10-05,ECL
9,-0.0010512567594514546,2026-10-05,ECL
10,-0.0020158104166000416,2026-10-05,ECL
11,0.003368920259890403,2026-10-05,ECL
12,-0.0014483693970586107,2026-10-05,ECL
13,0.003310547351775136,2026-10-05,ECL
14,-0.0036846121357028932,2026-10-05,ECL
1,-0.00039593178370603754,2026-10-05,ED
2,-0.0014668386218406662,2026-10-05,ED
3,-0.001449101242787371,2026-10-05,ED
4,-0.00266788682874584,2026-10-05,ED
5,-0.002244278956096405,2026-10-05,ED
6,-0.003114710253066381,2026-10-05,ED
7,-0.008199596375006701,2026-10-05,ED
8,-0.005169115565111898,2026-10-05,ED
9,0.003562455456899567,2026-10-05,ED
10,-0.0030827744629908778,2026-10-05,ED
11,0.006186992691462613,2026-10-05,ED
12,-0.011000883568792376,2026-10-05,ED
13,-0.00974001556478498,2026-10-05,ED
14,-0.005768937833531177,2026-10-05,ED
1,-0.0006776071599520105,2026-10-05,EDU
2,-0.0009023290696554629,2026-10-05,EDU
3,-0.004689007357110219,2026-10-05,EDU
4,-0.0018508012524663406,2026-10-05,EDU
5,-0.0019945949856785797,2026-10-05,EDU
6,-0.0024819903355197607,2026-10-05,EDU
7,-0.011266513328313814,2026-10-05,EDU
8,-0.006356832432301942,2026-10-05,EDU
9,0.0023352601419539187,2026-10-05,EDU
10,-0.0013961546260948868,2026-10-05,EDU
11,0.004380766472933444,2026-10-05,EDU
12,-0.012409697932750962,2026-10-05,EDU
13,-0.008095346791346408,2026-10-05,EDU
14,-0.005443120838345665,2026-10-05,EDU
1,-0.0019134914302625728,2026-10-05,EFC
2,0.0003181043963554117,2026-10-05,EFC
3,-0.004392267770769991,2026-10-05,EFC
4,-0.007896798187303407,2026-10-05,EFC
5,-0.006156238314425795,2026-10-05,EFC
6,-0.001898071750566753,2026-10-05,EFC
7,0.0005317763169326281,2026-10-05,EFC
8,-0.005112475064910689,2026-10-05,EFC
9,-0.001223003871194627,2026-10-05,EFC
10,-0.010317875924089155,2026-10-05,EFC
11,-0.005124304531806121,2026-10-05,EFC
12,-0.0007670133307878671,2026-10-05,EFC
13,-0.0012749749830584473,2026-10-05,EFC
14,-0.012050391811556293,2026-10-05,EFC
1,-0.00033133489521254295,2026-10-05,EFX
2,-0.0029551083016253234,2026-10-05,EFX
3,-0.0029503003684468285,2026-10-05,EFX
4,-0.003239086209921133,2026-10-05,EFX
5,-0.002500965328248033,2026-10-05,EFX
6,-0.001333722939271974,2026-10-05,EFX
7,-0.011272706582411222,2026-10-05,EFX
8,-0.006187049370852749,2026-10-05,EFX
9,-0.0013653705784139121,2026-10-05,EFX
10,0.001234692463162938,2026-10-05,EFX
11,0.0055714099397491884,2026-10-05,EFX
12,-0.006252217987736652,2026-10-05,EFX
13,-0.00863777614713933,2026-10-05,EFX
14,-0.005982490800084083,2026-10-05,EFX
1,-0.002904905963219805,2026-10-05,EGO
2,-0.0005908567150339992,2026-10-05,EGO
3,-0.006213686851796516,2026-10-05,EGO
4,-0.009775662258237082,2026-10-05,EGO
5,-0.0006316977902741371,2026-10-05,EGO
6,-0.003996151512591719,2026-10-05,EGO
7,0.004697174129296405,2026-10-05,EGO
8,0.0004032381458160021,2026-10-05,EGO
9,0.00021831895575421192,2026-10-05,EGO
10,-0.008134997001507516,2026-10-05,EGO
11,-0.004589423430190067,2026-10-05,EGO
12,0.0026590597264021056,2026-10-05,EGO
13,0.0015415471512104564,2026-10-05,EGO
14,0.004087210611183587,2026-10-05,EGO
1,-0.004876859111386581,2026-10-05,EH
2,0.0006099844234682719,2026-10-05,EH
3,-0.0007989416894129063,2026-10-05,EH
4,-0.011594296774452808,2026-10-05,EH
5,-0.004729211686800659,2026-10-05,EH
6,-0.001683610176555617,2026-10-05,EH
7,0.0018220453674556325,2026-10-05,EH
8,-0.0012178252760610532,2026-10-05,EH
9,-0.0036394252994336462,2026-10-05,EH
10,-0.007903236593468308,2026-10-05,EH
11,-0.0046630685276989525,2026-10-05,EH
12,0.0024490980401049318,2026-10-05,EH
13,0.022168232402207562,2026-10-05,EH
14,0.007738211464673258,2026-10-05,EH
1,-0.00038430325381271033,2026-10-05,EIX
2,-0.0016462534510108817,2026-10-05,EIX
3,-0.001809678438959386,2026-10-05,EIX
4,-0.0029019337063413914,2026-10-05,EIX
5,-8.416726388702487e-05,2026-10-05,EIX
6,-0.0039153340867578235,2026-10-05,EIX
7,-0.011991764854508686,2026-10-05,EIX
8,-0.004653049704954409,2026-10-05,EIX
9,0.00249083088966508,2026-10-05,EIX
10,-0.003196399841300715,2026-10-05,EIX
11,0.0064066750905723375,2026-10-05,EIX
12,-0.010805886056581128,2026-10-05,EIX
13,-0.007968549488250654,2026-10-05,EIX
14,-0.005404275222795941,2026-10-05,EIX
1,-0.00010760247287403274,2026-10-05,EL
2,-0.0019143837344657998,2026-10-05,EL
3,-0.002836901814765698,2026-10-05,EL
4,-0.0035380036440890157,2026-10-05,EL
5,-0.0011903345870227823,2026-10-05,EL
6,-0.0019619127757703504,2026-10-05,EL
7,-0.011418931270722263,2026-10-05,EL
8,-0.005244365735222974,2026-10-05,EL
9,-0.0006421381853219048,2026-10-05,EL
10,-0.0008687649326916942,2026-10-05,EL
11,0.002925711494352474,2026-10-05,EL
12,-0.006069807076158291,2026-10-05,EL
13,-0.00908650681570481,2026-10-05,EL
14,-0.008058427892187013,2026-10-05,EL
1,-0.0035129253704747243,2026-10-05,ELAN
2,-0.0011183320294290949,2026-10-05,ELAN
3,-0.005546611004673375,2026-10-05,ELAN
4,-0.014058932403800857,2026-10-05,ELAN
5,-0.00986459082547227,2026-10-05,ELAN
6,-0.003772957336436402,2026-10-05,ELAN
7,-0.0025817337331942645,2026-10-05,ELAN
8,-0.006107198574862223,2026-10-05,ELAN
9,-0.0028470675491876836,2026-10-05,ELAN
10,-0.0065128459938936815,2026-10-05,ELAN
11,-0.0018699829957794871,2026-10-05,ELAN
12,0.0029067415450604625,2026-10-05,ELAN
13,-0.00598386458231436,2026-10-05,ELAN
14,0.0011761674307980091,2026-10-05,ELAN
1,-0.0011988281054597886,2026-10-05,ELF
2,-0.00021244659152797274,2026-10-05,ELF
3,-0.00483421511776071,2026-10-05,ELF
4,-0.011752318930304385,2026-10-05,ELF
5,-0.0065914559294694966,2026-10-05,ELF
6,-0.007733028437537984,2026-10-05,ELF
7,-0.0014700094834347959,2026-10-05,ELF
8,0.0004530286792565053,2026-10-05,ELF
9,-0.000642105550671123,2026-10-05,ELF
10,-0.005501727217721653,2026-10-05,ELF
11,-0.0069487771075537755,2026-10-05,ELF
12,0.005416531210958308,2026-10-05,ELF
13,0.002820063053352337,2026-10-05,ELF
14,0.0066311725610202574,2026-10-05,ELF
1,-0.002217596992924558,2026-10-05,ELS
2,-0.000803771999966413,2026-10-05,ELS
3,-0.0032025479622064907,2026-10-05,ELS
4,-0.008023098614252171,2026-10-05,ELS
5,-0.0065581156633141785,2026-10-05,ELS
6,-0.0014445888037106257,2026-10-05,ELS
7,0.0007908624507861859,2026-10-05,ELS
8,-0.002537582900896998,2026-10-05,ELS
9,-0.004074149577483712,2026-10-05,ELS
10,-0.010764562938766476,2026-10-05,ELS
11,-0.006096592103949353,2026-10-05,ELS
12,0.0013214901244030567,2026-10-05,ELS
13,-0.001169972363084684,2026-10-05,ELS
14,-0.007713039002845843,2026-10-05,ELS
1,-0.0008635002401853618,2026-10-05,ELV
2,-0.0034147891106303114,2026-10-05,ELV
3,0.0032946009977526452,2026-10-05,ELV
4,0.0008685241434798454,2026-10-05,ELV
5,0.00039329411191935614,2026-10-05,ELV
6,-0.003862638100436468,2026-10-05,ELV
7,-0.002745781622744531,2026-10-05,ELV
8,0.00026714811165941325,2026-10-05,ELV
9,0.0005957598751694477,2026-10-05,ELV
10,-0.0022661304539696404,2026-10-05,ELV
11,0.006682532170366797,2026-10-05,ELV
12,0.0002747086125755886,2026-10-05,ELV
13,0.003995923825911206,2026-10-05,ELV
14,-0.005194218075814402,2026-10-05,ELV
1,-0.0030414398177952334,2026-10-05,EMN
2,-0.0020470337250417725,2026-10-05,EMN
3,-0.0037009441289802643,2026-10-05,EMN
4,-0.010419491933147916,2026-10-05,EMN
5,-0.008099660930455525,2026-10-05,EMN
6,-0.010720034795566113,2026-10-05,EMN
7,-0.005854599628934935,2026-10-05,EMN
8,-0.0029580020313743367,2026-10-05,EMN
9,-0.007343852690410768,2026-10-05,EMN
10,-0.005762930027295206,2026-10-05,EMN
11,-0.011606158198826462,2026-10-05,EMN
12,0.0004894250091289694,2026-10-05,EMN
13,0.005793370964567533,2026-10-05,EMN
14,-0.0025418431367924834,2026-10-05,EMN
1,-0.00022065409012170953,2026-10-05,EMR
2,-0.002271249677505868,2026-10-05,EMR
3,0.003891245577939367,2026-10-05,EMR
4,0.00038592274899864546,2026-10-05,EMR
5,0.0005211233389066894,2026-10-05,EMR
6,-0.0019757890675725933,2026-10-05,EMR
7,-0.003392846459692196,2026-10-05,EMR
8,0.0017760127171550497,2026-10-05,EMR
9,-0.0015593668352167623,2026-10-05,EMR
10,-0.0022178525520103916,2026-10-05,EMR
11,0.004188638947505253,2026-10-05,EMR
12,0.0037895682501791713,2026-10-05,EMR
13,0.001605901924816115,2026-10-05,EMR
14,-0.005993982324451774,2026-10-05,EMR
1,-5.4998072869718076e-05,2026-10-05,ENB
2,-0.0016183128572046595,2026-10-05,ENB
3,0.0027379635216306345,2026-10-05,ENB
4,-0.00023750104297577112,2026-10-05,ENB
5,-0.0006434116476643073,2026-10-05,ENB
6,0.0007078495659851381,2026-10-05,ENB
7,-0.0033030554120694875,2026-10-05,ENB
8,0.0006041065529330322,2026-10-05,ENB
9,-0.0022355727990855108,2026-10-05,ENB
10,-0.0024404299518679053,2026-10-05,ENB
11,0.006126970872395225,2026-10-05,ENB
12,0.0026875626385190667,2026-10-05,ENB
13,0.0018803373277918181,2026-10-05,ENB
14,-0.006089326149840576,2026-10-05,ENB
1,-0.0030389366720954382,2026-10-05,ENPH
2,0.00031990219277967406,2026-10-05,ENPH
3,-0.005638605404032018,2026-10-05,ENPH
4,-0.01369610866598279,2026-10-05,ENPH
5,-0.00717411477298131,2026-10-05,ENPH
6,-0.007707232921296002,2026-10-05,ENPH
7,-0.003360336931191141,2026-10-05,ENPH
8,-0.007317565945683494,2026-10-05,ENPH
9,-0.005376631242036036,2026-10-05,ENPH
10,0.0017137842986295285,2026-10-05,ENPH
11,-0.015064454084025047,2026-10-05,ENPH
12,-0.003433216341753906,2026-10-05,ENPH
13,0.0015930554826612709,2026-10-05,ENPH
14,0.0021128955661547056,2026-10-05,ENPH
1,-6.681022545307715e-05,2026-10-05,ENTG
2,-0.0024824152398202582,2026-10-05,ENTG
3,-0.002343050074104224,2026-10-05,ENTG
4,-0.00267878163231996,2026-10-05,ENTG
5,0.0005722064992489299,2026-10-05,ENTG
6,-0.0039416351391613974,2026-10-05,ENTG
7,-0.007821489824820433,2026-10-05,ENTG
8,-0.0037537025748554487,2026-10-05,ENTG
9,0.0008192552803322209,2026-10-05,ENTG
10,-0.003133328060030249,2026-10-05,ENTG
11,0.0034396159501492497,2026-10-05,ENTG
12,-0.006940120088254134,2026-10-05,ENTG
13,-0.008951398534503595,2026-10-05,ENTG
14,-0.004893895453394461,2026-10-05,ENTG
1,-0.002895091836912845,2026-10-05,ENVX
2,0.001055006944856922,2026-10-05,ENVX
3,-0.0031554200783550468,2026-10-05,ENVX
4,-0.015282917173905652,2026-10-05,ENVX
5,-0.010507429674637192,2026-10-05,ENVX
6,0.004753513016801904,2026-10-05,ENVX
7,0.00420792094419499,2026-10-05,ENVX
8,-0.004678998426090151,2026-10-05,ENVX
9,0.010984494629601414,2026-10-05,ENVX
10,0.014736817113860592,2026-10-05,ENVX
11,0.002633176907691811,2026-10-05,ENVX
12,-0.0013558891611306538,2026-10-05,ENVX
13,-0.0011679586181707897,2026-10-05,ENVX
14,0.011727752971568783,2026-10-05,ENVX
1,0.00030366392148363004,2026-10-05,EOG
2,-0.0015715366443141575,2026-10-05,EOG
3,0.0022745086070277147,2026-10-05,EOG
4,-0.0011850878959605614,2026-10-05,EOG
5,-7.180189063076009e-05,2026-10-05,EOG
6,-0.0012258705534661776,2026-10-05,EOG
7,-0.0018866831322931709,2026-10-05,EOG
8,-0.00027080582294623806,2026-10-05,EOG
9,-0.002108280152810824,2026-10-05,EOG
10,-0.003669731293301976,2026-10-05,EOG
11,0.0030868014466708116,2026-10-05,EOG
12,0.000948711057519115,2026-10-05,EOG
13,0.0021121010495273114,2026-10-05,EOG
14,-0.003476705803303803,2026-10-05,EOG
1,-0.0024716852249223736,2026-10-05,EPAM
2,-0.0002656031166461468,2026-10-05,EPAM
3,-0.0033540790146201617,2026-10-05,EPAM
4,-0.013906627614337641,2026-10-05,EPAM
5,-0.0035489843238545376,2026-10-05,EPAM
6,-0.004391073611446368,2026-10-05,EPAM
7,-0.0004206132249439217,2026-10-05,EPAM
8,-0.0014188975578603678,2026-10-05,EPAM
9,-0.0034192603967807787,2026-10-05,EPAM
10,-0.0055673762403522144,2026-10-05,EPAM
11,0.004486578518648631,2026-10-05,EPAM
12,0.003177232379904912,2026-10-05,EPAM
13,-0.001655712621915191,2026-10-05,EPAM
14,0.008279321666876687,2026-10-05,EPAM
1,0.000414885072354205,2026-10-05,EPD
2,-0.001736747300378177,2026-10-05,EPD
3,0.003039772739993338,2026-10-05,EPD
4,-0.0002906204444049666,2026-10-05,EPD
5,0.0007852201707581623,2026-10-05,EPD
6,-0.0005066536383475581,2026-10-05,EPD
7,-0.0034207426483223156,2026-10-05,EPD
8,0.0021781875489993974,2026-10-05,EPD
9,-0.0014676020521802646,2026-10-05,EPD
10,-0.0016256085118748873,2026-10-05,EPD
11,0.005820130438744135,2026-10-05,EPD
12,0.0032278100202136157,2026-10-05,EPD
13,0.0030314800888801823,2026-10-05,EPD
14,-0.004492556718363121,2026-10-05,EPD
1,-0.002017363178682105,2026-10-05,EPRT
2,0.0006966470474830453,2026-10-05,EPRT
3,-0.0023065633089536424,2026-10-05,EPRT
4,-0.00845108220428486,2026-10-05,EPRT
5,-0.00526658327463453,2026-10-05,EPRT
6,0.00021377447267625948,2026-10-05,EPRT
7,-0.00021820528882033043,2026-10-05,EPRT
8,-0.006909143307451322,2026-10-05,EPRT
9,-0.002128022037382014,2026-10-05,EPRT
10,-0.010122170649272412,2026-10-05,EPRT
11,-0.0025235575772984183,2026-10-05,EPRT
12,3.269332121398612e-05,2026-10-05,EPRT
13,-0.0009861334338082837,2026-10-05,EPRT
14,-0.006599462696944286,2026-10-05,EPRT
1,-0.0001810219308728908,2026-10-05,EQH
2,-0.0017905867653193375,2026-10-05,EQH
3,-0.0017181051327908245,2026-10-05,EQH
4,-0.001560278535237748,2026-10-05,EQH
5,-0.0011427803405097386,2026-10-05,EQH
6,-0.0015555662082820693,2026-10-05,EQH
7,-0.009087727389604094,2026-10-05,EQH
8,-0.00540241851335631,2026-10-05,EQH
9,0.0026844654278685336,2026-10-05,EQH
10,-0.0033700422890205663,2026-10-05,EQH
11,0.0026972694700576794,2026-10-05,EQH
12,-0.00949731892695001,2026-10-05,EQH
13,-0.008716439647909968,2026-10-05,EQH
14,-0.006321319220482264,2026-10-05,EQH
1,0.0008141116316324719,2026-10-05,EQNR
2,-0.0006945856707684221,2026-10-05,EQNR
3,0.0016374884091879588,2026-10-05,EQNR
4,0.00021482414316201717,2026-10-05,EQNR
5,0.0001472723689272764,2026-10-05,EQNR
6,-0.0005092278343449219,2026-10-05,EQNR
7,-0.002130228351978112,2026-10-05,EQNR
8,-0.0027935147017880517,2026-10-05,EQNR
9,-0.002173183004295693,2026-10-05,EQNR
10,-0.005421748757953264,2026-10-05,EQNR
11,0.004404095944253832,2026-10-05,EQNR
12,0.004395602924094767,2026-10-05,EQNR
13,0.002523068349033661,2026-10-05,EQNR
14,-0.0010718688639882099,2026-10-05,EQNR
1,-0.00032792762757984453,2026-10-05,EQT
2,-0.0015481612064214185,2026-10-05,EQT
3,-0.0028154046853109387,2026-10-05,EQT
4,-0.0026322541068860335,2026-10-05,EQT
5,8.773372818117302e-06,2026-10-05,EQT
6,-0.003266287544016434,2026-10-05,EQT
7,-0.00922960424148854,2026-10-05,EQT
8,-0.004998594540184258,2026-10-05,EQT
9,0.002378008762535457,2026-10-05,EQT
10,0.0024598928589913737,2026-10-05,EQT
11,0.0028217704967782066,2026-10-05,EQT
12,-0.004312540149086955,2026-10-05,EQT
13,-0.004545797210587986,2026-10-05,EQT
14,-0.0056327858525281665,2026-10-05,EQT
1,-0.0023301140971272866,2026-10-05,EQX
2,-0.0007019636251561427,2026-10-05,EQX
3,-0.006079975160643946,2026-10-05,EQX
4,-0.008814601893482285,2026-10-05,EQX
5,-0.0022042750163987226,2026-10-05,EQX
6,-0.003775917808010951,2026-10-05,EQX
7,0.004432304921351163,2026-10-05,EQX
8,-0.001890291321868245,2026-10-05,EQX
9,0.001963227550871211,2026-10-05,EQX
10,-0.007033603160699669,2026-10-05,EQX
11,-0.00688442366047714,2026-10-05,EQX
12,-0.0002910430513360022,2026-10-05,EQX
13,0.007808267554716652,2026-10-05,EQX
14,0.00490093981015273,2026-10-05,EQX
1,-0.0005646292806580763,2026-10-05,ERIC
2,-0.002702761364027796,2026-10-05,ERIC
3,-0.0020692960316615874,2026-10-05,ERIC
4,-0.0015140504202628697,2026-10-05,ERIC
5,0.003099129144137216,2026-10-05,ERIC
6,-0.0013091241787437334,2026-10-05,ERIC
7,-0.003210432046115665,2026-10-05,ERIC
8,-0.0021915277277655774,2026-10-05,ERIC
9,0.001429477747808046,2026-10-05,ERIC
10,-0.0019827166947490207,2026-10-05,ERIC
11,0.003406598158883073,2026-10-05,ERIC
12,-0.008547961652125832,2026-10-05,ERIC
13,-0.007888266931309219,2026-10-05,ERIC
14,-0.00420899045932421,2026-10-05,ERIC
1,-0.0008660324215487736,2026-10-05,ES
2,-0.0014452393586068999,2026-10-05,ES
3,-0.001209641774438336,2026-10-05,ES
4,-0.0027623206207864066,2026-10-05,ES
5,-2.8298416250921958e-05,2026-10-05,ES
6,-0.0035105098653171497,2026-10-05,ES
7,-0.010903939145099817,2026-10-05,ES
8,-0.005130161068149741,2026-10-05,ES
9,0.002982489344268428,2026-10-05,ES
10,-0.005218476152953061,2026-10-05,ES
11,0.007729978890319384,2026-10-05,ES
12,-0.012510374852839505,2026-10-05,ES
13,-0.00945693644667293,2026-10-05,ES
14,-0.005071445420077119,2026-10-05,ES
1,-0.0037405684644360665,2026-10-05,ESI
2,-6.604642447429812e-05,2026-10-05,ESI
3,-0.005985848411106427,2026-10-05,ESI
4,-0.01209794897454698,2026-10-05,ESI
5,-0.004383630304758897,2026-10-05,ESI
6,-0.0054059995441041965,2026-10-05,ESI
7,-0.002468045549936572,2026-10-05,ESI
8,-0.0014084710946118937,2026-10-05,ESI
9,-0.0028463395446869247,2026-10-05,ESI
10,-0.009892099517406876,2026-10-05,ESI
11,-0.006042481814742914,2026-10-05,ESI
12,0.0016308936238009046,2026-10-05,ESI
13,0.0015713436783384744,2026-10-05,ESI
14,0.0008701729204492181,2026-10-05,ESI
1,-0.002096134844631176,2026-10-05,ESRT
2,-0.0002049311666416686,2026-10-05,ESRT
3,-0.0015626203131297964,2026-10-05,ESRT
4,-0.012528562570255036,2026-10-05,ESRT
5,-0.006175087751594378,2026-10-05,ESRT
6,-0.0034811002795532456,2026-10-05,ESRT
7,-0.001553199640877523,2026-10-05,ESRT
8,-0.004584603382737285,2026-10-05,ESRT
9,-0.00043074723795958464,2026-10-05,ESRT
10,-0.0007782168841208377,2026-10-05,ESRT
11,-0.0038803511309472185,2026-10-05,ESRT
12,-0.001366030986035642,2026-10-05,ESRT
13,-0.007007163154860898,2026-10-05,ESRT
14,0.003275842823344277,2026-10-05,ESRT
1,-0.004669112300443347,2026-10-05,ESTC
2,-6.951586710654225e-05,2026-10-05,ESTC
3,-0.004646888291865755,2026-10-05,ESTC
4,-0.010493455721345805,2026-10-05,ESTC
5,-0.004146934291344456,2026-10-05,ESTC
6,-0.003462989590124738,2026-10-05,ESTC
7,0.0012287262446206914,2026-10-05,ESTC
8,-0.00029465192929936776,2026-10-05,ESTC
9,-0.0017308577211814732,2026-10-05,ESTC
10,-0.009113598282131694,2026-10-05,ESTC
11,-0.006080678362840897,2026-10-05,ESTC
12,0.0012394790455171672,2026-10-05,ESTC
13,0.013154841958290009,2026-10-05,ESTC
14,0.0036506657227300425,2026-10-05,ESTC
1,-9.424011979887292e-05,2026-10-05,ET
2,-0.0023108583803929036,2026-10-05,ET
3,0.0028103672145404425,2026-10-05,ET
4,0.00026153268642992893,2026-10-05,ET
5,0.00011400830234929465,2026-10-05,ET
6,-0.0007371081925202919,2026-10-05,ET
7,-0.0029648763878469225,2026-10-05,ET
8,0.00257598993651674,2026-10-05,ET
9,-0.0017087793736952435,2026-10-05,ET
10,-0.0018861442131956946,2026-10-05,ET
11,0.004540433738586665,2026-10-05,ET
12,0.004123986668385621,2026-10-05,ET
13,0.0018906229639551605,2026-10-05,ET
14,-0.005455387133443894,2026-10-05,ET
1,-0.0019743727899174516,2026-10-05,ETN
2,0.00014022189495798657,2026-10-05,ETN
3,0.004017156309994216,2026-10-05,ETN
4,0.0015730706981898306,2026-10-05,ETN
5,0.0004602558138370683,2026-10-05,ETN
6,-0.0019883774894202534,2026-10-05,ETN
7,-0.0018826895109762402,2026-10-05,ETN
8,0.002089844543674172,2026-10-05,ETN
9,-0.001018632660109096,2026-10-05,ETN
10,0.000354960582227726,2026-10-05,ETN
11,0.004962680790815727,2026-10-05,ETN
12,0.005117866005775242,2026-10-05,ETN
13,0.0006895119539206963,2026-10-05,ETN
14,-0.005376522929205869,2026-10-05,ETN
1,-0.0005175535642915518,2026-10-05,ETR
2,-0.002186710192656748,2026-10-05,ETR
3,-0.0019679194260037165,2026-10-05,ETR
4,-0.0027866051503872063,2026-10-05,ETR
5,-0.0019976491292563003,2026-10-05,ETR
6,-0.0012103894678353654,2026-10-05,ETR
7,-0.008093653557969338,2026-10-05,ETR
8,-0.005802202254254114,2026-10-05,ETR
9,0.003520554321206861,2026-10-05,ETR
10,-0.0034438505998729183,2026-10-05,ETR
11,0.0057837356759798605,2026-10-05,ETR
12,-0.008713560395622181,2026-10-05,ETR
13,-0.008803283970534748,2026-10-05,ETR
14,-0.005854893405043748,2026-10-05,ETR
1,-0.002794117869528097,2026-10-05,ETSY
2,0.0004989724180429659,2026-10-05,ETSY
3,-0.005035565682186738,2026-10-05,ETSY
4,-0.012627097789681473,2026-10-05,ETSY
5,-0.005798410483133993,2026-10-05,ETSY
6,-0.004006893068486472,2026-10-05,ETSY
7,0.0011203075173942477,2026-10-05,ETSY
8,0.0016983374306805145,2026-10-05,ETSY
9,-0.003067711361996091,2026-10-05,ETSY
10,-0.0061322750340188645,2026-10-05,ETSY
11,-0.002620884185493339,2026-10-05,ETSY
12,0.004115013895164991,2026-10-05,ETSY
13,0.008360404113848592,2026-10-05,ETSY
14,0.004665261009886659,2026-10-05,ETSY
1,-0.0034088867400481294,2026-10-05,EVH
2,-0.0007653748304700058,2026-10-05,EVH
3,-0.0026377100145264258,2026-10-05,EVH
4,-0.013357385075980976,2026-10-05,EVH
5,-0.006418825513197811,2026-10-05,EVH
6,-0.0013242980702561325,2026-10-05,EVH
7,0.00090008081376527,2026-10-05,EVH
8,-0.0029099184181032305,2026-10-05,EVH
9,-0.0004585177359242554,2026-10-05,EVH
10,-0.00011518397068553354,2026-10-05,EVH
11,-0.002454611905743269,2026-10-05,EVH
12,-0.0016081073434934786,2026-10-05,EVH
13,-0.004558758265251402,2026-10-05,EVH
14,0.008127730751072974,2026-10-05,EVH
1,-0.0008624383149896151,2026-10-05,EVRG
2,-0.0001150443324445535,2026-10-05,EVRG
3,-0.002193438608399233,2026-10-05,EVRG
4,-0.008737428017302859,2026-10-05,EVRG
5,-0.006819503105339817,2026-10-05,EVRG
6,-0.005109450539247225,2026-10-05,EVRG
7,0.0019545720202585213,2026-10-05,EVRG
8,-0.0018826962390629017,2026-10-05,EVRG
9,-0.0004887853785065728,2026-10-05,EVRG
10,-0.009640996293899405,2026-10-05,EVRG
11,-0.005669412488434879,2026-10-05,EVRG
12,0.007929912909066143,2026-10-05,EVRG
13,-0.002099799907008403,2026-10-05,EVRG
14,-0.011560513531590547,2026-10-05,EVRG
1,0.0009782905589162416,2026-10-05,EW
2,-0.0011894480024751525,2026-10-05,EW
3,0.00220504064766014,2026-10-05,EW
4,-0.000265237393912065,2026-10-05,EW
5,-0.0009537763356468022,2026-10-05,EW
6,-0.001103312197601703,2026-10-05,EW
7,-0.002540459758449333,2026-10-05,EW
8,-0.0003576313430303592,2026-10-05,EW
9,-0.0019303217357355426,2026-10-05,EW
10,-0.0013394220173533072,2026-10-05,EW
11,0.005037235631671568,2026-10-05,EW
12,-0.0003986881070186157,2026-10-05,EW
13,0.0022998515257283006,2026-10-05,EW
14,-0.0029810102108167266,2026-10-05,EW
1,-0.0007692912687991259,2026-10-05,EXC
2,-0.0015322118047038664,2026-10-05,EXC
3,-0.0019217772034723962,2026-10-05,EXC
4,-0.0029034634154817183,2026-10-05,EXC
5,-0.0014726014041769714,2026-10-05,EXC
6,-0.003993674815552118,2026-10-05,EXC
7,-0.00913826621164979,2026-10-05,EXC
8,-0.005450314359099282,2026-10-05,EXC
9,0.002924241518348814,2026-10-05,EXC
10,-0.003655027798064638,2026-10-05,EXC
11,0.005009013862442508,2026-10-05,EXC
12,-0.012063225982031498,2026-10-05,EXC
13,-0.008536056613878608,2026-10-05,EXC
14,-0.003980279391114108,2026-10-05,EXC
1,-0.00039116723915899734,2026-10-05,EXEL
2,-0.0019729053302998956,2026-10-05,EXEL
3,-0.0015168124017308252,2026-10-05,EXEL
4,-0.002893833965501225,2026-10-05,EXEL
5,-0.0013618876403002928,2026-10-05,EXEL
6,-0.0017002932573044775,2026-10-05,EXEL
7,-0.010911593374081548,2026-10-05,EXEL
8,-0.005510235382508445,2026-10-05,EXEL
9,0.0007186487499544565,2026-10-05,EXEL
10,-0.002738637079558846,2026-10-05,EXEL
11,0.004246953132946167,2026-10-05,EXEL
12,-0.007759514483217355,2026-10-05,EXEL
13,-0.009996470696417533,2026-10-05,EXEL
14,-0.004746813511531242,2026-10-05,EXEL
1,-0.002724906339558468,2026-10-05,EXK
2,-0.00029427872350692373,2026-10-05,EXK
3,-0.007068619720154145,2026-10-05,EXK
4,-0.00802264657179534,2026-10-05,EXK
5,-0.0038313658653003836,2026-10-05,EXK
6,-0.006940309661545422,2026-10-05,EXK
7,0.004420648538212029,2026-10-05,EXK
8,-0.0009775691510518745,2026-10-05,EXK
9,0.0035407189092677067,2026-10-05,EXK
10,-0.01039185806098511,2026-10-05,EXK
11,-0.003525814503029732,2026-10-05,EXK
12,0.002473955782338591,2026-10-05,EXK
13,0.008050725684476477,2026-10-05,EXK
14,0.001781561975564828,2026-10-05,EXK
1,-0.0009592122921108626,2026-10-05,EXLS
2,-0.00034854321910109186,2026-10-05,EXLS
3,-0.003488612400750662,2026-10-05,EXLS
4,-0.012917639580695237,2026-10-05,EXLS
5,-0.0018634604605806974,2026-10-05,EXLS
6,-0.0053648651920184635,2026-10-05,EXLS
7,0.015242315283610747,2026-10-05,EXLS
8,0.0026038988581632205,2026-10-05,EXLS
9,0.003574232871650015,2026-10-05,EXLS
10,0.0022180907523892553,2026-10-05,EXLS
11,-0.0017036609344625012,2026-10-05,EXLS
12,0.007087388330875194,2026-10-05,EXLS
13,0.007112309105707471,2026-10-05,EXLS
14,0.005928314649857496,2026-10-05,EXLS
1,-0.000415123795424843,2026-10-05,EXPD
2,-0.0006300485788425166,2026-10-05,EXPD
3,-0.004792608304980187,2026-10-05,EXPD
4,-0.0021560915838662867,2026-10-05,EXPD
5,-0.00044278091814972437,2026-10-05,EXPD
6,-0.001992169687039009,2026-10-05,EXPD
7,-0.006837337781249018,2026-10-05,EXPD
8,-0.005342951078936799,2026-10-05,EXPD
9,0.002457912922785047,2026-10-05,EXPD
10,-0.0017471106617431827,2026-10-05,EXPD
11,0.003688789620565787,2026-10-05,EXPD
12,-0.011611168100355602,2026-10-05,EXPD
13,-0.010323868157232212,2026-10-05,EXPD
14,-0.007316552156840717,2026-10-05,EXPD
1,0.00020132382524918414,2026-10-05,EXPE
2,-0.0018168449659621369,2026-10-05,EXPE
3,-0.004018385196963317,2026-10-05,EXPE
4,-0.0022943960126299654,2026-10-05,EXPE
5,-0.003912896200196902,2026-10-05,EXPE
6,-0.0015919497638933245,2026-10-05,EXPE
7,-0.007609406533856683,2026-10-05,EXPE
8,-0.0070458589282721175,2026-10-05,EXPE
9,0.000814209667275083,2026-10-05,EXPE
10,0.0024250792135004314,2026-10-05,EXPE
11,0.005973104836375815,2026-10-05,EXPE
12,-0.012672599828006479,2026-10-05,EXPE
13,-0.007455737245799725,2026-10-05,EXPE
14,-0.005374720254586192,2026-10-05,EXPE
1,-0.0003139392513698801,2026-10-05,EXR
2,-0.0023687969069696793,2026-10-05,EXR
3,-0.0010861440836478292,2026-10-05,EXR
4,-0.002502724448605662,2026-10-05,EXR
5,-0.0028408356545123106,2026-10-05,EXR
6,-0.0014782426244656485,2026-10-05,EXR
7,-0.009818573231826276,2026-10-05,EXR
8,-0.004139691200251682,2026-10-05,EXR
9,9.655495890051734e-05,2026-10-05,EXR
10,-0.0023173553540616035,2026-10-05,EXR
11,0.004239194181703676,2026-10-05,EXR
12,-0.008999333759868194,2026-10-05,EXR
13,-0.007546774795478293,2026-10-05,EXR
14,-0.007215478991933092,2026-10-05,EXR
1,-0.00226295353066085,2026-10-05,EXTR
2,0.00010870292446954197,2026-10-05,EXTR
3,-0.0036308358189834217,2026-10-05,EXTR
4,-0.010282778818822056,2026-10-05,EXTR
5,-0.004008811618037845,2026-10-05,EXTR
6,-0.007082675034212821,2026-10-05,EXTR
7,0.0036276228737366347,2026-10-05,EXTR
8,0.0029699883474816665,2026-10-05,EXTR
9,-0.0045738752527550545,2026-10-05,EXTR
10,-0.0040103319717165065,2026-10-05,EXTR
11,-0.010508419551655478,2026-10-05,EXTR
12,0.008285654398639406,2026-10-05,EXTR
13,0.00012072010790830784,2026-10-05,EXTR
14,0.004920569571778445,2026-10-05,EXTR
1,-0.0041350713373521,2026-10-05,EYE
2,-0.000800314855867504,2026-10-05,EYE
3,-0.0032672656889451007,2026-10-05,EYE
4,-0.01364826558120788,2026-10-05,EYE
5,-0.006173701363933286,2026-10-05,EYE
6,-0.005762248676199893,2026-10-05,EYE
7,-0.000967390769244396,2026-10-05,EYE
8,-0.0034319601672486667,2026-10-05,EYE
9,-0.0022858041497072932,2026-10-05,EYE
10,-0.009286325126146907,2026-10-05,EYE
11,-0.003194840215796373,2026-10-05,EYE
12,0.0040251905662330905,2026-10-05,EYE
13,-0.00044769045587609414,2026-10-05,EYE
14,0.001569982727551612,2026-10-05,EYE
1,0.0001715932640633493,2026-10-05,F
2,-0.000700862069155952,2026-10-05,F
3,-1.190247685160022e-05,2026-10-05,F
4,0.0006508515556560133,2026-10-05,F
5,0.003459377608071383,2026-10-05,F
6,-0.002184034082136336,2026-10-05,F
7,-0.0004883909360201171,2026-10-05,F
8,0.0002440891744820896,2026-10-05,F
9,-0.00033956076551860264,2026-10-05,F
10,0.0010873054775772026,2026-10-05,F
11,0.0037660249278620435,2026-10-05,F
12,0.0018364449629018709,2026-10-05,F
13,0.007360509985031535,2026-10-05,F
14,-0.0005173255849035565,2026-10-05,F
1,-0.0006271771668235289,2026-10-05,FANG
2,-0.001609414570923219,2026-10-05,FANG
3,-0.002390539824812255,2026-10-05,FANG
4,-0.002828053091714305,2026-10-05,FANG
5,-0.0022179544306651575,2026-10-05,FANG
6,-0.001431639027083602,2026-10-05,FANG
7,-0.009440751114329677,2026-10-05,FANG
8,-0.0029087328304550778,2026-10-05,FANG
9,0.0006576155397519599,2026-10-05,FANG
10,-0.00047173131040758194,2026-10-05,FANG
11,0.0032456708890516305,2026-10-05,FANG
12,-0.006194136480541593,2026-10-05,FANG
13,-0.008788755774718665,2026-10-05,FANG
14,-0.003058812431041221,2026-10-05,FANG
1,-0.0005567436054025815,2026-10-05,FAST
2,-0.0015737982889684728,2026-10-05,FAST
3,-0.002751369839187042,2026-10-05,FAST
4,-0.002517845049712869,2026-10-05,FAST
5,-0.0007885404270374644,2026-10-05,FAST
6,-0.004415410712247669,2026-10-05,FAST
7,-0.007768700606856231,2026-10-05,FAST
8,-0.005703405929873281,2026-10-05,FAST
9,-0.0012744694613010354,2026-10-05,FAST
10,-0.0020412458096685697,2026-10-05,FAST
11,0.0005435604179168037,2026-10-05,FAST
12,-0.007110034560482874,2026-10-05,FAST
13,-0.008164458701442941,2026-10-05,FAST
14,-0.006167039686544297,2026-10-05,FAST
1,-0.0030553782921634797,2026-10-05,FBIN
2,0.00018465448404108746,2026-10-05,FBIN
3,-0.004188092105973671,2026-10-05,FBIN
4,-0.01056237148657432,2026-10-05,FBIN
5,-0.003916680021568714,2026-10-05,FBIN
6,-0.006392745821892932,2026-10-05,FBIN
7,0.0022474722195889355,2026-10-05,FBIN
8,-0.004554806126315712,2026-10-05,FBIN
9,-0.006224802396893454,2026-10-05,FBIN
10,-0.0055709611646328665,2026-10-05,FBIN
11,-0.00851269693134826,2026-10-05,FBIN
12,0.002382024826444014,2026-10-05,FBIN
13,0.00607199568405495,2026-10-05,FBIN
14,0.0017493022195745813,2026-10-05,FBIN
1,0.00011368315528713535,2026-10-05,FCX
2,-0.0017882606133225957,2026-10-05,FCX
3,0.002714948348838013,2026-10-05,FCX
4,0.0009503381139137073,2026-10-05,FCX
5,5.342031664879697e-05,2026-10-05,FCX
6,-0.002210978372512781,2026-10-05,FCX
7,0.00011661835550518586,2026-10-05,FCX
8,0.0016156420638248428,2026-10-05,FCX
9,-0.0012221614676453994,2026-10-05,FCX
10,-0.0012840830703791687,2026-10-05,FCX
11,0.00419708628543665,2026-10-05,FCX
12,0.0019748687117083223,2026-10-05,FCX
13,0.001657726203703414,2026-10-05,FCX
14,-0.004750963705001745,2026-10-05,FCX
1,-0.0005184274320568838,2026-10-05,FDX
2,-0.0007733411739691775,2026-10-05,FDX
3,0.0018807800895805041,2026-10-05,FDX
4,0.0010235239229409495,2026-10-05,FDX
5,-0.0016939026574573452,2026-10-05,FDX
6,0.00038511676133296294,2026-10-05,FDX
7,-0.002985116381793588,2026-10-05,FDX
8,-0.0007931355577738032,2026-10-05,FDX
9,-0.0021643787931366655,2026-10-05,FDX
10,-9.786121725138983e-05,2026-10-05,FDX
11,0.002669359677690176,2026-10-05,FDX
12,-0.000822152004192946,2026-10-05,FDX
13,0.0033832256044419606,2026-10-05,FDX
14,-0.0029102956605657534,2026-10-05,FDX
1,-0.000367243786314708,2026-10-05,FE
2,-0.0021339372351332946,2026-10-05,FE
3,-0.001851637220171717,2026-10-05,FE
4,-0.002670896634301885,2026-10-05,FE
5,-0.0024253394894168303,2026-10-05,FE
6,-0.0020002475576879654,2026-10-05,FE
7,-0.008834054395186197,2026-10-05,FE
8,-0.0054362431904357925,2026-10-05,FE
9,0.004040455635197507,2026-10-05,FE
10,-0.003694638485699679,2026-10-05,FE
11,0.005258502638187965,2026-10-05,FE
12,-0.010064397720774823,2026-10-05,FE
13,-0.009635866116382515,2026-10-05,FE
14,-0.004834214839537328,2026-10-05,FE
1,-0.00030095331112345064,2026-10-05,FERG
2,-0.0018688711804354264,2026-10-05,FERG
3,-0.0012382485965543929,2026-10-05,FERG
4,-0.003699787448398178,2026-10-05,FERG
5,-0.0016469356832943074,2026-10-05,FERG
6,-0.003874800867431945,2026-10-05,FERG
7,-0.007610395537434874,2026-10-05,FERG
8,-0.006658378192838787,2026-10-05,FERG
9,0.0005183853717157094,2026-10-05,FERG
10,-0.001778918782386288,2026-10-05,FERG
11,-0.0012835038555971397,2026-10-05,FERG
12,-0.006996718653500458,2026-10-05,FERG
13,-0.010520209136475315,2026-10-05,FERG
14,-0.0049747900389565764,2026-10-05,FERG
1,-0.0015697152338764494,2026-10-05,FHI
2,-0.00017441029075948396,2026-10-05,FHI
3,-0.004115469791034799,2026-10-05,FHI
4,-0.007883510620667956,2026-10-05,FHI
5,-0.006699626296851898,2026-10-05,FHI
6,-0.00251735485256325,2026-10-05,FHI
7,0.00012185527848478065,2026-10-05,FHI
8,-0.002100772565091085,2026-10-05,FHI
9,0.0013700391304216541,2026-10-05,FHI
10,-0.009123595118408436,2026-10-05,FHI
11,-0.0020219466787665553,2026-10-05,FHI
12,0.0010061680785896341,2026-10-05,FHI
13,0.0021390075395204566,2026-10-05,FHI
14,-0.006793814977765532,2026-10-05,FHI
1,-0.0016045911731825254,2026-10-05,FHN
2,-0.0017627231202911359,2026-10-05,FHN
3,-0.005294417632481683,2026-10-05,FHN
4,-0.007866120107592718,2026-10-05,FHN
5,-0.006223212279019844,2026-10-05,FHN
6,-0.002259036828946374,2026-10-05,FHN
7,0.0022968742119537375,2026-10-05,FHN
8,-0.0020449548017326094,2026-10-05,FHN
9,-0.0024641449079265223,2026-10-05,FHN
10,-0.008706837930192059,2026-10-05,FHN
11,-0.0035695405703287412,2026-10-05,FHN
12,0.0068266768008197,2026-10-05,FHN
13,-0.00023217822101978265,2026-10-05,FHN
14,-0.011040566752142112,2026-10-05,FHN
1,7.65667815857593e-05,2026-10-05,FIS
2,-0.0019409315020219506,2026-10-05,FIS
3,-0.0017748681326564158,2026-10-05,FIS
4,-0.003853593759552632,2026-10-05,FIS
5,-0.0030301906014813117,2026-10-05,FIS
6,-0.002808347367975918,2026-10-05,FIS
7,-0.009137893950845381,2026-10-05,FIS
8,-0.00671972913572135,2026-10-05,FIS
9,-4.4464456407257636e-05,2026-10-05,FIS
10,-0.0020757878522298804,2026-10-05,FIS
11,0.005319836717911403,2026-10-05,FIS
12,-0.009911773861721441,2026-10-05,FIS
13,-0.011001617836407292,2026-10-05,FIS
14,-0.005634587047677357,2026-10-05,FIS
1,-0.000378355635305185,2026-10-05,FITB
2,-0.0018962520882334825,2026-10-05,FITB
3,-0.001711704696563413,2026-10-05,FITB
4,-0.0012807710675855483,2026-10-05,FITB
5,-0.0021536670498839565,2026-10-05,FITB
6,-0.004414637191030688,2026-10-05,FITB
7,-0.007363335143022217,2026-10-05,FITB
8,-0.005167914643526025,2026-10-05,FITB
9,0.0026480032333891243,2026-10-05,FITB
10,-0.00327482851867242,2026-10-05,FITB
11,0.003436494137439708,2026-10-05,FITB
12,-0.009010423061124265,2026-10-05,FITB
13,-0.0069457795324371,2026-10-05,FITB
14,-0.005763534857124183,2026-10-05,FITB
1,-0.0027497702687362697,2026-10-05,FIVE
2,0.0015674953508577488,2026-10-05,FIVE
3,-0.00111297513688925,2026-10-05,FIVE
4,-0.010125388982817167,2026-10-05,FIVE
5,-0.006289156740370119,2026-10-05,FIVE
6,-0.0037677488398342902,2026-10-05,FIVE
7,0.003646059036314384,2026-10-05,FIVE
8,0.003690601334935064,2026-10-05,FIVE
9,-0.0043731663040350735,2026-10-05,FIVE
10,-0.00800364243858129,2026-10-05,FIVE
11,-0.0025456109640699647,2026-10-05,FIVE
12,0.0014852266605852229,2026-10-05,FIVE
13,0.004274904537699083,2026-10-05,FIVE
14,0.008559678172639446,2026-10-05,FIVE
1,-0.004034272381773707,2026-10-05,FIVN
2,-0.0015201782759769232,2026-10-05,FIVN
3,-0.0014255121991075472,2026-10-05,FIVN
4,-0.012278965711113974,2026-10-05,FIVN
5,-0.004655835947356045,2026-10-05,FIVN
6,-0.007127304510977483,2026-10-05,FIVN
7,0.003672599885708739,2026-10-05,FIVN
8,-0.003124012578915184,2026-10-05,FIVN
9,-0.0037499411776913956,2026-10-05,FIVN
10,-0.003891081331114437,2026-10-05,FIVN
11,-0.0023845104763154487,2026-10-05,FIVN
12,0.004644449021894231,2026-10-05,FIVN
13,0.008785069193787739,2026-10-05,FIVN
14,0.005370967645806974,2026-10-05,FIVN
1,-0.002250108588015764,2026-10-05,FLEX
2,-0.0008009218778192978,2026-10-05,FLEX
3,-0.002790249358237668,2026-10-05,FLEX
4,-0.007694130488284325,2026-10-05,FLEX
5,-0.007225087613967458,2026-10-05,FLEX
6,-0.004701980258988267,2026-10-05,FLEX
7,0.0005168506860637246,2026-10-05,FLEX
8,-0.004236806157049501,2026-10-05,FLEX
9,-0.007178114349670955,2026-10-05,FLEX
10,-0.004848993250137017,2026-10-05,FLEX
11,-0.007286556808191663,2026-10-05,FLEX
12,0.009748994130762323,2026-10-05,FLEX
13,0.003663274846141756,2026-10-05,FLEX
14,0.012721593075965633,2026-10-05,FLEX
1,-0.002323811337308807,2026-10-05,FLNC
2,0.0016969782149080486,2026-10-05,FLNC
3,-0.004335195527599099,2026-10-05,FLNC
4,-0.015775513541294528,2026-10-05,FLNC
5,-0.010586620770169619,2026-10-05,FLNC
6,0.004590320405785979,2026-10-05,FLNC
7,0.0019722753846427373,2026-10-05,FLNC
8,-0.0019738481923168506,2026-10-05,FLNC
9,0.01092397808243207,2026-10-05,FLNC
10,0.009058141253346415,2026-10-05,FLNC
11,0.005828431373298066,2026-10-05,FLNC
12,-0.003295151670222586,2026-10-05,FLNC
13,-0.0013982048303258759,2026-10-05,FLNC
14,0.011064054022691124,2026-10-05,FLNC
1,-0.0019508461929120065,2026-10-05,FLO
2,-0.00039298874440579567,2026-10-05,FLO
3,-0.004914345989421631,2026-10-05,FLO
4,-0.010931920940125099,2026-10-05,FLO
5,-0.007011402246738295,2026-10-05,FLO
6,-0.006733034893702703,2026-10-05,FLO
7,-0.00048734979146943376,2026-10-05,FLO
8,-0.005272450606070438,2026-10-05,FLO
9,-0.003747351672073418,2026-10-05,FLO
10,-0.0063500777327850765,2026-10-05,FLO
11,-0.004750932512079905,2026-10-05,FLO
12,0.000838234761281675,2026-10-05,FLO
13,0.00840535653982828,2026-10-05,FLO
14,0.006616981685193796,2026-10-05,FLO
1,-0.003517379464595702,2026-10-05,FLR
2,-0.00013838405252109004,2026-10-05,FLR
3,-0.003494611749676967,2026-10-05,FLR
4,-0.009650276163040388,2026-10-05,FLR
5,-0.004389194282551824,2026-10-05,FLR
6,-0.0065772072385808025,2026-10-05,FLR
7,0.001209713642969726,2026-10-05,FLR
8,-0.0014523028838386953,2026-10-05,FLR
9,0.0004947112536899068,2026-10-05,FLR
10,-0.008316694761777236,2026-10-05,FLR
11,-0.0014470256771422722,2026-10-05,FLR
12,-0.0033249091344934923,2026-10-05,FLR
13,-0.0021766391998288767,2026-10-05,FLR
14,-0.0022593937212267655,2026-10-05,FLR
1,-0.0022424040978195783,2026-10-05,FLS
2,0.00039894283959771194,2026-10-05,FLS
3,-0.002092973237572695,2026-10-05,FLS
4,-0.01088575449744228,2026-10-05,FLS
5,-0.006476274087459224,2026-10-05,FLS
6,-0.006899126186913939,2026-10-05,FLS
7,-0.0034178947392555677,2026-10-05,FLS
8,-0.006944112755591207,2026-10-05,FLS
9,-0.0019272654682921581,2026-10-05,FLS
10,-0.006338166724453599,2026-10-05,FLS
11,0.0030352321457202316,2026-10-05,FLS
12,-0.001177346802134911,2026-10-05,FLS
13,0.011181674387469516,2026-10-05,FLS
14,0.0055064892807205135,2026-10-05,FLS
1,-0.0005958441567509641,2026-10-05,FLUT
2,-0.0025729935017428257,2026-10-05,FLUT
3,-0.0027144687276275258,2026-10-05,FLUT
4,-0.002353710435885737,2026-10-05,FLUT
5,-0.003484738565334594,2026-10-05,FLUT
6,-0.0012047159389216215,2026-10-05,FLUT
7,-0.010317786896013299,2026-10-05,FLUT
8,-0.007370473110092183,2026-10-05,FLUT
9,-0.0005241709431830766,2026-10-05,FLUT
10,0.0018746428313236325,2026-10-05,FLUT
11,0.005465563093742592,2026-10-05,FLUT
12,-0.009739872543470075,2026-10-05,FLUT
13,-0.011621183708045168,2026-10-05,FLUT
14,-0.0054520419460535605,2026-10-05,FLUT
1,-0.004503469626979359,2026-10-05,FLYW
2,0.000893598559550117,2026-10-05,FLYW
3,-0.004158763741108981,2026-10-05,FLYW
4,-0.012958097846241187,2026-10-05,FLYW
5,-0.005011269816173219,2026-10-05,FLYW
6,-0.0034696863231582385,2026-10-05,FLYW
7,-0.0010386434351353753,2026-10-05,FLYW
8,0.0004965293769391994,2026-10-05,FLYW
9,-0.0010652581355680669,2026-10-05,FLYW
10,-0.006120115456411015,2026-10-05,FLYW
11,-0.0035010052431548406,2026-10-05,FLYW
12,0.006365489338718864,2026-10-05,FLYW
13,-0.0051316143640411415,2026-10-05,FLYW
14,0.00017643100020318836,2026-10-05,FLYW
1,-0.002984119818300629,2026-10-05,FMC
2,0.00017391792542496658,2026-10-05,FMC
3,-0.006014849533784019,2026-10-05,FMC
4,-0.011330391817967116,2026-10-05,FMC
5,-0.006398979896509511,2026-10-05,FMC
6,-0.006614238491682131,2026-10-05,FMC
7,0.0013033872432704732,2026-10-05,FMC
8,-0.00173503715106606,2026-10-05,FMC
9,-0.0033338896025674933,2026-10-05,FMC
10,-0.006309481376176639,2026-10-05,FMC
11,-0.00570398618932587,2026-10-05,FMC
12,0.002054648432968343,2026-10-05,FMC
13,0.005343191637675865,2026-10-05,FMC
14,0.005434483940190423,2026-10-05,FMC
1,-0.002537824911813741,2026-10-05,FNB
2,6.415695134945718e-06,2026-10-05,FNB
3,-0.0033291636738396794,2026-10-05,FNB
4,-0.007459986161456938,2026-10-05,FNB
5,-0.006668405523615156,2026-10-05,FNB
6,0.0018693030315144114,2026-10-05,FNB
7,0.0027092292833670027,2026-10-05,FNB
8,-0.002382836014236658,2026-10-05,FNB
9,-0.0037275010029206197,2026-10-05,FNB
10,-0.011467284530208755,2026-10-05,FNB
11,-0.0022612235054815287,2026-10-05,FNB
12,0.002187988755906516,2026-10-05,FNB
13,0.0007777389483252168,2026-10-05,FNB
14,-0.005426027949794673,2026-10-05,FNB
1,-0.002466203622363737,2026-10-05,FND
2,0.0007056288871623117,2026-10-05,FND
3,-0.0006799646900711486,2026-10-05,FND
4,-0.007508880767829849,2026-10-05,FND
5,-0.0033232919585181706,2026-10-05,FND
6,-0.006177324659369913,2026-10-05,FND
7,0.002993503920173109,2026-10-05,FND
8,-0.001273238884719284,2026-10-05,FND
9,-0.005692091113684832,2026-10-05,FND
10,-0.00682383954762784,2026-10-05,FND
11,-0.002461800602893086,2026-10-05,FND
12,0.005381585923644155,2026-10-05,FND
13,0.004430835003306587,2026-10-05,FND
14,0.004179951605840019,2026-10-05,FND
1,0.00010234346562310945,2026-10-05,FNF
2,-0.0016966615096697527,2026-10-05,FNF
3,-0.0018683514137066764,2026-10-05,FNF
4,-0.0021644970547804194,2026-10-05,FNF
5,-0.0033044523766176987,2026-10-05,FNF
6,0.00036182475538734627,2026-10-05,FNF
7,-0.008479283726077716,2026-10-05,FNF
8,-0.006019916775049127,2026-10-05,FNF
9,0.0019344892347204884,2026-10-05,FNF
10,0.002422908144166956,2026-10-05,FNF
11,0.0033433314239956578,2026-10-05,FNF
12,-0.007950149476008965,2026-10-05,FNF
13,-0.006406163534602592,2026-10-05,FNF
14,-0.00678853240871954,2026-10-05,FNF
1,6.389068860946067e-05,2026-10-05,FNV
2,-0.001462763567903919,2026-10-05,FNV
3,2.5537704567986107e-05,2026-10-05,FNV
4,-0.002212981337149407,2026-10-05,FNV
5,0.00112275994593736,2026-10-05,FNV
6,-0.00019934163681865823,2026-10-05,FNV
7,-0.0006402397611257396,2026-10-05,FNV
8,-0.000617957045278189,2026-10-05,FNV
9,0.0009034663395183172,2026-10-05,FNV
10,-0.001237791255897977,2026-10-05,FNV
11,0.004629057057572139,2026-10-05,FNV
12,-0.006565021432309189,2026-10-05,FNV
13,-0.008985331039499672,2026-10-05,FNV
14,-0.004169474788761614,2026-10-05,FNV
1,-0.004206006620122209,2026-10-05,FOUR
2,-0.00021876187762918028,2026-10-05,FOUR
3,-0.0037591410790513554,2026-10-05,FOUR
4,-0.012083671295344038,2026-10-05,FOUR
5,-0.005751802379145874,2026-10-05,FOUR
6,-0.004306683906449162,2026-10-05,FOUR
7,0.0014930588967453288,2026-10-05,FOUR
8,-0.0001103729869443185,2026-10-05,FOUR
9,-0.0037375449159180165,2026-10-05,FOUR
10,-0.007670216469632851,2026-10-05,FOUR
11,-0.007121274313871556,2026-10-05,FOUR
12,0.002581479930446858,2026-10-05,FOUR
13,0.002816428935492493,2026-10-05,FOUR
14,-2.567596705850859e-05,2026-10-05,FOUR
1,0.0001565140511181767,2026-10-05,FOX
2,-0.002579253472193362,2026-10-05,FOX
3,-0.003938618002531117,2026-10-05,FOX
4,-0.001308334590274974,2026-10-05,FOX
5,-0.005999214295480677,2026-10-05,FOX
6,-0.00634405180892652,2026-10-05,FOX
7,-0.010957379988336333,2026-10-05,FOX
8,-0.005257240913099947,2026-10-05,FOX
9,-0.0005654839446340745,2026-10-05,FOX
10,0.0004970894606623895,2026-10-05,FOX
11,0.004718607460868429,2026-10-05,FOX
12,-0.0031364146375819366,2026-10-05,FOX
13,-0.014679230866074349,2026-10-05,FOX
14,-0.009170698155529995,2026-10-05,FOX
1,0.00020928747314921128,2026-10-05,FOXA
2,-0.0020485976071335328,2026-10-05,FOXA
3,-0.003905333911969791,2026-10-05,FOXA
4,-0.0003948919290356521,2026-10-05,FOXA
5,-0.006952167501881781,2026-10-05,FOXA
6,-0.005160596839571906,2026-10-05,FOXA
7,-0.009654450305437746,2026-10-05,FOXA
8,-0.004015247289441996,2026-10-05,FOXA
9,-0.0010888749031243504,2026-10-05,FOXA
10,-0.0008469865277803476,2026-10-05,FOXA
11,0.00498407493730274,2026-10-05,FOXA
12,-0.004076952798157367,2026-10-05,FOXA
13,-0.014945964225575863,2026-10-05,FOXA
14,-0.009417111063187007,2026-10-05,FOXA
1,-0.0030656361820262557,2026-10-05,FOXF
2,-0.00038570296448650225,2026-10-05,FOXF
3,-0.006345284008242999,2026-10-05,FOXF
4,-0.010791681552316926,2026-10-05,FOXF
5,-0.0057922870714513285,2026-10-05,FOXF
6,-0.008691011621482947,2026-10-05,FOXF
7,0.002107002574874062,2026-10-05,FOXF
8,-0.0007057251824591536,2026-10-05,FOXF
9,0.004222314689738794,2026-10-05,FOXF
10,-0.008126513212755712,2026-10-05,FOXF
11,-0.008649406525851113,2026-10-05,FOXF
12,0.0023738905873140845,2026-10-05,FOXF
13,0.0058798239345102124,2026-10-05,FOXF
14,0.002211886720444435,2026-10-05,FOXF
1,-0.001855892824579538,2026-10-05,FR
2,-0.0005322034563974431,2026-10-05,FR
3,-0.0028692359921774044,2026-10-05,FR
4,-0.007983070161160125,2026-10-05,FR
5,-0.005205149611126937,2026-10-05,FR
6,-0.0020648449665014506,2026-10-05,FR
7,0.0018245860592937559,2026-10-05,FR
8,-0.004024793205375155,2026-10-05,FR
9,-0.0008272423603235494,2026-10-05,FR
10,-0.008663200013099984,2026-10-05,FR
11,-0.006347498327498318,2026-10-05,FR
12,0.0006042416697875709,2026-10-05,FR
13,0.0007710567015951806,2026-10-05,FR
14,-0.00920174564512701,2026-10-05,FR
1,-0.0032879657215541067,2026-10-05,FRO
2,-0.001056752637848626,2026-10-05,FRO
3,-0.0038825995479862202,2026-10-05,FRO
4,-0.007682616423672423,2026-10-05,FRO
5,-0.0032978570391728936,2026-10-05,FRO
6,-0.004861925081479633,2026-10-05,FRO
7,0.001089572479350538,2026-10-05,FRO
8,-0.0024663298151243376,2026-10-05,FRO
9,-0.003623374075699842,2026-10-05,FRO
10,-0.012467085809356893,2026-10-05,FRO
11,-0.008890600491726469,2026-10-05,FRO
12,-0.0019374436287654113,2026-10-05,FRO
13,0.0007538401520260306,2026-10-05,FRO
14,0.004621659033832501,2026-10-05,FRO
1,-0.004830288846529243,2026-10-05,FROG
2,-0.00036543858443502364,2026-10-05,FROG
3,-0.004740772371148396,2026-10-05,FROG
4,-0.01114533189584824,2026-10-05,FROG
5,-0.004592667735373756,2026-10-05,FROG
6,-0.005559791789223177,2026-10-05,FROG
7,-0.0021626576213772445,2026-10-05,FROG
8,6.61335731731005e-05,2026-10-05,FROG
9,-0.004231618537786641,2026-10-05,FROG
10,-0.005630646765371729,2026-10-05,FROG
11,-0.001545061382957141,2026-10-05,FROG
12,0.005826079372403536,2026-10-05,FROG
13,0.007284920150619817,2026-10-05,FROG
14,0.0020547645785654197,2026-10-05,FROG
1,-0.004621485649962267,2026-10-05,FRSH
2,-0.0002871583751536249,2026-10-05,FRSH
3,-0.004502563474894623,2026-10-05,FRSH
4,-0.013044531117248792,2026-10-05,FRSH
5,-0.0036870801981815863,2026-10-05,FRSH
6,-0.002897367150912612,2026-10-05,FRSH
7,0.00027462008155312644,2026-10-05,FRSH
8,-8.136926822413622e-05,2026-10-05,FRSH
9,-0.002419015069675171,2026-10-05,FRSH
10,-0.008538927950088433,2026-10-05,FRSH
11,-0.0048052599180492955,2026-10-05,FRSH
12,0.00198035594160863,2026-10-05,FRSH
13,0.004922539621325217,2026-10-05,FRSH
14,0.0019615511082071856,2026-10-05,FRSH
1,-0.0026905100445931444,2026-10-05,FSK
2,8.69708681216695e-05,2026-10-05,FSK
3,-0.0031772647908978103,2026-10-05,FSK
4,-0.010617740531690402,2026-10-05,FSK
5,-0.008876988797509495,2026-10-05,FSK
6,-0.008338204925707466,2026-10-05,FSK
7,-0.0005888556470134543,2026-10-05,FSK
8,-0.0028388832454895644,2026-10-05,FSK
9,0.00011323049054651404,2026-10-05,FSK
10,-0.00578247105553343,2026-10-05,FSK
11,-0.007172377689465964,2026-10-05,FSK
12,0.002388212778022046,2026-10-05,FSK
13,0.005797834609652505,2026-10-05,FSK
14,0.003945616881195298,2026-10-05,FSK
1,4.8140437746132206e-05,2026-10-05,FSLR
2,-0.0012545462048874616,2026-10-05,FSLR
3,-0.00021496464950727606,2026-10-05,FSLR
4,0.00011018344659836895,2026-10-05,FSLR
5,-0.002860069234181414,2026-10-05,FSLR
6,-0.0013768125836381585,2026-10-05,FSLR
7,-0.005825790582127269,2026-10-05,FSLR
8,-0.007946153907672067,2026-10-05,FSLR
9,-0.004699139226834964,2026-10-05,FSLR
10,0.0008997744079216982,2026-10-05,FSLR
11,0.005067679770186865,2026-10-05,FSLR
12,-0.005697563634829248,2026-10-05,FSLR
13,-0.009197966457266308,2026-10-05,FSLR
14,-0.0059687768778064155,2026-10-05,FSLR
1,-0.003362701368200264,2026-10-05,FSLY
2,-0.0011937755176826441,2026-10-05,FSLY
3,-0.002417776901445238,2026-10-05,FSLY
4,-0.014436013022203632,2026-10-05,FSLY
5,-0.0022588365358148757,2026-10-05,FSLY
6,-0.0043378786371077865,2026-10-05,FSLY
7,-0.005851023554992541,2026-10-05,FSLY
8,-0.00716271903100722,2026-10-05,FSLY
9,-0.00046851305521510077,2026-10-05,FSLY
10,0.001251955965608621,2026-10-05,FSLY
11,-0.005730657521081849,2026-10-05,FSLY
12,-0.0025019459678385946,2026-10-05,FSLY
13,0.011310081897437195,2026-10-05,FSLY
14,0.006391975684765301,2026-10-05,FSLY
1,0.0003408770038776836,2026-10-05,FTAI
2,-0.0023730354958406696,2026-10-05,FTAI
3,-0.0006332114695695754,2026-10-05,FTAI
4,-0.0006070454919676106,2026-10-05,FTAI
5,-0.0021482138133020467,2026-10-05,FTAI
6,-1.4585648854404422e-05,2026-10-05,FTAI
7,-0.007397224712121424,2026-10-05,FTAI
8,-0.005407542549524919,2026-10-05,FTAI
9,-0.0015368553747710097,2026-10-05,FTAI
10,0.0021375632488078063,2026-10-05,FTAI
11,0.0069348967327881915,2026-10-05,FTAI
12,-0.008828654568690867,2026-10-05,FTAI
13,-0.007635646090841101,2026-10-05,FTAI
14,-0.003652546742088326,2026-10-05,FTAI
1,-0.002312042970714314,2026-10-05,FTDR
2,-0.00017831269423250096,2026-10-05,FTDR
3,-0.006043086374888465,2026-10-05,FTDR
4,-0.00972854657427582,2026-10-05,FTDR
5,-0.007565860659036321,2026-10-05,FTDR
6,-0.0036564915245443238,2026-10-05,FTDR
7,0.003591731481503512,2026-10-05,FTDR
8,0.002078254407952657,2026-10-05,FTDR
9,0.0018344969602364653,2026-10-05,FTDR
10,-0.013677246414319461,2026-10-05,FTDR
11,-0.006119035168741162,2026-10-05,FTDR
12,0.002254249994140375,2026-10-05,FTDR
13,0.009746834590722977,2026-10-05,FTDR
14,0.0026488048834307485,2026-10-05,FTDR
1,-0.0010926195061028562,2026-10-05,FTI
2,-0.0022428552985921226,2026-10-05,FTI
3,-0.0013532005323663222,2026-10-05,FTI
4,-0.0017850231788027343,2026-10-05,FTI
5,-0.0007724795002158696,2026-10-05,FTI
6,-0.002520376132704442,2026-10-05,FTI
7,-0.005966821220336664,2026-10-05,FTI
8,-0.0041437990688118305,2026-10-05,FTI
9,0.002375153383693966,2026-10-05,FTI
10,-0.001352176369150991,2026-10-05,FTI
11,0.0012171269722679307,2026-10-05,FTI
12,-0.011107580275330532,2026-10-05,FTI
13,-0.011002886676974095,2026-10-05,FTI
14,-0.0064612830144069894,2026-10-05,FTI
1,-0.0007334638110100751,2026-10-05,FTNT
2,-0.0018638567465078144,2026-10-05,FTNT
3,-0.002084131182801822,2026-10-05,FTNT
4,-0.002878304406747838,2026-10-05,FTNT
5,-1.6810774667707653e-05,2026-10-05,FTNT
6,-0.0012425211594030766,2026-10-05,FTNT
7,-0.00923561170463976,2026-10-05,FTNT
8,-0.005197367576085534,2026-10-05,FTNT
9,-0.00025281506683312767,2026-10-05,FTNT
10,-0.000990832278455596,2026-10-05,FTNT
11,0.00375233547215509,2026-10-05,FTNT
12,-0.005654893476827498,2026-10-05,FTNT
13,-0.009180370717745879,2026-10-05,FTNT
14,-0.008332900559955,2026-10-05,FTNT
1,-0.004009481082393706,2026-10-05,FTRE
2,-0.0006088643280063864,2026-10-05,FTRE
3,-0.0038904560969831915,2026-10-05,FTRE
4,-0.011243506220197276,2026-10-05,FTRE
5,-0.005719004926662476,2026-10-05,FTRE
6,-0.002373503878553732,2026-10-05,FTRE
7,0.0020244291232180303,2026-10-05,FTRE
8,0.0016043792568150594,2026-10-05,FTRE
9,-0.003630558103819075,2026-10-05,FTRE
10,-0.007891832347129379,2026-10-05,FTRE
11,-0.007367271539592758,2026-10-05,FTRE
12,0.002923378133096796,2026-10-05,FTRE
13,0.0032495702261582603,2026-10-05,FTRE
14,-0.0006382024909913787,2026-10-05,FTRE
1,-0.0005200690125855303,2026-10-05,FTV
2,-0.0030226086288009414,2026-10-05,FTV
3,-0.0029136914218727424,2026-10-05,FTV
4,-0.0032399882128399714,2026-10-05,FTV
5,0.0005919936229111519,2026-10-05,FTV
6,0.0008753421487139297,2026-10-05,FTV
7,-0.007806058967461205,2026-10-05,FTV
8,-0.005516773492770961,2026-10-05,FTV
9,0.002174392747597593,2026-10-05,FTV
10,-0.0006840324072980793,2026-10-05,FTV
11,0.0065224006190634475,2026-10-05,FTV
12,-0.005636782710838379,2026-10-05,FTV
13,-0.01139224427514048,2026-10-05,FTV
14,-0.004499672433943896,2026-10-05,FTV
1,-0.0020277369271581216,2026-10-05,FULT
2,-0.0007344731962490726,2026-10-05,FULT
3,-0.00291299890990949,2026-10-05,FULT
4,-0.0095784558743724,2026-10-05,FULT
5,-0.006755397896439827,2026-10-05,FULT
6,-0.0026606585420241393,2026-10-05,FULT
7,0.0033181358886797845,2026-10-05,FULT
8,-0.0001168880835001492,2026-10-05,FULT
9,-0.0009663979146209714,2026-10-05,FULT
10,-0.008697915705713757,2026-10-05,FULT
11,-0.0059168794357042686,2026-10-05,FULT
12,0.0048441107806444,2026-10-05,FULT
13,-0.0044760670764024775,2026-10-05,FULT
14,-0.010496725370481552,2026-10-05,FULT
1,-0.00297798154500988,2026-10-05,FUTU
2,0.0019226139236962272,2026-10-05,FUTU
3,-0.0023528842735232496,2026-10-05,FUTU
4,-0.007700601153778987,2026-10-05,FUTU
5,-0.0031107220274474725,2026-10-05,FUTU
6,-0.0043995970886705465,2026-10-05,FUTU
7,-0.0011344565266463184,2026-10-05,FUTU
8,0.002183803966552345,2026-10-05,FUTU
9,-0.006277531666423469,2026-10-05,FUTU
10,-0.008676673518093713,2026-10-05,FUTU
11,-6.845260379493732e-05,2026-10-05,FUTU
12,0.004966592879374766,2026-10-05,FUTU
13,0.009063211891984207,2026-10-05,FUTU
14,0.000727047764665983,2026-10-05,FUTU
1,0.0012015674732106215,2026-10-05,FWONK
2,-0.0014253254038321455,2026-10-05,FWONK
3,0.0018838826830555788,2026-10-05,FWONK
4,-0.0002965661808233215,2026-10-05,FWONK
5,-0.00012051371374755344,2026-10-05,FWONK
6,-0.000961028261333277,2026-10-05,FWONK
7,-0.0001270597660294198,2026-10-05,FWONK
8,0.0005485648946494133,2026-10-05,FWONK
9,-0.000580367156708429,2026-10-05,FWONK
10,-0.002865496429965407,2026-10-05,FWONK
11,0.0029981213675291164,2026-10-05,FWONK
12,-0.0005373540046859932,2026-10-05,FWONK
13,0.002866534849058708,2026-10-05,FWONK
14,-0.005557816600450142,2026-10-05,FWONK
1,-0.003692485547879648,2026-10-05,G
2,-0.0005173032088407664,2026-10-05,G
3,-0.004316729839142765,2026-10-05,G
4,-0.011094888873777383,2026-10-05,G
5,-0.005941329419754523,2026-10-05,G
6,-0.004717060547406104,2026-10-05,G
7,0.002353210719673877,2026-10-05,G
8,-0.004094092718868719,2026-10-05,G
9,-0.0077790079099435356,2026-10-05,G
10,-0.00810221236969846,2026-10-05,G
11,-0.007838016194258345,2026-10-05,G
12,0.0035541923658898374,2026-10-05,G
13,-0.0008713083259267194,2026-10-05,G
14,-0.00033919625488066437,2026-10-05,G
1,-0.000248103772294462,2026-10-05,GD
2,-0.0017314942552275274,2026-10-05,GD
3,0.0014207034800479126,2026-10-05,GD
4,-0.0004845645878221613,2026-10-05,GD
5,0.001028417313950363,2026-10-05,GD
6,-0.00017392215566302193,2026-10-05,GD
7,-0.0016301136495379405,2026-10-05,GD
8,-0.0004539051880937794,2026-10-05,GD
9,-0.0017715240589826259,2026-10-05,GD
10,0.00015195038281123002,2026-10-05,GD
11,0.005095440769550395,2026-10-05,GD
12,0.0014722266318247248,2026-10-05,GD
13,0.0018517418310902152,2026-10-05,GD
14,-0.005619856579327355,2026-10-05,GD
1,-0.0009296582756666823,2026-10-05,GDDY
2,-0.003940293215476051,2026-10-05,GDDY
3,-0.0044955281563708194,2026-10-05,GDDY
4,-0.0031318922993791454,2026-10-05,GDDY
5,-0.0025090409626805812,2026-10-05,GDDY
6,-0.00010041909757672417,2026-10-05,GDDY
7,-0.009974376685037601,2026-10-05,GDDY
8,-0.008230183562905863,2026-10-05,GDDY
9,0.0015022805418010484,2026-10-05,GDDY
10,0.0003456269658831865,2026-10-05,GDDY
11,0.003093051460369999,2026-10-05,GDDY
12,-0.003297180812667647,2026-10-05,GDDY
13,-0.0077913306409457,2026-10-05,GDDY
14,-0.005933821325811669,2026-10-05,GDDY
1,-0.0027898554544782536,2026-10-05,GDRX
2,-0.0007075125170219091,2026-10-05,GDRX
3,-0.0014911662549762141,2026-10-05,GDRX
4,-0.012036110887944968,2026-10-05,GDRX
5,-0.0032052894348803826,2026-10-05,GDRX
6,-0.0016472596084921285,2026-10-05,GDRX
7,0.00040782753323873717,2026-10-05,GDRX
8,-0.0017105763613540844,2026-10-05,GDRX
9,-0.0035853256403303286,2026-10-05,GDRX
10,-0.005911401951805802,2026-10-05,GDRX
11,-0.0015826261719739795,2026-10-05,GDRX
12,-0.0035144516292104464,2026-10-05,GDRX
13,0.016281528511011632,2026-10-05,GDRX
14,0.0038465107175923775,2026-10-05,GDRX
1,-0.0015324079644653604,2026-10-05,GDS
2,-0.0005502067452611205,2026-10-05,GDS
3,-0.002986743729727322,2026-10-05,GDS
4,-0.01320115975374436,2026-10-05,GDS
5,-0.0013224308215765389,2026-10-05,GDS
6,-0.00033133043235338667,2026-10-05,GDS
7,0.017851919418890815,2026-10-05,GDS
8,0.0030337261909509075,2026-10-05,GDS
9,0.003202438303426527,2026-10-05,GDS
10,0.0017238024798745437,2026-10-05,GDS
11,-0.0020121581109512274,2026-10-05,GDS
12,0.009040559827256052,2026-10-05,GDS
13,0.005345873088915605,2026-10-05,GDS
14,0.00029676048901104907,2026-10-05,GDS
1,-0.0002911062071933306,2026-10-05,GE
2,-0.0010674871160932203,2026-10-05,GE
3,0.0020112341779241704,2026-10-05,GE
4,0.0005241181875406384,2026-10-05,GE
5,-0.0005370586196047334,2026-10-05,GE
6,-0.0016918283551817263,2026-10-05,GE
7,-0.0027022845875364753,2026-10-05,GE
8,0.001965538439851498,2026-10-05,GE
9,-0.0014271431860910686,2026-10-05,GE
10,-1.7861828978361258e-05,2026-10-05,GE
11,0.004654122301621455,2026-10-05,GE
12,0.0035984583356725545,2026-10-05,GE
13,0.0021506945654107723,2026-10-05,GE
14,-0.0065085304798464545,2026-10-05,GE
1,-0.0009982448175627349,2026-10-05,GEHC
2,-0.0027278468987023473,2026-10-05,GEHC
3,-0.0029646038453261057,2026-10-05,GEHC
4,-0.0026460815658289013,2026-10-05,GEHC
5,-0.005457820059829766,2026-10-05,GEHC
6,-0.005244945352964199,2026-10-05,GEHC
7,-0.012787993510754143,2026-10-05,GEHC
8,-0.006435638435395002,2026-10-05,GEHC
9,0.0007250174087901706,2026-10-05,GEHC
10,-0.0002857345079518506,2026-10-05,GEHC
11,-0.00347616252872402,2026-10-05,GEHC
12,-0.00667180742038941,2026-10-05,GEHC
13,-0.01042569311614223,2026-10-05,GEHC
14,-0.008499052072100572,2026-10-05,GEHC
1,0.000485643938450651,2026-10-05,GEN
2,-0.0020706952918427266,2026-10-05,GEN
3,-0.0024251685005167137,2026-10-05,GEN
4,-0.002534183776229238,2026-10-05,GEN
5,-0.003195013851583543,2026-10-05,GEN
6,-0.0010129147510987036,2026-10-05,GEN
7,-0.010494721152670562,2026-10-05,GEN
8,-0.0062618898384347015,2026-10-05,GEN
9,-0.0018771681549186459,2026-10-05,GEN
10,0.0006141488177234451,2026-10-05,GEN
11,0.00649106292709904,2026-10-05,GEN
12,-0.008615539255709832,2026-10-05,GEN
13,-0.008267819208539516,2026-10-05,GEN
14,-0.00926644989026135,2026-10-05,GEN
1,-0.004409242026979664,2026-10-05,GENI
2,-0.0005239949476369558,2026-10-05,GENI
3,-0.0041413245508025685,2026-10-05,GENI
4,-0.013369471274424458,2026-10-05,GENI
5,-0.005149621203183264,2026-10-05,GENI
6,-0.0042417658321429515,2026-10-05,GENI
7,0.001149257857908151,2026-10-05,GENI
8,0.000840460225927284,2026-10-05,GENI
9,-0.0029353910675448697,2026-10-05,GENI
10,-0.011299868330764814,2026-10-05,GENI
11,-0.005404100379728389,2026-10-05,GENI
12,0.002505115700087652,2026-10-05,GENI
13,0.005876106918022765,2026-10-05,GENI
14,0.0022486124850983583,2026-10-05,GENI
1,-0.002707063813574234,2026-10-05,GERN
2,-0.0002782097310853482,2026-10-05,GERN
3,-0.004177918466693039,2026-10-05,GERN
4,-0.012564157380506875,2026-10-05,GERN
5,-0.007497880466883598,2026-10-05,GERN
6,-0.0075376628956505985,2026-10-05,GERN
7,-0.0004262943201947001,2026-10-05,GERN
8,-0.003824036051463803,2026-10-05,GERN
9,-0.0012202597361193773,2026-10-05,GERN
10,-0.007652754049261549,2026-10-05,GERN
11,0.0004147161081549724,2026-10-05,GERN
12,0.0001224484460162701,2026-10-05,GERN
13,0.0033564026691894283,2026-10-05,GERN
14,0.006255693409851802,2026-10-05,GERN
1,-0.0019398666443985462,2026-10-05,GEV
2,-0.0008148415234102201,2026-10-05,GEV
3,0.002714604117871677,2026-10-05,GEV
4,0.0023666590662601602,2026-10-05,GEV
5,-0.0005752808183727176,2026-10-05,GEV
6,-0.0003004609811814313,2026-10-05,GEV
7,-0.0028157424292609944,2026-10-05,GEV
8,-2.1714311767201356e-05,2026-10-05,GEV
9,-0.0019584634394474608,2026-10-05,GEV
10,-0.0017387289179062008,2026-10-05,GEV
11,0.004939932459716926,2026-10-05,GEV
12,0.005126840212253428,2026-10-05,GEV
13,0.0022680735497496974,2026-10-05,GEV
14,-0.005546325157329461,2026-10-05,GEV
1,-0.0034340875306488284,2026-10-05,GFF
2,0.0006208626398101658,2026-10-05,GFF
3,-0.003564213676510217,2026-10-05,GFF
4,-0.009455094340856954,2026-10-05,GFF
5,-0.005691108767357626,2026-10-05,GFF
6,-0.00555304877822248,2026-10-05,GFF
7,0.003379216036318505,2026-10-05,GFF
8,-0.003676350398533894,2026-10-05,GFF
9,-0.003174087692514714,2026-10-05,GFF
10,-0.009203065408529911,2026-10-05,GFF
11,-0.003492220471474696,2026-10-05,GFF
12,0.0023998604337366466,2026-10-05,GFF
13,0.004410897216019429,2026-10-05,GFF
14,0.004262348272156739,2026-10-05,GFF
1,-0.0031029197683625736,2026-10-05,GFI
2,0.0001916234362037055,2026-10-05,GFI
3,-0.005650434240482025,2026-10-05,GFI
4,-0.008649282792807593,2026-10-05,GFI
5,-0.0009618033884733998,2026-10-05,GFI
6,-0.003861496183169839,2026-10-05,GFI
7,0.004046627807729854,2026-10-05,GFI
8,-0.0005848634205550521,2026-10-05,GFI
9,-0.000467173838596529,2026-10-05,GFI
10,-0.00798109067203832,2026-10-05,GFI
11,-0.0022655749639309327,2026-10-05,GFI
12,0.0041413897327633705,2026-10-05,GFI
13,0.006599280667576942,2026-10-05,GFI
14,0.003615243134374787,2026-10-05,GFI
1,-0.002014546882954929,2026-10-05,GFL
2,-0.0007834580704901287,2026-10-05,GFL
3,-0.0022705159175872547,2026-10-05,GFL
4,-0.010086309738189943,2026-10-05,GFL
5,-0.005616727613803571,2026-10-05,GFL
6,-0.007018570793564812,2026-10-05,GFL
7,0.0013393318779119018,2026-10-05,GFL
8,-0.0007635753365898374,2026-10-05,GFL
9,-0.003487670110306481,2026-10-05,GFL
10,-0.006980933213815816,2026-10-05,GFL
11,-0.005042434728126964,2026-10-05,GFL
12,-0.0012725656458385645,2026-10-05,GFL
13,-0.004474885526423231,2026-10-05,GFL
14,-0.0033441794957386646,2026-10-05,GFL
1,-0.0008939045381385747,2026-10-05,GFS
2,-0.0014412080956856476,2026-10-05,GFS
3,-0.0010677104119130546,2026-10-05,GFS
4,-0.0006416624388125369,2026-10-05,GFS
5,-0.00043900620469651183,2026-10-05,GFS
6,-0.0026097581224027435,2026-10-05,GFS
7,-0.009814217923659194,2026-10-05,GFS
8,-0.00766754129936289,2026-10-05,GFS
9,-0.0016175647208894455,2026-10-05,GFS
10,-0.002794881115002198,2026-10-05,GFS
11,0.0013614968272433632,2026-10-05,GFS
12,-0.005754285081075767,2026-10-05,GFS
13,-0.008533432253541109,2026-10-05,GFS
14,-0.008180172064336445,2026-10-05,GFS
1,-0.002840577743659556,2026-10-05,GGB
2,-0.00019069350839437353,2026-10-05,GGB
3,-0.003870630445198928,2026-10-05,GGB
4,-0.009992792765778252,2026-10-05,GGB
5,-0.008788404145351057,2026-10-05,GGB
6,-0.008690630096704385,2026-10-05,GGB
7,0.0031837825107081034,2026-10-05,GGB
8,-0.0017313228725463169,2026-10-05,GGB
9,-0.004636201528819603,2026-10-05,GGB
10,-0.0069903298927213855,2026-10-05,GGB
11,0.000836525612493115,2026-10-05,GGB
12,0.0032349603424563097,2026-10-05,GGB
13,0.00705203592449795,2026-10-05,GGB
14,0.004466875217536649,2026-10-05,GGB
1,-0.003710194979909816,2026-10-05,GH
2,0.0004933023583376658,2026-10-05,GH
3,-0.0035154998028655623,2026-10-05,GH
4,-0.01330043533959595,2026-10-05,GH
5,-0.006248516556091471,2026-10-05,GH
6,-0.00010627603226873996,2026-10-05,GH
7,-0.001874153337654854,2026-10-05,GH
8,-0.0009400757968767964,2026-10-05,GH
9,-0.003963684742575668,2026-10-05,GH
10,-0.00789209524121014,2026-10-05,GH
11,-0.007318543896559306,2026-10-05,GH
12,0.004684049507555598,2026-10-05,GH
13,0.005913349615109297,2026-10-05,GH
14,-0.0006576870079599508,2026-10-05,GH
1,0.0006911504477182546,2026-10-05,GILD
2,-0.0018753782209422276,2026-10-05,GILD
3,0.0020144021616007057,2026-10-05,GILD
4,-0.00032549587051770813,2026-10-05,GILD
5,0.0006309076228704471,2026-10-05,GILD
6,0.002706243435807366,2026-10-05,GILD
7,-0.0020133378495454995,2026-10-05,GILD
8,0.000720679677192727,2026-10-05,GILD
9,-0.002085189662776103,2026-10-05,GILD
10,-0.001849316170342773,2026-10-05,GILD
11,0.01021652534131669,2026-10-05,GILD
12,0.003062246947596423,2026-10-05,GILD
13,0.000645817863417277,2026-10-05,GILD
14,-0.004253306215345953,2026-10-05,GILD
1,-0.00019591224648557538,2026-10-05,GIS
2,-0.0014530278474144374,2026-10-05,GIS
3,-0.002976669344403121,2026-10-05,GIS
4,-0.0033260032250655496,2026-10-05,GIS
5,-0.004078608006009214,2026-10-05,GIS
6,-0.002214503257482657,2026-10-05,GIS
7,-0.011304908084988078,2026-10-05,GIS
8,-0.005422949553392797,2026-10-05,GIS
9,-0.0019281478954610684,2026-10-05,GIS
10,-0.00017705779744449748,2026-10-05,GIS
11,0.0022919635486775888,2026-10-05,GIS
12,-0.004076062565344357,2026-10-05,GIS
13,-0.009456585901139365,2026-10-05,GIS
14,-0.0058669105516990765,2026-10-05,GIS
1,-0.0013284505480606911,2026-10-05,GL
2,-0.0005894583400899745,2026-10-05,GL
3,-0.003510487836644104,2026-10-05,GL
4,-0.008611260947170421,2026-10-05,GL
5,-0.004459897782258237,2026-10-05,GL
6,-0.0001928643980678002,2026-10-05,GL
7,0.003495117735319416,2026-10-05,GL
8,0.00019030285902273816,2026-10-05,GL
9,-0.0028673039184261687,2026-10-05,GL
10,-0.0108161297590683,2026-10-05,GL
11,-0.0009162074348257,2026-10-05,GL
12,0.007041644963822463,2026-10-05,GL
13,-0.002338767230171794,2026-10-05,GL
14,-0.0031795688722557015,2026-10-05,GL
1,-0.0028337249865809243,2026-10-05,GLBE
2,0.0005042189244275237,2026-10-05,GLBE
3,-0.004915140077692533,2026-10-05,GLBE
4,-0.010419287743571624,2026-10-05,GLBE
5,-0.004876775826634773,2026-10-05,GLBE
6,-0.0031491015940248754,2026-10-05,GLBE
7,0.003176923479547681,2026-10-05,GLBE
8,0.0019661391188932563,2026-10-05,GLBE
9,-0.0024064080231658487,2026-10-05,GLBE
10,-0.004947392798760352,2026-10-05,GLBE
11,-0.008066002222422536,2026-10-05,GLBE
12,0.005534388975631112,2026-10-05,GLBE
13,0.012858661532700731,2026-10-05,GLBE
14,0.004002316741689352,2026-10-05,GLBE
1,-0.0024360384596835752,2026-10-05,GLNG
2,-0.0004440479796326587,2026-10-05,GLNG
3,-0.0027436661905786146,2026-10-05,GLNG
4,-0.0039285517515011865,2026-10-05,GLNG
5,-0.004254308226009154,2026-10-05,GLNG
6,-0.0008403945913127626,2026-10-05,GLNG
7,-0.0016231947745024436,2026-10-05,GLNG
8,-0.0031720743791717673,2026-10-05,GLNG
9,-0.004786776806695174,2026-10-05,GLNG
10,-0.007445018904245277,2026-10-05,GLNG
11,-0.006164095896994969,2026-10-05,GLNG
12,-0.0017853593760956766,2026-10-05,GLNG
13,-0.006283495498199566,2026-10-05,GLNG
14,-0.008644163194535488,2026-10-05,GLNG
1,-0.0023774464872205196,2026-10-05,GLPI
2,-0.00010060574932183096,2026-10-05,GLPI
3,-0.004514468284148454,2026-10-05,GLPI
4,-0.008753324606910182,2026-10-05,GLPI
5,-0.005221016523566407,2026-10-05,GLPI
6,-0.0010175124754196996,2026-10-05,GLPI
7,-0.0017183536149934693,2026-10-05,GLPI
8,-0.0020926879921277872,2026-10-05,GLPI
9,-0.0027334191092933144,2026-10-05,GLPI
10,-0.012519142033440843,2026-10-05,GLPI
11,-0.004945009153383594,2026-10-05,GLPI
12,0.001725170883400005,2026-10-05,GLPI
13,-0.002541515795410361,2026-10-05,GLPI
14,-0.008274721060713744,2026-10-05,GLPI
1,-0.00019921077933189997,2026-10-05,GLW
2,-0.002516621504334461,2026-10-05,GLW
3,-0.0012568632703774123,2026-10-05,GLW
4,-0.0017960063528960864,2026-10-05,GLW
5,-0.0014193221833259612,2026-10-05,GLW
6,-0.0032911611925094267,2026-10-05,GLW
7,-0.009408833780792929,2026-10-05,GLW
8,-0.004685702781260473,2026-10-05,GLW
9,0.0002543437602423391,2026-10-05,GLW
10,-2.899944848156379e-06,2026-10-05,GLW
11,0.0037426363310344587,2026-10-05,GLW
12,-0.008619060243455252,2026-10-05,GLW
13,-0.008712506136190599,2026-10-05,GLW
14,-0.0030855002726440355,2026-10-05,GLW
1,0.00044907639329677066,2026-10-05,GM
2,-0.0009399118531546635,2026-10-05,GM
3,6.75153114358769e-05,2026-10-05,GM
4,-0.0001315411109017294,2026-10-05,GM
5,0.002211008094332714,2026-10-05,GM
6,-0.0013252457957020137,2026-10-05,GM
7,-0.00023620168428564587,2026-10-05,GM
8,0.00011384234553647573,2026-10-05,GM
9,0.00014224760873565509,2026-10-05,GM
10,-0.0008199491154753388,2026-10-05,GM
11,0.004857072226789052,2026-10-05,GM
12,0.001378777638812949,2026-10-05,GM
13,0.006735480574780478,2026-10-05,GM
14,-0.0016500688564911852,2026-10-05,GM
1,-0.0029640358876517336,2026-10-05,GMED
2,-0.00017050821006129997,2026-10-05,GMED
3,-0.006949363667773654,2026-10-05,GMED
4,-0.010164460020492545,2026-10-05,GMED
5,-0.006152852834248128,2026-10-05,GMED
6,-0.004488717723955534,2026-10-05,GMED
7,-0.000780696602283359,2026-10-05,GMED
8,-3.469078927901592e-05,2026-10-05,GMED
9,-0.006401531862052602,2026-10-05,GMED
10,-0.007845731145748155,2026-10-05,GMED
11,-0.008294597675865068,2026-10-05,GMED
12,0.0016869689880834409,2026-10-05,GMED
13,0.0031663346606811004,2026-10-05,GMED
14,-0.00040740004316594254,2026-10-05,GMED
1,-0.0016470175130020304,2026-10-05,GNL
2,-0.00041349944781911865,2026-10-05,GNL
3,-0.0036810656077461905,2026-10-05,GNL
4,-0.008728591614964778,2026-10-05,GNL
5,-0.006045503102875239,2026-10-05,GNL
6,-0.001791080918714029,2026-10-05,GNL
7,-0.00027969060087370363,2026-10-05,GNL
8,-0.007701315055697665,2026-10-05,GNL
9,-0.0005888418335942855,2026-10-05,GNL
10,-0.009207830389590577,2026-10-05,GNL
11,-0.005661766170825492,2026-10-05,GNL
12,-0.00030280957655221794,2026-10-05,GNL
13,-0.0017185877404673016,2026-10-05,GNL
14,-0.01149105726816313,2026-10-05,GNL
1,-0.0021132704102629716,2026-10-05,GNTX
2,-0.0010733752691195356,2026-10-05,GNTX
3,-0.00545709728607431,2026-10-05,GNTX
4,-0.007661391543136071,2026-10-05,GNTX
5,-0.008410159858850326,2026-10-05,GNTX
6,-0.0034190368962351853,2026-10-05,GNTX
7,0.002633127465891085,2026-10-05,GNTX
8,-0.003996771427751347,2026-10-05,GNTX
9,-0.0017952892185766054,2026-10-05,GNTX
10,-0.008982170037987222,2026-10-05,GNTX
11,-0.005986318255681961,2026-10-05,GNTX
12,0.0034300431728880036,2026-10-05,GNTX
13,-0.001469015820736105,2026-10-05,GNTX
14,-0.010779496914632064,2026-10-05,GNTX
1,-0.002686435043878416,2026-10-05,GO
2,0.0004545768860979206,2026-10-05,GO
3,-0.004333286908906112,2026-10-05,GO
4,-0.009712976840664508,2026-10-05,GO
5,-0.006407680635170232,2026-10-05,GO
6,-0.006386061457292475,2026-10-05,GO
7,0.0012158861764860888,2026-10-05,GO
8,-0.004499156443951588,2026-10-05,GO
9,-0.0028394109027579544,2026-10-05,GO
10,-0.009499400651713298,2026-10-05,GO
11,-0.0029522788327712955,2026-10-05,GO
12,0.00034569784685564584,2026-10-05,GO
13,0.002465157114397562,2026-10-05,GO
14,0.003768718354601565,2026-10-05,GO
1,-0.003686801700229235,2026-10-05,GOGL
2,-0.0008510655779458022,2026-10-05,GOGL
3,-0.0031368979736320465,2026-10-05,GOGL
4,-0.006901849529386982,2026-10-05,GOGL
5,-0.0064635176349605765,2026-10-05,GOGL
6,0.0029062990979171715,2026-10-05,GOGL
7,-0.0035264183715899376,2026-10-05,GOGL
8,-0.001732907876942347,2026-10-05,GOGL
9,-0.003334747516306016,2026-10-05,GOGL
10,-0.00855764967532386,2026-10-05,GOGL
11,-0.0010060849777702478,2026-10-05,GOGL
12,-0.004363565306568684,2026-10-05,GOGL
13,-0.0038512944650889876,2026-10-05,GOGL
14,-0.00340750543199083,2026-10-05,GOGL
1,0.0008705830575596644,2026-10-05,GOLD
2,-0.0011865818042653055,2026-10-05,GOLD
3,0.002124199728225038,2026-10-05,GOLD
4,-0.00018682275270852366,2026-10-05,GOLD
5,-0.0006768642184902751,2026-10-05,GOLD
6,-0.0009943326322624185,2026-10-05,GOLD
7,-0.0028094853449962707,2026-10-05,GOLD
8,0.0017663463799900134,2026-10-05,GOLD
9,-0.00011708296510918962,2026-10-05,GOLD
10,-0.0011703113082847238,2026-10-05,GOLD
11,0.006125575160295069,2026-10-05,GOLD
12,0.00488137991271249,2026-10-05,GOLD
13,0.0034663772855765,2026-10-05,GOLD
14,-0.0033608066564110458,2026-10-05,GOLD
1,0.0007477848771597643,2026-10-05,GOOG
2,-0.002210009629778953,2026-10-05,GOOG
3,0.0034367716881166886,2026-10-05,GOOG
4,0.00029801056711671495,2026-10-05,GOOG
5,0.0020829173941622377,2026-10-05,GOOG
6,8.915422258734086e-05,2026-10-05,GOOG
7,-0.001162237954225895,2026-10-05,GOOG
8,-0.00013170350257517242,2026-10-05,GOOG
9,-0.0007468297535403955,2026-10-05,GOOG
10,0.00030450371473242393,2026-10-05,GOOG
11,0.004958514986588796,2026-10-05,GOOG
12,0.004501860645422804,2026-10-05,GOOG
13,0.004050458884816529,2026-10-05,GOOG
14,-0.006126576491220206,2026-10-05,GOOG
1,0.0008127320706827339,2026-10-05,GOOGL
2,-0.0020695214712304413,2026-10-05,GOOGL
3,0.0031657489162373142,2026-10-05,GOOGL
4,0.0008190044999687394,2026-10-05,GOOGL
5,0.002386912662280106,2026-10-05,GOOGL
6,-0.0006265114516665492,2026-10-05,GOOGL
7,-0.0017337780646716294,2026-10-05,GOOGL
8,-0.0007794761071816664,2026-10-05,GOOGL
9,-0.0007747778240080474,2026-10-05,GOOGL
10,-0.0001300630027422327,2026-10-05,GOOGL
11,0.004726587940883563,2026-10-05,GOOGL
12,0.005193105996860284,2026-10-05,GOOGL
13,0.003494767489579416,2026-10-05,GOOGL
14,-0.005939959029768108,2026-10-05,GOOGL
1,-0.0042107335803666214,2026-10-05,GOTU
2,-0.0001061674371433667,2026-10-05,GOTU
3,-0.0028039968981926656,2026-10-05,GOTU
4,-0.01239649428604898,2026-10-05,GOTU
5,-0.004892245375810344,2026-10-05,GOTU
6,-0.0031191131372094822,2026-10-05,GOTU
7,0.0027818222091658346,2026-10-05,GOTU
8,-0.002099041972076804,2026-10-05,GOTU
9,-0.005371167729934012,2026-10-05,GOTU
10,-0.007247868921717939,2026-10-05,GOTU
11,-0.012516315838459453,2026-10-05,GOTU
12,0.0020424268220977466,2026-10-05,GOTU
13,0.008105009688830826,2026-10-05,GOTU
14,0.002233298651542613,2026-10-05,GOTU
1,-0.0010550005704925685,2026-10-05,GPC
2,-0.0018553194482859806,2026-10-05,GPC
3,-0.0019491502428745807,2026-10-05,GPC
4,-0.0032939674928785198,2026-10-05,GPC
5,-0.0007160031584259147,2026-10-05,GPC
6,-0.002896590294242655,2026-10-05,GPC
7,-0.010058356864702684,2026-10-05,GPC
8,-0.00690432461827048,2026-10-05,GPC
9,-0.0015618936865768028,2026-10-05,GPC
10,-0.0003094567964402971,2026-10-05,GPC
11,1.890144094376459e-05,2026-10-05,GPC
12,-0.007694539865995258,2026-10-05,GPC
13,-0.007979334285516993,2026-10-05,GPC
14,-0.006539831555177941,2026-10-05,GPC
1,-0.004287390598380499,2026-10-05,GPCR
2,-0.0003418125716069616,2026-10-05,GPCR
3,-0.003181846490400572,2026-10-05,GPCR
4,-0.011395789602363074,2026-10-05,GPCR
5,-0.006233712124991588,2026-10-05,GPCR
6,-0.002687842212420587,2026-10-05,GPCR
7,0.002050113392094018,2026-10-05,GPCR
8,0.00046300158740611647,2026-10-05,GPCR
9,-0.0026958328522343053,2026-10-05,GPCR
10,-0.010308164996097496,2026-10-05,GPCR
11,-0.010678580482243731,2026-10-05,GPCR
12,0.0005827915065166424,2026-10-05,GPCR
13,-0.0011864133817089007,2026-10-05,GPCR
14,-0.00034399892008745597,2026-10-05,GPCR
1,-0.002828735088573709,2026-10-05,GPK
2,-0.00044009929265609896,2026-10-05,GPK
3,-0.004901435672203387,2026-10-05,GPK
4,-0.009319085314908562,2026-10-05,GPK
5,-0.008523225966867118,2026-10-05,GPK
6,-0.00431880531857713,2026-10-05,GPK
7,0.0009951847781114675,2026-10-05,GPK
8,-0.0031887274541351853,2026-10-05,GPK
9,-0.0036716852881846724,2026-10-05,GPK
10,-0.008491385841658834,2026-10-05,GPK
11,-0.004391712930536134,2026-10-05,GPK
12,-0.0007151554966829268,2026-10-05,GPK
13,0.003597518036841323,2026-10-05,GPK
14,0.002327608161855519,2026-10-05,GPK
1,0.00018827804380953833,2026-10-05,GPN
2,-0.0020865744043038993,2026-10-05,GPN
3,-0.002207551414074168,2026-10-05,GPN
4,-0.0034417217598526934,2026-10-05,GPN
5,-0.0021793431438728414,2026-10-05,GPN
6,-0.001372488477605903,2026-10-05,GPN
7,-0.013401774103573075,2026-10-05,GPN
8,-0.007319036276733788,2026-10-05,GPN
9,-0.001382841774789748,2026-10-05,GPN
10,0.0024967131188630503,2026-10-05,GPN
11,0.004424971110294072,2026-10-05,GPN
12,-0.001887191906149553,2026-10-05,GPN
13,-0.007838673321313237,2026-10-05,GPN
14,-0.008593858707863002,2026-10-05,GPN
1,-0.0034934273183038246,2026-10-05,GPRE
2,-0.0007176219209209398,2026-10-05,GPRE
3,-0.0030236960461928527,2026-10-05,GPRE
4,-0.009037501960327328,2026-10-05,GPRE
5,-0.00786668248118833,2026-10-05,GPRE
6,-0.005106881705125313,2026-10-05,GPRE
7,-0.007042728298021867,2026-10-05,GPRE
8,-0.005277885898148307,2026-10-05,GPRE
9,2.638709624174053e-05,2026-10-05,GPRE
10,-0.009347869397587659,2026-10-05,GPRE
11,-0.008989330279065285,2026-10-05,GPRE
12,0.0011787234745549823,2026-10-05,GPRE
13,0.006782999944796019,2026-10-05,GPRE
14,0.0009746895690352376,2026-10-05,GPRE
1,-0.002882702493464051,2026-10-05,GRAB
2,0.00023566781450878825,2026-10-05,GRAB
3,-0.004117617225217957,2026-10-05,GRAB
4,-0.00965584762362672,2026-10-05,GRAB
5,-0.005921779336114,2026-10-05,GRAB
6,-0.0026639299884533207,2026-10-05,GRAB
7,0.004024004011564437,2026-10-05,GRAB
8,0.0011792530783869908,2026-10-05,GRAB
9,-0.005141050348055389,2026-10-05,GRAB
10,-0.0019304119481647506,2026-10-05,GRAB
11,-0.012954188728854468,2026-10-05,GRAB
12,-0.002254243480651316,2026-10-05,GRAB
13,0.0006761448844417356,2026-10-05,GRAB
14,-0.004328104253096853,2026-10-05,GRAB
1,-0.0004863033513635337,2026-10-05,GS
2,-0.0015623931710894202,2026-10-05,GS
3,0.0031553628262307835,2026-10-05,GS
4,0.00027353963144958793,2026-10-05,GS
5,0.0019132967846139776,2026-10-05,GS
6,0.0011139602274062882,2026-10-05,GS
7,-0.00019945848625752135,2026-10-05,GS
8,0.0023678262772014983,2026-10-05,GS
9,-0.0022997177458136922,2026-10-05,GS
10,0.0026157128449130727,2026-10-05,GS
11,0.004148984490324077,2026-10-05,GS
12,0.001719211971701743,2026-10-05,GS
13,0.0015203903282301917,2026-10-05,GS
14,-0.005680325334515623,2026-10-05,GS
1,0.00043192360218531953,2026-10-05,GSK
2,-0.0018502279644540846,2026-10-05,GSK
3,0.0028923478169002484,2026-10-05,GSK
4,-0.00036992408327963703,2026-10-05,GSK
5,-0.0008452632128647795,2026-10-05,GSK
6,-0.0017818638480378212,2026-10-05,GSK
7,-0.0014550454488893038,2026-10-05,GSK
8,0.001187648431629231,2026-10-05,GSK
9,-0.0004396880578612648,2026-10-05,GSK
10,-0.001656924112142916,2026-10-05,GSK
11,0.005718405977844694,2026-10-05,GSK
12,0.00021150137963358643,2026-10-05,GSK
13,0.0030002949889812148,2026-10-05,GSK
14,-0.0027373444540297856,2026-10-05,GSK
1,-0.0032500206265416364,2026-10-05,GT
2,0.000807888436434418,2026-10-05,GT
3,-0.0030207080957415124,2026-10-05,GT
4,-0.012717040542369102,2026-10-05,GT
5,-0.0057113414295053766,2026-10-05,GT
6,-0.0024521552277687038,2026-10-05,GT
7,0.0007320383695604841,2026-10-05,GT
8,-0.005964364921476136,2026-10-05,GT
9,-0.002235037235238881,2026-10-05,GT
10,-0.015094932939374453,2026-10-05,GT
11,-0.0028112658833352594,2026-10-05,GT
12,0.0010311076539957177,2026-10-05,GT
13,0.004171837492664248,2026-10-05,GT
14,0.00358199305038281,2026-10-05,GT
1,-0.0026355084156757876,2026-10-05,GTES
2,0.0014367517548870834,2026-10-05,GTES
3,-0.0016666960235969437,2026-10-05,GTES
4,-0.01058125863138792,2026-10-05,GTES
5,-0.005116496862321197,2026-10-05,GTES
6,-0.004921803457898652,2026-10-05,GTES
7,-0.00018242953044024775,2026-10-05,GTES
8,-0.008084792302934768,2026-10-05,GTES
9,-0.004749181935578654,2026-10-05,GTES
10,0.0010353394046339894,2026-10-05,GTES
11,-0.011687560478270806,2026-10-05,GTES
12,0.0020778626866679068,2026-10-05,GTES
13,-0.003956981441336344,2026-10-05,GTES
14,0.004328906454404608,2026-10-05,GTES
1,-0.004417105748667904,2026-10-05,GTLB
2,0.00023031977586240884,2026-10-05,GTLB
3,-0.0037445333765781076,2026-10-05,GTLB
4,-0.011485438317967112,2026-10-05,GTLB
5,-0.004534986656259667,2026-10-05,GTLB
6,-0.005773378340390987,2026-10-05,GTLB
7,0.002334264986825337,2026-10-05,GTLB
8,-0.00041418835522042915,2026-10-05,GTLB
9,-0.0024168605228362568,2026-10-05,GTLB
10,-0.010765549958973296,2026-10-05,GTLB
11,-0.008533489684085127,2026-10-05,GTLB
12,0.004645979624651856,2026-10-05,GTLB
13,0.010413062307711373,2026-10-05,GTLB
14,0.004713802028545561,2026-10-05,GTLB
1,-0.0025470795241823887,2026-10-05,GXO
2,-0.0002346515863037263,2026-10-05,GXO
3,-0.0036776016220526828,2026-10-05,GXO
4,-0.008927995045501695,2026-10-05,GXO
5,-0.007239279371146859,2026-10-05,GXO
6,-0.0021242944387477427,2026-10-05,GXO
7,0.00025742208787205516,2026-10-05,GXO
8,-0.0020498646937818187,2026-10-05,GXO
9,-0.0016222271118911712,2026-10-05,GXO
10,-0.006126229819731398,2026-10-05,GXO
11,-0.008902697641032268,2026-10-05,GXO
12,0.007097895349934824,2026-10-05,GXO
13,0.004044624024609574,2026-10-05,GXO
14,0.0031638437868845783,2026-10-05,GXO
1,-0.0004174039550693453,2026-10-05,HAL
2,-0.001819092386715901,2026-10-05,HAL
3,-0.0016605694559003888,2026-10-05,HAL
4,-0.0015757302913015198,2026-10-05,HAL
5,-0.002144370399809894,2026-10-05,HAL
6,-0.002640925185869267,2026-10-05,HAL
7,-0.004679439446354734,2026-10-05,HAL
8,-0.005545187219787266,2026-10-05,HAL
9,0.002154410692810986,2026-10-05,HAL
10,-0.0021738251248758075,2026-10-05,HAL
11,0.001762293436226756,2026-10-05,HAL
12,-0.008766181428156633,2026-10-05,HAL
13,-0.007056213804604117,2026-10-05,HAL
14,-0.005908390610535284,2026-10-05,HAL
1,-0.003120876825043635,2026-10-05,HALO
2,0.0007270702200374666,2026-10-05,HALO
3,-0.0030879486225859716,2026-10-05,HALO
4,-0.01174851331686323,2026-10-05,HALO
5,-0.006435676049355417,2026-10-05,HALO
6,-0.004927879070247131,2026-10-05,HALO
7,0.004720877391683989,2026-10-05,HALO
8,-0.006808924301835169,2026-10-05,HALO
9,-0.004156813076465919,2026-10-05,HALO
10,-0.004828766665721087,2026-10-05,HALO
11,-0.007038844152440292,2026-10-05,HALO
12,0.001423378701493071,2026-10-05,HALO
13,-0.005011381259885842,2026-10-05,HALO
14,0.0001278066521995943,2026-10-05,HALO
1,-0.0033845400606589662,2026-10-05,HAS
2,-0.0009727796444655654,2026-10-05,HAS
3,-0.0045502672419783195,2026-10-05,HAS
4,-0.013817007528886848,2026-10-05,HAS
5,-0.00473861865445513,2026-10-05,HAS
6,-0.003729465236021062,2026-10-05,HAS
7,-0.005332099049357416,2026-10-05,HAS
8,-0.004757854665018548,2026-10-05,HAS
9,-0.00248091575630745,2026-10-05,HAS
10,-0.010742050286451997,2026-10-05,HAS
11,-0.013358927221766449,2026-10-05,HAS
12,-0.0030015267465372457,2026-10-05,HAS
13,-0.0010129682708931494,2026-10-05,HAS
14,-0.009375593726374407,2026-10-05,HAS
1,-0.002446739498259513,2026-10-05,HASI
2,-0.0005765318804223063,2026-10-05,HASI
3,-0.0031842450540205537,2026-10-05,HASI
4,-0.011095413911601314,2026-10-05,HASI
5,-0.0076687800315364514,2026-10-05,HASI
6,-0.0031516303073136206,2026-10-05,HASI
7,0.002400670823874871,2026-10-05,HASI
8,-0.002063841899189109,2026-10-05,HASI
9,-0.0029098678248240424,2026-10-05,HASI
10,-0.008302254423480326,2026-10-05,HASI
11,-0.0006618728734749207,2026-10-05,HASI
12,0.0053631859317157665,2026-10-05,HASI
13,-0.0012378227708598462,2026-10-05,HASI
14,0.0033417531869887225,2026-10-05,HASI
1,-0.0025399864437477297,2026-10-05,HAYW
2,-0.0006678504443985271,2026-10-05,HAYW
3,-0.006296445949790121,2026-10-05,HAYW
4,-0.011867400271154786,2026-10-05,HAYW
5,-0.00542623003452099,2026-10-05,HAYW
6,-0.008423665896240712,2026-10-05,HAYW
7,0.003763526988284882,2026-10-05,HAYW
8,-0.002197442414304347,2026-10-05,HAYW
9,-0.000641484811658697,2026-10-05,HAYW
10,-0.012285691020237917,2026-10-05,HAYW
11,-0.0034510535474411093,2026-10-05,HAYW
12,-0.0033949536346344995,2026-10-05,HAYW
13,0.005644408259543327,2026-10-05,HAYW
14,0.0027203563101741318,2026-10-05,HAYW
1,-0.0005784979223462773,2026-10-05,HBAN
2,-0.002042567636240481,2026-10-05,HBAN
3,-0.001253444308778265,2026-10-05,HBAN
4,-0.0006110667084926805,2026-10-05,HBAN
5,-0.00022360913288237814,2026-10-05,HBAN
6,-0.0072413351194769065,2026-10-05,HBAN
7,-0.0015915781283974086,2026-10-05,HBAN
8,-0.004095206968733862,2026-10-05,HBAN
9,0.0007653795435982101,2026-10-05,HBAN
10,-0.0027048295039030297,2026-10-05,HBAN
11,0.0024378954529160036,2026-10-05,HBAN
12,-0.009115509824892638,2026-10-05,HBAN
13,-0.006131488276889698,2026-10-05,HBAN
14,-0.00653315455706745,2026-10-05,HBAN
1,-0.0028557460605992038,2026-10-05,HBM
2,-0.0017893889472468888,2026-10-05,HBM
3,-0.00497359246139593,2026-10-05,HBM
4,-0.010102675881241079,2026-10-05,HBM
5,-0.008359032710520357,2026-10-05,HBM
6,-0.003865498975915334,2026-10-05,HBM
7,0.0020669439142602117,2026-10-05,HBM
8,-0.001208238017518145,2026-10-05,HBM
9,-0.0005865356103151367,2026-10-05,HBM
10,-0.0054266585769205756,2026-10-05,HBM
11,-0.001679885712432089,2026-10-05,HBM
12,0.002800320926353227,2026-10-05,HBM
13,0.0063643990374578335,2026-10-05,HBM
14,0.005681574581619731,2026-10-05,HBM
1,0.00013406772127139222,2026-10-05,HCA
2,-0.0016294527012794841,2026-10-05,HCA
3,1.9425859112833328e-05,2026-10-05,HCA
4,-0.00045615597897335125,2026-10-05,HCA
5,0.0006675677516831492,2026-10-05,HCA
6,-0.0020321964550977117,2026-10-05,HCA
7,-0.003169540300103207,2026-10-05,HCA
8,0.00089617296191421,2026-10-05,HCA
9,-0.0028253376667865334,2026-10-05,HCA
10,-0.000862323966541449,2026-10-05,HCA
11,0.005865600947620141,2026-10-05,HCA
12,0.0031628489468131316,2026-10-05,HCA
13,0.0008959732921718794,2026-10-05,HCA
14,-0.004167725590790918,2026-10-05,HCA
1,-0.003567936159845757,2026-10-05,HCC
2,0.001169032638979834,2026-10-05,HCC
3,-0.0029081246866110595,2026-10-05,HCC
4,-0.008944140229467653,2026-10-05,HCC
5,-0.004514218096889417,2026-10-05,HCC
6,-0.002954859296200988,2026-10-05,HCC
7,0.0014368984555735854,2026-10-05,HCC
8,0.002528526744560993,2026-10-05,HCC
9,-0.0009568518677537922,2026-10-05,HCC
10,-0.007965566595834193,2026-10-05,HCC
11,-0.00945415736036457,2026-10-05,HCC
12,0.003696527871737989,2026-10-05,HCC
13,0.006118420639713142,2026-10-05,HCC
14,0.007187402797257594,2026-10-05,HCC
1,0.00032936885696199363,2026-10-05,HD
2,-0.0015068094480069477,2026-10-05,HD
3,0.0019743914010447003,2026-10-05,HD
4,3.1477719973887445e-05,2026-10-05,HD
5,-0.0005441896889008889,2026-10-05,HD
6,-0.0013975077534230905,2026-10-05,HD
7,-0.0018813955643928466,2026-10-05,HD
8,-0.0005349033517859341,2026-10-05,HD
9,-0.0013963339352242486,2026-10-05,HD
10,-0.002629082276522726,2026-10-05,HD
11,0.0026597021357564273,2026-10-05,HD
12,0.00010677615695153498,2026-10-05,HD
13,0.0021276528712001795,2026-10-05,HD
14,-0.003559319141279573,2026-10-05,HD
1,0.00044487491731007967,2026-10-05,HDB
2,-0.0015242410292123662,2026-10-05,HDB
3,0.0022000692810317975,2026-10-05,HDB
4,0.0001813765151897562,2026-10-05,HDB
5,0.0007471477002155913,2026-10-05,HDB
6,-0.0015242557841262674,2026-10-05,HDB
7,-0.0026639182345140036,2026-10-05,HDB
8,0.002553359878756457,2026-10-05,HDB
9,-0.0013933162376772235,2026-10-05,HDB
10,-0.0009896519750875411,2026-10-05,HDB
11,0.004139586000044994,2026-10-05,HDB
12,0.004833513212340192,2026-10-05,HDB
13,0.0014187756852108743,2026-10-05,HDB
14,-0.005078116260140077,2026-10-05,HDB
1,-0.00036909500642466614,2026-10-05,HIG
2,-0.0015992107705178264,2026-10-05,HIG
3,-0.0015754150648020387,2026-10-05,HIG
4,-0.00283599467466675,2026-10-05,HIG
5,-0.0038863648209494857,2026-10-05,HIG
6,-0.0020258961557195754,2026-10-05,HIG
7,-0.008972245038086172,2026-10-05,HIG
8,-0.006422167064118255,2026-10-05,HIG
9,-0.000793371175442241,2026-10-05,HIG
10,-0.0007131561360150318,2026-10-05,HIG
11,0.0057846817449041295,2026-10-05,HIG
12,-0.0064677183592174795,2026-10-05,HIG
13,-0.007833017417516843,2026-10-05,HIG
14,-0.005986619783197813,2026-10-05,HIG
1,-0.003943595631626951,2026-10-05,HIMS
2,5.693437339330877e-05,2026-10-05,HIMS
3,-0.00226285550962363,2026-10-05,HIMS
4,-0.012851060228070558,2026-10-05,HIMS
5,-0.004907957968471019,2026-10-05,HIMS
6,-0.0020680858571654344,2026-10-05,HIMS
7,-0.000968844481007176,2026-10-05,HIMS
8,-0.003170123124864141,2026-10-05,HIMS
9,0.005545340592510932,2026-10-05,HIMS
10,0.003048425308984819,2026-10-05,HIMS
11,-0.0022313122377108463,2026-10-05,HIMS
12,0.0003919806904431845,2026-10-05,HIMS
13,0.004022713538488848,2026-10-05,HIMS
14,0.00433787857655966,2026-10-05,HIMS
1,-0.001748047820876108,2026-10-05,HIW
2,-0.0007082176251965002,2026-10-05,HIW
3,-0.002972554253537763,2026-10-05,HIW
4,-0.012023789761204487,2026-10-05,HIW
5,-0.005479346764813812,2026-10-05,HIW
6,-0.003736287864680291,2026-10-05,HIW
7,0.0007579724121590053,2026-10-05,HIW
8,-0.001581774921861361,2026-10-05,HIW
9,-0.004161060135258082,2026-10-05,HIW
10,-0.0060756605924564035,2026-10-05,HIW
11,-0.013488735105747392,2026-10-05,HIW
12,-0.0018834759903197822,2026-10-05,HIW
13,0.005624221931829718,2026-10-05,HIW
14,0.001837265705070767,2026-10-05,HIW
1,-0.0024620577729557187,2026-10-05,HL
2,-0.0010979812645679724,2026-10-05,HL
3,-0.005781260178793577,2026-10-05,HL
4,-0.008340180539038186,2026-10-05,HL
5,-0.0039280864318482715,2026-10-05,HL
6,-0.006761924145583569,2026-10-05,HL
7,0.004423028347867591,2026-10-05,HL
8,0.0016708783093299293,2026-10-05,HL
9,0.004091345164139001,2026-10-05,HL
10,-0.006882193866635128,2026-10-05,HL
11,-0.003048916523547549,2026-10-05,HL
12,0.0018307900102073945,2026-10-05,HL
13,0.009046248285212515,2026-10-05,HL
14,0.003165147940136924,2026-10-05,HL
1,-0.0026430482048103556,2026-10-05,HLF
2,-0.0006572838643684889,2026-10-05,HLF
3,-0.0010460730527402306,2026-10-05,HLF
4,-0.01055188371012891,2026-10-05,HLF
5,-0.0087519837633105,2026-10-05,HLF
6,-0.006451572209066545,2026-10-05,HLF
7,-0.0005565787298489148,2026-10-05,HLF
8,-0.002175480015966864,2026-10-05,HLF
9,-0.0027789317975646156,2026-10-05,HLF
10,-0.007864929517042308,2026-10-05,HLF
11,-0.0016361578531144706,2026-10-05,HLF
12,0.0034593499719978724,2026-10-05,HLF
13,0.007199769710679026,2026-10-05,HLF
14,0.0028314361939988106,2026-10-05,HLF
1,-0.0016974113966514198,2026-10-05,HLIT
2,-0.0008323439520428364,2026-10-05,HLIT
3,-0.004025067722291939,2026-10-05,HLIT
4,-0.009677918379213397,2026-10-05,HLIT
5,-0.004639362530474968,2026-10-05,HLIT
6,-0.004498529892999864,2026-10-05,HLIT
7,0.004306035579403403,2026-10-05,HLIT
8,-0.0002660329228188294,2026-10-05,HLIT
9,-0.002765750733944755,2026-10-05,HLIT
10,-0.006629862437055287,2026-10-05,HLIT
11,0.0002869828078494897,2026-10-05,HLIT
12,0.0029725567173571814,2026-10-05,HLIT
13,0.011796371914483834,2026-10-05,HLIT
14,0.004891417888168815,2026-10-05,HLIT
1,-0.0007541745690508086,2026-10-05,HLN
2,-0.002012853475030057,2026-10-05,HLN
3,-0.0015090920362529812,2026-10-05,HLN
4,-0.002825994714116635,2026-10-05,HLN
5,-7.835977705434445e-05,2026-10-05,HLN
6,-0.0013071348117471905,2026-10-05,HLN
7,-0.005320247220414788,2026-10-05,HLN
8,-0.004444095239569629,2026-10-05,HLN
9,0.001167344123369942,2026-10-05,HLN
10,-0.00045212968125830845,2026-10-05,HLN
11,0.006117343131861903,2026-10-05,HLN
12,-0.009732442689299821,2026-10-05,HLN
13,-0.005455210910514322,2026-10-05,HLN
14,-0.002716986412068665,2026-10-05,HLN
1,0.00028006936802264906,2026-10-05,HLT
2,-0.0013490604050574299,2026-10-05,HLT
3,0.002804916728704884,2026-10-05,HLT
4,-0.00015125560121971617,2026-10-05,HLT
5,6.258292303652944e-05,2026-10-05,HLT
6,-0.0013701138903521952,2026-10-05,HLT
7,-0.002242530012938993,2026-10-05,HLT
8,0.0015642786888984991,2026-10-05,HLT
9,-0.0004314551969888704,2026-10-05,HLT
10,-0.002043408913188056,2026-10-05,HLT
11,0.004324727274736834,2026-10-05,HLT
12,0.0012887297654042287,2026-10-05,HLT
13,0.0004841941736619671,2026-10-05,HLT
14,-0.005123513002689848,2026-10-05,HLT
1,-0.003277519258277512,2026-10-05,HOG
2,0.0033975327588808254,2026-10-05,HOG
3,-0.0024974765888907385,2026-10-05,HOG
4,-0.01334224359288659,2026-10-05,HOG
5,-0.003382113012125961,2026-10-05,HOG
6,-0.0036164524585687308,2026-10-05,HOG
7,-0.003920037799730404,2026-10-05,HOG
8,-0.004999741558183331,2026-10-05,HOG
9,-0.0015486094569580919,2026-10-05,HOG
10,-0.001179555642681241,2026-10-05,HOG
11,-0.009881245680732368,2026-10-05,HOG
12,-0.008153504108125936,2026-10-05,HOG
13,-0.0022695535389594176,2026-10-05,HOG
14,0.0034822273122028604,2026-10-05,HOG
1,-0.0019901708254995965,2026-10-05,HOMB
2,-0.00034525568488107843,2026-10-05,HOMB
3,-0.0039048190855384157,2026-10-05,HOMB
4,-0.008004579970891853,2026-10-05,HOMB
5,-0.006394026090375726,2026-10-05,HOMB
6,-0.002196950239529639,2026-10-05,HOMB
7,0.00218768379950185,2026-10-05,HOMB
8,-0.0054375385681294085,2026-10-05,HOMB
9,-0.0030242754150596627,2026-10-05,HOMB
10,-0.007660517663959991,2026-10-05,HOMB
11,-0.007130144771134736,2026-10-05,HOMB
12,0.004897113786062925,2026-10-05,HOMB
13,0.0007395714390307472,2026-10-05,HOMB
14,-0.006902833036113373,2026-10-05,HOMB
1,5.210594563478885e-05,2026-10-05,HON
2,-0.0008328066522840307,2026-10-05,HON
3,0.0027567427620428446,2026-10-05,HON
4,-0.0007332889417940447,2026-10-05,HON
5,0.0003323519039682369,2026-10-05,HON
6,-0.00046893960482573163,2026-10-05,HON
7,-0.001719687649219131,2026-10-05,HON
8,0.0005436914407527756,2026-10-05,HON
9,-0.0018660645331636957,2026-10-05,HON
10,0.0005364729620049532,2026-10-05,HON
11,0.005859716879438453,2026-10-05,HON
12,0.0010150690104448314,2026-10-05,HON
13,0.0036883387884840864,2026-10-05,HON
14,-0.006739844668779635,2026-10-05,HON
1,-0.000258432362286995,2026-10-05,HOOD
2,-0.002265638177862709,2026-10-05,HOOD
3,-0.0014368812001826939,2026-10-05,HOOD
4,-0.0017490049618427894,2026-10-05,HOOD
5,-1.4764313505948205e-05,2026-10-05,HOOD
6,-0.0032754008375220963,2026-10-05,HOOD
7,-0.0083455720955579,2026-10-05,HOOD
8,-0.003750289163711872,2026-10-05,HOOD
9,0.0007327411322913106,2026-10-05,HOOD
10,-0.0011769343802042079,2026-10-05,HOOD
11,0.004150520828465982,2026-10-05,HOOD
12,-0.007379703464839329,2026-10-05,HOOD
13,-0.009341648528976378,2026-10-05,HOOD
14,-0.006251228160154958,2026-10-05,HOOD
1,-0.0024631741700606945,2026-10-05,HP
2,0.0011950277834367536,2026-10-05,HP
3,-0.004750643067152337,2026-10-05,HP
4,-0.011820430467064779,2026-10-05,HP
5,-0.00767653144871629,2026-10-05,HP
6,-0.005698578094479909,2026-10-05,HP
7,0.0028583281370317976,2026-10-05,HP
8,0.00025436657161430245,2026-10-05,HP
9,-0.003805159297789519,2026-10-05,HP
10,-0.004781162761735592,2026-10-05,HP
11,-0.0053463918578683794,2026-10-05,HP
12,0.0012792587526452473,2026-10-05,HP
13,0.00359753533572025,2026-10-05,HP
14,0.005980317272937937,2026-10-05,HP
1,0.0006433616669858814,2026-10-05,HPE
2,-0.0035726437565686405,2026-10-05,HPE
3,-0.0024678321573482205,2026-10-05,HPE
4,0.0027243581017066497,2026-10-05,HPE
5,0.007296029265801895,2026-10-05,HPE
6,-0.00422789626504794,2026-10-05,HPE
7,-0.009489720776803032,2026-10-05,HPE
8,-0.003625023738945136,2026-10-05,HPE
9,0.006477558087108496,2026-10-05,HPE
10,0.005988670618461417,2026-10-05,HPE
11,-0.0017036034760883655,2026-10-05,HPE
12,-0.011123950996074957,2026-10-05,HPE
13,-0.007811535384398989,2026-10-05,HPE
14,-0.006358572742199086,2026-10-05,HPE
1,0.0007384043273562837,2026-10-05,HPQ
2,-0.003943661412317898,2026-10-05,HPQ
3,-0.002225077626924257,2026-10-05,HPQ
4,0.0019349960542386288,2026-10-05,HPQ
5,0.00756156594776796,2026-10-05,HPQ
6,-0.004936828929388602,2026-10-05,HPQ
7,-0.00883889585242697,2026-10-05,HPQ
8,-0.004711224498467455,2026-10-05,HPQ
9,0.0062194437041262676,2026-10-05,HPQ
10,0.006951259027800511,2026-10-05,HPQ
11,-0.0012158561345240117,2026-10-05,HPQ
12,-0.009715919863720794,2026-10-05,HPQ
13,-0.006884979143366131,2026-10-05,HPQ
14,-0.003707298026322722,2026-10-05,HPQ
1,-0.0021006215680572007,2026-10-05,HR
2,0.00021355405747995902,2026-10-05,HR
3,-0.0038117720008986108,2026-10-05,HR
4,-0.00948545621946919,2026-10-05,HR
5,-0.006279009531646977,2026-10-05,HR
6,-0.003638725313381903,2026-10-05,HR
7,0.000679487251149516,2026-10-05,HR
8,-0.0037632844770678357,2026-10-05,HR
9,0.0008755181903809955,2026-10-05,HR
10,-0.00871427870992031,2026-10-05,HR
11,-0.0018870551678119947,2026-10-05,HR
12,-0.0006232620560364577,2026-10-05,HR
13,0.000900138046360993,2026-10-05,HR
14,-0.004046291285051339,2026-10-05,HR
1,-0.0002165286935405353,2026-10-05,HRL
2,-0.0022148246863142986,2026-10-05,HRL
3,-0.0024753747008147958,2026-10-05,HRL
4,-0.0033753761939155826,2026-10-05,HRL
5,-0.00032962001212776914,2026-10-05,HRL
6,-0.0015415788896380098,2026-10-05,HRL
7,-0.010855879533343637,2026-10-05,HRL
8,-0.005535045391554889,2026-10-05,HRL
9,0.0006179891944538008,2026-10-05,HRL
10,-0.002009369684773575,2026-10-05,HRL
11,0.0026578653776331788,2026-10-05,HRL
12,-0.005105939625200428,2026-10-05,HRL
13,-0.008382499054689366,2026-10-05,HRL
14,-0.005190230460696698,2026-10-05,HRL
1,-0.0015208139601794964,2026-10-05,HSIC
2,-0.00037335725383093966,2026-10-05,HSIC
3,-0.002336299684177225,2026-10-05,HSIC
4,-0.009713227037934898,2026-10-05,HSIC
5,-0.007975788214743644,2026-10-05,HSIC
6,-0.004688352312764677,2026-10-05,HSIC
7,0.0010981803462296771,2026-10-05,HSIC
8,-0.0013096366258742945,2026-10-05,HSIC
9,-0.0016171309334498092,2026-10-05,HSIC
10,-0.011906475573399352,2026-10-05,HSIC
11,-0.004423503995213743,2026-10-05,HSIC
12,0.0011962660383460421,2026-10-05,HSIC
13,-0.001640933657499789,2026-10-05,HSIC
14,-0.006339834759097619,2026-10-05,HSIC
1,-0.0022188114787742184,2026-10-05,HST
2,0.0002961202438848639,2026-10-05,HST
3,-0.003768023600058587,2026-10-05,HST
4,-0.00738777456824719,2026-10-05,HST
5,-0.006433913761522245,2026-10-05,HST
6,-0.002408248389936625,2026-10-05,HST
7,-0.0006565678708866741,2026-10-05,HST
8,-0.003082090272432002,2026-10-05,HST
9,-0.004685689805195736,2026-10-05,HST
10,-0.006785222321603705,2026-10-05,HST
11,-0.007142746990002638,2026-10-05,HST
12,0.0015135055885373938,2026-10-05,HST
13,-0.0033800591366919485,2026-10-05,HST
14,-0.001958445247891714,2026-10-05,HST
1,-0.00019888768799327408,2026-10-05,HSY
2,-0.0008139138078524891,2026-10-05,HSY
3,-0.0019701627744599603,2026-10-05,HSY
4,-0.0038305631474457283,2026-10-05,HSY
5,-0.0030295760095026825,2026-10-05,HSY
6,-0.0025647920826562948,2026-10-05,HSY
7,-0.01150950842461755,2026-10-05,HSY
8,-0.00596983054376396,2026-10-05,HSY
9,-0.0001191824627578473,2026-10-05,HSY
10,-0.0005557521680712042,2026-10-05,HSY
11,0.0015904618875970705,2026-10-05,HSY
12,-0.004107936443185519,2026-10-05,HSY
13,-0.008148355258189825,2026-10-05,HSY
14,-0.006885743858932928,2026-10-05,HSY
1,-0.0030871588150098383,2026-10-05,HTHT
2,0.000587055464877731,2026-10-05,HTHT
3,-0.0023335804955857496,2026-10-05,HTHT
4,-0.016058121017800492,2026-10-05,HTHT
5,-0.005151036663119629,2026-10-05,HTHT
6,-0.005732127868298803,2026-10-05,HTHT
7,-0.003899670335898432,2026-10-05,HTHT
8,-0.0011506966685539757,2026-10-05,HTHT
9,-0.0028430932026809754,2026-10-05,HTHT
10,0.004434010714391912,2026-10-05,HTHT
11,-0.012066615015827283,2026-10-05,HTHT
12,-0.00032067347435481123,2026-10-05,HTHT
13,-0.005512425886969704,2026-10-05,HTHT
14,3.3776642987682124e-05,2026-10-05,HTHT
1,-0.002502731360509115,2026-10-05,HTZ
2,-0.0013076241319246523,2026-10-05,HTZ
3,-0.0016919444073785603,2026-10-05,HTZ
4,-0.014467176934877939,2026-10-05,HTZ
5,-0.007894950055074951,2026-10-05,HTZ
6,-0.0020203798797400795,2026-10-05,HTZ
7,-0.002593208902322971,2026-10-05,HTZ
8,0.0031782541866835273,2026-10-05,HTZ
9,-0.00036723675609951216,2026-10-05,HTZ
10,-0.0017352573880658438,2026-10-05,HTZ
11,-0.006627042196617293,2026-10-05,HTZ
12,-0.004066238101987748,2026-10-05,HTZ
13,0.0008262007710656929,2026-10-05,HTZ
14,0.013628312325943763,2026-10-05,HTZ
1,-0.0006715530331992132,2026-10-05,HUM
2,-0.0024087624848305547,2026-10-05,HUM
3,-0.001327740737568707,2026-10-05,HUM
4,0.000878852899710765,2026-10-05,HUM
5,0.0032467455859942498,2026-10-05,HUM
6,0.0014544131710632453,2026-10-05,HUM
7,-0.0071807349001633165,2026-10-05,HUM
8,-0.003737918081544191,2026-10-05,HUM
9,-9.754295958464663e-05,2026-10-05,HUM
10,0.0025668270155120632,2026-10-05,HUM
11,0.005446382118072753,2026-10-05,HUM
12,-0.003959455177975418,2026-10-05,HUM
13,-0.005383964303930434,2026-10-05,HUM
14,-0.0020832738265834415,2026-10-05,HUM
1,-0.00287216603640274,2026-10-05,HUN
2,6.34004079153329e-05,2026-10-05,HUN
3,-0.004055943434132077,2026-10-05,HUN
4,-0.012418587032850146,2026-10-05,HUN
5,-0.0073155424741488785,2026-10-05,HUN
6,-0.003205555102665492,2026-10-05,HUN
7,0.002992244617288334,2026-10-05,HUN
8,-0.004206224765162393,2026-10-05,HUN
9,-0.0023545070444701997,2026-10-05,HUN
10,-0.009152963344613347,2026-10-05,HUN
11,-0.0028011788265449302,2026-10-05,HUN
12,0.0028181954640315882,2026-10-05,HUN
13,0.003788078954984238,2026-10-05,HUN
14,-0.0005698639041949533,2026-10-05,HUN
1,-0.003502348879576555,2026-10-05,HUYA
2,-0.0014807111162024377,2026-10-05,HUYA
3,-0.001628741357791983,2026-10-05,HUYA
4,-0.01275160628337074,2026-10-05,HUYA
5,-0.00481915973740118,2026-10-05,HUYA
6,-0.0012943757447317745,2026-10-05,HUYA
7,-0.0022538906098600138,2026-10-05,HUYA
8,-0.0027886883910381633,2026-10-05,HUYA
9,-0.005481654341991743,2026-10-05,HUYA
10,-0.004774980019148753,2026-10-05,HUYA
11,-0.004707780225782565,2026-10-05,HUYA
12,-0.0003820290486242816,2026-10-05,HUYA
13,-0.009741735372143675,2026-10-05,HUYA
14,-0.002579880988650467,2026-10-05,HUYA
1,0.0003004120390761317,2026-10-05,HWM
2,-0.0022549531869236524,2026-10-05,HWM
3,-0.0014152535649103125,2026-10-05,HWM
4,-0.001736174641839563,2026-10-05,HWM
5,-0.0023696193574558305,2026-10-05,HWM
6,-0.0010419857792494218,2026-10-05,HWM
7,-0.006372421139119222,2026-10-05,HWM
8,-0.004129079193601231,2026-10-05,HWM
9,-0.0012761117684395725,2026-10-05,HWM
10,4.603895452131729e-05,2026-10-05,HWM
11,0.0015462379828091698,2026-10-05,HWM
12,-0.007362789812102589,2026-10-05,HWM
13,-0.00802701531083712,2026-10-05,HWM
14,-0.006616478971258643,2026-10-05,HWM
1,-0.00205653396084536,2026-10-05,HXL
2,0.001746985647972766,2026-10-05,HXL
3,-0.004004534048492678,2026-10-05,HXL
4,-0.011444730934961771,2026-10-05,HXL
5,-0.005665252502832383,2026-10-05,HXL
6,-0.005353374582624009,2026-10-05,HXL
7,-0.0017280871304386168,2026-10-05,HXL
8,-0.0024491316147832436,2026-10-05,HXL
9,-0.00526581662175326,2026-10-05,HXL
10,-0.009392403389740279,2026-10-05,HXL
11,-0.0022906434656724158,2026-10-05,HXL
12,0.0017863334920802227,2026-10-05,HXL
13,-0.0037512615941766264,2026-10-05,HXL
14,-0.010116210869482235,2026-10-05,HXL
1,-0.0031682361464016287,2026-10-05,IAG
2,-0.00019831653726320764,2026-10-05,IAG
3,-0.005926530679839128,2026-10-05,IAG
4,-0.007723653353672225,2026-10-05,IAG
5,-0.0020761618233782826,2026-10-05,IAG
6,-0.006000385444635994,2026-10-05,IAG
7,0.0046127428471149385,2026-10-05,IAG
8,-0.0005668931503715008,2026-10-05,IAG
9,0.001550730255914264,2026-10-05,IAG
10,-0.0072324946289185265,2026-10-05,IAG
11,-0.004033386280606291,2026-10-05,IAG
12,-0.00047765300209458213,2026-10-05,IAG
13,0.010889757066320114,2026-10-05,IAG
14,0.004141758988797652,2026-10-05,IAG
1,-0.002431818794565973,2026-10-05,IART
2,0.0010932271584034217,2026-10-05,IART
3,-0.002624995168282909,2026-10-05,IART
4,-0.011364829755612886,2026-10-05,IART
5,-0.006100924364498386,2026-10-05,IART
6,-0.0049836039851415,2026-10-05,IART
7,-0.0008053612785919204,2026-10-05,IART
8,-0.003174564029599526,2026-10-05,IART
9,-0.008990610961420053,2026-10-05,IART
10,-0.005583603953726716,2026-10-05,IART
11,-0.005346963194997422,2026-10-05,IART
12,-8.229260632930418e-05,2026-10-05,IART
13,0.007179215929939384,2026-10-05,IART
14,0.004251045716043682,2026-10-05,IART
1,0.0001801573269637586,2026-10-05,IBM
2,-0.0009219888133660434,2026-10-05,IBM
3,0.0027712197555843387,2026-10-05,IBM
4,-0.0007318393346555317,2026-10-05,IBM
5,0.001362212499186154,2026-10-05,IBM
6,0.0001031908012435965,2026-10-05,IBM
7,-0.0016629215636444548,2026-10-05,IBM
8,0.0013349784008673204,2026-10-05,IBM
9,-0.0034573425148361186,2026-10-05,IBM
10,0.005292340310812448,2026-10-05,IBM
11,0.004744306780902966,2026-10-05,IBM
12,0.0010552132540899825,2026-10-05,IBM
13,0.002367207951500295,2026-10-05,IBM
14,-0.0056898030029333925,2026-10-05,IBM
1,-0.00027033744044077765,2026-10-05,IBN
2,-0.0016498607767619852,2026-10-05,IBN
3,0.0026591549066924203,2026-10-05,IBN
4,-3.441889727311215e-05,2026-10-05,IBN
5,0.0009760629030234036,2026-10-05,IBN
6,-0.0006059621533960725,2026-10-05,IBN
7,-0.0021954564084547268,2026-10-05,IBN
8,0.0006505097575472156,2026-10-05,IBN
9,-0.002677850858893388,2026-10-05,IBN
10,-0.0017403578646814023,2026-10-05,IBN
11,0.004388618263796571,2026-10-05,IBN
12,0.00015882540194192473,2026-10-05,IBN
13,0.003271074128721047,2026-10-05,IBN
14,-0.004424412058602026,2026-10-05,IBN
1,0.00044333028911149757,2026-10-05,ICE
2,-0.0016117875990407761,2026-10-05,ICE
3,0.0022767238777986454,2026-10-05,ICE
4,-0.0004937030407292448,2026-10-05,ICE
5,0.0008537574144959022,2026-10-05,ICE
6,-0.0006152470186919237,2026-10-05,ICE
7,-0.0017314067096543448,2026-10-05,ICE
8,0.0011513283349996136,2026-10-05,ICE
9,-0.002126118254385949,2026-10-05,ICE
10,0.00021241077879475179,2026-10-05,ICE
11,0.0039031659883739037,2026-10-05,ICE
12,0.00042386127199534263,2026-10-05,ICE
13,0.002500563955554615,2026-10-05,ICE
14,-0.004389427854429357,2026-10-05,ICE
1,-0.0037069803707913277,2026-10-05,IDYA
2,0.0001098184183699883,2026-10-05,IDYA
3,-0.004776088433218947,2026-10-05,IDYA
4,-0.011806798073170257,2026-10-05,IDYA
5,-0.005254308379551889,2026-10-05,IDYA
6,-0.0036938634763187092,2026-10-05,IDYA
7,-0.0009983589813443085,2026-10-05,IDYA
8,-0.003654720280864301,2026-10-05,IDYA
9,-0.002910325176055001,2026-10-05,IDYA
10,-0.010258951633078116,2026-10-05,IDYA
11,-0.0025741838516673376,2026-10-05,IDYA
12,9.640937599858716e-05,2026-10-05,IDYA
13,-0.00409622945288042,2026-10-05,IDYA
14,-0.0042467447281477,2026-10-05,IDYA
1,-0.0005083629479828163,2026-10-05,IFF
2,-0.0017585606093014127,2026-10-05,IFF
3,-0.002463610375332028,2026-10-05,IFF
4,-0.0035737355058002938,2026-10-05,IFF
5,-0.002352259658531497,2026-10-05,IFF
6,-0.002886324726481032,2026-10-05,IFF
7,-0.010735602048915318,2026-10-05,IFF
8,-0.005892904520090876,2026-10-05,IFF
9,0.0012776022568523862,2026-10-05,IFF
10,-0.0036452310729995128,2026-10-05,IFF
11,0.005166422822218104,2026-10-05,IFF
12,-0.006829391177490675,2026-10-05,IFF
13,-0.010697602122431423,2026-10-05,IFF
14,-0.00732297363401251,2026-10-05,IFF
1,-0.0006579228235922702,2026-10-05,ILMN
2,-0.002572653244936343,2026-10-05,ILMN
3,-0.0028080561870471757,2026-10-05,ILMN
4,-0.005764019899186887,2026-10-05,ILMN
5,0.0012478448603516173,2026-10-05,ILMN
6,-0.004368318184437724,2026-10-05,ILMN
7,-0.0069243716173511246,2026-10-05,ILMN
8,-0.00621622611416451,2026-10-05,ILMN
9,2.0441277654168035e-05,2026-10-05,ILMN
10,-0.003097356501155216,2026-10-05,ILMN
11,0.003873088344945407,2026-10-05,ILMN
12,-0.008226513832331455,2026-10-05,ILMN
13,-0.011288503844990787,2026-10-05,ILMN
14,-0.006794333280032752,2026-10-05,ILMN
1,-0.0031452928638875392,2026-10-05,IMCR
2,-6.168069015382401e-06,2026-10-05,IMCR
3,-0.005066056915414236,2026-10-05,IMCR
4,-0.00911643195640817,2026-10-05,IMCR
5,-0.007340514414553682,2026-10-05,IMCR
6,-0.009135377369951618,2026-10-05,IMCR
7,-0.0050876302150827885,2026-10-05,IMCR
8,-0.005337974775658132,2026-10-05,IMCR
9,-0.004619782339376333,2026-10-05,IMCR
10,-0.0028475232607402196,2026-10-05,IMCR
11,-0.008755695569163204,2026-10-05,IMCR
12,-2.521643622508689e-05,2026-10-05,IMCR
13,0.007085933216282433,2026-10-05,IMCR
14,-0.002485251390520978,2026-10-05,IMCR
1,-0.0034901904032435126,2026-10-05,IMVT
2,0.00018556146335166812,2026-10-05,IMVT
3,-0.005089910331122339,2026-10-05,IMVT
4,-0.012363149839620433,2026-10-05,IMVT
5,-0.00683259427551869,2026-10-05,IMVT
6,-0.006460171507122167,2026-10-05,IMVT
7,0.00023554646281808434,2026-10-05,IMVT
8,-0.003235996276176254,2026-10-05,IMVT
9,-0.003944960528194404,2026-10-05,IMVT
10,-0.006171280521836086,2026-10-05,IMVT
11,-0.004775179583817718,2026-10-05,IMVT
12,0.0027594181569044127,2026-10-05,IMVT
13,0.0034097075529432386,2026-10-05,IMVT
14,-2.3681649424833503e-05,2026-10-05,IMVT
1,-0.0017985554640952757,2026-10-05,INCY
2,0.0007311430512488606,2026-10-05,INCY
3,-0.003214544530876461,2026-10-05,INCY
4,-0.009475786627417035,2026-10-05,INCY
5,-0.0038694467518190943,2026-10-05,INCY
6,-0.002193242090309048,2026-10-05,INCY
7,0.004333788485095803,2026-10-05,INCY
8,-0.0028554352618335517,2026-10-05,INCY
9,-0.0026688337843749454,2026-10-05,INCY
10,-0.01067196642081411,2026-10-05,INCY
11,-0.005117409033632257,2026-10-05,INCY
12,-0.0009585124685351209,2026-10-05,INCY
13,-2.4836625555857833e-05,2026-10-05,INCY
14,-0.0012584604591969783,2026-10-05,INCY
1,-0.0037040789141650847,2026-10-05,INDI
2,0.0003479960580912768,2026-10-05,INDI
3,-0.004936014371604358,2026-10-05,INDI
4,-0.013536792097216165,2026-10-05,INDI
5,-0.007852461879618354,2026-10-05,INDI
6,-0.004985870020672473,2026-10-05,INDI
7,-1.0414920273940178e-05,2026-10-05,INDI
8,-0.007247731579542517,2026-10-05,INDI
9,-0.004590826152897384,2026-10-05,INDI
10,0.004528822455936444,2026-10-05,INDI
11,-0.013204981968090106,2026-10-05,INDI
12,-0.00020750160946587435,2026-10-05,INDI
13,-0.003041715767451272,2026-10-05,INDI
14,0.006879901186176431,2026-10-05,INDI
1,0.0007884411752108453,2026-10-05,INFY
2,-0.0021851486476149613,2026-10-05,INFY
3,0.0023720090599512193,2026-10-05,INFY
4,-0.0006235007415150202,2026-10-05,INFY
5,-0.0014453244989460078,2026-10-05,INFY
6,-0.00041060002066262326,2026-10-05,INFY
7,-0.004420023323618845,2026-10-05,INFY
8,7.099271381961182e-05,2026-10-05,INFY
9,-0.0042464456380872035,2026-10-05,INFY
10,-0.0058747226501765695,2026-10-05,INFY
11,0.0039752492743522745,2026-10-05,INFY
12,-0.0045780298443868096,2026-10-05,INFY
13,0.0020991982248154835,2026-10-05,INFY
14,-0.006561086799549222,2026-10-05,INFY
1,-0.00033935638049590027,2026-10-05,ING
2,-0.001604295669822183,2026-10-05,ING
3,0.002101943365823216,2026-10-05,ING
4,-0.00030365148320677575,2026-10-05,ING
5,0.0006492270202018024,2026-10-05,ING
6,1.828604938235131e-05,2026-10-05,ING
7,-0.0043592046468672995,2026-10-05,ING
8,0.0026678734345500343,2026-10-05,ING
9,-0.0024906898758263853,2026-10-05,ING
10,-0.0016898108602813574,2026-10-05,ING
11,0.0034624556884874733,2026-10-05,ING
12,0.0016954069159564134,2026-10-05,ING
13,0.002252612176872358,2026-10-05,ING
14,-0.005105068184803321,2026-10-05,ING
1,-0.001926073590214898,2026-10-05,INMD
2,0.000359474368416506,2026-10-05,INMD
3,-0.004507534985334226,2026-10-05,INMD
4,-0.008690371619101873,2026-10-05,INMD
5,-0.007774108934508558,2026-10-05,INMD
6,0.0006716754139200021,2026-10-05,INMD
7,0.0026080155321940904,2026-10-05,INMD
8,-0.006103116369912473,2026-10-05,INMD
9,-0.005459946585650353,2026-10-05,INMD
10,-0.010609672764141634,2026-10-05,INMD
11,-0.007422452804127987,2026-10-05,INMD
12,-0.001787830809692526,2026-10-05,INMD
13,-0.0007462937492831543,2026-10-05,INMD
14,-0.006271355692684079,2026-10-05,INMD
1,-0.0033781204453506497,2026-10-05,INSM
2,-0.0008206290797338041,2026-10-05,INSM
3,-0.0011887410563458103,2026-10-05,INSM
4,-0.011046982045141401,2026-10-05,INSM
5,-0.005262693504688187,2026-10-05,INSM
6,-0.001830452949300151,2026-10-05,INSM
7,0.001260886389826327,2026-10-05,INSM
8,0.0007018866585176283,2026-10-05,INSM
9,-0.0019306077086352644,2026-10-05,INSM
10,-0.008354104273288605,2026-10-05,INSM
11,-0.00040806226456676547,2026-10-05,INSM
12,0.003541308686577289,2026-10-05,INSM
13,0.003944768557768917,2026-10-05,INSM
14,0.0005732022473642595,2026-10-05,INSM
1,-0.0007736286508440507,2026-10-05,INTC
2,-0.0014597680459129268,2026-10-05,INTC
3,0.00472899164682833,2026-10-05,INTC
4,0.0012339869118680256,2026-10-05,INTC
5,0.0028188980620118074,2026-10-05,INTC
6,-0.0004017212784653873,2026-10-05,INTC
7,-0.0003215166209122429,2026-10-05,INTC
8,0.001265179972330194,2026-10-05,INTC
9,-0.0029000277701016703,2026-10-05,INTC
10,-0.0008050567906402381,2026-10-05,INTC
11,0.0029365505822123096,2026-10-05,INTC
12,0.0050452808699318575,2026-10-05,INTC
13,0.0011979477524492813,2026-10-05,INTC
14,-0.005646519996227258,2026-10-05,INTC
1,-0.0036615331545461795,2026-10-05,INTR
2,0.000586918476369763,2026-10-05,INTR
3,-0.005131532580356723,2026-10-05,INTR
4,-0.01024584031281414,2026-10-05,INTR
5,-0.007369305220537123,2026-10-05,INTR
6,-0.0012753115439863402,2026-10-05,INTR
7,-0.0016969685597519478,2026-10-05,INTR
8,-0.007951021091108249,2026-10-05,INTR
9,-0.0030223988801099636,2026-10-05,INTR
10,-0.010399475056208793,2026-10-05,INTR
11,-0.00576903782949115,2026-10-05,INTR
12,0.0005918765278871364,2026-10-05,INTR
13,-0.0012788441565039193,2026-10-05,INTR
14,-0.00016375699638275574,2026-10-05,INTR
1,-0.00040520387726979075,2026-10-05,INTU
2,-0.0005986926307714561,2026-10-05,INTU
3,0.0025838866293788625,2026-10-05,INTU
4,-0.0006221340172601901,2026-10-05,INTU
5,0.002436114774792415,2026-10-05,INTU
6,-0.00013483484504643614,2026-10-05,INTU
7,-0.000303049780596918,2026-10-05,INTU
8,0.00024734004223596296,2026-10-05,INTU
9,-0.004050298374587265,2026-10-05,INTU
10,0.004018051276769589,2026-10-05,INTU
11,0.004410170071186418,2026-10-05,INTU
12,0.0006348345960980453,2026-10-05,INTU
13,0.0018248096677995795,2026-10-05,INTU
14,-0.006050139930760197,2026-10-05,INTU
1,-0.0005173464248818483,2026-10-05,INVH
2,-0.001569633304898225,2026-10-05,INVH
3,-0.001693961963215836,2026-10-05,INVH
4,-0.0023834088603332517,2026-10-05,INVH
5,-0.0005292971738918973,2026-10-05,INVH
6,-0.002914658571432021,2026-10-05,INVH
7,-0.007728397496147786,2026-10-05,INVH
8,-0.004469712456488339,2026-10-05,INVH
9,0.0007940332228190797,2026-10-05,INVH
10,-0.0019787681359651364,2026-10-05,INVH
11,0.004183916819109268,2026-10-05,INVH
12,-0.00808507419827652,2026-10-05,INVH
13,-0.007001594202175837,2026-10-05,INVH
14,-0.004449925316199192,2026-10-05,INVH
1,-0.003601115033795979,2026-10-05,IONQ
2,0.0006931210350379116,2026-10-05,IONQ
3,-9.915287199322891e-05,2026-10-05,IONQ
4,-0.01126675978567092,2026-10-05,IONQ
5,-0.006963696695779165,2026-10-05,IONQ
6,-0.003228155655931396,2026-10-05,IONQ
7,0.001266570419544663,2026-10-05,IONQ
8,-0.0007807673567081952,2026-10-05,IONQ
9,-0.0022742160870095423,2026-10-05,IONQ
10,0.0028269105394006793,2026-10-05,IONQ
11,-0.011885295345324811,2026-10-05,IONQ
12,-0.001632592716592535,2026-10-05,IONQ
13,6.705385799687896e-05,2026-10-05,IONQ
14,0.008252304928112996,2026-10-05,IONQ
1,-0.003191675793834584,2026-10-05,IONS
2,-5.126658094151111e-05,2026-10-05,IONS
3,-0.00437662325392989,2026-10-05,IONS
4,-0.01036236822147003,2026-10-05,IONS
5,-0.007249843859208095,2026-10-05,IONS
6,-0.003961836582205342,2026-10-05,IONS
7,0.00037267728871947007,2026-10-05,IONS
8,-0.0006557930301139837,2026-10-05,IONS
9,-0.001968110706167058,2026-10-05,IONS
10,-0.008610403111613749,2026-10-05,IONS
11,-0.002052305969338331,2026-10-05,IONS
12,-0.0015664052904270738,2026-10-05,IONS
13,-0.0015366475974116262,2026-10-05,IONS
14,-0.006117736331397829,2026-10-05,IONS
1,0.0002557672671631262,2026-10-05,IOT
2,-0.0028944299263148265,2026-10-05,IOT
3,-0.0022552844014698567,2026-10-05,IOT
4,-0.003493879697824442,2026-10-05,IOT
5,-0.0025218130780584494,2026-10-05,IOT
6,-0.004279837849371493,2026-10-05,IOT
7,-0.009777001875796254,2026-10-05,IOT
8,-0.0049673690223853584,2026-10-05,IOT
9,0.0011101804801606433,2026-10-05,IOT
10,-0.002126005244496691,2026-10-05,IOT
11,0.00419284439141134,2026-10-05,IOT
12,-0.01063569682777544,2026-10-05,IOT
13,-0.012536077712162955,2026-10-05,IOT
14,-0.006990130088932551,2026-10-05,IOT
1,-0.0027977323101800043,2026-10-05,IOVA
2,-0.0010772853384386869,2026-10-05,IOVA
3,-0.005407023578542149,2026-10-05,IOVA
4,-0.010566763484892714,2026-10-05,IOVA
5,-0.0070658141145804225,2026-10-05,IOVA
6,-0.007112334085959805,2026-10-05,IOVA
7,-0.00016428836785383808,2026-10-05,IOVA
8,-0.0034387850009136483,2026-10-05,IOVA
9,-0.006420364001682004,2026-10-05,IOVA
10,-0.0062504789217681335,2026-10-05,IOVA
11,-0.006102752440550588,2026-10-05,IOVA
12,0.0004315507273854057,2026-10-05,IOVA
13,-0.0009358845172581821,2026-10-05,IOVA
14,0.0016554865366369955,2026-10-05,IOVA
1,-0.00020295978855886743,2026-10-05,IP
2,-0.0025169221827165502,2026-10-05,IP
3,-0.0021075316672686047,2026-10-05,IP
4,-0.0022587816598281267,2026-10-05,IP
5,-0.001709617069128578,2026-10-05,IP
6,-0.000976302480842685,2026-10-05,IP
7,-0.01200829090761065,2026-10-05,IP
8,-0.0051179684709475315,2026-10-05,IP
9,-0.0005479152524590454,2026-10-05,IP
10,-0.0012752968857629705,2026-10-05,IP
11,0.0029590453245167568,2026-10-05,IP
12,-0.004044292170367121,2026-10-05,IP
13,-0.008868597727988387,2026-10-05,IP
14,-0.006454215250915196,2026-10-05,IP
1,-0.002971455735616689,2026-10-05,IQ
2,0.0006614297735584681,2026-10-05,IQ
3,0.0019958146095664605,2026-10-05,IQ
4,-0.012150426552557733,2026-10-05,IQ
5,-0.005237199802266135,2026-10-05,IQ
6,-0.001965854043004437,2026-10-05,IQ
7,0.0022204199543244545,2026-10-05,IQ
8,-0.0008706367787112883,2026-10-05,IQ
9,-0.006418866558263218,2026-10-05,IQ
10,-0.0026125357387263705,2026-10-05,IQ
11,-0.0034120285847552673,2026-10-05,IQ
12,-0.0047043000312369234,2026-10-05,IQ
13,0.01715697584136842,2026-10-05,IQ
14,0.0053695976838502,2026-10-05,IQ
1,-0.0007547283797755578,2026-10-05,IQV
2,-0.002332585590805861,2026-10-05,IQV
3,-0.0018716620206004056,2026-10-05,IQV
4,-0.0029901509743070456,2026-10-05,IQV
5,-0.0007778945443299645,2026-10-05,IQV
6,-0.002059703468225701,2026-10-05,IQV
7,-0.009060073875398518,2026-10-05,IQV
8,-0.006902599953384169,2026-10-05,IQV
9,-0.00010931183488499142,2026-10-05,IQV
10,-0.0020004556311741723,2026-10-05,IQV
11,0.0056638941909897085,2026-10-05,IQV
12,-0.007741623173981736,2026-10-05,IQV
13,-0.008511633506044626,2026-10-05,IQV
14,-0.005477206203549391,2026-10-05,IQV
1,-0.00016153245854839607,2026-10-05,IR
2,-0.0010748200539321539,2026-10-05,IR
3,0.0028155948680139635,2026-10-05,IR
4,-0.0003673277395432762,2026-10-05,IR
5,0.0011095882028810094,2026-10-05,IR
6,-0.00044340499182119267,2026-10-05,IR
7,-0.0032721362703002264,2026-10-05,IR
8,0.0016801394134795483,2026-10-05,IR
9,-0.0018454981616952977,2026-10-05,IR
10,-0.0022355043140522396,2026-10-05,IR
11,0.004871131671510702,2026-10-05,IR
12,0.002871610704450757,2026-10-05,IR
13,0.0015260668005250215,2026-10-05,IR
14,-0.005810325080650697,2026-10-05,IR
1,-0.0022422684339970748,2026-10-05,IRDM
2,-0.0002758848729492261,2026-10-05,IRDM
3,-0.0057055736380012285,2026-10-05,IRDM
4,-0.010373605956344166,2026-10-05,IRDM
5,-0.006277600328425391,2026-10-05,IRDM
6,-0.004963531998513883,2026-10-05,IRDM
7,0.004675524673879284,2026-10-05,IRDM
8,-0.0014524139653117642,2026-10-05,IRDM
9,-0.004967734226469908,2026-10-05,IRDM
10,-0.007007362680801005,2026-10-05,IRDM
11,-0.005714988830574843,2026-10-05,IRDM
12,-0.0009815065471819693,2026-10-05,IRDM
13,0.0077042644184371345,2026-10-05,IRDM
14,0.0006204690569079245,2026-10-05,IRDM
1,-0.0016575654409937606,2026-10-05,IREN
2,-0.0006711886317827535,2026-10-05,IREN
3,-0.0020168234375760696,2026-10-05,IREN
4,-0.014665910142858445,2026-10-05,IREN
5,-0.0034294255720432178,2026-10-05,IREN
6,0.0017001201248954575,2026-10-05,IREN
7,0.013754996387844535,2026-10-05,IREN
8,0.005685779403597387,2026-10-05,IREN
9,0.006277975433819513,2026-10-05,IREN
10,0.00599414098424636,2026-10-05,IREN
11,-0.0026144559648425313,2026-10-05,IREN
12,0.002721306454094464,2026-10-05,IREN
13,0.009866287144127512,2026-10-05,IREN
14,0.004260842750760023,2026-10-05,IREN
1,-0.00031252877718692773,2026-10-05,IRM
2,-0.001254859449445344,2026-10-05,IRM
3,-0.0019186253064690205,2026-10-05,IRM
4,-0.0019069106248623998,2026-10-05,IRM
5,-0.00047183662618360144,2026-10-05,IRM
6,-0.002354820377662721,2026-10-05,IRM
7,-0.008021252323962197,2026-10-05,IRM
8,-0.005908211462782446,2026-10-05,IRM
9,0.00041239233524546635,2026-10-05,IRM
10,-0.0009041403798592836,2026-10-05,IRM
11,0.003786279507374766,2026-10-05,IRM
12,-0.005559036964454574,2026-10-05,IRM
13,-0.008727498293207984,2026-10-05,IRM
14,-0.006600253805276491,2026-10-05,IRM
1,-0.0025296240771530117,2026-10-05,IRT
2,-0.0006013053097711185,2026-10-05,IRT
3,-0.003548469007753842,2026-10-05,IRT
4,-0.007865389566960387,2026-10-05,IRT
5,-0.007080268707297318,2026-10-05,IRT
6,-0.003165829618855641,2026-10-05,IRT
7,-0.0012472222992963313,2026-10-05,IRT
8,-0.004182992214432062,2026-10-05,IRT
9,-0.0026267439851824404,2026-10-05,IRT
10,-0.008607958035099873,2026-10-05,IRT
11,-0.0072826434239296025,2026-10-05,IRT
12,0.00210772720128701,2026-10-05,IRT
13,-9.529393744508111e-05,2026-10-05,IRT
14,-0.010375381043017662,2026-10-05,IRT
1,-0.0032194039507528792,2026-10-05,IRWD
2,-0.001112067432932494,2026-10-05,IRWD
3,-0.0015305622769102483,2026-10-05,IRWD
4,-0.010549126974850167,2026-10-05,IRWD
5,-0.005821455772904322,2026-10-05,IRWD
6,-0.005057949487013675,2026-10-05,IRWD
7,0.002151576307645286,2026-10-05,IRWD
8,-0.001189649970484992,2026-10-05,IRWD
9,0.0016258909587189966,2026-10-05,IRWD
10,-0.007297995289673916,2026-10-05,IRWD
11,-0.0045834425240179515,2026-10-05,IRWD
12,0.004587327761152353,2026-10-05,IRWD
13,0.012306050598617217,2026-10-05,IRWD
14,0.005201959358213562,2026-10-05,IRWD
1,0.0005053455027714477,2026-10-05,ISRG
2,-0.0012132503151489338,2026-10-05,ISRG
3,0.00283676824388497,2026-10-05,ISRG
4,1.3630440386718893e-05,2026-10-05,ISRG
5,-0.00030672394618125396,2026-10-05,ISRG
6,-0.0002732544680657638,2026-10-05,ISRG
7,-0.0018074610990072499,2026-10-05,ISRG
8,-0.00010404206604406792,2026-10-05,ISRG
9,-0.001413015525637689,2026-10-05,ISRG
10,-5.156638711266849e-05,2026-10-05,ISRG
11,0.004749745946884258,2026-10-05,ISRG
12,0.00014243507735762289,2026-10-05,ISRG
13,0.0031746520538386462,2026-10-05,ISRG
14,-0.003522192547748241,2026-10-05,ISRG
1,-0.0026993035015954628,2026-10-05,ITRI
2,0.0008934607588858099,2026-10-05,ITRI
3,-0.003598544140946887,2026-10-05,ITRI
4,-0.010517739627722062,2026-10-05,ITRI
5,-0.004858969045532148,2026-10-05,ITRI
6,-0.0040311963022727675,2026-10-05,ITRI
7,0.004866426091464674,2026-10-05,ITRI
8,0.002077808625117603,2026-10-05,ITRI
9,-0.006783656032251084,2026-10-05,ITRI
10,-0.006961365126608787,2026-10-05,ITRI
11,-0.0006048106354236519,2026-10-05,ITRI
12,0.004020078641842068,2026-10-05,ITRI
13,0.00778597194744019,2026-10-05,ITRI
14,0.001482758057978334,2026-10-05,ITRI
1,0.00013757889261010236,2026-10-05,ITW
2,-0.0015748393631904998,2026-10-05,ITW
3,0.0018252124335662763,2026-10-05,ITW
4,0.00035394566891318075,2026-10-05,ITW
5,-0.0014204297397606537,2026-10-05,ITW
6,-0.00274480615295205,2026-10-05,ITW
7,-0.0017896627401842507,2026-10-05,ITW
8,0.0014961309070649154,2026-10-05,ITW
9,-0.001210497345112601,2026-10-05,ITW
10,-0.0007567701344830259,2026-10-05,ITW
11,0.005753946546510526,2026-10-05,ITW
12,0.0028211142204244348,2026-10-05,ITW
13,0.0016034034841581665,2026-10-05,ITW
14,-0.0030462422319390134,2026-10-05,ITW
1,-0.0008810015396427576,2026-10-05,IVZ
2,-0.0019006974854571736,2026-10-05,IVZ
3,-0.00207974845531664,2026-10-05,IVZ
4,-0.0021172411453292653,2026-10-05,IVZ
5,-0.00017230489141179255,2026-10-05,IVZ
6,-0.0029403540787421,2026-10-05,IVZ
7,-0.008453665268893788,2026-10-05,IVZ
8,-0.007482146461440746,2026-10-05,IVZ
9,0.00407824191892909,2026-10-05,IVZ
10,-0.0031246514623661467,2026-10-05,IVZ
11,0.005409196366529071,2026-10-05,IVZ
12,-0.008732859228636437,2026-10-05,IVZ
13,-0.009779537783172445,2026-10-05,IVZ
14,-0.005053596385407803,2026-10-05,IVZ
1,-0.002712844617573949,2026-10-05,JAZZ
2,0.000908912912548337,2026-10-05,JAZZ
3,0.0005216296629969797,2026-10-05,JAZZ
4,-0.009920244600096023,2026-10-05,JAZZ
5,-0.00557792888242612,2026-10-05,JAZZ
6,-0.0008875537141889001,2026-10-05,JAZZ
7,0.0030850815521132123,2026-10-05,JAZZ
8,0.0015044057352542907,2026-10-05,JAZZ
9,-0.004677909571173862,2026-10-05,JAZZ
10,-0.007849939671720884,2026-10-05,JAZZ
11,-0.009621394195893444,2026-10-05,JAZZ
12,0.002680383270804627,2026-10-05,JAZZ
13,0.012736471861212025,2026-10-05,JAZZ
14,0.0015138696078787108,2026-10-05,JAZZ
1,-0.00018471880927574546,2026-10-05,JBHT
2,-0.002044210187110181,2026-10-05,JBHT
3,2.28975281333259e-05,2026-10-05,JBHT
4,-0.0021113401363888552,2026-10-05,JBHT
5,0.0008342170316697955,2026-10-05,JBHT
6,-0.0013723751663092829,2026-10-05,JBHT
7,-0.009189313107643796,2026-10-05,JBHT
8,-0.00446149753074112,2026-10-05,JBHT
9,0.00023745554090121262,2026-10-05,JBHT
10,0.002000154025892945,2026-10-05,JBHT
11,0.00562051322536113,2026-10-05,JBHT
12,-0.0067786504268317746,2026-10-05,JBHT
13,-0.010120334960458421,2026-10-05,JBHT
14,-0.006067963241458737,2026-10-05,JBHT
1,-0.0026294005707526037,2026-10-05,JBI
2,0.0012929627276392697,2026-10-05,JBI
3,-0.004803964325684847,2026-10-05,JBI
4,-0.009417934117537247,2026-10-05,JBI
5,-0.006069737677363746,2026-10-05,JBI
6,-0.005429033374077515,2026-10-05,JBI
7,0.0021427926364518345,2026-10-05,JBI
8,-0.0027416325718333237,2026-10-05,JBI
9,-0.0027845095433852622,2026-10-05,JBI
10,-0.007193109547212122,2026-10-05,JBI
11,-0.006251320314406312,2026-10-05,JBI
12,-0.0007345000668441416,2026-10-05,JBI
13,0.010137942553148526,2026-10-05,JBI
14,0.003838599206540307,2026-10-05,JBI
1,0.0003856245593812967,2026-10-05,JBL
2,-0.002843756631656587,2026-10-05,JBL
3,-0.0023925968268948983,2026-10-05,JBL
4,-0.0023677006925244674,2026-10-05,JBL
5,-0.00042746329303592473,2026-10-05,JBL
6,-0.002632350760130768,2026-10-05,JBL
7,-0.006116054299716236,2026-10-05,JBL
8,-0.005372706073283832,2026-10-05,JBL
9,-0.000875535866645719,2026-10-05,JBL
10,-0.0030747401766731772,2026-10-05,JBL
11,0.004674777298585211,2026-10-05,JBL
12,-0.007581470510911667,2026-10-05,JBL
13,-0.010103423000418929,2026-10-05,JBL
14,-0.005205665167229757,2026-10-05,JBL
1,-0.0043247454187349986,2026-10-05,JBLU
2,0.0008443859432067206,2026-10-05,JBLU
3,-0.003804348206567378,2026-10-05,JBLU
4,-0.009977462362032893,2026-10-05,JBLU
5,-0.002851560132044258,2026-10-05,JBLU
6,-0.002620444521091626,2026-10-05,JBLU
7,0.003947824713348581,2026-10-05,JBLU
8,-0.0036778949454732267,2026-10-05,JBLU
9,-0.00033591985666657075,2026-10-05,JBLU
10,-0.0033843823658032636,2026-10-05,JBLU
11,-0.008597595762635333,2026-10-05,JBLU
12,0.006791225133001542,2026-10-05,JBLU
13,0.007286984424446486,2026-10-05,JBLU
14,0.010016064386582988,2026-10-05,JBLU
1,-0.0006235480032067696,2026-10-05,JCI
2,-0.0013507800129921822,2026-10-05,JCI
3,0.0024300582361994148,2026-10-05,JCI
4,0.0006023889086335797,2026-10-05,JCI
5,-0.00034621052391801494,2026-10-05,JCI
6,-0.0005011515009201157,2026-10-05,JCI
7,-0.0027030788314331674,2026-10-05,JCI
8,0.0005828845043639485,2026-10-05,JCI
9,-0.0014096831118241943,2026-10-05,JCI
10,-0.0011024357403165896,2026-10-05,JCI
11,0.00484829150788448,2026-10-05,JCI
12,0.004966490872417193,2026-10-05,JCI
13,0.003031652269543256,2026-10-05,JCI
14,-0.006516751072001972,2026-10-05,JCI
1,-0.0007181545186596954,2026-10-05,JD
2,-0.0020710964182698672,2026-10-05,JD
3,-0.0014033309232959023,2026-10-05,JD
4,-0.0011466883059097729,2026-10-05,JD
5,-0.002921961256393347,2026-10-05,JD
6,-0.0027823718367185435,2026-10-05,JD
7,-0.0097629863506568,2026-10-05,JD
8,-0.0068607943281748405,2026-10-05,JD
9,0.00018049293325478403,2026-10-05,JD
10,-0.0009141357357555709,2026-10-05,JD
11,0.002548407336260065,2026-10-05,JD
12,-0.004118112024915223,2026-10-05,JD
13,-0.0037833756456230844,2026-10-05,JD
14,-0.006735032260301622,2026-10-05,JD
1,0.0008464609294226303,2026-10-05,JNJ
2,-0.0018086668200430836,2026-10-05,JNJ
3,0.0016087504854788864,2026-10-05,JNJ
4,0.00018358944554478198,2026-10-05,JNJ
5,-0.002318387399823191,2026-10-05,JNJ
6,-0.002831169495778968,2026-10-05,JNJ
7,-0.0017286027428693666,2026-10-05,JNJ
8,0.0026047595599084155,2026-10-05,JNJ
9,-0.0003996552321360725,2026-10-05,JNJ
10,-0.000827552737488321,2026-10-05,JNJ
11,0.0040123295461553235,2026-10-05,JNJ
12,0.0012346699738699962,2026-10-05,JNJ
13,0.003435736230989491,2026-10-05,JNJ
14,-0.0031657463721518533,2026-10-05,JNJ
1,-0.0029186693596409442,2026-10-05,JOBY
2,-0.00031236819459786,2026-10-05,JOBY
3,-0.005319977761561109,2026-10-05,JOBY
4,-0.010265658307363347,2026-10-05,JOBY
5,-0.005899369993531169,2026-10-05,JOBY
6,-0.005762775515616517,2026-10-05,JOBY
7,0.0008966860713455398,2026-10-05,JOBY
8,0.0003240464131274516,2026-10-05,JOBY
9,-0.00014417252658093354,2026-10-05,JOBY
10,-0.008598214727472206,2026-10-05,JOBY
11,-0.007420873365598498,2026-10-05,JOBY
12,0.005875096757569838,2026-10-05,JOBY
13,0.0077073817317058315,2026-10-05,JOBY
14,0.005711679853992934,2026-10-05,JOBY
1,-0.0007431455415898524,2026-10-05,JPM
2,-0.0031025194948577964,2026-10-05,JPM
3,0.0021476576196819874,2026-10-05,JPM
4,0.0002963443844981903,2026-10-05,JPM
5,0.0033619918135295622,2026-10-05,JPM
6,-0.0010294860815127573,2026-10-05,JPM
7,-0.0031637254107485355,2026-10-05,JPM
8,0.0007155896147999982,2026-10-05,JPM
9,-0.002657302113992083,2026-10-05,JPM
10,-7.886549499743437e-05,2026-10-05,JPM
11,0.004882634387289644,2026-10-05,JPM
12,0.004141844920336599,2026-10-05,JPM
13,0.0032398918172180983,2026-10-05,JPM
14,-0.006084266059602265,2026-10-05,JPM
1,-0.0036360786025584125,2026-10-05,KBH
2,-0.0003489061588178583,2026-10-05,KBH
3,-0.0012340927120257242,2026-10-05,KBH
4,-0.009265827714046854,2026-10-05,KBH
5,-0.006493887272658409,2026-10-05,KBH
6,-0.004107521342703926,2026-10-05,KBH
7,0.001551498573856215,2026-10-05,KBH
8,-0.007335517314938773,2026-10-05,KBH
9,-0.0003110001368098742,2026-10-05,KBH
10,-0.009417772268116076,2026-10-05,KBH
11,-0.00012427524196496464,2026-10-05,KBH
12,-0.0044407097339270556,2026-10-05,KBH
13,-0.005434606827247497,2026-10-05,KBH
14,-0.008767931972747254,2026-10-05,KBH
1,-0.0006273302941357165,2026-10-05,KDP
2,-0.001322166819839256,2026-10-05,KDP
3,-0.002514874890152303,2026-10-05,KDP
4,-0.001693589708694981,2026-10-05,KDP
5,-0.0016920091493622968,2026-10-05,KDP
6,-9.203372895772493e-05,2026-10-05,KDP
7,-0.011352854847445835,2026-10-05,KDP
8,-0.004156976620219156,2026-10-05,KDP
9,-0.00159991963918579,2026-10-05,KDP
10,-0.0006852062989605845,2026-10-05,KDP
11,0.0005607874274029726,2026-10-05,KDP
12,-0.007483307469787296,2026-10-05,KDP
13,-0.007596000700652099,2026-10-05,KDP
14,-0.00782152852132126,2026-10-05,KDP
1,-0.002282576642284924,2026-10-05,KEY
2,0.00022854220318973057,2026-10-05,KEY
3,-0.004927480401083049,2026-10-05,KEY
4,-0.008381544414292766,2026-10-05,KEY
5,-0.0077204937946851555,2026-10-05,KEY
6,-0.002311664469942604,2026-10-05,KEY
7,-0.0005257239457322694,2026-10-05,KEY
8,-0.004621052672062242,2026-10-05,KEY
9,-0.0008842532684529973,2026-10-05,KEY
10,-0.010529376527720277,2026-10-05,KEY
11,-0.006952232689548663,2026-10-05,KEY
12,-0.0011741485529007296,2026-10-05,KEY
13,-0.0006980066646696795,2026-10-05,KEY
14,-0.00524070101607226,2026-10-05,KEY
1,-0.0008213001511339552,2026-10-05,KEYS
2,-0.0015368278538610597,2026-10-05,KEYS
3,-0.0019611793465327157,2026-10-05,KEYS
4,-0.0032274153823786114,2026-10-05,KEYS
5,0.0032545864863893033,2026-10-05,KEYS
6,-2.806323488313564e-05,2026-10-05,KEYS
7,-0.005271418171535674,2026-10-05,KEYS
8,-0.004430315069048998,2026-10-05,KEYS
9,-0.00025613560137840606,2026-10-05,KEYS
10,-0.0019996503560968585,2026-10-05,KEYS
11,0.007059078563281215,2026-10-05,KEYS
12,-0.00675753617129567,2026-10-05,KEYS
13,-0.009911326770624795,2026-10-05,KEYS
14,-0.002277241430758037,2026-10-05,KEYS
1,-0.0026993711955764477,2026-10-05,KGC
2,0.00054808997655795,2026-10-05,KGC
3,-0.0067456901291202895,2026-10-05,KGC
4,-0.008565303986536892,2026-10-05,KGC
5,-0.001514416895944788,2026-10-05,KGC
6,-0.004718591834051938,2026-10-05,KGC
7,0.004310787390929311,2026-10-05,KGC
8,0.002753323536647079,2026-10-05,KGC
9,0.0014164597256883086,2026-10-05,KGC
10,-0.00776128533283195,2026-10-05,KGC
11,-0.00023862674229044732,2026-10-05,KGC
12,0.0029026241175450092,2026-10-05,KGC
13,0.010665374188055427,2026-10-05,KGC
14,0.004292823322570179,2026-10-05,KGC
1,-0.00015243497085026876,2026-10-05,KHC
2,-0.0023152759817632058,2026-10-05,KHC
3,-0.0024585063965061257,2026-10-05,KHC
4,-0.002556406892142864,2026-10-05,KHC
5,-0.0021042137409175224,2026-10-05,KHC
6,-0.0008702304558992761,2026-10-05,KHC
7,-0.00951924152889677,2026-10-05,KHC
8,-0.007710100497071499,2026-10-05,KHC
9,0.00044955096961741354,2026-10-05,KHC
10,-0.0008119504047790034,2026-10-05,KHC
11,0.0029886242099413387,2026-10-05,KHC
12,-0.005385300972978677,2026-10-05,KHC
13,-0.009861245218524791,2026-10-05,KHC
14,-0.005895459302441203,2026-10-05,KHC
1,-0.002082650045380126,2026-10-05,KIM
2,9.291183505274283e-05,2026-10-05,KIM
3,-0.003693128527713905,2026-10-05,KIM
4,-0.008479987505876327,2026-10-05,KIM
5,-0.006682613287947152,2026-10-05,KIM
6,-0.0011239237272455906,2026-10-05,KIM
7,-0.0002038981367984983,2026-10-05,KIM
8,-0.0038190072145511955,2026-10-05,KIM
9,-0.0036955330089611465,2026-10-05,KIM
10,-0.010338398556566925,2026-10-05,KIM
11,-0.0023744510775811716,2026-10-05,KIM
12,0.0027229988978730193,2026-10-05,KIM
13,-0.001350847587033506,2026-10-05,KIM
14,-0.007901871116096233,2026-10-05,KIM
1,-0.000687179039651414,2026-10-05,KKR
2,-0.001380063279319729,2026-10-05,KKR
3,0.005359580595210412,2026-10-05,KKR
4,0.0016502013999017942,2026-10-05,KKR
5,0.0015328163978690656,2026-10-05,KKR
6,0.0005972181139637811,2026-10-05,KKR
7,-0.0013459815438660954,2026-10-05,KKR
8,0.000459543889770291,2026-10-05,KKR
9,-0.00528140110178894,2026-10-05,KKR
10,0.0003263732191618908,2026-10-05,KKR
11,0.0022677220283834326,2026-10-05,KKR
12,-0.003440364453653125,2026-10-05,KKR
13,-0.0008108442566247211,2026-10-05,KKR
14,-0.01346502693354326,2026-10-05,KKR
1,-0.0005841569561768784,2026-10-05,KLAC
2,-0.0022853035705528092,2026-10-05,KLAC
3,0.0031955890820922687,2026-10-05,KLAC
4,0.0011572514725614552,2026-10-05,KLAC
5,0.0003551518781517763,2026-10-05,KLAC
6,-0.0014490595610511157,2026-10-05,KLAC
7,-0.00269898507700748,2026-10-05,KLAC
8,0.0009730777241226576,2026-10-05,KLAC
9,-0.002080171434902033,2026-10-05,KLAC
10,-0.001946228743919393,2026-10-05,KLAC
11,0.004324900720172225,2026-10-05,KLAC
12,0.0024788466756007,2026-10-05,KLAC
13,0.0027108236693006577,2026-10-05,KLAC
14,-0.0049521704606544925,2026-10-05,KLAC
1,-0.000592134971253627,2026-10-05,KMB
2,-0.0017871668692545557,2026-10-05,KMB
3,-0.002388382379163284,2026-10-05,KMB
4,-0.0042150081176717275,2026-10-05,KMB
5,-0.0009594164460878583,2026-10-05,KMB
6,-0.002292537496201776,2026-10-05,KMB
7,-0.010345056182984931,2026-10-05,KMB
8,-0.0056117042076466945,2026-10-05,KMB
9,0.0005272638641827662,2026-10-05,KMB
10,-0.0011411714976980035,2026-10-05,KMB
11,0.002353089336659577,2026-10-05,KMB
12,-0.006614198322228553,2026-10-05,KMB
13,-0.008837995725519857,2026-10-05,KMB
14,-0.005263259938303006,2026-10-05,KMB
1,-0.0006991930276237553,2026-10-05,KMI
2,-0.002088408890817262,2026-10-05,KMI
3,-0.001623169289651076,2026-10-05,KMI
4,-0.002235709649158892,2026-10-05,KMI
5,-0.0013286818264392458,2026-10-05,KMI
6,-0.0035848534952481683,2026-10-05,KMI
7,-0.009829193095835747,2026-10-05,KMI
8,-0.004399343733351194,2026-10-05,KMI
9,0.0016313032552050025,2026-10-05,KMI
10,-0.0023768782228988008,2026-10-05,KMI
11,0.005130833598103337,2026-10-05,KMI
12,-0.0058929501844577695,2026-10-05,KMI
13,-0.006775737963336889,2026-10-05,KMI
14,-0.004894957017068417,2026-10-05,KMI
1,-0.003954307108127352,2026-10-05,KMX
2,0.000954101804049874,2026-10-05,KMX
3,-0.0042356322170582885,2026-10-05,KMX
4,-0.012319718739532588,2026-10-05,KMX
5,-0.005450600085075506,2026-10-05,KMX
6,-0.0033688937143371255,2026-10-05,KMX
7,0.00015630654136819917,2026-10-05,KMX
8,-0.0006673688131303553,2026-10-05,KMX
9,-0.007870426280489983,2026-10-05,KMX
10,-0.00860381472168587,2026-10-05,KMX
11,-0.008148688945033908,2026-10-05,KMX
12,0.002391752970220215,2026-10-05,KMX
13,0.003635661290895521,2026-10-05,KMX
14,-0.0007778472499709846,2026-10-05,KMX
1,-0.0005354888790396252,2026-10-05,KNX
2,-0.002597470138126604,2026-10-05,KNX
3,-0.0002590123026499259,2026-10-05,KNX
4,-0.001855655959927106,2026-10-05,KNX
5,0.0017979754024309877,2026-10-05,KNX
6,-0.002507314545291767,2026-10-05,KNX
7,-0.01068017329630314,2026-10-05,KNX
8,-0.0054311569481861255,2026-10-05,KNX
9,0.003620179266240148,2026-10-05,KNX
10,-0.0013687419957776944,2026-10-05,KNX
11,0.006546956618277329,2026-10-05,KNX
12,-0.007532729372505357,2026-10-05,KNX
13,-0.010899838080034746,2026-10-05,KNX
14,-0.006168671516157379,2026-10-05,KNX
1,-0.00026098636054108695,2026-10-05,KO
2,-0.0010137538466590133,2026-10-05,KO
3,0.0026235303859642534,2026-10-05,KO
4,-7.481765355790574e-05,2026-10-05,KO
5,0.0007921473059973115,2026-10-05,KO
6,-0.0009319996720326368,2026-10-05,KO
7,-9.900249741902856e-06,2026-10-05,KO
8,0.0026790443307916543,2026-10-05,KO
9,-0.00042956467798635966,2026-10-05,KO
10,-0.0013998037826346993,2026-10-05,KO
11,0.003946400825110874,2026-10-05,KO
12,0.0011321898840456345,2026-10-05,KO
13,0.001173842530540027,2026-10-05,KO
14,-0.005242182198500664,2026-10-05,KO
1,-0.0036746624481502734,2026-10-05,KOS
2,-0.0008110349843099548,2026-10-05,KOS
3,-0.0031561323726224983,2026-10-05,KOS
4,-0.009969692301033799,2026-10-05,KOS
5,-0.007218871121790491,2026-10-05,KOS
6,-0.008219251923618706,2026-10-05,KOS
7,0.0029758980910504986,2026-10-05,KOS
8,-7.943824734036082e-05,2026-10-05,KOS
9,0.0005033436618497815,2026-10-05,KOS
10,-0.006269188366672499,2026-10-05,KOS
11,-0.0025914933738937574,2026-10-05,KOS
12,0.0030011798808522055,2026-10-05,KOS
13,0.008122476163547436,2026-10-05,KOS
14,0.007020964519569883,2026-10-05,KOS
1,-0.0009382770190717924,2026-10-05,KR
2,-0.0013882063051580847,2026-10-05,KR
3,-0.0019555359273752205,2026-10-05,KR
4,-0.0020924640421473065,2026-10-05,KR
5,-0.0020835821628884857,2026-10-05,KR
6,-0.0043408835478329615,2026-10-05,KR
7,-0.007443061917225965,2026-10-05,KR
8,-0.003944956139509075,2026-10-05,KR
9,-0.0011556089164636491,2026-10-05,KR
10,0.00023631561398141052,2026-10-05,KR
11,0.0059109824576572215,2026-10-05,KR
12,-0.003319133652305537,2026-10-05,KR
13,-0.008549135094760454,2026-10-05,KR
14,-0.0072381605725455505,2026-10-05,KR
1,-0.0017253177825177527,2026-10-05,KRC
2,0.00035413050787710373,2026-10-05,KRC
3,-0.003246880783356914,2026-10-05,KRC
4,-0.007640798953843578,2026-10-05,KRC
5,-0.005468747887130773,2026-10-05,KRC
6,-0.002660672411692741,2026-10-05,KRC
7,8.09419236815388e-05,2026-10-05,KRC
8,-0.0025913011459566195,2026-10-05,KRC
9,-0.0026893628506668354,2026-10-05,KRC
10,-0.010228200866562323,2026-10-05,KRC
11,-0.003355477386048259,2026-10-05,KRC
12,-0.00010366366698496693,2026-10-05,KRC
13,-0.0009461597408576264,2026-10-05,KRC
14,0.0008089101561886644,2026-10-05,KRC
1,-0.0018099883451831481,2026-10-05,KRG
2,-0.00023442222603312353,2026-10-05,KRG
3,-0.003439779635348118,2026-10-05,KRG
4,-0.008548435619524578,2026-10-05,KRG
5,-0.005259766544358762,2026-10-05,KRG
6,-0.0004119401921093633,2026-10-05,KRG
7,0.0002706346355142161,2026-10-05,KRG
8,-0.006576810902195975,2026-10-05,KRG
9,-0.00434610355886203,2026-10-05,KRG
10,-0.010043662007885656,2026-10-05,KRG
11,-0.005314750321431246,2026-10-05,KRG
12,0.003887378814580839,2026-10-05,KRG
13,0.0016827268898195256,2026-10-05,KRG
14,-0.007879959371412365,2026-10-05,KRG
1,-0.00255796494681696,2026-10-05,KRYS
2,-0.00013830852886387047,2026-10-05,KRYS
3,-0.004250373045462981,2026-10-05,KRYS
4,-0.009677612170063358,2026-10-05,KRYS
5,-0.006952296696391272,2026-10-05,KRYS
6,-0.005655258735953785,2026-10-05,KRYS
7,0.0028440049125579288,2026-10-05,KRYS
8,0.00023247584440130655,2026-10-05,KRYS
9,-0.00332039400906263,2026-10-05,KRYS
10,-0.007109361491582214,2026-10-05,KRYS
11,-0.0049282128054903545,2026-10-05,KRYS
12,0.002243157205879729,2026-10-05,KRYS
13,0.007662875251345237,2026-10-05,KRYS
14,0.004621825309579864,2026-10-05,KRYS
1,-0.0027423097980594983,2026-10-05,KSS
2,0.0006524760967785894,2026-10-05,KSS
3,-0.005486257070901332,2026-10-05,KSS
4,-0.012438798485080208,2026-10-05,KSS
5,-0.0038291822837844204,2026-10-05,KSS
6,-0.006991652234859171,2026-10-05,KSS
7,0.0012797759928345229,2026-10-05,KSS
8,-0.001350429591849095,2026-10-05,KSS
9,-0.002193980183244018,2026-10-05,KSS
10,-0.008991486551195579,2026-10-05,KSS
11,-0.006135529952857203,2026-10-05,KSS
12,0.001563260116349801,2026-10-05,KSS
13,0.010111639956494977,2026-10-05,KSS
14,0.008615999172499196,2026-10-05,KSS
1,-0.0036874362454312375,2026-10-05,KTOS
2,-0.0005163765457996331,2026-10-05,KTOS
3,-0.002559698566163486,2026-10-05,KTOS
4,-0.012856044359197542,2026-10-05,KTOS
5,-0.007110931680794948,2026-10-05,KTOS
6,-0.0027253305648315663,2026-10-05,KTOS
7,-0.00010093473391577548,2026-10-05,KTOS
8,-0.0028702008146818075,2026-10-05,KTOS
9,-0.004402265635907507,2026-10-05,KTOS
10,0.005123874535185381,2026-10-05,KTOS
11,-0.008250269192082264,2026-10-05,KTOS
12,-0.0009388474258947175,2026-10-05,KTOS
13,-0.0005882503989553596,2026-10-05,KTOS
14,0.0061788022556102115,2026-10-05,KTOS
1,-9.0752943603139e-05,2026-10-05,KVUE
2,-0.002844112491769937,2026-10-05,KVUE
3,-0.0022915873995121216,2026-10-05,KVUE
4,-0.004407727996015631,2026-10-05,KVUE
5,-0.0009017345353107538,2026-10-05,KVUE
6,-0.0014188264214774183,2026-10-05,KVUE
7,-0.010567090642466772,2026-10-05,KVUE
8,-0.003663335311807115,2026-10-05,KVUE
9,0.0025417748967458344,2026-10-05,KVUE
10,-0.0021000169749869142,2026-10-05,KVUE
11,0.002466771340605779,2026-10-05,KVUE
12,-0.005556759676624205,2026-10-05,KVUE
13,-0.009126332896653057,2026-10-05,KVUE
14,-0.006448713346128948,2026-10-05,KVUE
1,-0.004589543035460985,2026-10-05,KVYO
2,-0.0010413873348936147,2026-10-05,KVYO
3,-0.004168539054809327,2026-10-05,KVYO
4,-0.012614202147750529,2026-10-05,KVYO
5,-0.0036352825745812867,2026-10-05,KVYO
6,-0.00421458455336244,2026-10-05,KVYO
7,0.0014162962375905057,2026-10-05,KVYO
8,0.0010544247837879627,2026-10-05,KVYO
9,-0.0027227769069452738,2026-10-05,KVYO
10,-0.00902671178060594,2026-10-05,KVYO
11,-0.005690070874465518,2026-10-05,KVYO
12,0.002330813721540167,2026-10-05,KVYO
13,0.008131311662415246,2026-10-05,KVYO
14,0.002675805883699283,2026-10-05,KVYO
1,-0.0025537945286132338,2026-10-05,LAZ
2,0.0020941504575603203,2026-10-05,LAZ
3,-0.00230333473060798,2026-10-05,LAZ
4,-0.015363088512426234,2026-10-05,LAZ
5,-0.005800987764153172,2026-10-05,LAZ
6,-0.00536481757468516,2026-10-05,LAZ
7,-0.0006506953089161451,2026-10-05,LAZ
8,-0.004682242423164785,2026-10-05,LAZ
9,-0.0032077784866671546,2026-10-05,LAZ
10,0.000982493876644955,2026-10-05,LAZ
11,-0.0036019748303160307,2026-10-05,LAZ
12,6.479223811093278e-05,2026-10-05,LAZ
13,0.000446153173551708,2026-10-05,LAZ
14,0.0025199100699781003,2026-10-05,LAZ
1,-0.0038498246132590247,2026-10-05,LBRT
2,-0.0008813435943045263,2026-10-05,LBRT
3,-0.005310889481973583,2026-10-05,LBRT
4,-0.00988386363590565,2026-10-05,LBRT
5,-0.005219259777088684,2026-10-05,LBRT
6,-0.0069720411999770965,2026-10-05,LBRT
7,0.0007937790970502349,2026-10-05,LBRT
8,0.0020560180979505194,2026-10-05,LBRT
9,-0.00264996342450707,2026-10-05,LBRT
10,-0.008058189282999702,2026-10-05,LBRT
11,0.00019595418390005995,2026-10-05,LBRT
12,0.0024046160130960256,2026-10-05,LBRT
13,0.009949969012721174,2026-10-05,LBRT
14,0.0040400036488862975,2026-10-05,LBRT
1,-0.0022800856020340093,2026-10-05,LBTYA
2,0.0008691244810195027,2026-10-05,LBTYA
3,-0.0031137269693045314,2026-10-05,LBTYA
4,-0.010502859194431445,2026-10-05,LBTYA
5,-0.008497260262701112,2026-10-05,LBTYA
6,-0.0039796147941567215,2026-10-05,LBTYA
7,0.0015333052123119623,2026-10-05,LBTYA
8,-0.00445510781120533,2026-10-05,LBTYA
9,-0.0005900203684939718,2026-10-05,LBTYA
10,-0.007364056348486539,2026-10-05,LBTYA
11,-0.005207086051608989,2026-10-05,LBTYA
12,-0.002334841948859534,2026-10-05,LBTYA
13,-0.00259753809479811,2026-10-05,LBTYA
14,-0.004937792120508802,2026-10-05,LBTYA
1,-0.00233659605198314,2026-10-05,LBTYK
2,0.00011929047444083305,2026-10-05,LBTYK
3,-0.002693957351678695,2026-10-05,LBTYK
4,-0.010721915608998657,2026-10-05,LBTYK
5,-0.007771835624653081,2026-10-05,LBTYK
6,-0.0037456704506050238,2026-10-05,LBTYK
7,0.00213324970567471,2026-10-05,LBTYK
8,-0.005928053204005182,2026-10-05,LBTYK
9,-0.00227739446299726,2026-10-05,LBTYK
10,-0.007065130323112814,2026-10-05,LBTYK
11,-0.003959812597002079,2026-10-05,LBTYK
12,-0.001812197290893591,2026-10-05,LBTYK
13,-0.0021424714138861254,2026-10-05,LBTYK
14,-0.004372747360173136,2026-10-05,LBTYK
1,-0.005341532954835396,2026-10-05,LCID
2,0.0033761041312886046,2026-10-05,LCID
3,0.00251606492206379,2026-10-05,LCID
4,-0.013142165002031836,2026-10-05,LCID
5,-0.0028482515001325135,2026-10-05,LCID
6,0.00575858643343111,2026-10-05,LCID
7,-0.00010193695444904738,2026-10-05,LCID
8,-0.004048684832612896,2026-10-05,LCID
9,0.0029567051623798453,2026-10-05,LCID
10,-0.0007384207605071675,2026-10-05,LCID
11,-0.004248941942900777,2026-10-05,LCID
12,-0.0009640042871253319,2026-10-05,LCID
13,0.0010189573512261868,2026-10-05,LCID
14,0.009669113264161835,2026-10-05,LCID
1,-5.236740914591162e-05,2026-10-05,LDOS
2,-0.002067561567717855,2026-10-05,LDOS
3,-0.0008037005604188185,2026-10-05,LDOS
4,-0.0015375818969511448,2026-10-05,LDOS
5,-0.003095744481524498,2026-10-05,LDOS
6,-0.0024806183777408984,2026-10-05,LDOS
7,-0.009824278160180428,2026-10-05,LDOS
8,-0.005282818893758946,2026-10-05,LDOS
9,-0.0011913593690462102,2026-10-05,LDOS
10,-0.0009941966104270344,2026-10-05,LDOS
11,0.004185841922927936,2026-10-05,LDOS
12,-0.008944555623607818,2026-10-05,LDOS
13,-0.008985178687253594,2026-10-05,LDOS
14,-0.004523743494831182,2026-10-05,LDOS
1,-0.003335560423176842,2026-10-05,LEA
2,0.0013626811025745198,2026-10-05,LEA
3,-0.0022510845358847606,2026-10-05,LEA
4,-0.012704943564503043,2026-10-05,LEA
5,-0.007059326899632885,2026-10-05,LEA
6,-0.006319251290348634,2026-10-05,LEA
7,0.0026063199164549247,2026-10-05,LEA
8,-0.003502354684647141,2026-10-05,LEA
9,-0.0028784366415534877,2026-10-05,LEA
10,0.006026285487296447,2026-10-05,LEA
11,-0.013671010639715483,2026-10-05,LEA
12,0.0006743493269317295,2026-10-05,LEA
13,-0.007063889515543518,2026-10-05,LEA
14,0.0027512925631308126,2026-10-05,LEA
1,-0.0046768171084776225,2026-10-05,LEGN
2,-0.0006483299083798621,2026-10-05,LEGN
3,-0.0033273004789194406,2026-10-05,LEGN
4,-0.011995564848918944,2026-10-05,LEGN
5,-0.00628762478597538,2026-10-05,LEGN
6,-0.002430566897822873,2026-10-05,LEGN
7,-0.0009915388547954553,2026-10-05,LEGN
8,-0.004503903590790085,2026-10-05,LEGN
9,0.0009881760620517991,2026-10-05,LEGN
10,0.00287978123292804,2026-10-05,LEGN
11,-0.003423102354728638,2026-10-05,LEGN
12,-0.00033883310413317845,2026-10-05,LEGN
13,-0.00021497963408458742,2026-10-05,LEGN
14,0.0035502039788575333,2026-10-05,LEGN
1,-0.0006694809178339045,2026-10-05,LEN
2,-0.00196414145976656,2026-10-05,LEN
3,-0.002802323568107967,2026-10-05,LEN
4,-0.0029533506417156966,2026-10-05,LEN
5,-0.003044705990243005,2026-10-05,LEN
6,-0.003090706883723043,2026-10-05,LEN
7,-0.00981083654318399,2026-10-05,LEN
8,-0.004278941375553155,2026-10-05,LEN
9,0.0018795854907522668,2026-10-05,LEN
10,-0.00218781023731058,2026-10-05,LEN
11,0.0016323749790335624,2026-10-05,LEN
12,-0.006495122029285754,2026-10-05,LEN
13,-0.010981632553871103,2026-10-05,LEN
14,-0.004886338939430085,2026-10-05,LEN
1,-0.0029046812134044843,2026-10-05,LEVI
2,0.0010645651218474668,2026-10-05,LEVI
3,-0.005041479053563101,2026-10-05,LEVI
4,-0.011023644335132029,2026-10-05,LEVI
5,-0.007989100168701291,2026-10-05,LEVI
6,-0.007596602294850838,2026-10-05,LEVI
7,0.00337773004545134,2026-10-05,LEVI
8,-0.004724954707972034,2026-10-05,LEVI
9,-0.005082964617670825,2026-10-05,LEVI
10,-0.004601332994886012,2026-10-05,LEVI
11,0.0001417478960506263,2026-10-05,LEVI
12,0.0016753910042087736,2026-10-05,LEVI
13,0.006625556961455357,2026-10-05,LEVI
14,0.006822574459873086,2026-10-05,LEVI
1,-0.0036557279056947146,2026-10-05,LFST
2,-0.00026708277394183805,2026-10-05,LFST
3,-0.004151336260677885,2026-10-05,LFST
4,-0.012776098673568693,2026-10-05,LFST
5,-0.004348517115292953,2026-10-05,LFST
6,-0.0008185867539004581,2026-10-05,LFST
7,0.0017121772713237832,2026-10-05,LFST
8,-0.001009235034232394,2026-10-05,LFST
9,0.0002542716614125842,2026-10-05,LFST
10,-0.010800311146315963,2026-10-05,LFST
11,-0.006839320580245891,2026-10-05,LFST
12,0.005140450168557427,2026-10-05,LFST
13,0.013858479785736552,2026-10-05,LFST
14,-0.0003784833552768124,2026-10-05,LFST
1,0.00033759257761395754,2026-10-05,LI
2,-0.005004722026040743,2026-10-05,LI
3,-0.0022708547609966963,2026-10-05,LI
4,-0.002367934421065204,2026-10-05,LI
5,0.0022779341504575914,2026-10-05,LI
6,-0.0009662976043530885,2026-10-05,LI
7,-0.005791957570826281,2026-10-05,LI
8,-0.007211903502090361,2026-10-05,LI
9,-0.0036668541477426135,2026-10-05,LI
10,-0.003928178961823097,2026-10-05,LI
11,-0.004269717828467813,2026-10-05,LI
12,-0.015312976774853788,2026-10-05,LI
13,-0.009428919706559569,2026-10-05,LI
14,-0.003669196289724096,2026-10-05,LI
1,-0.0022537513948763517,2026-10-05,LILAK
2,0.0003055431013722389,2026-10-05,LILAK
3,-0.0029775909000388317,2026-10-05,LILAK
4,-0.011265687294309547,2026-10-05,LILAK
5,-0.0040791578141066345,2026-10-05,LILAK
6,-0.005065568503110918,2026-10-05,LILAK
7,0.0025281784942740256,2026-10-05,LILAK
8,-0.005458620474126578,2026-10-05,LILAK
9,-0.0061658994150061526,2026-10-05,LILAK
10,-0.0014614231433260298,2026-10-05,LILAK
11,-0.004099465516856135,2026-10-05,LILAK
12,-0.006839468455661917,2026-10-05,LILAK
13,0.005117728644018407,2026-10-05,LILAK
14,0.0017006287268208438,2026-10-05,LILAK
1,-0.00013921443192259144,2026-10-05,LIN
2,-0.0015441161594709051,2026-10-05,LIN
3,0.0034130972748889687,2026-10-05,LIN
4,0.0009520077282350366,2026-10-05,LIN
5,-0.0003949778257291746,2026-10-05,LIN
6,-0.0003143396196565955,2026-10-05,LIN
7,-0.0011908776137595774,2026-10-05,LIN
8,0.0002314311262569462,2026-10-05,LIN
9,-0.0005935981559081694,2026-10-05,LIN
10,-0.002475091381251477,2026-10-05,LIN
11,0.004759515066792514,2026-10-05,LIN
12,0.0003626506627515486,2026-10-05,LIN
13,0.003532762091005369,2026-10-05,LIN
14,-0.0037014302448714993,2026-10-05,LIN
1,-0.00242784617862942,2026-10-05,LITE
2,0.0005783417849674123,2026-10-05,LITE
3,-0.005608649972840405,2026-10-05,LITE
4,-0.012790297321097075,2026-10-05,LITE
5,-0.007204813996916958,2026-10-05,LITE
6,0.004473094035327326,2026-10-05,LITE
7,0.0012464348407821557,2026-10-05,LITE
8,-0.0065264770260583145,2026-10-05,LITE
9,-0.008673194740071695,2026-10-05,LITE
10,-0.0009477335290720828,2026-10-05,LITE
11,-0.009750412736309949,2026-10-05,LITE
12,0.0034875383038405414,2026-10-05,LITE
13,0.001916802894187868,2026-10-05,LITE
14,-0.0022107886694767496,2026-10-05,LITE
1,-0.0026268484724710933,2026-10-05,LKQ
2,0.0012802016146082798,2026-10-05,LKQ
3,-0.0053684297232529125,2026-10-05,LKQ
4,-0.013423590373494538,2026-10-05,LKQ
5,-0.005700626375645261,2026-10-05,LKQ
6,-0.0032574690887210186,2026-10-05,LKQ
7,-0.0020091134383068707,2026-10-05,LKQ
8,-0.006409193987510799,2026-10-05,LKQ
9,-0.005742197680066918,2026-10-05,LKQ
10,-0.008720812591074172,2026-10-05,LKQ
11,-0.012547715836607179,2026-10-05,LKQ
12,-0.002261266735493897,2026-10-05,LKQ
13,0.0058541034858957475,2026-10-05,LKQ
14,-0.004107688496865977,2026-10-05,LKQ
1,0.0004758127156083696,2026-10-05,LLY
2,-0.0018613406637491385,2026-10-05,LLY
3,0.0021148794781287654,2026-10-05,LLY
4,-0.0002424527172124731,2026-10-05,LLY
5,-0.001371636613809898,2026-10-05,LLY
6,-0.002683796935589144,2026-10-05,LLY
7,-0.002697002552231879,2026-10-05,LLY
8,0.003691211207650293,2026-10-05,LLY
9,-0.0002579229950997595,2026-10-05,LLY
10,0.0011215924028057413,2026-10-05,LLY
11,0.004143951853460292,2026-10-05,LLY
12,0.00042132929446802594,2026-10-05,LLY
13,0.0032395569951714073,2026-10-05,LLY
14,-0.0035742355079721715,2026-10-05,LLY
1,-0.0024196908352685626,2026-10-05,LMND
2,-0.0005885308103744717,2026-10-05,LMND
3,-0.003972163488305331,2026-10-05,LMND
4,-0.013220945503627126,2026-10-05,LMND
5,-0.005153095358100682,2026-10-05,LMND
6,-0.005185882471394446,2026-10-05,LMND
7,0.003026022552986978,2026-10-05,LMND
8,0.0025248107622776288,2026-10-05,LMND
9,-0.002483185969455869,2026-10-05,LMND
10,-0.007660244457426182,2026-10-05,LMND
11,-0.005396072930619285,2026-10-05,LMND
12,0.0036828830610389266,2026-10-05,LMND
13,0.005005412209090917,2026-10-05,LMND
14,0.003870967531725797,2026-10-05,LMND
1,0.00020662033763064043,2026-10-05,LMT
2,-0.000911099233864155,2026-10-05,LMT
3,0.0022150454924850255,2026-10-05,LMT
4,0.00015560988314493456,2026-10-05,LMT
5,0.0005306387777234082,2026-10-05,LMT
6,-0.0003920787085079384,2026-10-05,LMT
7,-0.00238869065128145,2026-10-05,LMT
8,0.0016126763515919408,2026-10-05,LMT
9,-0.0018102885306968987,2026-10-05,LMT
10,0.0019419014158137743,2026-10-05,LMT
11,0.0058698200095047715,2026-10-05,LMT
12,0.002421297850582894,2026-10-05,LMT
13,-9.373815457038687e-05,2026-10-05,LMT
14,-0.004911032536602687,2026-10-05,LMT
1,-0.002796765513614121,2026-10-05,LNC
2,0.001122500182864488,2026-10-05,LNC
3,-0.002799628786469712,2026-10-05,LNC
4,-0.01045105074416849,2026-10-05,LNC
5,-0.005977202751178813,2026-10-05,LNC
6,-0.004743637030259589,2026-10-05,LNC
7,0.003813314207825146,2026-10-05,LNC
8,0.0028739041044067845,2026-10-05,LNC
9,-0.002417712637578455,2026-10-05,LNC
10,-0.010154964511503084,2026-10-05,LNC
11,-0.004506633041526959,2026-10-05,LNC
12,0.004107485898417345,2026-10-05,LNC
13,0.00700721949498947,2026-10-05,LNC
14,0.00621506341998399,2026-10-05,LNC
1,-0.0006338868348590083,2026-10-05,LNG
2,-0.0019230798167042082,2026-10-05,LNG
3,-0.00167256456056689,2026-10-05,LNG
4,-0.0028408707587376874,2026-10-05,LNG
5,-0.001427067752693574,2026-10-05,LNG
6,-0.0031657817095458317,2026-10-05,LNG
7,-0.006533177466610265,2026-10-05,LNG
8,-0.004145068109578304,2026-10-05,LNG
9,-0.0006316874513258417,2026-10-05,LNG
10,-0.001272042641410538,2026-10-05,LNG
11,0.0013226036833864762,2026-10-05,LNG
12,-0.009723809403196263,2026-10-05,LNG
13,-0.00889216805436353,2026-10-05,LNG
14,-0.0055529846156555235,2026-10-05,LNG
1,-0.0017093461773735187,2026-10-05,LNT
2,-0.000985461711218746,2026-10-05,LNT
3,-0.004278450474292168,2026-10-05,LNT
4,-0.007847666713458518,2026-10-05,LNT
5,-0.006973535911446698,2026-10-05,LNT
6,-0.004134109559062145,2026-10-05,LNT
7,1.625767556251256e-05,2026-10-05,LNT
8,-0.0014634292434397187,2026-10-05,LNT
9,-0.00041692837245852887,2026-10-05,LNT
10,-0.008841144039377557,2026-10-05,LNT
11,-0.005674748974946428,2026-10-05,LNT
12,0.002251970136329187,2026-10-05,LNT
13,0.002803866420977303,2026-10-05,LNT
14,-0.009438567369368153,2026-10-05,LNT
1,7.457024400844284e-05,2026-10-05,LOW
2,-0.0016895669389599835,2026-10-05,LOW
3,0.0021536723982375086,2026-10-05,LOW
4,-6.964194220088679e-05,2026-10-05,LOW
5,-0.0008104955738636024,2026-10-05,LOW
6,-0.001570344605406277,2026-10-05,LOW
7,-0.0009086308885251363,2026-10-05,LOW
8,-0.0006033828650983063,2026-10-05,LOW
9,-0.0016838191641680483,2026-10-05,LOW
10,-0.0026779531716162237,2026-10-05,LOW
11,0.0026670107403891034,2026-10-05,LOW
12,0.0005792136244992508,2026-10-05,LOW
13,0.0021616486635657175,2026-10-05,LOW
14,-0.004052715565512746,2026-10-05,LOW
1,-0.00382145281562236,2026-10-05,LPX
2,0.00023694087233017746,2026-10-05,LPX
3,-0.0035721991929579242,2026-10-05,LPX
4,-0.011354848857942938,2026-10-05,LPX
5,-0.005143496486056113,2026-10-05,LPX
6,-0.009702120834382705,2026-10-05,LPX
7,0.0026076915732395427,2026-10-05,LPX
8,0.0015693696224290362,2026-10-05,LPX
9,-0.006787105104181805,2026-10-05,LPX
10,-0.007408552151205919,2026-10-05,LPX
11,-0.0019915292307787283,2026-10-05,LPX
12,0.0019323489294468398,2026-10-05,LPX
13,0.007542016403340823,2026-10-05,LPX
14,0.003864735532228997,2026-10-05,LPX
1,-0.003817861771619894,2026-10-05,LQDA
2,-0.0001900778214868121,2026-10-05,LQDA
3,0.0006838037525947547,2026-10-05,LQDA
4,-0.011345229379057797,2026-10-05,LQDA
5,-0.006993878701834368,2026-10-05,LQDA
6,-0.0019219583561481085,2026-10-05,LQDA
7,0.0001257852961473617,2026-10-05,LQDA
8,0.0013354751113861575,2026-10-05,LQDA
9,-0.0020483848741823414,2026-10-05,LQDA
10,-0.00782832291461353,2026-10-05,LQDA
11,-0.001976284846742719,2026-10-05,LQDA
12,0.003453963275041463,2026-10-05,LQDA
13,0.010642368318671597,2026-10-05,LQDA
14,0.0001524589351691703,2026-10-05,LQDA
1,-0.0004927545348947303,2026-10-05,LRCX
2,-0.001025973526379843,2026-10-05,LRCX
3,0.0027378781218187704,2026-10-05,LRCX
4,0.0007308184711037611,2026-10-05,LRCX
5,-0.00029671965901817594,2026-10-05,LRCX
6,0.00013075696202781873,2026-10-05,LRCX
7,-0.0019941569337856286,2026-10-05,LRCX
8,0.0013808416627841345,2026-10-05,LRCX
9,-0.0019885646025718058,2026-10-05,LRCX
10,-0.000253889051657756,2026-10-05,LRCX
11,0.004001922494898233,2026-10-05,LRCX
12,0.0017980333249649138,2026-10-05,LRCX
13,0.0017403465252626088,2026-10-05,LRCX
14,-0.006003370443913329,2026-10-05,LRCX
1,-0.003320082246486464,2026-10-05,LSCC
2,-0.0006056609184598612,2026-10-05,LSCC
3,-0.004947797475659133,2026-10-05,LSCC
4,-0.00988243169370648,2026-10-05,LSCC
5,-0.008506421333884823,2026-10-05,LSCC
6,-0.008874890308084306,2026-10-05,LSCC
7,-0.0026461588731145273,2026-10-05,LSCC
8,-0.011954252515394613,2026-10-05,LSCC
9,-0.009191282197956414,2026-10-05,LSCC
10,-0.005710752295210316,2026-10-05,LSCC
11,-0.007411400097664997,2026-10-05,LSCC
12,0.00239028759100297,2026-10-05,LSCC
13,-0.0020026827181190148,2026-10-05,LSCC
14,0.0027584644079048167,2026-10-05,LSCC
1,-0.005273026910228393,2026-10-05,LSPD
2,0.00027330639858957635,2026-10-05,LSPD
3,-0.001898453158214014,2026-10-05,LSPD
4,-0.017703595665478213,2026-10-05,LSPD
5,-0.004079844988074202,2026-10-05,LSPD
6,-0.002539657274358907,2026-10-05,LSPD
7,-0.0010579028742781524,2026-10-05,LSPD
8,-0.002903280523414675,2026-10-05,LSPD
9,0.0008913981457706391,2026-10-05,LSPD
10,-0.005793636035923416,2026-10-05,LSPD
11,0.001681261924727993,2026-10-05,LSPD
12,-0.008405646616191526,2026-10-05,LSPD
13,-0.00020421113946336456,2026-10-05,LSPD
14,0.0003031927410100755,2026-10-05,LSPD
1,-0.004727946909837842,2026-10-05,LU
2,-0.0009593525700489774,2026-10-05,LU
3,-6.680493860231309e-05,2026-10-05,LU
4,-0.012807660657754216,2026-10-05,LU
5,-0.004119430584967199,2026-10-05,LU
6,-0.0019099785146941494,2026-10-05,LU
7,-0.0002933658436982241,2026-10-05,LU
8,0.0009552070508946228,2026-10-05,LU
9,-0.0017240292864115817,2026-10-05,LU
10,-0.007327729494768651,2026-10-05,LU
11,-0.0024629677844330475,2026-10-05,LU
12,0.0005156682582083384,2026-10-05,LU
13,0.017468340130135738,2026-10-05,LU
14,0.0014679137469893987,2026-10-05,LU
1,-0.00041947547020010367,2026-10-05,LULU
2,-0.0020716914575078797,2026-10-05,LULU
3,-0.0005201824990177718,2026-10-05,LULU
4,0.00025400933718321546,2026-10-05,LULU
5,-0.004610213214678469,2026-10-05,LULU
6,-0.002952387385571467,2026-10-05,LULU
7,-0.010378231508811394,2026-10-05,LULU
8,-0.006801557057923052,2026-10-05,LULU
9,-0.0003821457281347814,2026-10-05,LULU
10,9.654289247446746e-05,2026-10-05,LULU
11,0.002470747944245869,2026-10-05,LULU
12,-0.007998400204624487,2026-10-05,LULU
13,-0.0062789316171235985,2026-10-05,LULU
14,-0.005319941392502061,2026-10-05,LULU
1,-0.0008526292951280453,2026-10-05,LUV
2,-0.0031614366030224116,2026-10-05,LUV
3,-0.0013851559421681873,2026-10-05,LUV
4,-0.00444040988810636,2026-10-05,LUV
5,-0.0012205566249102802,2026-10-05,LUV
6,-0.0024985620557807877,2026-10-05,LUV
7,-0.01314601628707625,2026-10-05,LUV
8,-0.006400646649263317,2026-10-05,LUV
9,0.0033856475953987805,2026-10-05,LUV
10,0.0014390830988777628,2026-10-05,LUV
11,0.00561641226281759,2026-10-05,LUV
12,-0.0059339324623798,2026-10-05,LUV
13,-0.005705067809172556,2026-10-05,LUV
14,-0.007239261666868692,2026-10-05,LUV
1,-0.00016138345771573315,2026-10-05,LVS
2,-0.0035078855466978043,2026-10-05,LVS
3,-0.003607519978835967,2026-10-05,LVS
4,-0.00323077674934884,2026-10-05,LVS
5,-0.003970921747901569,2026-10-05,LVS
6,-0.00038988090766208964,2026-10-05,LVS
7,-0.008451887977139258,2026-10-05,LVS
8,-0.005484850507660523,2026-10-05,LVS
9,0.00177719624955356,2026-10-05,LVS
10,0.0015501715559815318,2026-10-05,LVS
11,0.0015436828977314376,2026-10-05,LVS
12,-0.008426175587757056,2026-10-05,LVS
13,-0.010665862237227123,2026-10-05,LVS
14,-0.0056833035481776055,2026-10-05,LVS
1,-0.0016951248679937761,2026-10-05,LW
2,-0.0007184159211815272,2026-10-05,LW
3,-0.005214856610392675,2026-10-05,LW
4,-0.011543254238034683,2026-10-05,LW
5,-0.006546056141748561,2026-10-05,LW
6,-0.005926089474216873,2026-10-05,LW
7,0.001419879085073466,2026-10-05,LW
8,-0.0036708782301813707,2026-10-05,LW
9,-0.006077874674730718,2026-10-05,LW
10,-0.007932457025083262,2026-10-05,LW
11,-0.004882970563495218,2026-10-05,LW
12,0.003027114057397121,2026-10-05,LW
13,0.008518286684901361,2026-10-05,LW
14,0.0005950970133127162,2026-10-05,LW
1,-0.0016659294273369254,2026-10-05,LXP
2,0.00030190570094060514,2026-10-05,LXP
3,-0.004716145185746851,2026-10-05,LXP
4,-0.00862981931106355,2026-10-05,LXP
5,-0.004362717596712393,2026-10-05,LXP
6,-0.0023682342263931368,2026-10-05,LXP
7,0.00017792652774509067,2026-10-05,LXP
8,-0.004035154617016189,2026-10-05,LXP
9,-0.002834857902062441,2026-10-05,LXP
10,-0.008700150009338811,2026-10-05,LXP
11,0.0002555238206987268,2026-10-05,LXP
12,0.0004386921198539544,2026-10-05,LXP
13,0.0012186639563886972,2026-10-05,LXP
14,-0.010890772183970875,2026-10-05,LXP
1,-0.001031117617486436,2026-10-05,LYB
2,-0.0015428780493674827,2026-10-05,LYB
3,-0.003637484047523471,2026-10-05,LYB
4,-0.00031246816944370526,2026-10-05,LYB
5,-0.004467331637216368,2026-10-05,LYB
6,0.0004149440464433567,2026-10-05,LYB
7,-0.011506193692764637,2026-10-05,LYB
8,-0.004449415959081258,2026-10-05,LYB
9,-0.000608807208854177,2026-10-05,LYB
10,0.0002006094064503863,2026-10-05,LYB
11,0.004609160070619284,2026-10-05,LYB
12,-0.0034953572428420227,2026-10-05,LYB
13,-0.009653281202560452,2026-10-05,LYB
14,-0.008131739333897438,2026-10-05,LYB
1,-0.0050883643994525,2026-10-05,LYFT
2,-0.0005894961948991433,2026-10-05,LYFT
3,-0.00542546722281524,2026-10-05,LYFT
4,-0.012174111793134356,2026-10-05,LYFT
5,-0.003454725230737889,2026-10-05,LYFT
6,-0.003240425520341024,2026-10-05,LYFT
7,0.0013757390631708795,2026-10-05,LYFT
8,-0.004725545282745335,2026-10-05,LYFT
9,-0.0024317071781788865,2026-10-05,LYFT
10,-0.009010869661281071,2026-10-05,LYFT
11,-0.006909702501812149,2026-10-05,LYFT
12,-0.002373267927833422,2026-10-05,LYFT
13,0.004985977374410432,2026-10-05,LYFT
14,-0.00578113452423614,2026-10-05,LYFT
1,-0.0006047880083881476,2026-10-05,LYG
2,-0.003200195332023607,2026-10-05,LYG
3,-0.0005874401225941379,2026-10-05,LYG
4,-0.003338850459111206,2026-10-05,LYG
5,-0.0004465001621488059,2026-10-05,LYG
6,-0.002093697868696527,2026-10-05,LYG
7,-0.0076098665829386165,2026-10-05,LYG
8,-0.003502004937778839,2026-10-05,LYG
9,-0.00035427334985797934,2026-10-05,LYG
10,-0.003752883572991123,2026-10-05,LYG
11,0.0028171847506422553,2026-10-05,LYG
12,-0.007539064584116661,2026-10-05,LYG
13,-0.007414970764582298,2026-10-05,LYG
14,-0.004734476431108751,2026-10-05,LYG
1,-5.067989007738019e-05,2026-10-05,LYV
2,-0.0016537628087521209,2026-10-05,LYV
3,-0.002255862445737522,2026-10-05,LYV
4,-0.0014484791497534485,2026-10-05,LYV
5,-0.002757796740099942,2026-10-05,LYV
6,-0.0007010544540072811,2026-10-05,LYV
7,-0.01000106473699986,2026-10-05,LYV
8,-0.004932620854077879,2026-10-05,LYV
9,0.0003538295325543973,2026-10-05,LYV
10,7.854806976086865e-05,2026-10-05,LYV
11,-0.00013125630866996785,2026-10-05,LYV
12,-0.007518468644511929,2026-10-05,LYV
13,-0.0075431187694747605,2026-10-05,LYV
14,-0.0057534167877542584,2026-10-05,LYV
1,-0.00405568433821439,2026-10-05,LZ
2,-0.00014553996364493019,2026-10-05,LZ
3,-0.004898078308813173,2026-10-05,LZ
4,-0.009094846026240281,2026-10-05,LZ
5,-0.006846330769456227,2026-10-05,LZ
6,-0.0023206771388059213,2026-10-05,LZ
7,-0.003978256081693247,2026-10-05,LZ
8,-0.0034041932165562276,2026-10-05,LZ
9,-0.005118563992145533,2026-10-05,LZ
10,-0.008003135237394555,2026-10-05,LZ
11,-0.007251103650119701,2026-10-05,LZ
12,0.00268761288096867,2026-10-05,LZ
13,-0.001381409294942272,2026-10-05,LZ
14,-0.0015787916059278484,2026-10-05,LZ
1,-0.003482310790653063,2026-10-05,M
2,0.0005917782986188544,2026-10-05,M
3,-0.0049649101072528345,2026-10-05,M
4,-0.011698063152051328,2026-10-05,M
5,-0.005482914864442031,2026-10-05,M
6,-0.004255685079221325,2026-10-05,M
7,-0.0010128893703247363,2026-10-05,M
8,-0.005737455113361379,2026-10-05,M
9,-0.004877710899035261,2026-10-05,M
10,-0.006977755131827256,2026-10-05,M
11,-0.004200523919312714,2026-10-05,M
12,-0.0004454074168173293,2026-10-05,M
13,-0.0032385316317612486,2026-10-05,M
14,-0.0022530764319671636,2026-10-05,M
1,3.6867479649347616e-06,2026-10-05,MA
2,-0.001593947203547005,2026-10-05,MA
3,0.0014156059877222932,2026-10-05,MA
4,0.0006348166563210668,2026-10-05,MA
5,0.00039651333583694043,2026-10-05,MA
6,-0.0008648520586482773,2026-10-05,MA
7,-0.0015971939456294242,2026-10-05,MA
8,0.001324463114233959,2026-10-05,MA
9,-0.002904178598434916,2026-10-05,MA
10,-9.316608007783666e-05,2026-10-05,MA
11,0.0011272655071060975,2026-10-05,MA
12,-0.0007838128266664048,2026-10-05,MA
13,0.0028668128573835477,2026-10-05,MA
14,-0.0054436246013871365,2026-10-05,MA
1,-0.002593342463843332,2026-10-05,MAC
2,9.001387818830133e-05,2026-10-05,MAC
3,-0.004680165354277065,2026-10-05,MAC
4,-0.010509267569599082,2026-10-05,MAC
5,-0.006140945497981777,2026-10-05,MAC
6,-0.004648528758388512,2026-10-05,MAC
7,0.002702907060385195,2026-10-05,MAC
8,-0.002939237013459544,2026-10-05,MAC
9,-0.0009204069243355997,2026-10-05,MAC
10,-0.010533510168198616,2026-10-05,MAC
11,-0.004381226025408603,2026-10-05,MAC
12,0.006544901682661048,2026-10-05,MAC
13,0.008794508006669078,2026-10-05,MAC
14,0.008196035348677147,2026-10-05,MAC
1,3.442509904780118e-05,2026-10-05,MAR
2,-0.001485129611620443,2026-10-05,MAR
3,0.002675813013708569,2026-10-05,MAR
4,0.0002745034366920694,2026-10-05,MAR
5,-3.142594346410209e-05,2026-10-05,MAR
6,-0.0013239485025752058,2026-10-05,MAR
7,-0.003264488203936409,2026-10-05,MAR
8,0.0028967187989248737,2026-10-05,MAR
9,-0.0007053406628122009,2026-10-05,MAR
10,-0.0023830308768078086,2026-10-05,MAR
11,0.0054358448815233825,2026-10-05,MAR
12,0.0020760943349934532,2026-10-05,MAR
13,0.0011423280419598967,2026-10-05,MAR
14,-0.006234156443364974,2026-10-05,MAR
1,-0.00032562941165560004,2026-10-05,MARA
2,-0.0033537361331132825,2026-10-05,MARA
3,-0.004440610244855923,2026-10-05,MARA
4,-0.002737142028100388,2026-10-05,MARA
5,-0.002290112519906816,2026-10-05,MARA
6,0.000967668927221293,2026-10-05,MARA
7,-0.00934819866072105,2026-10-05,MARA
8,-0.00561378863852847,2026-10-05,MARA
9,-0.00014168681471762336,2026-10-05,MARA
10,-0.0007938717101535645,2026-10-05,MARA
11,0.002044864620309302,2026-10-05,MARA
12,-0.00908162737438225,2026-10-05,MARA
13,-0.009932157835371042,2026-10-05,MARA
14,-0.010127064072872723,2026-10-05,MARA
1,-0.0014601147412828842,2026-10-05,MAS
2,-0.0019368664660510332,2026-10-05,MAS
3,-0.0013376107650186321,2026-10-05,MAS
4,-0.0021031404826584183,2026-10-05,MAS
5,-0.0006772996029531558,2026-10-05,MAS
6,-0.0037260943378564296,2026-10-05,MAS
7,-0.009036527113365918,2026-10-05,MAS
8,-0.00482933160158265,2026-10-05,MAS
9,0.0004784736162713181,2026-10-05,MAS
10,-0.0022442466224008484,2026-10-05,MAS
11,0.0031664058703703697,2026-10-05,MAS
12,-0.006136900512533261,2026-10-05,MAS
13,-0.008979067383056668,2026-10-05,MAS
14,-0.005395639115586241,2026-10-05,MAS
1,-0.00253296063078748,2026-10-05,MAT
2,-0.0005372052038010683,2026-10-05,MAT
3,-0.0031607363674383505,2026-10-05,MAT
4,-0.009291301461144458,2026-10-05,MAT
5,-0.005796670407910386,2026-10-05,MAT
6,-0.0015565020679883074,2026-10-05,MAT
7,-0.001813830825983429,2026-10-05,MAT
8,-0.006693091473950273,2026-10-05,MAT
9,-0.00283793362239699,2026-10-05,MAT
10,-0.011218476392748386,2026-10-05,MAT
11,-0.009145423045964933,2026-10-05,MAT
12,0.0005113387951259914,2026-10-05,MAT
13,-0.005896324582140039,2026-10-05,MAT
14,-0.006431879577770438,2026-10-05,MAT
1,-0.00014968994486076073,2026-10-05,MBLY
2,-0.0015206400128358452,2026-10-05,MBLY
3,-0.0024062419549700075,2026-10-05,MBLY
4,-0.002703178685512391,2026-10-05,MBLY
5,-0.0021564740124550147,2026-10-05,MBLY
6,-0.002384447682171273,2026-10-05,MBLY
7,-0.008622292043385382,2026-10-05,MBLY
8,-0.005581652567083225,2026-10-05,MBLY
9,-0.0003880496145487722,2026-10-05,MBLY
10,-0.002795713694754349,2026-10-05,MBLY
11,0.004282442697759305,2026-10-05,MBLY
12,-0.00926846957836306,2026-10-05,MBLY
13,-0.013366052518506472,2026-10-05,MBLY
14,-0.007651665158619787,2026-10-05,MBLY
1,0.0008816882572682907,2026-10-05,MCD
2,-0.002011157761699131,2026-10-05,MCD
3,0.001201093979173934,2026-10-05,MCD
4,-0.00010128039734919403,2026-10-05,MCD
5,-0.00021331212542007188,2026-10-05,MCD
6,-0.0010544961730477847,2026-10-05,MCD
7,-0.00042942118673639044,2026-10-05,MCD
8,0.00024685510856381585,2026-10-05,MCD
9,-0.002828539129412145,2026-10-05,MCD
10,-0.0015959549157125396,2026-10-05,MCD
11,0.003399277000093675,2026-10-05,MCD
12,0.0009625015820540341,2026-10-05,MCD
13,0.0051969365774751,2026-10-05,MCD
14,-0.003127633510404205,2026-10-05,MCD
1,-0.0004228540992953177,2026-10-05,MCHP
2,-0.001098403001777761,2026-10-05,MCHP
3,-0.0014427796637032529,2026-10-05,MCHP
4,-0.0003826102972648663,2026-10-05,MCHP
5,-0.0012854002601040207,2026-10-05,MCHP
6,-0.0038700583304391092,2026-10-05,MCHP
7,-0.008543797077775663,2026-10-05,MCHP
8,-0.007069344519027539,2026-10-05,MCHP
9,-0.0015006887614961153,2026-10-05,MCHP
10,-0.00038159515734979333,2026-10-05,MCHP
11,0.0019340222035478573,2026-10-05,MCHP
12,-0.003157294954298722,2026-10-05,MCHP
13,-0.008905099727793691,2026-10-05,MCHP
14,-0.006990149571910187,2026-10-05,MCHP
1,0.0011619103232105568,2026-10-05,MDB
2,-0.0023460939604502567,2026-10-05,MDB
3,-0.0017792284504172123,2026-10-05,MDB
4,-0.0034518051741451897,2026-10-05,MDB
5,-0.004269042972249332,2026-10-05,MDB
6,-0.0026621708344536526,2026-10-05,MDB
7,-0.008036803185385848,2026-10-05,MDB
8,-0.0053344203880819575,2026-10-05,MDB
9,-0.0031451276564203414,2026-10-05,MDB
10,-0.002337347263097477,2026-10-05,MDB
11,0.0033282885436280445,2026-10-05,MDB
12,-0.009495548436776639,2026-10-05,MDB
13,-0.012124176145866538,2026-10-05,MDB
14,-0.007915921107151185,2026-10-05,MDB
1,-0.00026069802833396274,2026-10-05,MDLZ
2,-0.0017651391478805357,2026-10-05,MDLZ
3,0.0009852385452832329,2026-10-05,MDLZ
4,-3.188787829943541e-05,2026-10-05,MDLZ
5,-0.00025405354800317546,2026-10-05,MDLZ
6,-0.002754534303176543,2026-10-05,MDLZ
7,-0.0010968035549690594,2026-10-05,MDLZ
8,-0.00027319945584504884,2026-10-05,MDLZ
9,-0.0015957884722950769,2026-10-05,MDLZ
10,-0.0014930215340448344,2026-10-05,MDLZ
11,0.0032247530986380148,2026-10-05,MDLZ
12,0.0006146440816854235,2026-10-05,MDLZ
13,0.0017059557742720496,2026-10-05,MDLZ
14,-0.0019973047208535722,2026-10-05,MDLZ
1,0.000235848394464525,2026-10-05,MDT
2,-0.0008971726177009014,2026-10-05,MDT
3,0.0028564327145077888,2026-10-05,MDT
4,0.00010354196429310967,2026-10-05,MDT
5,-0.001595766434964748,2026-10-05,MDT
6,-0.00048607650613432705,2026-10-05,MDT
7,-0.0015612556276729313,2026-10-05,MDT
8,0.00019406120423593406,2026-10-05,MDT
9,-0.0012226667463516073,2026-10-05,MDT
10,-0.0008619580600266766,2026-10-05,MDT
11,0.005945845787452638,2026-10-05,MDT
12,0.001270253370462491,2026-10-05,MDT
13,0.0029222050776708908,2026-10-05,MDT
14,-0.0037948766621329413,2026-10-05,MDT
1,-0.0008910717291607652,2026-10-05,MET
2,-0.001836445358011338,2026-10-05,MET
3,-0.0018268931302033106,2026-10-05,MET
4,-0.003067210418024682,2026-10-05,MET
5,-0.0009089576543128988,2026-10-05,MET
6,-0.003467588891679248,2026-10-05,MET
7,-0.008708062383190975,2026-10-05,MET
8,-0.00502732938501018,2026-10-05,MET
9,0.0013157576646452272,2026-10-05,MET
10,-0.001580896683299039,2026-10-05,MET
11,0.005974001297530888,2026-10-05,MET
12,-0.007060318746043795,2026-10-05,MET
13,-0.00888773766789845,2026-10-05,MET
14,-0.004261417207666977,2026-10-05,MET
1,0.0008190443836896481,2026-10-05,META
2,-0.0016387090740018087,2026-10-05,META
3,0.0023550889610303768,2026-10-05,META
4,0.0017488000623414226,2026-10-05,META
5,0.0021377057812226475,2026-10-05,META
6,-0.00011196185023740684,2026-10-05,META
7,-0.0014368625458905044,2026-10-05,META
8,-0.0009268758168137291,2026-10-05,META
9,-0.0025337580654630288,2026-10-05,META
10,-0.0004650695702605152,2026-10-05,META
11,0.004222362600546998,2026-10-05,META
12,0.005189364258181958,2026-10-05,META
13,0.00307838722400165,2026-10-05,META
14,-0.005075749003251159,2026-10-05,META
1,-0.0003515078052519007,2026-10-05,MFC
2,-0.0019308419915477152,2026-10-05,MFC
3,0.0027091475868536155,2026-10-05,MFC
4,0.00096861542421923,2026-10-05,MFC
5,0.0011513423259476429,2026-10-05,MFC
6,-0.0012970537509322145,2026-10-05,MFC
7,-0.0026156341808625367,2026-10-05,MFC
8,0.0025477093567310696,2026-10-05,MFC
9,-0.0017055593598104808,2026-10-05,MFC
10,-0.0011980817478091453,2026-10-05,MFC
11,0.005198673725385259,2026-10-05,MFC
12,0.004076216210483199,2026-10-05,MFC
13,0.00030555447455563945,2026-10-05,MFC
14,-0.005493974962377959,2026-10-05,MFC
1,-0.004353723141350695,2026-10-05,MGA
2,-0.001392662777183229,2026-10-05,MGA
3,-0.0046002270727039055,2026-10-05,MGA
4,-0.009764240234940316,2026-10-05,MGA
5,-0.007806784706297307,2026-10-05,MGA
6,-0.002619693766076393,2026-10-05,MGA
7,-4.765187120477764e-05,2026-10-05,MGA
8,0.0001892778264303054,2026-10-05,MGA
9,-0.005300268440595399,2026-10-05,MGA
10,-0.010408014890542048,2026-10-05,MGA
11,-0.005656568264793473,2026-10-05,MGA
12,0.002327964183200948,2026-10-05,MGA
13,-0.0009716141681185943,2026-10-05,MGA
14,0.0011994328114113915,2026-10-05,MGA
1,-0.0029961561436946146,2026-10-05,MGM
2,0.00018297690513456304,2026-10-05,MGM
3,-0.002563200308242729,2026-10-05,MGM
4,-0.01125428391366332,2026-10-05,MGM
5,-0.005583566012262613,2026-10-05,MGM
6,-0.0034056358378439554,2026-10-05,MGM
7,0.0007817159477583014,2026-10-05,MGM
8,-0.0024352351762776136,2026-10-05,MGM
9,0.00011398989683137209,2026-10-05,MGM
10,-0.009705842349426461,2026-10-05,MGM
11,0.006240860408167338,2026-10-05,MGM
12,-0.001447379051470867,2026-10-05,MGM
13,0.007120777553995892,2026-10-05,MGM
14,-0.001977338493000376,2026-10-05,MGM
1,-0.004376621552147185,2026-10-05,MGNI
2,-0.0024003059813011746,2026-10-05,MGNI
3,-0.003222313150827397,2026-10-05,MGNI
4,-0.011201022028996853,2026-10-05,MGNI
5,-0.002869440077519053,2026-10-05,MGNI
6,-0.007185832166026789,2026-10-05,MGNI
7,-0.0013415953085838786,2026-10-05,MGNI
8,-0.001035023338831002,2026-10-05,MGNI
9,-0.0018063857730863016,2026-10-05,MGNI
10,-0.006418253244743865,2026-10-05,MGNI
11,-0.007446403185137519,2026-10-05,MGNI
12,0.00021707490683259845,2026-10-05,MGNI
13,0.010039987475283825,2026-10-05,MGNI
14,0.0037772534407723955,2026-10-05,MGNI
1,-0.0035508702371438144,2026-10-05,MGY
2,0.0008004902233641279,2026-10-05,MGY
3,0.00046421011370087435,2026-10-05,MGY
4,-0.014320008741431047,2026-10-05,MGY
5,-0.006114637354992791,2026-10-05,MGY
6,-0.0054323023751006606,2026-10-05,MGY
7,-0.0013271094725750851,2026-10-05,MGY
8,-0.005164069195836369,2026-10-05,MGY
9,0.002022280848585033,2026-10-05,MGY
10,0.0010671077184587884,2026-10-05,MGY
11,-0.007063284741346941,2026-10-05,MGY
12,-0.007103625542990477,2026-10-05,MGY
13,-0.008620348814258657,2026-10-05,MGY
14,0.008411572992794594,2026-10-05,MGY
1,-0.003357043930103601,2026-10-05,MIRM
2,-0.0007320522174959995,2026-10-05,MIRM
3,-0.0002539742821331258,2026-10-05,MIRM
4,-0.01112240139902861,2026-10-05,MIRM
5,-0.005856378467771841,2026-10-05,MIRM
6,0.0005669390665903716,2026-10-05,MIRM
7,-0.0006076723920833613,2026-10-05,MIRM
8,0.004402649206124589,2026-10-05,MIRM
9,-0.00497479434706842,2026-10-05,MIRM
10,-0.00406572363748719,2026-10-05,MIRM
11,-0.0013474769114008758,2026-10-05,MIRM
12,0.005215577673312878,2026-10-05,MIRM
13,0.001987048842375533,2026-10-05,MIRM
14,0.0003139941534833631,2026-10-05,MIRM
1,-0.0004300968783796192,2026-10-05,MKC
2,-0.0005621589022877909,2026-10-05,MKC
3,-0.0017822947008759335,2026-10-05,MKC
4,-0.003108383760765357,2026-10-05,MKC
5,-0.0017357782214868756,2026-10-05,MKC
6,-0.0015023941257963818,2026-10-05,MKC
7,-0.010462275626324812,2026-10-05,MKC
8,-0.005889748990355719,2026-10-05,MKC
9,7.252968110830755e-05,2026-10-05,MKC
10,-0.00094039741498797,2026-10-05,MKC
11,0.003349166311884476,2026-10-05,MKC
12,-0.004626943218781491,2026-10-05,MKC
13,-0.007963782752314618,2026-10-05,MKC
14,-0.005895605172682578,2026-10-05,MKC
1,-0.002475303711748112,2026-10-05,MKSI
2,8.856867488859382e-05,2026-10-05,MKSI
3,-0.004111252569397762,2026-10-05,MKSI
4,-0.009885961613753231,2026-10-05,MKSI
5,-0.006044165779448556,2026-10-05,MKSI
6,-0.00490827451408356,2026-10-05,MKSI
7,0.0025233125421795267,2026-10-05,MKSI
8,-0.004231158164353486,2026-10-05,MKSI
9,-0.0014170124972840564,2026-10-05,MKSI
10,-0.0043291088630900134,2026-10-05,MKSI
11,-0.007790945324488599,2026-10-05,MKSI
12,0.007861734823464028,2026-10-05,MKSI
13,0.007275576544736193,2026-10-05,MKSI
14,0.010784035316389601,2026-10-05,MKSI
1,-0.00327592021894479,2026-10-05,MLCO
2,0.00016431983150903338,2026-10-05,MLCO
3,-0.001727711333859062,2026-10-05,MLCO
4,-0.011506443458251367,2026-10-05,MLCO
5,-0.008041383341337997,2026-10-05,MLCO
6,-0.004444165306838881,2026-10-05,MLCO
7,0.00041351277322051,2026-10-05,MLCO
8,0.0007081109621122662,2026-10-05,MLCO
9,-0.0008782821700681311,2026-10-05,MLCO
10,-0.006755034708202957,2026-10-05,MLCO
11,-0.0054939714977917916,2026-10-05,MLCO
12,0.0015829454710950732,2026-10-05,MLCO
13,0.007813148246412067,2026-10-05,MLCO
14,0.004741600260472765,2026-10-05,MLCO
1,0.00048822667870599925,2026-10-05,MMM
2,-0.0017189523116410178,2026-10-05,MMM
3,0.001922842722488868,2026-10-05,MMM
4,-0.0005244593647739203,2026-10-05,MMM
5,-0.00026291942726413365,2026-10-05,MMM
6,-0.0008472924463008537,2026-10-05,MMM
7,-0.0017275337488851866,2026-10-05,MMM
8,0.0006675786740602428,2026-10-05,MMM
9,-0.0024009896927134323,2026-10-05,MMM
10,-0.001406287866066946,2026-10-05,MMM
11,0.005126308636199941,2026-10-05,MMM
12,0.0003116536864592491,2026-10-05,MMM
13,0.004235851085285415,2026-10-05,MMM
14,-0.004248320378610381,2026-10-05,MMM
1,-0.00351122832614499,2026-10-05,MNSO
2,6.655283473048826e-05,2026-10-05,MNSO
3,-0.004909643365226361,2026-10-05,MNSO
4,-0.010557295753686425,2026-10-05,MNSO
5,-0.004974963162537463,2026-10-05,MNSO
6,-0.0035578838743613385,2026-10-05,MNSO
7,0.002670302810494288,2026-10-05,MNSO
8,0.0023719226117893226,2026-10-05,MNSO
9,-0.0038660723885105336,2026-10-05,MNSO
10,-0.007300852265699762,2026-10-05,MNSO
11,-0.006612176460532198,2026-10-05,MNSO
12,0.001622468476373245,2026-10-05,MNSO
13,0.010180248145471651,2026-10-05,MNSO
14,0.0007182184716084862,2026-10-05,MNSO
1,-0.00021831316978269312,2026-10-05,MNST
2,-0.001253574905103415,2026-10-05,MNST
3,0.00228988216296551,2026-10-05,MNST
4,-0.0007517837198214994,2026-10-05,MNST
5,0.0014358205442213442,2026-10-05,MNST
6,-0.0005389131543926512,2026-10-05,MNST
7,-0.0001643188147533512,2026-10-05,MNST
8,0.0020910001077941625,2026-10-05,MNST
9,-0.0018648960417982697,2026-10-05,MNST
10,-0.000882418498691063,2026-10-05,MNST
11,0.0042691985540802505,2026-10-05,MNST
12,0.0014515859642174295,2026-10-05,MNST
13,0.004158459307449906,2026-10-05,MNST
14,-0.005250695319929151,2026-10-05,MNST
1,-5.838443193974774e-05,2026-10-05,MO
2,-0.0016259225323014014,2026-10-05,MO
3,0.002134788506604369,2026-10-05,MO
4,-0.0014553299759195492,2026-10-05,MO
5,0.0009420561168410556,2026-10-05,MO
6,-0.0005935854108218226,2026-10-05,MO
7,-0.0020534395339730166,2026-10-05,MO
8,0.0014829362804100674,2026-10-05,MO
9,-0.0015645519384416416,2026-10-05,MO
10,-0.0008606899471095305,2026-10-05,MO
11,0.004078022223709219,2026-10-05,MO
12,0.00362076200780302,2026-10-05,MO
13,0.0023645120103061527,2026-10-05,MO
14,-0.005788103483245187,2026-10-05,MO
1,-0.004942633315344534,2026-10-05,MOMO
2,0.00021045832272878893,2026-10-05,MOMO
3,-0.0028801058678002787,2026-10-05,MOMO
4,-0.010909354443197983,2026-10-05,MOMO
5,-0.0029489024614931625,2026-10-05,MOMO
6,-0.002120581445503786,2026-10-05,MOMO
7,0.004983550388001021,2026-10-05,MOMO
8,0.0011133115811014082,2026-10-05,MOMO
9,-0.003274261296042995,2026-10-05,MOMO
10,-0.006318797023864924,2026-10-05,MOMO
11,-0.0038104543292174073,2026-10-05,MOMO
12,0.0017793398472800421,2026-10-05,MOMO
13,0.01222160123406383,2026-10-05,MOMO
14,0.0038433885516305417,2026-10-05,MOMO
1,-0.0026508432928791345,2026-10-05,MOS
2,-0.0005646381417317806,2026-10-05,MOS
3,-0.003430104113742404,2026-10-05,MOS
4,-0.00954851023531752,2026-10-05,MOS
5,-0.00630545030836342,2026-10-05,MOS
6,-0.003136746732455399,2026-10-05,MOS
7,0.00015531865584751897,2026-10-05,MOS
8,0.0007286308686275336,2026-10-05,MOS
9,-0.0014408207967669413,2026-10-05,MOS
10,-0.006677353603918035,2026-10-05,MOS
11,-0.01380827723146009,2026-10-05,MOS
12,-0.004065190692683279,2026-10-05,MOS
13,-0.008716526388507468,2026-10-05,MOS
14,-0.004796923780107065,2026-10-05,MOS
1,-0.0039704776214588,2026-10-05,MP
2,4.153019167209744e-05,2026-10-05,MP
3,-0.0044226731222401115,2026-10-05,MP
4,-0.011902388763656192,2026-10-05,MP
5,-0.007967186767838823,2026-10-05,MP
6,-0.0031175056862302636,2026-10-05,MP
7,-0.0013151924507277227,2026-10-05,MP
8,-0.0020563030393286525,2026-10-05,MP
9,-0.0070597570094210445,2026-10-05,MP
10,0.009387634964519343,2026-10-05,MP
11,-0.00875123739015598,2026-10-05,MP
12,-0.004003705914112951,2026-10-05,MP
13,-0.002509181168176892,2026-10-05,MP
14,0.0021331160655360306,2026-10-05,MP
1,0.0003854675853052957,2026-10-05,MPC
2,-0.0015123371652757058,2026-10-05,MPC
3,0.0016543510669437594,2026-10-05,MPC
4,0.0005478713228519154,2026-10-05,MPC
5,0.00042588229826825443,2026-10-05,MPC
6,-0.0006956951321262883,2026-10-05,MPC
7,-0.003695385576908649,2026-10-05,MPC
8,0.0017598253713952293,2026-10-05,MPC
9,-0.0014861936874958706,2026-10-05,MPC
10,-0.0024284061143089565,2026-10-05,MPC
11,0.0034689313889066284,2026-10-05,MPC
12,0.0024090469024778244,2026-10-05,MPC
13,-0.00015097058614470753,2026-10-05,MPC
14,-0.005555096084014434,2026-10-05,MPC
1,-0.0005057435024566098,2026-10-05,MPLX
2,-0.001977263984799399,2026-10-05,MPLX
3,-0.0011614281257449545,2026-10-05,MPLX
4,-0.0025387720513605824,2026-10-05,MPLX
5,-0.0005971841028171684,2026-10-05,MPLX
6,-0.00430629658694374,2026-10-05,MPLX
7,-0.008657377517568518,2026-10-05,MPLX
8,-0.00328558748194169,2026-10-05,MPLX
9,0.0032025251660306587,2026-10-05,MPLX
10,-8.983542750982509e-06,2026-10-05,MPLX
11,0.006369506589061329,2026-10-05,MPLX
12,-0.008798235503027434,2026-10-05,MPLX
13,-0.007582261151183317,2026-10-05,MPLX
14,-0.005121694404598644,2026-10-05,MPLX
1,-0.0036969190692870127,2026-10-05,MQ
2,0.00020230603192169852,2026-10-05,MQ
3,-0.0036485136764899434,2026-10-05,MQ
4,-0.011496838578606205,2026-10-05,MQ
5,-0.003997605837713838,2026-10-05,MQ
6,-0.005340491864746856,2026-10-05,MQ
7,0.00301784367574957,2026-10-05,MQ
8,-0.001971841143434287,2026-10-05,MQ
9,-0.0044429712374108865,2026-10-05,MQ
10,-0.005210002133384324,2026-10-05,MQ
11,-0.011691852159677333,2026-10-05,MQ
12,0.0035841743901029234,2026-10-05,MQ
13,-0.005589437564282012,2026-10-05,MQ
14,-0.0011366744733137019,2026-10-05,MQ
1,0.001117689539704287,2026-10-05,MRK
2,-0.0019320718967895942,2026-10-05,MRK
3,0.0022529997323317377,2026-10-05,MRK
4,0.00045511625065066487,2026-10-05,MRK
5,-0.002116514628981025,2026-10-05,MRK
6,-0.0031821481443534425,2026-10-05,MRK
7,-0.0009998457627988628,2026-10-05,MRK
8,0.0028115564705853083,2026-10-05,MRK
9,-4.632846545985507e-05,2026-10-05,MRK
10,-0.0017917657414834372,2026-10-05,MRK
11,0.005650967551865651,2026-10-05,MRK
12,0.0013373894137273094,2026-10-05,MRK
13,0.0009365481737889936,2026-10-05,MRK
14,-0.003886034599856382,2026-10-05,MRK
1,0.0013185927912814147,2026-10-05,MRNA
2,-0.0018238291297046612,2026-10-05,MRNA
3,0.002490835244951159,2026-10-05,MRNA
4,0.0017738713213381093,2026-10-05,MRNA
5,0.001397686396825144,2026-10-05,MRNA
6,0.002786281685699451,2026-10-05,MRNA
7,-0.0006048614809021718,2026-10-05,MRNA
8,0.00015009408179007146,2026-10-05,MRNA
9,-0.0007695057034516438,2026-10-05,MRNA
10,-0.00199522855342681,2026-10-05,MRNA
11,0.014127049988466723,2026-10-05,MRNA
12,0.0057831728651680505,2026-10-05,MRNA
13,0.0036974349304144906,2026-10-05,MRNA
14,-0.004552575189047925,2026-10-05,MRNA
1,-0.0025240469045724584,2026-10-05,MRVI
2,-0.000423285325715027,2026-10-05,MRVI
3,-0.0034012466885872364,2026-10-05,MRVI
4,-0.013726151576332776,2026-10-05,MRVI
5,-0.00810302925031445,2026-10-05,MRVI
6,-0.009366559508417971,2026-10-05,MRVI
7,0.00033251584411428354,2026-10-05,MRVI
8,-0.007442143607392894,2026-10-05,MRVI
9,-0.004536606813095368,2026-10-05,MRVI
10,0.0031043864913484773,2026-10-05,MRVI
11,-0.007571945862390853,2026-10-05,MRVI
12,-0.0015671087359360846,2026-10-05,MRVI
13,-0.007403488854349142,2026-10-05,MRVI
14,0.003577354625073117,2026-10-05,MRVI
1,-0.0013754524178574796,2026-10-05,MRVL
2,-0.0010031324055369245,2026-10-05,MRVL
3,0.003993641852832243,2026-10-05,MRVL
4,0.002093210844553402,2026-10-05,MRVL
5,0.0011839359689990252,2026-10-05,MRVL
6,-0.00029293327614589326,2026-10-05,MRVL
7,0.000497711576734806,2026-10-05,MRVL
8,0.0024867767503590752,2026-10-05,MRVL
9,-0.0013098186191933029,2026-10-05,MRVL
10,-0.0002463238323342097,2026-10-05,MRVL
11,0.006088352842797346,2026-10-05,MRVL
12,0.006409356894968134,2026-10-05,MRVL
13,-0.0009465653710897696,2026-10-05,MRVL
14,-0.005284212107059291,2026-10-05,MRVL
1,-0.00042358657798520304,2026-10-05,MS
2,-0.0015029398629590627,2026-10-05,MS
3,0.005354867962907925,2026-10-05,MS
4,0.0009925757034030017,2026-10-05,MS
5,0.0011746350212075531,2026-10-05,MS
6,-0.0008553486910874439,2026-10-05,MS
7,-0.0015970415081423197,2026-10-05,MS
8,0.0013814922840018385,2026-10-05,MS
9,-0.005023520089815127,2026-10-05,MS
10,-0.00034475115290587467,2026-10-05,MS
11,0.0004972413291039409,2026-10-05,MS
12,-0.0010855875026347345,2026-10-05,MS
13,0.0004500375666107976,2026-10-05,MS
14,-0.014301076394747212,2026-10-05,MS
1,-0.0005383592826161185,2026-10-05,MSFT
2,-0.0012557464980247606,2026-10-05,MSFT
3,0.001903132345527332,2026-10-05,MSFT
4,-0.0008843573362022456,2026-10-05,MSFT
5,0.0021451513693467664,2026-10-05,MSFT
6,8.299911111711075e-05,2026-10-05,MSFT
7,-0.0017698904818103248,2026-10-05,MSFT
8,0.0008139610495170926,2026-10-05,MSFT
9,-0.0042782315448928075,2026-10-05,MSFT
10,0.0033441283738585106,2026-10-05,MSFT
11,0.005107777559975962,2026-10-05,MSFT
12,0.0006971049733378953,2026-10-05,MSFT
13,0.003195849502328609,2026-10-05,MSFT
14,-0.00594761481288434,2026-10-05,MSFT
1,-0.0010884133878956866,2026-10-05,MSM
2,0.004229998117778974,2026-10-05,MSM
3,-0.005058873429196082,2026-10-05,MSM
4,-0.00871229975715868,2026-10-05,MSM
5,-0.005842885422174438,2026-10-05,MSM
6,-0.004690155489790738,2026-10-05,MSM
7,0.0024984253973156663,2026-10-05,MSM
8,-0.0026585939330349894,2026-10-05,MSM
9,-0.002102363056993394,2026-10-05,MSM
10,-0.009692252458292847,2026-10-05,MSM
11,-0.007417761566272073,2026-10-05,MSM
12,-0.0026796897937629042,2026-10-05,MSM
13,0.0006784646096450911,2026-10-05,MSM
14,-0.0016529482911687642,2026-10-05,MSM
1,-0.0009127036573332771,2026-10-05,MSTR
2,-0.003563130329293884,2026-10-05,MSTR
3,-0.0018679034744029724,2026-10-05,MSTR
4,-0.002759726463849805,2026-10-05,MSTR
5,-0.0025381015787949495,2026-10-05,MSTR
6,-0.0026814974244627194,2026-10-05,MSTR
7,-0.010143602884054368,2026-10-05,MSTR
8,-0.0053296955577386744,2026-10-05,MSTR
9,0.0009074570965101917,2026-10-05,MSTR
10,-0.0030647915668840825,2026-10-05,MSTR
11,0.004311150824164125,2026-10-05,MSTR
12,-0.004646202773087393,2026-10-05,MSTR
13,-0.014695403646013584,2026-10-05,MSTR
14,-0.005273907428247605,2026-10-05,MSTR
1,-0.000687004110593643,2026-10-05,MT
2,-0.0015075959034255364,2026-10-05,MT
3,-0.0015194884613280188,2026-10-05,MT
4,-0.0012464695276099517,2026-10-05,MT
5,0.0003371599263962741,2026-10-05,MT
6,-0.0020502059041988927,2026-10-05,MT
7,-0.008077849735622136,2026-10-05,MT
8,-0.004366180984847599,2026-10-05,MT
9,-0.002599040139473363,2026-10-05,MT
10,0.001787532871982949,2026-10-05,MT
11,0.006481253269905145,2026-10-05,MT
12,-0.008274884638090969,2026-10-05,MT
13,-0.006919030537516702,2026-10-05,MT
14,-0.005298841231730398,2026-10-05,MT
1,-0.001118061370957793,2026-10-05,MTB
2,-0.0010093825552545386,2026-10-05,MTB
3,-0.0003440099627685479,2026-10-05,MTB
4,5.198401455948474e-07,2026-10-05,MTB
5,-0.0017551504645308836,2026-10-05,MTB
6,-0.003074298527462866,2026-10-05,MTB
7,-0.003633894951807667,2026-10-05,MTB
8,-0.0047990945034251655,2026-10-05,MTB
9,-0.0003482345910817627,2026-10-05,MTB
10,-0.0005836449272269669,2026-10-05,MTB
11,0.001370862844111597,2026-10-05,MTB
12,-0.00822308552594342,2026-10-05,MTB
13,-0.00910248962112242,2026-10-05,MTB
14,-0.006167078445974175,2026-10-05,MTB
1,-0.001110509166676454,2026-10-05,MTCH
2,-0.0022499142273532963,2026-10-05,MTCH
3,-0.001545569103337788,2026-10-05,MTCH
4,-0.0037325117979325373,2026-10-05,MTCH
5,-0.004143712871037227,2026-10-05,MTCH
6,-0.0015414400964856067,2026-10-05,MTCH
7,-0.01369924127784814,2026-10-05,MTCH
8,-0.0026379435633607975,2026-10-05,MTCH
9,-0.0015937201016317862,2026-10-05,MTCH
10,7.157979858586276e-05,2026-10-05,MTCH
11,0.0008517060295737548,2026-10-05,MTCH
12,-0.005177197855419148,2026-10-05,MTCH
13,-0.011974760195874774,2026-10-05,MTCH
14,-0.004832841481683391,2026-10-05,MTCH
1,-0.0004369932463955005,2026-10-05,MTDR
2,-0.0016049149660455407,2026-10-05,MTDR
3,-0.0027138889793242786,2026-10-05,MTDR
4,-0.0020423443064453367,2026-10-05,MTDR
5,-0.003152340206201323,2026-10-05,MTDR
6,-0.00052506321522368,2026-10-05,MTDR
7,-0.00830489054664473,2026-10-05,MTDR
8,-0.003286279086564167,2026-10-05,MTDR
9,0.0006532405856417468,2026-10-05,MTDR
10,0.002636004598453951,2026-10-05,MTDR
11,0.002842296461756092,2026-10-05,MTDR
12,-0.006633676099461188,2026-10-05,MTDR
13,-0.00478558773953485,2026-10-05,MTDR
14,-0.0066542330045442485,2026-10-05,MTDR
1,-0.00024873573515229146,2026-10-05,MTG
2,-0.0017378839583735003,2026-10-05,MTG
3,-0.001930274265874003,2026-10-05,MTG
4,-0.001867042885653389,2026-10-05,MTG
5,-0.0012690662696222465,2026-10-05,MTG
6,-0.0028632824401343365,2026-10-05,MTG
7,-0.008494308693255988,2026-10-05,MTG
8,-0.005076953415282088,2026-10-05,MTG
9,-0.0006232128543208657,2026-10-05,MTG
10,-0.0010883189789481188,2026-10-05,MTG
11,0.0044304083271965305,2026-10-05,MTG
12,-0.0055106877008050306,2026-10-05,MTG
13,-0.007788210185179499,2026-10-05,MTG
14,-0.007113570472826138,2026-10-05,MTG
1,-0.0005951293428675318,2026-10-05,MTN
2,-0.002345830289415264,2026-10-05,MTN
3,-0.0026155569005992447,2026-10-05,MTN
4,-0.0025052009309662815,2026-10-05,MTN
5,-0.0013935238059856162,2026-10-05,MTN
6,-0.004042442558618112,2026-10-05,MTN
7,-0.01158728201944051,2026-10-05,MTN
8,-0.005810817510100944,2026-10-05,MTN
9,0.002664582335156223,2026-10-05,MTN
10,-0.0018719456560891319,2026-10-05,MTN
11,0.005205926586003016,2026-10-05,MTN
12,-0.006423587447615233,2026-10-05,MTN
13,-0.008727991898373089,2026-10-05,MTN
14,-0.005761724553550499,2026-10-05,MTN
1,-0.0013001495847817179,2026-10-05,MU
2,-0.0012202313276680177,2026-10-05,MU
3,0.0045577192071810605,2026-10-05,MU
4,0.0027115295999968936,2026-10-05,MU
5,0.0006484899493190073,2026-10-05,MU
6,6.545263084197943e-05,2026-10-05,MU
7,0.00017459189250745348,2026-10-05,MU
8,0.0033936749545933585,2026-10-05,MU
9,-0.001994390077803095,2026-10-05,MU
10,-0.0001256528624316071,2026-10-05,MU
11,0.0055698432636502645,2026-10-05,MU
12,0.004424220987225678,2026-10-05,MU
13,-0.00014787125089831603,2026-10-05,MU
14,-0.004807782715348508,2026-10-05,MU
1,-0.00019336816739425823,2026-10-05,MUFG
2,-0.0018246616896276,2026-10-05,MUFG
3,0.0019210019065970714,2026-10-05,MUFG
4,7.543644225724177e-05,2026-10-05,MUFG
5,0.00021492816398489852,2026-10-05,MUFG
6,-0.000528999262543999,2026-10-05,MUFG
7,-0.00342121332729702,2026-10-05,MUFG
8,0.0014703106925471495,2026-10-05,MUFG
9,-0.0018264941695891052,2026-10-05,MUFG
10,-0.0008379531840749954,2026-10-05,MUFG
11,0.005322657147794372,2026-10-05,MUFG
12,0.004260843030755878,2026-10-05,MUFG
13,0.0026284823918422146,2026-10-05,MUFG
14,-0.004377138952798805,2026-10-05,MUFG
1,-0.000613608800393151,2026-10-05,MUR
2,-0.00248130927743008,2026-10-05,MUR
3,-0.002238164925465754,2026-10-05,MUR
4,-0.0032494933017066917,2026-10-05,MUR
5,0.0007339295861058272,2026-10-05,MUR
6,-0.0008049521487033101,2026-10-05,MUR
7,-0.006977306529698459,2026-10-05,MUR
8,-0.0035705506862689558,2026-10-05,MUR
9,0.002191495091749076,2026-10-05,MUR
10,-0.0012990498679992851,2026-10-05,MUR
11,0.005152417694829786,2026-10-05,MUR
12,-0.003865871890272761,2026-10-05,MUR
13,-0.007824154468884735,2026-10-05,MUR
14,-0.0035577085937353566,2026-10-05,MUR
1,-0.003045281263453064,2026-10-05,MWA
2,0.0002592125560684715,2026-10-05,MWA
3,-0.003961828034501157,2026-10-05,MWA
4,-0.009311728342908929,2026-10-05,MWA
5,-0.0027584584241172913,2026-10-05,MWA
6,-0.004223054014842064,2026-10-05,MWA
7,0.0027663696346875767,2026-10-05,MWA
8,-0.002573711712945524,2026-10-05,MWA
9,-0.0017953861376540034,2026-10-05,MWA
10,-0.0032194858631743677,2026-10-05,MWA
11,-0.0006214918790272953,2026-10-05,MWA
12,0.013208666509411241,2026-10-05,MWA
13,0.008437235684826804,2026-10-05,MWA
14,0.006049571055506462,2026-10-05,MWA
1,-0.002858772609388438,2026-10-05,MYGN
2,-0.0006600183453680145,2026-10-05,MYGN
3,-0.0036376469299165275,2026-10-05,MYGN
4,-0.013494599072148445,2026-10-05,MYGN
5,-0.006890182225137824,2026-10-05,MYGN
6,-0.007644705947355897,2026-10-05,MYGN
7,0.00029382852407900485,2026-10-05,MYGN
8,-0.004784271787692984,2026-10-05,MYGN
9,0.0012213295921357694,2026-10-05,MYGN
10,0.007289974969559587,2026-10-05,MYGN
11,-0.007537989267064631,2026-10-05,MYGN
12,-0.0011281300210103117,2026-10-05,MYGN
13,-0.002123621201713225,2026-10-05,MYGN
14,0.009371162789793483,2026-10-05,MYGN
1,-0.002951960926723375,2026-10-05,NAT
2,-0.00014545254735009018,2026-10-05,NAT
3,-0.0024910113139155476,2026-10-05,NAT
4,-0.0067542291936116905,2026-10-05,NAT
5,-0.0009603387644477188,2026-10-05,NAT
6,-0.004438918950993106,2026-10-05,NAT
7,0.0009913641938863232,2026-10-05,NAT
8,-0.003980012015125656,2026-10-05,NAT
9,-0.004374644973836265,2026-10-05,NAT
10,-0.009863661030954228,2026-10-05,NAT
11,-0.010568609771604951,2026-10-05,NAT
12,-0.001590649960637174,2026-10-05,NAT
13,0.010776466103886204,2026-10-05,NAT
14,-0.002049012651126415,2026-10-05,NAT
1,-0.002689960047431694,2026-10-05,NAVI
2,0.00016873124878013157,2026-10-05,NAVI
3,-0.0044441630719581245,2026-10-05,NAVI
4,-0.010496798527253557,2026-10-05,NAVI
5,-0.005717181876384564,2026-10-05,NAVI
6,-0.006583459551159966,2026-10-05,NAVI
7,0.003599786953171868,2026-10-05,NAVI
8,0.0038248017730665895,2026-10-05,NAVI
9,-0.0015294036898330205,2026-10-05,NAVI
10,-0.012474664588154194,2026-10-05,NAVI
11,-0.008664149304674752,2026-10-05,NAVI
12,-0.0015682621424972709,2026-10-05,NAVI
13,0.00640327892762676,2026-10-05,NAVI
14,0.006337407740190952,2026-10-05,NAVI
1,0.0004023969935003101,2026-10-05,NCLH
2,-0.002398243791414171,2026-10-05,NCLH
3,-0.003607432892629373,2026-10-05,NCLH
4,-0.002742682668823866,2026-10-05,NCLH
5,-0.003126524597863335,2026-10-05,NCLH
6,-0.0031242334567826357,2026-10-05,NCLH
7,-0.00807568023387114,2026-10-05,NCLH
8,-0.00395791168714835,2026-10-05,NCLH
9,0.0011821366921781346,2026-10-05,NCLH
10,-0.003194035573851115,2026-10-05,NCLH
11,0.0031057872374394666,2026-10-05,NCLH
12,-0.009269864522770847,2026-10-05,NCLH
13,-0.010013773897151678,2026-10-05,NCLH
14,-0.004668793575715052,2026-10-05,NCLH
1,-1.8614279384578564e-05,2026-10-05,NCNO
2,-0.0026437106131866656,2026-10-05,NCNO
3,-0.0024069613007179948,2026-10-05,NCNO
4,-0.003877056856446976,2026-10-05,NCNO
5,-0.0032330712438974206,2026-10-05,NCNO
6,-0.0018769170326321878,2026-10-05,NCNO
7,-0.009454809758610083,2026-10-05,NCNO
8,-0.0069892977618205175,2026-10-05,NCNO
9,-0.00034296132176097173,2026-10-05,NCNO
10,-0.0022457623942436587,2026-10-05,NCNO
11,0.006879985922933111,2026-10-05,NCNO
12,-0.00993094858056141,2026-10-05,NCNO
13,-0.01189000506302143,2026-10-05,NCNO
14,-0.006822676631817964,2026-10-05,NCNO
1,-0.0005415203346587577,2026-10-05,NDAQ
2,-0.002337132389638093,2026-10-05,NDAQ
3,-0.0009775245698829466,2026-10-05,NDAQ
4,-0.002002919276557401,2026-10-05,NDAQ
5,-0.0019081807865188327,2026-10-05,NDAQ
6,-0.002848178033596807,2026-10-05,NDAQ
7,-0.008173995753239661,2026-10-05,NDAQ
8,-0.003289488944835012,2026-10-05,NDAQ
9,-0.00012800594742642891,2026-10-05,NDAQ
10,-0.003258434635825383,2026-10-05,NDAQ
11,0.004960529814164154,2026-10-05,NDAQ
12,-0.005944531159603685,2026-10-05,NDAQ
13,-0.008218627677186547,2026-10-05,NDAQ
14,-0.004218313862601555,2026-10-05,NDAQ
1,0.00033918514063739755,2026-10-05,NE
2,-0.0014873910187790727,2026-10-05,NE
3,-0.0016205617337591855,2026-10-05,NE
4,-0.004107598286078099,2026-10-05,NE
5,-0.00010296858870944054,2026-10-05,NE
6,-0.0025075031338861924,2026-10-05,NE
7,-0.008267465743246794,2026-10-05,NE
8,-0.00524701146537186,2026-10-05,NE
9,0.0027040544860148816,2026-10-05,NE
10,-0.0028727424952571462,2026-10-05,NE
11,0.005687716860900799,2026-10-05,NE
12,-0.010439195369658741,2026-10-05,NE
13,-0.008299963891808902,2026-10-05,NE
14,-0.006672358854623782,2026-10-05,NE
1,-5.9211382103912326e-05,2026-10-05,NEE
2,-0.0016608561409418303,2026-10-05,NEE
3,0.0023932841200071534,2026-10-05,NEE
4,-0.00016256614458476444,2026-10-05,NEE
5,0.0003497294985434791,2026-10-05,NEE
6,-0.0007463754146487344,2026-10-05,NEE
7,-0.0020197229131570177,2026-10-05,NEE
8,0.0004895575730533305,2026-10-05,NEE
9,-0.002400289386277279,2026-10-05,NEE
10,0.0003584152962751105,2026-10-05,NEE
11,0.004801059121706192,2026-10-05,NEE
12,0.001288844809912568,2026-10-05,NEE
13,0.002240307673780091,2026-10-05,NEE
14,-0.004770797216999087,2026-10-05,NEE
1,-0.000370437594925676,2026-10-05,NEM
2,-0.0008176542154264925,2026-10-05,NEM
3,-0.0001565094246484988,2026-10-05,NEM
4,-0.001964912084688335,2026-10-05,NEM
5,8.903528071826583e-06,2026-10-05,NEM
6,-0.0020607590032213456,2026-10-05,NEM
7,-0.005329729786359184,2026-10-05,NEM
8,-0.0012068715988579422,2026-10-05,NEM
9,0.0030969159234426045,2026-10-05,NEM
10,-0.0016384128432350225,2026-10-05,NEM
11,0.0052312464644581474,2026-10-05,NEM
12,-0.007952090840621233,2026-10-05,NEM
13,-0.008375700600142396,2026-10-05,NEM
14,-0.004831347110579229,2026-10-05,NEM
1,-0.0029482513275273627,2026-10-05,NEO
2,-0.0008154704496456571,2026-10-05,NEO
3,-0.004163331659958327,2026-10-05,NEO
4,-0.012871956353661269,2026-10-05,NEO
5,-0.0049339684769856935,2026-10-05,NEO
6,-0.002084029691815839,2026-10-05,NEO
7,0.0035478710874872164,2026-10-05,NEO
8,-0.0016287569880056084,2026-10-05,NEO
9,-0.0024171749222762252,2026-10-05,NEO
10,-0.01006576192101942,2026-10-05,NEO
11,-0.007050698204931016,2026-10-05,NEO
12,0.0016542703732101332,2026-10-05,NEO
13,0.009748479620758933,2026-10-05,NEO
14,-0.00032184432152406725,2026-10-05,NEO
1,-0.000304239379152226,2026-10-05,NET
2,-0.0023688978649832474,2026-10-05,NET
3,-0.0009548085093193496,2026-10-05,NET
4,-0.002340898617471262,2026-10-05,NET
5,-0.0016116917272547284,2026-10-05,NET
6,-0.002222483871893145,2026-10-05,NET
7,-0.0076764422945317014,2026-10-05,NET
8,-0.0059823393630435715,2026-10-05,NET
9,-7.568464325635774e-06,2026-10-05,NET
10,-0.0009918390413545077,2026-10-05,NET
11,0.0008603792848642045,2026-10-05,NET
12,-0.008234332860580857,2026-10-05,NET
13,-0.012894980033793066,2026-10-05,NET
14,-0.009911777121101868,2026-10-05,NET
1,-0.003586694234284343,2026-10-05,NFE
2,0.0019278779825116653,2026-10-05,NFE
3,-0.003084346861098596,2026-10-05,NFE
4,-0.011193487600221564,2026-10-05,NFE
5,-0.007662457687505891,2026-10-05,NFE
6,-0.006653206406718712,2026-10-05,NFE
7,0.00032702965251432334,2026-10-05,NFE
8,4.573051913249577e-05,2026-10-05,NFE
9,-0.00478893718897434,2026-10-05,NFE
10,-0.00019369527111971595,2026-10-05,NFE
11,-0.0013785890404494716,2026-10-05,NFE
12,-0.005277366412671946,2026-10-05,NFE
13,0.004197202258406599,2026-10-05,NFE
14,0.004707429365398683,2026-10-05,NFE
1,0.0003191887477527859,2026-10-05,NFLX
2,-0.0012657105906457662,2026-10-05,NFLX
3,0.0025529617375350034,2026-10-05,NFLX
4,0.0006065209742696419,2026-10-05,NFLX
5,0.0019039559342207267,2026-10-05,NFLX
6,0.0006052914180590801,2026-10-05,NFLX
7,6.553318231913868e-05,2026-10-05,NFLX
8,0.0020256775528207367,2026-10-05,NFLX
9,-0.0015162220033530641,2026-10-05,NFLX
10,-0.00213291001203336,2026-10-05,NFLX
11,0.003606962169647986,2026-10-05,NFLX
12,0.003127140835444019,2026-10-05,NFLX
13,0.0029990572069091012,2026-10-05,NFLX
14,-0.005305707452628509,2026-10-05,NFLX
1,0.00011755661020801384,2026-10-05,NGG
2,-0.0017038124174215546,2026-10-05,NGG
3,0.002881434259276653,2026-10-05,NGG
4,-0.0003473550859107279,2026-10-05,NGG
5,-0.0001587152418211012,2026-10-05,NGG
6,-0.0012068174820407888,2026-10-05,NGG
7,-0.0022467447171261026,2026-10-05,NGG
8,0.0006108778348928186,2026-10-05,NGG
9,-0.002088648611124597,2026-10-05,NGG
10,-1.190885930120209e-06,2026-10-05,NGG
11,0.00422707965680046,2026-10-05,NGG
12,0.0015028926924043607,2026-10-05,NGG
13,0.0008030322203629637,2026-10-05,NGG
14,-0.005534115873226717,2026-10-05,NGG
1,-9.850905945654051e-05,2026-10-05,NI
2,-0.0018678521089256826,2026-10-05,NI
3,-0.0005941228906893992,2026-10-05,NI
4,-0.0018187501222792243,2026-10-05,NI
5,-0.0021872367013695006,2026-10-05,NI
6,-0.003401280868104308,2026-10-05,NI
7,-0.01025134444342785,2026-10-05,NI
8,-0.006039294311242996,2026-10-05,NI
9,0.0022826324485943172,2026-10-05,NI
10,-0.0004368591228989034,2026-10-05,NI
11,0.005925977859352699,2026-10-05,NI
12,-0.005517551430086786,2026-10-05,NI
13,-0.008202136248717013,2026-10-05,NI
14,-0.003872139195486901,2026-10-05,NI
1,-0.0003743442946872603,2026-10-05,NICE
2,-0.0029414979951054216,2026-10-05,NICE
3,-0.0016806870389150736,2026-10-05,NICE
4,-0.003112244664392361,2026-10-05,NICE
5,-0.0010411281463874639,2026-10-05,NICE
6,-0.0002714632931453824,2026-10-05,NICE
7,-0.008414028911536186,2026-10-05,NICE
8,-0.004803515962075595,2026-10-05,NICE
9,0.0008941312333883954,2026-10-05,NICE
10,-0.0021127249893516872,2026-10-05,NICE
11,0.004119669146449255,2026-10-05,NICE
12,-0.006213269295961453,2026-10-05,NICE
13,-0.006700198215926648,2026-10-05,NICE
14,-0.00635066440040883,2026-10-05,NICE
1,-0.0003787596000264622,2026-10-05,NIO
2,-0.004248735569431112,2026-10-05,NIO
3,-0.0033579251220525047,2026-10-05,NIO
4,-0.0024450803875320443,2026-10-05,NIO
5,0.0017566055832270865,2026-10-05,NIO
6,-0.00015271557887244305,2026-10-05,NIO
7,-0.009423793792530335,2026-10-05,NIO
8,-0.0038280571942881534,2026-10-05,NIO
9,-0.0029870256803696837,2026-10-05,NIO
10,-0.00783386243979335,2026-10-05,NIO
11,-0.003630699465022977,2026-10-05,NIO
12,-0.013206152672636372,2026-10-05,NIO
13,-0.011382009152201264,2026-10-05,NIO
14,-0.008441742588232192,2026-10-05,NIO
1,-0.0005764926381780282,2026-10-05,NKE
2,-0.0012027245378072279,2026-10-05,NKE
3,0.0017548443324972537,2026-10-05,NKE
4,-0.0016417482145796934,2026-10-05,NKE
5,0.00019399367871779515,2026-10-05,NKE
6,-0.0010831144581003901,2026-10-05,NKE
7,-0.0023315675273482207,2026-10-05,NKE
8,0.0016875301334575918,2026-10-05,NKE
9,-0.0029586787948132323,2026-10-05,NKE
10,-0.0035120460342023072,2026-10-05,NKE
11,-0.000749064600525626,2026-10-05,NKE
12,-0.0004294771043901494,2026-10-05,NKE
13,-0.0016290459723705528,2026-10-05,NKE
14,-0.0073633731894129605,2026-10-05,NKE
1,0.00013282415561936416,2026-10-05,NLY
2,-0.002907588878477867,2026-10-05,NLY
3,-0.0015402178697000051,2026-10-05,NLY
4,-0.00243854643042484,2026-10-05,NLY
5,-0.002363806269238624,2026-10-05,NLY
6,-0.000691408952073271,2026-10-05,NLY
7,-0.007189238124473494,2026-10-05,NLY
8,-0.006464864480325402,2026-10-05,NLY
9,0.00023352429810567053,2026-10-05,NLY
10,-0.004976184857114842,2026-10-05,NLY
11,0.005890515419173094,2026-10-05,NLY
12,-0.006075552022196293,2026-10-05,NLY
13,-0.009770826816082923,2026-10-05,NLY
14,-0.006300976138040614,2026-10-05,NLY
1,-0.00013426348034960325,2026-10-05,NOC
2,-0.001122740705386731,2026-10-05,NOC
3,0.0027824380198929214,2026-10-05,NOC
4,0.00011631424109846694,2026-10-05,NOC
5,0.00015021596626568702,2026-10-05,NOC
6,0.00013598674676291674,2026-10-05,NOC
7,-0.0007601492746280809,2026-10-05,NOC
8,0.0012598819867631538,2026-10-05,NOC
9,-0.001485848317574883,2026-10-05,NOC
10,0.0033376071874347607,2026-10-05,NOC
11,0.003460875945796988,2026-10-05,NOC
12,0.0011173263546611772,2026-10-05,NOC
13,0.002320485703823751,2026-10-05,NOC
14,-0.005259000847375847,2026-10-05,NOC
1,-0.0002378817267074656,2026-10-05,NOG
2,-0.0024754134495106935,2026-10-05,NOG
3,-0.0022412753009204353,2026-10-05,NOG
4,-0.0016637684500290595,2026-10-05,NOG
5,-0.0007708343066027871,2026-10-05,NOG
6,0.0006675059291408252,2026-10-05,NOG
7,-0.005504750677743641,2026-10-05,NOG
8,-0.0043569078640552875,2026-10-05,NOG
9,0.0019692996964309427,2026-10-05,NOG
10,-0.002099501181896431,2026-10-05,NOG
11,0.006069296552828825,2026-10-05,NOG
12,-0.006895602931409704,2026-10-05,NOG
13,-0.006584319960785518,2026-10-05,NOG
14,-0.0022720509106632343,2026-10-05,NOG
1,-0.00031220133728339193,2026-10-05,NOK
2,-0.0028287143701687164,2026-10-05,NOK
3,-0.002841934867121562,2026-10-05,NOK
4,-0.0015291812639393902,2026-10-05,NOK
5,0.003506044770088525,2026-10-05,NOK
6,-0.0009898479721866286,2026-10-05,NOK
7,-0.004837026127454577,2026-10-05,NOK
8,-0.004025081940008779,2026-10-05,NOK
9,0.002456654989216534,2026-10-05,NOK
10,-0.0024876124893077434,2026-10-05,NOK
11,0.004301198413530702,2026-10-05,NOK
12,-0.006897643566486829,2026-10-05,NOK
13,-0.010279374691743079,2026-10-05,NOK
14,-0.004453551193886141,2026-10-05,NOK
1,-0.0006637826274727433,2026-10-05,NOV
2,-0.0020792472788499824,2026-10-05,NOV
3,-0.001832901963433688,2026-10-05,NOV
4,-0.001553318394235653,2026-10-05,NOV
5,-0.0016884075455015153,2026-10-05,NOV
6,-0.003492411373322095,2026-10-05,NOV
7,-0.006910151425287678,2026-10-05,NOV
8,-0.005919363647679873,2026-10-05,NOV
9,0.0014752613762105719,2026-10-05,NOV
10,-0.0025963755760875958,2026-10-05,NOV
11,0.004250607207618664,2026-10-05,NOV
12,-0.008012273525681832,2026-10-05,NOV
13,-0.007834252858036359,2026-10-05,NOV
14,-0.004180619584697706,2026-10-05,NOV
1,5.395967634519251e-05,2026-10-05,NOW
2,-0.0009360428273375997,2026-10-05,NOW
3,0.0028994040834636236,2026-10-05,NOW
4,0.0003620808559836398,2026-10-05,NOW
5,0.0011098565132264845,2026-10-05,NOW
6,-0.0013037709682878417,2026-10-05,NOW
7,-0.0006236197347673749,2026-10-05,NOW
8,-0.0006653039736842081,2026-10-05,NOW
9,-0.003373064376423792,2026-10-05,NOW
10,0.004743206379263761,2026-10-05,NOW
11,0.004600142379845027,2026-10-05,NOW
12,0.002536630756999087,2026-10-05,NOW
13,0.002442043133654707,2026-10-05,NOW
14,-0.006844748486877295,2026-10-05,NOW
1,-0.0004567357241942451,2026-10-05,NRG
2,-0.0021303390115742765,2026-10-05,NRG
3,-0.0015229917564263916,2026-10-05,NRG
4,-0.0023265865563489615,2026-10-05,NRG
5,-0.0024235481787721943,2026-10-05,NRG
6,-0.003274780814490929,2026-10-05,NRG
7,-0.010645788955946369,2026-10-05,NRG
8,-0.005277470139860289,2026-10-05,NRG
9,0.0023192930382356374,2026-10-05,NRG
10,-0.0025132164142772306,2026-10-05,NRG
11,0.0033225748145585127,2026-10-05,NRG
12,-0.008467771227619679,2026-10-05,NRG
13,-0.009681580232460773,2026-10-05,NRG
14,-0.0053026129384370095,2026-10-05,NRG
1,-0.003763776159923247,2026-10-05,NRIX
2,-0.0010388815260502112,2026-10-05,NRIX
3,-0.0021222171605123708,2026-10-05,NRIX
4,-0.010175029726721864,2026-10-05,NRIX
5,-0.006177001129669575,2026-10-05,NRIX
6,-0.0009583480332486786,2026-10-05,NRIX
7,-0.0004884216126244919,2026-10-05,NRIX
8,5.9292342388075703e-05,2026-10-05,NRIX
9,-0.003045478594441752,2026-10-05,NRIX
10,-0.0033511610627779834,2026-10-05,NRIX
11,-0.0044440754148843695,2026-10-05,NRIX
12,0.003914999157877644,2026-10-05,NRIX
13,0.0103337589918459,2026-10-05,NRIX
14,0.005950916176110513,2026-10-05,NRIX
1,0.0007485925423759506,2026-10-05,NSC
2,-0.0010824797956872953,2026-10-05,NSC
3,0.0031644070960762183,2026-10-05,NSC
4,-0.0003155135451519338,2026-10-05,NSC
5,0.001246913845735749,2026-10-05,NSC
6,-0.00018324051858485544,2026-10-05,NSC
7,-0.00033582088130563895,2026-10-05,NSC
8,-8.117757028435656e-06,2026-10-05,NSC
9,-0.0013752789833771624,2026-10-05,NSC
10,-0.0012320349316136045,2026-10-05,NSC
11,0.003297975639545511,2026-10-05,NSC
12,4.156784310741394e-05,2026-10-05,NSC
13,0.0029375902351976724,2026-10-05,NSC
14,-0.00572288947189243,2026-10-05,NSC
1,-0.0002934750806272771,2026-10-05,NTAP
2,-0.002564615286568792,2026-10-05,NTAP
3,-0.00047401354220892415,2026-10-05,NTAP
4,0.0018897329657806623,2026-10-05,NTAP
5,0.010928472208038604,2026-10-05,NTAP
6,0.0012268732945999678,2026-10-05,NTAP
7,-0.007306975848481977,2026-10-05,NTAP
8,-0.002892891937378233,2026-10-05,NTAP
9,-1.0869448506047289e-05,2026-10-05,NTAP
10,0.0006458342813762942,2026-10-05,NTAP
11,0.0096570124790747,2026-10-05,NTAP
12,-0.003685843183556816,2026-10-05,NTAP
13,-0.0070650697093950195,2026-10-05,NTAP
14,1.8182294075398855e-05,2026-10-05,NTAP
1,5.490818347502669e-05,2026-10-05,NTES
2,-0.0011708329298698173,2026-10-05,NTES
3,0.002496837603734269,2026-10-05,NTES
4,-0.0003083505907656634,2026-10-05,NTES
5,0.0023523621943381187,2026-10-05,NTES
6,-0.0010625668811156215,2026-10-05,NTES
7,-0.001621566458459722,2026-10-05,NTES
8,0.0009161528924834163,2026-10-05,NTES
9,-0.003910017120596771,2026-10-05,NTES
10,0.0031313726348218152,2026-10-05,NTES
11,0.006017851375104129,2026-10-05,NTES
12,-8.266949311521169e-05,2026-10-05,NTES
13,0.0008525159094784239,2026-10-05,NTES
14,-0.005555698841627296,2026-10-05,NTES
1,-0.0028380793228003276,2026-10-05,NTLA
2,-0.0005282975456140057,2026-10-05,NTLA
3,-0.0053586301824708055,2026-10-05,NTLA
4,-0.011877235361135014,2026-10-05,NTLA
5,-0.007555840230975007,2026-10-05,NTLA
6,-0.00986819284614814,2026-10-05,NTLA
7,0.0006236117243520922,2026-10-05,NTLA
8,-0.0036208879236012273,2026-10-05,NTLA
9,-0.004024121184799361,2026-10-05,NTLA
10,-0.006149896811663503,2026-10-05,NTLA
11,-0.00738443287312161,2026-10-05,NTLA
12,0.005346187919332116,2026-10-05,NTLA
13,0.0005608596241788046,2026-10-05,NTLA
14,0.002542587156798016,2026-10-05,NTLA
1,8.821471342300198e-05,2026-10-05,NTNX
2,-0.0021960798719796067,2026-10-05,NTNX
3,-0.00224917293806832,2026-10-05,NTNX
4,-0.0035874756930075274,2026-10-05,NTNX
5,-0.0017203969873509134,2026-10-05,NTNX
6,-0.003531145509836798,2026-10-05,NTNX
7,-0.00972414163994651,2026-10-05,NTNX
8,-0.004459283642660572,2026-10-05,NTNX
9,-0.0013384486139986346,2026-10-05,NTNX
10,-0.00210931387341168,2026-10-05,NTNX
11,0.006795652019127,2026-10-05,NTNX
12,-0.011137069839882765,2026-10-05,NTNX
13,-0.013592271727695277,2026-10-05,NTNX
14,-0.007607675255809664,2026-10-05,NTNX
1,-0.0010945027241758085,2026-10-05,NTR
2,-0.0022779489223811343,2026-10-05,NTR
3,-0.004424958313453391,2026-10-05,NTR
4,-0.0007795715055118374,2026-10-05,NTR
5,-0.003445162367704214,2026-10-05,NTR
6,-0.0013650146956184406,2026-10-05,NTR
7,-0.010089561287314659,2026-10-05,NTR
8,-0.004091005371735251,2026-10-05,NTR
9,0.0012570125850782188,2026-10-05,NTR
10,-0.0009953823587068155,2026-10-05,NTR
11,0.004880721770928454,2026-10-05,NTR
12,-0.009288502170022842,2026-10-05,NTR
13,-0.01076057945819068,2026-10-05,NTR
14,-0.0077980916570590825,2026-10-05,NTR
1,-0.0008521115467577593,2026-10-05,NTRA
2,-0.0025862626941087984,2026-10-05,NTRA
3,-0.0030820440374438175,2026-10-05,NTRA
4,-0.0045725253655656255,2026-10-05,NTRA
5,-0.0014497982800175206,2026-10-05,NTRA
6,-0.0034901805991501287,2026-10-05,NTRA
7,-0.004775040245001076,2026-10-05,NTRA
8,-0.005357172680014486,2026-10-05,NTRA
9,0.0006829399122203043,2026-10-05,NTRA
10,-0.001602322495816943,2026-10-05,NTRA
11,0.00412110636046882,2026-10-05,NTRA
12,-0.008379016755151238,2026-10-05,NTRA
13,-0.011381762658714396,2026-10-05,NTRA
14,-0.006921586791483248,2026-10-05,NTRA
1,-0.0006140980537286827,2026-10-05,NTRS
2,-0.002575002859336045,2026-10-05,NTRS
3,-0.0018170270522662754,2026-10-05,NTRS
4,-0.0020628974456423097,2026-10-05,NTRS
5,-0.002986856206307732,2026-10-05,NTRS
6,-0.001984591754449315,2026-10-05,NTRS
7,-0.009041266715647069,2026-10-05,NTRS
8,-0.005665247756608761,2026-10-05,NTRS
9,0.0016248381669797627,2026-10-05,NTRS
10,4.135526704144681e-05,2026-10-05,NTRS
11,0.005300926117469085,2026-10-05,NTRS
12,-0.008366232683401824,2026-10-05,NTRS
13,-0.009086623797147413,2026-10-05,NTRS
14,-0.0055833133172193405,2026-10-05,NTRS
1,0.0008565550059324921,2026-10-05,NU
2,-0.0016057085466188877,2026-10-05,NU
3,0.002636859252501782,2026-10-05,NU
4,-3.2331961207249136e-05,2026-10-05,NU
5,-0.0003537820488986226,2026-10-05,NU
6,0.0004932358742550148,2026-10-05,NU
7,-0.004132181189673496,2026-10-05,NU
8,-0.0008462921267599566,2026-10-05,NU
9,-0.0028947745318643964,2026-10-05,NU
10,-0.004450198878778486,2026-10-05,NU
11,0.003764219135617043,2026-10-05,NU
12,-0.0016162097944980298,2026-10-05,NU
13,0.001119235086145874,2026-10-05,NU
14,-0.005694522849769155,2026-10-05,NU
1,-5.209878926999085e-05,2026-10-05,NUE
2,-0.002960451699919176,2026-10-05,NUE
3,-0.0015636722811979797,2026-10-05,NUE
4,-0.0010325824204927914,2026-10-05,NUE
5,0.0009498633520302128,2026-10-05,NUE
6,-0.003985034275581699,2026-10-05,NUE
7,-0.005430781051502906,2026-10-05,NUE
8,-0.005258655513742985,2026-10-05,NUE
9,0.00027357860121386885,2026-10-05,NUE
10,-0.0013593774400090805,2026-10-05,NUE
11,0.004781797814668175,2026-10-05,NUE
12,-0.007437864587754563,2026-10-05,NUE
13,-0.009625672700796421,2026-10-05,NUE
14,-0.003227715976151575,2026-10-05,NUE
1,-0.0027493278175644512,2026-10-05,NVAX
2,-0.0006399956799565823,2026-10-05,NVAX
3,-0.005434732511805197,2026-10-05,NVAX
4,-0.012076027782713916,2026-10-05,NVAX
5,-0.007711894117874937,2026-10-05,NVAX
6,-0.0056538100006715795,2026-10-05,NVAX
7,0.0008245167699761753,2026-10-05,NVAX
8,-0.008881269753525326,2026-10-05,NVAX
9,-0.003976243435037745,2026-10-05,NVAX
10,-0.006909856666973839,2026-10-05,NVAX
11,-0.007490946324035416,2026-10-05,NVAX
12,0.0027485821071483144,2026-10-05,NVAX
13,-0.005659961857070938,2026-10-05,NVAX
14,0.0038550786247147206,2026-10-05,NVAX
1,-0.002652026252598451,2026-10-05,NVCR
2,-0.0005918173240611305,2026-10-05,NVCR
3,-0.006845045122582004,2026-10-05,NVCR
4,-0.012576671239716035,2026-10-05,NVCR
5,-0.006843636001051113,2026-10-05,NVCR
6,-0.008198058051123116,2026-10-05,NVCR
7,0.0030874651328505194,2026-10-05,NVCR
8,-0.0023220036658599167,2026-10-05,NVCR
9,-0.005502725406497678,2026-10-05,NVCR
10,-0.008912212996901784,2026-10-05,NVCR
11,-0.005490104349654942,2026-10-05,NVCR
12,0.002361390700051065,2026-10-05,NVCR
13,0.009914445002999527,2026-10-05,NVCR
14,0.007383519070690018,2026-10-05,NVCR
1,-0.0013168575735126484,2026-10-05,NVDA
2,-0.0012018137580699858,2026-10-05,NVDA
3,0.005686676951132604,2026-10-05,NVDA
4,0.002103221458364287,2026-10-05,NVDA
5,0.0013452491232464365,2026-10-05,NVDA
6,0.000327337462919826,2026-10-05,NVDA
7,-0.0008191894948310665,2026-10-05,NVDA
8,0.0016300742874255417,2026-10-05,NVDA
9,-0.002297982920785561,2026-10-05,NVDA
10,0.0008895181780460985,2026-10-05,NVDA
11,0.00523326377748693,2026-10-05,NVDA
12,0.00592718284146562,2026-10-05,NVDA
13,0.0001950114780208632,2026-10-05,NVDA
14,-0.005188360038356734,2026-10-05,NVDA
1,0.00020165768856900045,2026-10-05,NVO
2,-0.002284139490445404,2026-10-05,NVO
3,0.003070592258187207,2026-10-05,NVO
4,-0.00016803772905800679,2026-10-05,NVO
5,0.0012308017989248806,2026-10-05,NVO
6,-0.0004804841019548956,2026-10-05,NVO
7,-0.001224566050416636,2026-10-05,NVO
8,0.004076042971186719,2026-10-05,NVO
9,-0.0018140707737870452,2026-10-05,NVO
10,-0.0013948398133952116,2026-10-05,NVO
11,0.004271452873223724,2026-10-05,NVO
12,0.0012162663738303696,2026-10-05,NVO
13,0.004937934730275647,2026-10-05,NVO
14,-0.004160619209775325,2026-10-05,NVO
1,0.000385356378317819,2026-10-05,NVS
2,-0.0017253449798913941,2026-10-05,NVS
3,0.002098676121365087,2026-10-05,NVS
4,-0.00030003359477490837,2026-10-05,NVS
5,-0.0005546312444028999,2026-10-05,NVS
6,-0.0010181288413031318,2026-10-05,NVS
7,-0.001655516523322787,2026-10-05,NVS
8,0.0011757561892458803,2026-10-05,NVS
9,-0.002509630911542659,2026-10-05,NVS
10,-0.002068430124691098,2026-10-05,NVS
11,0.0046397058390965935,2026-10-05,NVS
12,0.0022076460610520885,2026-10-05,NVS
13,0.002438154355611731,2026-10-05,NVS
14,-0.0029997863258384794,2026-10-05,NVS
1,-0.003119874421757902,2026-10-05,NVST
2,-0.0003487176252051164,2026-10-05,NVST
3,-0.0050556863653382095,2026-10-05,NVST
4,-0.012181830726337928,2026-10-05,NVST
5,-0.005033663063925837,2026-10-05,NVST
6,-0.005358379723440955,2026-10-05,NVST
7,0.0020648515868289326,2026-10-05,NVST
8,-0.003241867721239554,2026-10-05,NVST
9,-0.007853539502203227,2026-10-05,NVST
10,-0.006428089885383093,2026-10-05,NVST
11,-0.00906631669246328,2026-10-05,NVST
12,-0.0003214847341139632,2026-10-05,NVST
13,0.004424164340734246,2026-10-05,NVST
14,0.0027430458493998317,2026-10-05,NVST
1,-0.00017784318401861703,2026-10-05,NVT
2,-0.002336914416351228,2026-10-05,NVT
3,-0.0006585251151735691,2026-10-05,NVT
4,-0.0019238986510062034,2026-10-05,NVT
5,-0.0016649771108340325,2026-10-05,NVT
6,-0.0027155597474494866,2026-10-05,NVT
7,-0.00866653957199021,2026-10-05,NVT
8,-0.004699292143013969,2026-10-05,NVT
9,9.686329646505948e-05,2026-10-05,NVT
10,0.0005549333734057037,2026-10-05,NVT
11,0.005977110102906009,2026-10-05,NVT
12,-0.006236209465106242,2026-10-05,NVT
13,-0.009737767130648596,2026-10-05,NVT
14,-0.002917379204956955,2026-10-05,NVT
1,-0.00029239487408901034,2026-10-05,NWG
2,-0.0017467804106018738,2026-10-05,NWG
3,0.002157045784405016,2026-10-05,NWG
4,2.8450712463310794e-05,2026-10-05,NWG
5,0.0003549022625199448,2026-10-05,NWG
6,0.0007820013084298593,2026-10-05,NWG
7,-0.004001373058704786,2026-10-05,NWG
8,0.000580676559784593,2026-10-05,NWG
9,-0.0021702323726387174,2026-10-05,NWG
10,-0.002006286518809103,2026-10-05,NWG
11,0.004298952779959413,2026-10-05,NWG
12,0.003535483237613514,2026-10-05,NWG
13,0.004376304917985401,2026-10-05,NWG
14,-0.006270710233951451,2026-10-05,NWG
1,-0.0030973394267229714,2026-10-05,NWL
2,0.00010356406134080934,2026-10-05,NWL
3,-0.002623434087048531,2026-10-05,NWL
4,-0.011924008538617054,2026-10-05,NWL
5,-0.0055700347218009495,2026-10-05,NWL
6,-0.0035623701070112983,2026-10-05,NWL
7,0.0028928444048198234,2026-10-05,NWL
8,-0.0014630548952418066,2026-10-05,NWL
9,-0.0025415387915222877,2026-10-05,NWL
10,-0.009968360009475059,2026-10-05,NWL
11,-0.004044926060624142,2026-10-05,NWL
12,0.002713276532894201,2026-10-05,NWL
13,0.00231977049917942,2026-10-05,NWL
14,0.004426078461528525,2026-10-05,NWL
1,-0.0002760271694197612,2026-10-05,NWSA
2,-0.0019041961344207002,2026-10-05,NWSA
3,-0.0023599781644062,2026-10-05,NWSA
4,-0.0028108998386258584,2026-10-05,NWSA
5,-0.0024058003328171506,2026-10-05,NWSA
6,-0.0008659863619924849,2026-10-05,NWSA
7,-0.009417739498239285,2026-10-05,NWSA
8,-0.005260462041877793,2026-10-05,NWSA
9,0.0011556741466207882,2026-10-05,NWSA
10,-0.00021145721134332478,2026-10-05,NWSA
11,0.004639446834064681,2026-10-05,NWSA
12,-0.005637695133382985,2026-10-05,NWSA
13,-0.00739702151059209,2026-10-05,NWSA
14,-0.007164664197072039,2026-10-05,NWSA
1,-0.0028557623036941054,2026-10-05,NXE
2,-0.0010375143113853778,2026-10-05,NXE
3,-0.004004150294683752,2026-10-05,NXE
4,-0.008724008944585292,2026-10-05,NXE
5,-0.007170256529654419,2026-10-05,NXE
6,-0.003926886544867227,2026-10-05,NXE
7,0.001149333112908197,2026-10-05,NXE
8,-0.002343834848166389,2026-10-05,NXE
9,-0.0027893189890016317,2026-10-05,NXE
10,-0.004983886146814325,2026-10-05,NXE
11,-0.0032510893627337163,2026-10-05,NXE
12,0.0007065845249690079,2026-10-05,NXE
13,0.006993388936016203,2026-10-05,NXE
14,0.005154130714415901,2026-10-05,NXE
1,-0.0008088428492180874,2026-10-05,NXPI
2,-0.001496670517989546,2026-10-05,NXPI
3,0.0057567451417064154,2026-10-05,NXPI
4,0.0018950682806885407,2026-10-05,NXPI
5,0.003034087367967635,2026-10-05,NXPI
6,0.0006357850468432698,2026-10-05,NXPI
7,-0.0014504198573525855,2026-10-05,NXPI
8,-0.00024277912771956074,2026-10-05,NXPI
9,-0.0023072089790579916,2026-10-05,NXPI
10,-0.0015206308656949958,2026-10-05,NXPI
11,0.00521562905554783,2026-10-05,NXPI
12,0.005846396174404863,2026-10-05,NXPI
13,0.0021367819717517953,2026-10-05,NXPI
14,-0.004874965511847535,2026-10-05,NXPI
1,-0.0005115112652111168,2026-10-05,NXT
2,-0.0023883322231847163,2026-10-05,NXT
3,-0.0023938022382570495,2026-10-05,NXT
4,-0.0016331486547916585,2026-10-05,NXT
5,0.0031088054454897415,2026-10-05,NXT
6,-0.0003931222634941245,2026-10-05,NXT
7,-0.007326929732638379,2026-10-05,NXT
8,-0.006196446655620125,2026-10-05,NXT
9,0.00010543266146351531,2026-10-05,NXT
10,-0.002611848636187716,2026-10-05,NXT
11,0.006123236074315192,2026-10-05,NXT
12,-0.0074714148962661065,2026-10-05,NXT
13,-0.009232859631975976,2026-10-05,NXT
14,-0.0025278682928078864,2026-10-05,NXT
1,6.239711889306682e-05,2026-10-05,NYT
2,-0.0017322539781621325,2026-10-05,NYT
3,-0.002726147258225079,2026-10-05,NYT
4,-0.0025774241876191056,2026-10-05,NYT
5,-0.0019612292629784373,2026-10-05,NYT
6,-0.0016003643896586094,2026-10-05,NYT
7,-0.009433083737887397,2026-10-05,NYT
8,-0.004934509244728945,2026-10-05,NYT
9,9.06408458170308e-05,2026-10-05,NYT
10,-0.0016131602169696332,2026-10-05,NYT
11,0.005453599197322428,2026-10-05,NYT
12,-0.007799005222732274,2026-10-05,NYT
13,-0.00805972438973349,2026-10-05,NYT
14,-0.007786077881749163,2026-10-05,NYT
1,-0.000651175339335261,2026-10-05,O
2,-0.0011252410264409743,2026-10-05,O
3,0.002424137954542274,2026-10-05,O
4,-4.126168009040209e-05,2026-10-05,O
5,0.0006906248559962126,2026-10-05,O
6,-0.0006259642962127602,2026-10-05,O
7,-0.00209943565538189,2026-10-05,O
8,0.0020974940458677095,2026-10-05,O
9,-0.0034093807952392695,2026-10-05,O
10,-0.0022601152046300248,2026-10-05,O
11,0.004217538777000935,2026-10-05,O
12,0.0008021642696225177,2026-10-05,O
13,0.0031388421887393147,2026-10-05,O
14,-0.004768338064052201,2026-10-05,O
1,-0.0001276098148238281,2026-10-05,OBDC
2,-5.841367758756715e-05,2026-10-05,OBDC
3,-0.0011999070377857117,2026-10-05,OBDC
4,-0.002825553697638467,2026-10-05,OBDC
5,-0.0005589175664907391,2026-10-05,OBDC
6,-0.002106262450852948,2026-10-05,OBDC
7,-0.009125248834366835,2026-10-05,OBDC
8,-0.002350794567831315,2026-10-05,OBDC
9,3.8095113165472964e-05,2026-10-05,OBDC
10,-0.002756486825216014,2026-10-05,OBDC
11,0.004447641789556415,2026-10-05,OBDC
12,-0.008618732592496472,2026-10-05,OBDC
13,-0.009451913160982426,2026-10-05,OBDC
14,-0.004931556237683608,2026-10-05,OBDC
1,-0.0038525529833127532,2026-10-05,OCUL
2,-0.0006737818152585972,2026-10-05,OCUL
3,-0.001947924987028175,2026-10-05,OCUL
4,-0.011765736025886504,2026-10-05,OCUL
5,-0.005674565740586609,2026-10-05,OCUL
6,-0.0023941820305013886,2026-10-05,OCUL
7,0.0016413641789359357,2026-10-05,OCUL
8,0.0030209799848002913,2026-10-05,OCUL
9,-0.003506769370704819,2026-10-05,OCUL
10,-0.0064182663826269915,2026-10-05,OCUL
11,-0.0030300604927603917,2026-10-05,OCUL
12,0.005282076098217984,2026-10-05,OCUL
13,0.009029706435129858,2026-10-05,OCUL
14,-0.00013744108691994908,2026-10-05,OCUL
1,-0.004499561842850685,2026-10-05,ODD
2,0.00020623100622799492,2026-10-05,ODD
3,-0.0017217265485606394,2026-10-05,ODD
4,-0.014043964373398103,2026-10-05,ODD
5,-0.00574771705930018,2026-10-05,ODD
6,-0.005289413197990002,2026-10-05,ODD
7,-0.001668472310736687,2026-10-05,ODD
8,-6.563848601139275e-05,2026-10-05,ODD
9,0.001497970026511686,2026-10-05,ODD
10,0.0006807210868764994,2026-10-05,ODD
11,-0.007217603285578173,2026-10-05,ODD
12,-0.005911333784054575,2026-10-05,ODD
13,-0.0031120531111394093,2026-10-05,ODD
14,0.001158870726038507,2026-10-05,ODD
1,-0.00013968558061267045,2026-10-05,ODFL
2,-0.0022412941418274977,2026-10-05,ODFL
3,-0.000608183184338054,2026-10-05,ODFL
4,-0.001902473661123498,2026-10-05,ODFL
5,0.001737741197597298,2026-10-05,ODFL
6,-0.002293805555139818,2026-10-05,ODFL
7,-0.010139128649034436,2026-10-05,ODFL
8,-0.007233138823801246,2026-10-05,ODFL
9,0.0018542767870464514,2026-10-05,ODFL
10,-0.0014030368647940717,2026-10-05,ODFL
11,0.006506900291745855,2026-10-05,ODFL
12,-0.0077322123118190155,2026-10-05,ODFL
13,-0.010370894129464873,2026-10-05,ODFL
14,-0.004923952588865655,2026-10-05,ODFL
1,-0.0009605278358428126,2026-10-05,OGE
2,-0.0012152112633934207,2026-10-05,OGE
3,-0.0005922456954619557,2026-10-05,OGE
4,-0.0015172750107124693,2026-10-05,OGE
5,-0.0011610376233199956,2026-10-05,OGE
6,-0.0035007675203283643,2026-10-05,OGE
7,-0.00837040176884837,2026-10-05,OGE
8,-0.004448458305816923,2026-10-05,OGE
9,0.0035882321754771105,2026-10-05,OGE
10,-0.0026513205591929215,2026-10-05,OGE
11,0.007598613711300671,2026-10-05,OGE
12,-0.010350673381560054,2026-10-05,OGE
13,-0.008135048365743532,2026-10-05,OGE
14,-0.0037695771611076447,2026-10-05,OGE
1,-0.00037472041266679347,2026-10-05,OGN
2,-0.001170905073684429,2026-10-05,OGN
3,-0.0020082178257303123,2026-10-05,OGN
4,-0.0017580796994118427,2026-10-05,OGN
5,0.0006627703281684032,2026-10-05,OGN
6,-0.0007601354066408356,2026-10-05,OGN
7,-0.00675966791418684,2026-10-05,OGN
8,-0.0004348748145816332,2026-10-05,OGN
9,0.0025352796727679122,2026-10-05,OGN
10,-0.0009925015106843262,2026-10-05,OGN
11,0.002172651670153321,2026-10-05,OGN
12,-0.011036853824565129,2026-10-05,OGN
13,-0.006917553745736542,2026-10-05,OGN
14,-0.009633007928754926,2026-10-05,OGN
1,-0.0006703224270225294,2026-10-05,OHI
2,-0.0018165632149489742,2026-10-05,OHI
3,-0.001156759975281155,2026-10-05,OHI
4,-0.00259747191102674,2026-10-05,OHI
5,-0.0013955357085178584,2026-10-05,OHI
6,-0.004167548250649944,2026-10-05,OHI
7,-0.007899262217611419,2026-10-05,OHI
8,-0.00551826880792635,2026-10-05,OHI
9,0.0004250137150491041,2026-10-05,OHI
10,-0.0016922866896076818,2026-10-05,OHI
11,0.0053439010507827355,2026-10-05,OHI
12,-0.0069821332310771415,2026-10-05,OHI
13,-0.006664375187340149,2026-10-05,OHI
14,-0.004690966471457169,2026-10-05,OHI
1,-0.0033136647344700725,2026-10-05,OI
2,-0.000934759639844997,2026-10-05,OI
3,-0.004771107855981408,2026-10-05,OI
4,-0.012729552265628864,2026-10-05,OI
5,-0.00628611409865297,2026-10-05,OI
6,-0.006323032732064286,2026-10-05,OI
7,0.002252779269843276,2026-10-05,OI
8,-0.004128142101988299,2026-10-05,OI
9,-0.0010579118486114538,2026-10-05,OI
10,-0.011521736178617561,2026-10-05,OI
11,-0.004077676494055809,2026-10-05,OI
12,0.00016916700745649916,2026-10-05,OI
13,0.0019375659855827227,2026-10-05,OI
14,0.0007684313054073274,2026-10-05,OI
1,-0.002649677424734624,2026-10-05,OII
2,-0.00010361341323205641,2026-10-05,OII
3,-0.0028224919177035077,2026-10-05,OII
4,-0.011268455722875893,2026-10-05,OII
5,-0.004460259682311327,2026-10-05,OII
6,-0.006788147627707576,2026-10-05,OII
7,0.0009899211588257602,2026-10-05,OII
8,-0.004119841176101962,2026-10-05,OII
9,0.0008140850498976199,2026-10-05,OII
10,-0.0060657070904721,2026-10-05,OII
11,-0.003419035441227344,2026-10-05,OII
12,0.00569766499676897,2026-10-05,OII
13,0.004783212787460346,2026-10-05,OII
14,0.009238177845217027,2026-10-05,OII
1,0.00011217377755359642,2026-10-05,OKE
2,-0.0021832509371833516,2026-10-05,OKE
3,0.002765098684258547,2026-10-05,OKE
4,-0.0001757494039403885,2026-10-05,OKE
5,0.001375365298667918,2026-10-05,OKE
6,0.00010566279967526106,2026-10-05,OKE
7,-0.0032775773648009783,2026-10-05,OKE
8,0.00024685349052021494,2026-10-05,OKE
9,-0.0024165471934772757,2026-10-05,OKE
10,-0.0031223797726638676,2026-10-05,OKE
11,0.005558164423619664,2026-10-05,OKE
12,0.002924176685196224,2026-10-05,OKE
13,0.0036292728109587635,2026-10-05,OKE
14,-0.005893547951861839,2026-10-05,OKE
1,0.00013734419129452484,2026-10-05,OKTA
2,-0.003534823512452498,2026-10-05,OKTA
3,-0.0032628357866550817,2026-10-05,OKTA
4,-0.005020330647483524,2026-10-05,OKTA
5,-0.001590429927475979,2026-10-05,OKTA
6,-0.003337773896245372,2026-10-05,OKTA
7,-0.007187547941239816,2026-10-05,OKTA
8,-0.0038237987145522522,2026-10-05,OKTA
9,0.00021695986554827725,2026-10-05,OKTA
10,-0.00238664796767766,2026-10-05,OKTA
11,0.004910217046679753,2026-10-05,OKTA
12,-0.008298622113547805,2026-10-05,OKTA
13,-0.012167286292572996,2026-10-05,OKTA
14,-0.007501030359702019,2026-10-05,OKTA
1,-0.00010217509796092415,2026-10-05,OLLI
2,-0.0025687847912834187,2026-10-05,OLLI
3,-0.003578967873815836,2026-10-05,OLLI
4,-0.002849963597332199,2026-10-05,OLLI
5,-0.00032112198762996815,2026-10-05,OLLI
6,-0.002450689581719352,2026-10-05,OLLI
7,-0.00947496568846681,2026-10-05,OLLI
8,-0.004797889222505528,2026-10-05,OLLI
9,0.0015612183718806214,2026-10-05,OLLI
10,-0.00224358132021119,2026-10-05,OLLI
11,0.005838037208802005,2026-10-05,OLLI
12,-0.007671500958543865,2026-10-05,OLLI
13,-0.008338764092256814,2026-10-05,OLLI
14,-0.006160628461611556,2026-10-05,OLLI
1,-0.0006399389563793425,2026-10-05,OLN
2,-0.0019057466834848855,2026-10-05,OLN
3,-0.0012502418822377308,2026-10-05,OLN
4,-0.0034244935645595907,2026-10-05,OLN
5,-0.002414232053683608,2026-10-05,OLN
6,-0.0019247912686747733,2026-10-05,OLN
7,-0.009521339692767172,2026-10-05,OLN
8,-0.007127238161728009,2026-10-05,OLN
9,-0.0026449958430152637,2026-10-05,OLN
10,1.362965266382761e-05,2026-10-05,OLN
11,0.0014755512379036263,2026-10-05,OLN
12,-0.0052345850487841615,2026-10-05,OLN
13,-0.007894267819994248,2026-10-05,OLN
14,-0.009431310096352742,2026-10-05,OLN
1,-3.096313546642483e-05,2026-10-05,OMC
2,-0.0021280443052868244,2026-10-05,OMC
3,-0.002649610492503951,2026-10-05,OMC
4,-0.0025842378293161124,2026-10-05,OMC
5,-0.003251993045100613,2026-10-05,OMC
6,-0.0010081537037174935,2026-10-05,OMC
7,-0.010225896034031366,2026-10-05,OMC
8,-0.004083783716513984,2026-10-05,OMC
9,0.0016159185296795674,2026-10-05,OMC
10,-0.0011291903067944331,2026-10-05,OMC
11,0.0043798347072005386,2026-10-05,OMC
12,-0.006932392306247914,2026-10-05,OMC
13,-0.00799357256411592,2026-10-05,OMC
14,-0.006424607641967276,2026-10-05,OMC
1,-0.0006888098564562282,2026-10-05,ON
2,-0.000921601643524892,2026-10-05,ON
3,-0.0011476610719573204,2026-10-05,ON
4,-0.0013697472766365708,2026-10-05,ON
5,0.00036062742336127456,2026-10-05,ON
6,-0.003560207962331692,2026-10-05,ON
7,-0.00650811495574086,2026-10-05,ON
8,-0.007570079500157939,2026-10-05,ON
9,-0.0021627250552538778,2026-10-05,ON
10,-0.0006751818593974418,2026-10-05,ON
11,0.001515929145430814,2026-10-05,ON
12,-0.003581663589964151,2026-10-05,ON
13,-0.008822813025612372,2026-10-05,ON
14,-0.011399234692155792,2026-10-05,ON
1,-0.0006116586428341803,2026-10-05,ONB
2,-0.0023721253110434077,2026-10-05,ONB
3,-0.0017626820485960705,2026-10-05,ONB
4,-0.002726905907599289,2026-10-05,ONB
5,-0.00038825500544920267,2026-10-05,ONB
6,-0.0011765924045099756,2026-10-05,ONB
7,-0.008557676044712166,2026-10-05,ONB
8,-0.006652131825539637,2026-10-05,ONB
9,0.0032018182366277048,2026-10-05,ONB
10,-0.0033586735177013743,2026-10-05,ONB
11,0.003829412944021684,2026-10-05,ONB
12,-0.007217936571311987,2026-10-05,ONB
13,-0.006735280414695677,2026-10-05,ONB
14,-0.006014358371448254,2026-10-05,ONB
1,-0.001166944225892879,2026-10-05,ONON
2,-0.0020032011835384397,2026-10-05,ONON
3,-0.002742615121029265,2026-10-05,ONON
4,-0.0042683079134982595,2026-10-05,ONON
5,-0.001344059480565441,2026-10-05,ONON
6,-0.0019889273325035617,2026-10-05,ONON
7,-0.010119473547740307,2026-10-05,ONON
8,-0.006559126675532113,2026-10-05,ONON
9,0.0007588863579456806,2026-10-05,ONON
10,-0.0005325174855876847,2026-10-05,ONON
11,0.008050792526482697,2026-10-05,ONON
12,-0.008585303008795129,2026-10-05,ONON
13,-0.009803962783425458,2026-10-05,ONON
14,-0.005917966369734946,2026-10-05,ONON
1,-0.0029870812261221197,2026-10-05,OPCH
2,0.0006803774600753461,2026-10-05,OPCH
3,-0.0037565751424489292,2026-10-05,OPCH
4,-0.01405123400846999,2026-10-05,OPCH
5,-0.001866526173592585,2026-10-05,OPCH
6,-0.002692552539122336,2026-10-05,OPCH
7,0.004744527080530208,2026-10-05,OPCH
8,-0.0033753894044719042,2026-10-05,OPCH
9,-0.008449833812339776,2026-10-05,OPCH
10,-0.009205462028756878,2026-10-05,OPCH
11,-0.015086302975076422,2026-10-05,OPCH
12,-0.000829837315036123,2026-10-05,OPCH
13,0.00646457450420362,2026-10-05,OPCH
14,0.003782659928835489,2026-10-05,OPCH
1,-0.003296708876927703,2026-10-05,OPEN
2,-0.0008505148403225416,2026-10-05,OPEN
3,-0.002268724677127778,2026-10-05,OPEN
4,-0.012163503871980385,2026-10-05,OPEN
5,-0.009474077568346628,2026-10-05,OPEN
6,-0.004134735376787942,2026-10-05,OPEN
7,0.001951682518287466,2026-10-05,OPEN
8,-0.002328264990232656,2026-10-05,OPEN
9,-0.003982885193533839,2026-10-05,OPEN
10,0.0005327019717262494,2026-10-05,OPEN
11,-0.01276544122569644,2026-10-05,OPEN
12,-0.0062692320232674605,2026-10-05,OPEN
13,-0.0037305911921862115,2026-10-05,OPEN
14,0.004836323299983417,2026-10-05,OPEN
1,-0.004416224109760024,2026-10-05,OPK
2,-0.0010299228571748773,2026-10-05,OPK
3,-0.0027154277699857773,2026-10-05,OPK
4,-0.013326496084446795,2026-10-05,OPK
5,-0.00691303386635845,2026-10-05,OPK
6,-0.001162628551859319,2026-10-05,OPK
7,0.0010156401088775528,2026-10-05,OPK
8,-0.0009967614851440587,2026-10-05,OPK
9,-0.002749856446078965,2026-10-05,OPK
10,-0.0032602599745405725,2026-10-05,OPK
11,0.000161111602170305,2026-10-05,OPK
12,-0.0030526343151634832,2026-10-05,OPK
13,0.00905597475559815,2026-10-05,OPK
14,0.0024798550550794384,2026-10-05,OPK
1,-0.0029145883197026572,2026-10-05,OPRA
2,0.0008612258673102272,2026-10-05,OPRA
3,-0.0009145902794160036,2026-10-05,OPRA
4,-0.013250844040052296,2026-10-05,OPRA
5,-0.0067918839254280765,2026-10-05,OPRA
6,-0.003326181924600495,2026-10-05,OPRA
7,0.0008205522018645351,2026-10-05,OPRA
8,-0.002106015126159193,2026-10-05,OPRA
9,-0.0013103358575813054,2026-10-05,OPRA
10,0.0013449268304035716,2026-10-05,OPRA
11,0.00214719372964284,2026-10-05,OPRA
12,-0.004266308579075129,2026-10-05,OPRA
13,0.000615964941307107,2026-10-05,OPRA
14,0.0006827927425955302,2026-10-05,OPRA
1,-0.002190182061701537,2026-10-05,OR
2,-0.0006133900611594107,2026-10-05,OR
3,-0.005712772902503608,2026-10-05,OR
4,-0.007497901539952462,2026-10-05,OR
5,-0.0020355980604913537,2026-10-05,OR
6,-0.007787026261718387,2026-10-05,OR
7,0.004052862699492915,2026-10-05,OR
8,-0.0032490279307441305,2026-10-05,OR
9,0.0006719182465033634,2026-10-05,OR
10,-0.005807511279983618,2026-10-05,OR
11,-0.003364203260508683,2026-10-05,OR
12,0.0026424628308348145,2026-10-05,OR
13,0.01143032502555002,2026-10-05,OR
14,0.004249308473959457,2026-10-05,OR
1,0.00021050486795938595,2026-10-05,ORCL
2,-0.001259703666331146,2026-10-05,ORCL
3,0.0022571676399913325,2026-10-05,ORCL
4,-0.0004723664492354411,2026-10-05,ORCL
5,0.0016841738233845807,2026-10-05,ORCL
6,-0.00196469020208623,2026-10-05,ORCL
7,-0.0019992830274681963,2026-10-05,ORCL
8,0.001378580999955322,2026-10-05,ORCL
9,-0.003733585100249015,2026-10-05,ORCL
10,0.003695291048684158,2026-10-05,ORCL
11,0.004747102492785016,2026-10-05,ORCL
12,0.0011129669386528702,2026-10-05,ORCL
13,5.367883160457713e-05,2026-10-05,ORCL
14,-0.0059120342667713975,2026-10-05,ORCL
1,-0.00458487916668085,2026-10-05,OSCR
2,-0.0010602310110809407,2026-10-05,OSCR
3,-0.0032044116726182782,2026-10-05,OSCR
4,-0.011399442457696814,2026-10-05,OSCR
5,-0.0016286182490690667,2026-10-05,OSCR
6,-0.006672892371332396,2026-10-05,OSCR
7,0.004817286621322858,2026-10-05,OSCR
8,0.00227778083976437,2026-10-05,OSCR
9,0.0021087184403641907,2026-10-05,OSCR
10,-0.00978009486196203,2026-10-05,OSCR
11,-0.00439871403802959,2026-10-05,OSCR
12,0.008721244657385857,2026-10-05,OSCR
13,0.009978832361105172,2026-10-05,OSCR
14,0.00807661526463238,2026-10-05,OSCR
1,-0.00019846805443245538,2026-10-05,OTEX
2,-0.0020805907834829875,2026-10-05,OTEX
3,-0.002977830613431076,2026-10-05,OTEX
4,-0.004486585642996458,2026-10-05,OTEX
5,-0.0026668865933815234,2026-10-05,OTEX
6,-0.002667733765714483,2026-10-05,OTEX
7,-0.009804290103934658,2026-10-05,OTEX
8,-0.0060087610551721685,2026-10-05,OTEX
9,0.0003980400800202226,2026-10-05,OTEX
10,-0.0015995013937440455,2026-10-05,OTEX
11,0.005037356760780829,2026-10-05,OTEX
12,-0.004736222031749974,2026-10-05,OTEX
13,-0.009410380072518475,2026-10-05,OTEX
14,-0.006763872492209078,2026-10-05,OTEX
1,-0.0007145280764698682,2026-10-05,OTIS
2,-0.0020782004753430268,2026-10-05,OTIS
3,-0.0026112696019927324,2026-10-05,OTIS
4,-0.0018109015822706015,2026-10-05,OTIS
5,8.402861538788272e-05,2026-10-05,OTIS
6,-0.004371681269751699,2026-10-05,OTIS
7,-0.009048652995874205,2026-10-05,OTIS
8,-0.005003094843572408,2026-10-05,OTIS
9,-0.00015899176693705432,2026-10-05,OTIS
10,-0.0016432293457177788,2026-10-05,OTIS
11,0.0012901806719775985,2026-10-05,OTIS
12,-0.006864402220161655,2026-10-05,OTIS
13,-0.009235954006362594,2026-10-05,OTIS
14,-0.006150777436879982,2026-10-05,OTIS
1,-0.00235304415355116,2026-10-05,OUT
2,-0.0011528167419570005,2026-10-05,OUT
3,-0.003528670798679373,2026-10-05,OUT
4,-0.009461612502711414,2026-10-05,OUT
5,-0.006626185752914073,2026-10-05,OUT
6,-0.003467983109157908,2026-10-05,OUT
7,-0.0015559654786743487,2026-10-05,OUT
8,-0.002649028067251891,2026-10-05,OUT
9,-0.001071406852980467,2026-10-05,OUT
10,-0.005791600347300081,2026-10-05,OUT
11,-0.0015751171480204015,2026-10-05,OUT
12,0.001459386907573179,2026-10-05,OUT
13,-0.00557453420837511,2026-10-05,OUT
14,-0.0034834708335494927,2026-10-05,OUT
1,-0.00032948361062121265,2026-10-05,OVV
2,-0.0018573247545085405,2026-10-05,OVV
3,-0.0025993658876171367,2026-10-05,OVV
4,-0.0021790892914980496,2026-10-05,OVV
5,-0.0009502989264588938,2026-10-05,OVV
6,-0.002753714349503856,2026-10-05,OVV
7,-0.008673234906016942,2026-10-05,OVV
8,-0.0028619419541697664,2026-10-05,OVV
9,0.0014505010957390095,2026-10-05,OVV
10,0.0029543553807966087,2026-10-05,OVV
11,0.0033813205121538737,2026-10-05,OVV
12,-0.00472746588596307,2026-10-05,OVV
13,-0.003715883380299126,2026-10-05,OVV
14,-0.004892074716127256,2026-10-05,OVV
1,-0.0002956906509574338,2026-10-05,OWL
2,-0.0024086519634522225,2026-10-05,OWL
3,-0.0015426372528309338,2026-10-05,OWL
4,-0.001934115641741331,2026-10-05,OWL
5,-0.0012052645513428329,2026-10-05,OWL
6,-0.002825544172857074,2026-10-05,OWL
7,-0.008652415512227228,2026-10-05,OWL
8,-0.00404692407062854,2026-10-05,OWL
9,0.0032173213512133847,2026-10-05,OWL
10,-0.0019114684255170224,2026-10-05,OWL
11,0.006028086509711161,2026-10-05,OWL
12,-0.009819780348159604,2026-10-05,OWL
13,-0.007691542501278513,2026-10-05,OWL
14,-0.004497824721421028,2026-10-05,OWL
1,0.0009119247176103133,2026-10-05,OXY
2,-0.0008553548019423357,2026-10-05,OXY
3,0.0025811236707937164,2026-10-05,OXY
4,-0.00019712746186894225,2026-10-05,OXY
5,0.0012509944684278953,2026-10-05,OXY
6,-0.00025477915493949673,2026-10-05,OXY
7,-0.002093881254912167,2026-10-05,OXY
8,-0.004253161830621741,2026-10-05,OXY
9,-0.0020869162045464846,2026-10-05,OXY
10,-0.0059483225760680325,2026-10-05,OXY
11,0.003561554663120621,2026-10-05,OXY
12,0.0036245043618579943,2026-10-05,OXY
13,0.0051211558458806716,2026-10-05,OXY
14,-0.0010521435058964408,2026-10-05,OXY
1,-0.002422200901119627,2026-10-05,OZK
2,-0.0005914754670426467,2026-10-05,OZK
3,-0.005300599135780435,2026-10-05,OZK
4,-0.007099440277068749,2026-10-05,OZK
5,-0.007372617300542598,2026-10-05,OZK
6,-0.00311053504418326,2026-10-05,OZK
7,0.0026480137532755342,2026-10-05,OZK
8,-0.004590334564562915,2026-10-05,OZK
9,-0.0015178990661656182,2026-10-05,OZK
10,-0.007782535492865439,2026-10-05,OZK
11,-0.0045651134853337775,2026-10-05,OZK
12,0.003735841867340696,2026-10-05,OZK
13,0.0008414296752599699,2026-10-05,OZK
14,-0.009034546001349958,2026-10-05,OZK
1,-0.000349388920529795,2026-10-05,PAA
2,-0.0016596062803022702,2026-10-05,PAA
3,-0.0012845314857987686,2026-10-05,PAA
4,-0.0020115118118953844,2026-10-05,PAA
5,-0.0012504963604017794,2026-10-05,PAA
6,-0.0021824505532106997,2026-10-05,PAA
7,-0.008421411949853332,2026-10-05,PAA
8,-0.005402144339646138,2026-10-05,PAA
9,0.0019806811820023322,2026-10-05,PAA
10,-0.0023212678103845066,2026-10-05,PAA
11,0.006747063557160902,2026-10-05,PAA
12,-0.006366153328867833,2026-10-05,PAA
13,-0.007729637013920168,2026-10-05,PAA
14,-0.0030212036050591734,2026-10-05,PAA
1,0.0005360185675584004,2026-10-05,PAAS
2,-0.0017994933620312402,2026-10-05,PAAS
3,-0.0007901563457070633,2026-10-05,PAAS
4,-0.0013139486442644165,2026-10-05,PAAS
5,0.0010526669168391093,2026-10-05,PAAS
6,0.0002707761856231329,2026-10-05,PAAS
7,-0.004266175375953233,2026-10-05,PAAS
8,0.00015062137453082655,2026-10-05,PAAS
9,0.0036023768912363933,2026-10-05,PAAS
10,-0.002844395835090509,2026-10-05,PAAS
11,0.004967674068542792,2026-10-05,PAAS
12,-0.008148724578242216,2026-10-05,PAAS
13,-0.008557471813430702,2026-10-05,PAAS
14,-0.0032368983107944867,2026-10-05,PAAS
1,-0.0003394306483473484,2026-10-05,PAGP
2,-0.00208303831660909,2026-10-05,PAGP
3,-0.0014059765340513673,2026-10-05,PAGP
4,-0.0021709230268388236,2026-10-05,PAGP
5,-0.000274259429392269,2026-10-05,PAGP
6,-0.0025049195456285558,2026-10-05,PAGP
7,-0.009241836576995928,2026-10-05,PAGP
8,-0.0031953311192950023,2026-10-05,PAGP
9,0.002956866500112978,2026-10-05,PAGP
10,-0.0007047503869705681,2026-10-05,PAGP
11,0.005590308802548886,2026-10-05,PAGP
12,-0.0074958712178724235,2026-10-05,PAGP
13,-0.008886494630697215,2026-10-05,PAGP
14,-0.005318981624131846,2026-10-05,PAGP
1,-0.003532678256762165,2026-10-05,PAGS
2,0.00014268332287477125,2026-10-05,PAGS
3,-0.004707113598832066,2026-10-05,PAGS
4,-0.009795333448305644,2026-10-05,PAGS
5,-0.005662855306800401,2026-10-05,PAGS
6,-0.004431418067292594,2026-10-05,PAGS
7,0.0034877450255613985,2026-10-05,PAGS
8,-0.0020652905006647328,2026-10-05,PAGS
9,-0.00449527949796599,2026-10-05,PAGS
10,-0.006882730070031856,2026-10-05,PAGS
11,-0.009825354564624243,2026-10-05,PAGS
12,0.003389826930704031,2026-10-05,PAGS
13,0.0032735558171284105,2026-10-05,PAGS
14,0.0028447596333852822,2026-10-05,PAGS
1,-0.0002074062416648486,2026-10-05,PANW
2,-0.0008595547144391222,2026-10-05,PANW
3,0.002672952681607493,2026-10-05,PANW
4,8.263104997471386e-05,2026-10-05,PANW
5,0.0015175584626383623,2026-10-05,PANW
6,-0.0013587138617454537,2026-10-05,PANW
7,-0.001085099936788762,2026-10-05,PANW
8,0.0008387592697294079,2026-10-05,PANW
9,-0.0027214648116729075,2026-10-05,PANW
10,0.005738663731205349,2026-10-05,PANW
11,0.005401356984649909,2026-10-05,PANW
12,0.002278175708474644,2026-10-05,PANW
13,-0.000703700471792572,2026-10-05,PANW
14,-0.005479622204437543,2026-10-05,PANW
1,0.00017016617735072032,2026-10-05,PARA
2,-0.004681522882396731,2026-10-05,PARA
3,-0.0046699978369403195,2026-10-05,PARA
4,-0.002972900576239923,2026-10-05,PARA
5,-0.006134133065474743,2026-10-05,PARA
6,-0.006471763485458382,2026-10-05,PARA
7,-0.009481454254421626,2026-10-05,PARA
8,-0.0034043596074013285,2026-10-05,PARA
9,-0.0035971193111138944,2026-10-05,PARA
10,-0.0033314893114872192,2026-10-05,PARA
11,0.0006054883421096815,2026-10-05,PARA
12,-0.008388712310957898,2026-10-05,PARA
13,-0.016886286748204284,2026-10-05,PARA
14,-0.009516304226099797,2026-10-05,PARA
1,-0.00399038059717217,2026-10-05,PARR
2,0.0014871161248491372,2026-10-05,PARR
3,-0.0045113008516207516,2026-10-05,PARR
4,-0.009305368302840003,2026-10-05,PARR
5,-0.005356958777148891,2026-10-05,PARR
6,-0.0074467371656667105,2026-10-05,PARR
7,0.005769407556831667,2026-10-05,PARR
8,-0.0053278082548658305,2026-10-05,PARR
9,-0.002594404549513473,2026-10-05,PARR
10,-0.0037813988403046445,2026-10-05,PARR
11,-0.010023311637785562,2026-10-05,PARR
12,0.008136575923031152,2026-10-05,PARR
13,0.0051642444022819475,2026-10-05,PARR
14,0.0005460101704946694,2026-10-05,PARR
1,0.0005111782498414615,2026-10-05,PATH
2,-0.002132434748288049,2026-10-05,PATH
3,-0.001921817813110988,2026-10-05,PATH
4,-0.004133407707316025,2026-10-05,PATH
5,-0.0019875211623506485,2026-10-05,PATH
6,-0.0030734202200223435,2026-10-05,PATH
7,-0.009176982315458812,2026-10-05,PATH
8,-0.0030038847870988276,2026-10-05,PATH
9,-0.0019204507141871955,2026-10-05,PATH
10,-0.002675815474068451,2026-10-05,PATH
11,0.005769124147936346,2026-10-05,PATH
12,-0.00989105740626744,2026-10-05,PATH
13,-0.011969519698027783,2026-10-05,PATH
14,-0.008341311460538754,2026-10-05,PATH
1,0.00013604761832453448,2026-10-05,PAYC
2,-0.002251796160930682,2026-10-05,PAYC
3,-0.0005812502294960484,2026-10-05,PAYC
4,-0.005361675633741834,2026-10-05,PAYC
5,-0.0022250728334851665,2026-10-05,PAYC
6,-0.0020173276635547213,2026-10-05,PAYC
7,-0.008534661046767356,2026-10-05,PAYC
8,-0.006262335937291318,2026-10-05,PAYC
9,-0.0013659861602874441,2026-10-05,PAYC
10,-0.0026830733494416347,2026-10-05,PAYC
11,0.005166404393329794,2026-10-05,PAYC
12,-0.009158968222457365,2026-10-05,PAYC
13,-0.007728682667533409,2026-10-05,PAYC
14,-0.007711446657143253,2026-10-05,PAYC
1,-0.002305824854847307,2026-10-05,PAYO
2,-0.0008710044496991763,2026-10-05,PAYO
3,-0.001993905672561632,2026-10-05,PAYO
4,-0.011335534587164022,2026-10-05,PAYO
5,-0.005436330582926614,2026-10-05,PAYO
6,-0.002468009942096963,2026-10-05,PAYO
7,-0.0021741795341265174,2026-10-05,PAYO
8,-0.003330738468779364,2026-10-05,PAYO
9,-0.005739712225799816,2026-10-05,PAYO
10,-0.005807331660750874,2026-10-05,PAYO
11,-0.0043156288628187316,2026-10-05,PAYO
12,-0.004245040316086044,2026-10-05,PAYO
13,-0.004139941840374652,2026-10-05,PAYO
14,-0.004126196577908362,2026-10-05,PAYO
1,0.00012869708390924172,2026-10-05,PAYX
2,-0.0018685333348905568,2026-10-05,PAYX
3,0.0025352117611996084,2026-10-05,PAYX
4,0.0002456816154670594,2026-10-05,PAYX
5,0.0006785181782094175,2026-10-05,PAYX
6,-0.0012657415519753167,2026-10-05,PAYX
7,-0.0011385879234944126,2026-10-05,PAYX
8,0.0005806103061073298,2026-10-05,PAYX
9,-0.003085568971802666,2026-10-05,PAYX
10,-0.0013998286113602032,2026-10-05,PAYX
11,0.0034685074729918814,2026-10-05,PAYX
12,0.0018588076415907307,2026-10-05,PAYX
13,0.002740948763081949,2026-10-05,PAYX
14,-0.0037573003589088747,2026-10-05,PAYX
1,-0.00078053057041871,2026-10-05,PBA
2,-0.0020450530812911884,2026-10-05,PBA
3,-0.0011854928352456992,2026-10-05,PBA
4,-0.0018334109534746154,2026-10-05,PBA
5,-0.0019414723865699185,2026-10-05,PBA
6,-0.002324329313111808,2026-10-05,PBA
7,-0.008466201027801278,2026-10-05,PBA
8,-0.004438520871291894,2026-10-05,PBA
9,0.0017909623944393305,2026-10-05,PBA
10,-0.0011918871971676136,2026-10-05,PBA
11,0.005432959997887561,2026-10-05,PBA
12,-0.006392887808146536,2026-10-05,PBA
13,-0.006777292647311131,2026-10-05,PBA
14,-0.004818437788093143,2026-10-05,PBA
1,0.0008641205093540866,2026-10-05,PBF
2,-0.003201144374267881,2026-10-05,PBF
3,-0.0022831674587644683,2026-10-05,PBF
4,-0.0033499833338514295,2026-10-05,PBF
5,0.0033717267600428622,2026-10-05,PBF
6,0.001166655785451044,2026-10-05,PBF
7,-0.0032577312024087857,2026-10-05,PBF
8,-0.001500962209297261,2026-10-05,PBF
9,0.003891537957215511,2026-10-05,PBF
10,0.000943604408320967,2026-10-05,PBF
11,0.007838194882351617,2026-10-05,PBF
12,-0.0062375679360701045,2026-10-05,PBF
13,-0.007717129862275323,2026-10-05,PBF
14,-0.0038513535831144288,2026-10-05,PBF
1,0.0006770050863806453,2026-10-05,PBR
2,-0.0009568852294540023,2026-10-05,PBR
3,0.0023215519930006936,2026-10-05,PBR
4,0.000144698718861851,2026-10-05,PBR
5,0.001911255674235554,2026-10-05,PBR
6,-0.0007943424705089365,2026-10-05,PBR
7,-0.0015069695292095494,2026-10-05,PBR
8,-0.0030231990196780915,2026-10-05,PBR
9,-0.002102847335526928,2026-10-05,PBR
10,-0.005103562555917286,2026-10-05,PBR
11,0.004138778568668801,2026-10-05,PBR
12,0.003161298728760932,2026-10-05,PBR
13,0.005441439883355756,2026-10-05,PBR
14,-0.0017819971318995737,2026-10-05,PBR
1,0.00046748848850897254,2026-10-05,PBR.A
2,-0.0007784886375760826,2026-10-05,PBR.A
3,0.0026520178203295356,2026-10-05,PBR.A
4,0.0001473883670158566,2026-10-05,PBR.A
5,0.0021698214021319954,2026-10-05,PBR.A
6,0.0004282658466532131,2026-10-05,PBR.A
7,-0.0010799163255634447,2026-10-05,PBR.A
8,-0.003088328161688696,2026-10-05,PBR.A
9,-0.0026174778663095714,2026-10-05,PBR.A
10,-0.005430175067416352,2026-10-05,PBR.A
11,0.005724511700642677,2026-10-05,PBR.A
12,0.002827217967240425,2026-10-05,PBR.A
13,0.005375496992684251,2026-10-05,PBR.A
14,-0.0017201222314863938,2026-10-05,PBR.A
1,-0.0001308453728211837,2026-10-05,PCAR
2,-0.000799281568298302,2026-10-05,PCAR
3,0.0033344041740537133,2026-10-05,PCAR
4,0.00036357128243419325,2026-10-05,PCAR
5,0.002213526057014079,2026-10-05,PCAR
6,0.0001787687330498481,2026-10-05,PCAR
7,-0.00139317996606374,2026-10-05,PCAR
8,-0.0003624289426529831,2026-10-05,PCAR
9,-0.0020333111549572466,2026-10-05,PCAR
10,0.0014723714324948024,2026-10-05,PCAR
11,0.003908443433149381,2026-10-05,PCAR
12,0.0010121704311036137,2026-10-05,PCAR
13,0.0032443265165223354,2026-10-05,PCAR
14,-0.005088680986219007,2026-10-05,PCAR
1,-0.0003853337751383078,2026-10-05,PCG
2,-0.0017656405943136464,2026-10-05,PCG
3,-0.0018394953609264602,2026-10-05,PCG
4,-0.0023883684177955574,2026-10-05,PCG
5,-0.0010967967010387023,2026-10-05,PCG
6,-0.001435785765995527,2026-10-05,PCG
7,-0.008352363856882964,2026-10-05,PCG
8,-0.0030257835035414397,2026-10-05,PCG
9,0.0012722559228405303,2026-10-05,PCG
10,-0.003674143011059554,2026-10-05,PCG
11,0.005314002560481212,2026-10-05,PCG
12,-0.011240503506918778,2026-10-05,PCG
13,-0.008834043675593518,2026-10-05,PCG
14,-0.005949861110922074,2026-10-05,PCG
1,0.000725246486287599,2026-10-05,PCOR
2,-0.0018753320772451874,2026-10-05,PCOR
3,-0.0021519239567451176,2026-10-05,PCOR
4,-0.004197594469461688,2026-10-05,PCOR
5,-0.002947348025442953,2026-10-05,PCOR
6,-0.00350516681854928,2026-10-05,PCOR
7,-0.013014128011864304,2026-10-05,PCOR
8,-0.005954331745092686,2026-10-05,PCOR
9,-0.0006317096755555129,2026-10-05,PCOR
10,-0.0029102675231128705,2026-10-05,PCOR
11,0.002972678404035489,2026-10-05,PCOR
12,-0.010081444213884563,2026-10-05,PCOR
13,-0.012038927638403942,2026-10-05,PCOR
14,-0.00875224466394071,2026-10-05,PCOR
1,-0.0037731017525808965,2026-10-05,PCRX
2,-0.0007695551483288252,2026-10-05,PCRX
3,-0.00023459083442249571,2026-10-05,PCRX
4,-0.009283309459295291,2026-10-05,PCRX
5,-0.006087398601131472,2026-10-05,PCRX
6,-0.0021155174956236553,2026-10-05,PCRX
7,0.0008169371205646759,2026-10-05,PCRX
8,-0.0022964219962993493,2026-10-05,PCRX
9,-0.0037085964801968335,2026-10-05,PCRX
10,-0.005851153498670045,2026-10-05,PCRX
11,-0.003692939612589399,2026-10-05,PCRX
12,0.0027482873399036958,2026-10-05,PCRX
13,0.0062133788162326105,2026-10-05,PCRX
14,0.0063378537750092105,2026-10-05,PCRX
1,-0.004636208295918105,2026-10-05,PD
2,-0.0011371800326958235,2026-10-05,PD
3,-0.0026636383314739597,2026-10-05,PD
4,-0.012661675210626385,2026-10-05,PD
5,-0.0036931548047715174,2026-10-05,PD
6,-0.0025850854877611895,2026-10-05,PD
7,0.0017693670950849054,2026-10-05,PD
8,-0.0007345946114722417,2026-10-05,PD
9,-0.0029780771253514137,2026-10-05,PD
10,-0.010978821714354601,2026-10-05,PD
11,-0.007391421204962581,2026-10-05,PD
12,0.0024570962551885207,2026-10-05,PD
13,0.00522096495488387,2026-10-05,PD
14,0.0027035085397163496,2026-10-05,PD
1,-0.003323470516329223,2026-10-05,PDD
2,-0.00032282144029133984,2026-10-05,PDD
3,0.0007770144698447693,2026-10-05,PDD
4,-0.00057656848467711,2026-10-05,PDD
5,-0.0010438725315245149,2026-10-05,PDD
6,-5.547181478277784e-05,2026-10-05,PDD
7,-0.0007892177414638309,2026-10-05,PDD
8,-0.0022086010806928987,2026-10-05,PDD
9,-0.0012989312831053112,2026-10-05,PDD
10,-0.0032659720516760894,2026-10-05,PDD
11,0.0024307297305193602,2026-10-05,PDD
12,-0.0012014835874306139,2026-10-05,PDD
13,0.002485344801558174,2026-10-05,PDD
14,-0.0031246305976636818,2026-10-05,PDD
1,-0.0015707332032585159,2026-10-05,PEB
2,-0.001356710840152245,2026-10-05,PEB
3,-0.0036003625733373058,2026-10-05,PEB
4,-0.011217657276658022,2026-10-05,PEB
5,-0.006972910372448429,2026-10-05,PEB
6,-0.00595046359477569,2026-10-05,PEB
7,0.002454098173425294,2026-10-05,PEB
8,-0.0011352046189796623,2026-10-05,PEB
9,-0.0009271216775315864,2026-10-05,PEB
10,-0.0077327708734200125,2026-10-05,PEB
11,-0.0074757256976911496,2026-10-05,PEB
12,0.0008468896205307614,2026-10-05,PEB
13,0.0036798731159530277,2026-10-05,PEB
14,0.002564259764812132,2026-10-05,PEB
1,-0.0011793344430043242,2026-10-05,PEG
2,-0.0018994762586746798,2026-10-05,PEG
3,-0.0020172250362863677,2026-10-05,PEG
4,-0.00222990275271708,2026-10-05,PEG
5,-0.0006885916507789137,2026-10-05,PEG
6,-0.0020306384292151534,2026-10-05,PEG
7,-0.007780050240908272,2026-10-05,PEG
8,-0.004278176279456072,2026-10-05,PEG
9,0.0018089967586781095,2026-10-05,PEG
10,-0.0029999709032206144,2026-10-05,PEG
11,0.005120027818936791,2026-10-05,PEG
12,-0.008412901070052325,2026-10-05,PEG
13,-0.01083244609826643,2026-10-05,PEG
14,-0.0064223543886248935,2026-10-05,PEG
1,-0.0032732912633129554,2026-10-05,PENN
2,-0.00020314706463319982,2026-10-05,PENN
3,-0.003593959574228721,2026-10-05,PENN
4,-0.012049565963570546,2026-10-05,PENN
5,-0.008202394236372259,2026-10-05,PENN
6,-0.00455049062400019,2026-10-05,PENN
7,-0.001656975825037045,2026-10-05,PENN
8,-0.004701947357932303,2026-10-05,PENN
9,-0.002144732510650899,2026-10-05,PENN
10,-0.004531277670301382,2026-10-05,PENN
11,-0.002512847963253317,2026-10-05,PENN
12,0.002877559261958794,2026-10-05,PENN
13,0.005044285722477385,2026-10-05,PENN
14,0.002756859834724057,2026-10-05,PENN
1,-0.0008485339265056947,2026-10-05,PEP
2,-0.0016674444313676212,2026-10-05,PEP
3,0.0008338332680636725,2026-10-05,PEP
4,-3.0521118272463656e-05,2026-10-05,PEP
5,0.000665409214645826,2026-10-05,PEP
6,-0.002309538686474145,2026-10-05,PEP
7,-0.0009639581118858439,2026-10-05,PEP
8,-0.0002855287282015361,2026-10-05,PEP
9,-0.0028275873015851734,2026-10-05,PEP
10,-0.0021079128580154803,2026-10-05,PEP
11,0.002585883109711381,2026-10-05,PEP
12,0.001566534796615322,2026-10-05,PEP
13,0.003734235144133893,2026-10-05,PEP
14,-0.0012997303054087435,2026-10-05,PEP
1,0.0006177155639242648,2026-10-05,PFE
2,-0.0017377582078254483,2026-10-05,PFE
3,0.0008553872408903003,2026-10-05,PFE
4,0.0011220719894173298,2026-10-05,PFE
5,-0.001910207387374554,2026-10-05,PFE
6,-0.0034947478211891153,2026-10-05,PFE
7,-0.0019688363358884927,2026-10-05,PFE
8,0.001496283619686299,2026-10-05,PFE
9,-0.0001647021099595385,2026-10-05,PFE
10,-0.0009458920538676533,2026-10-05,PFE
11,0.0057958087943959305,2026-10-05,PFE
12,0.0006888023060606098,2026-10-05,PFE
13,0.0015938043113146083,2026-10-05,PFE
14,-0.003623273408218635,2026-10-05,PFE
1,-0.0005248665363412998,2026-10-05,PFG
2,-0.002848191525467804,2026-10-05,PFG
3,-0.0016248014126045108,2026-10-05,PFG
4,-0.0015999323637469673,2026-10-05,PFG
5,-0.0022495707395387794,2026-10-05,PFG
6,-0.0023916082547026374,2026-10-05,PFG
7,-0.007475982590490962,2026-10-05,PFG
8,-0.0048634014627153615,2026-10-05,PFG
9,0.0033678748580070403,2026-10-05,PFG
10,-0.00267202973051543,2026-10-05,PFG
11,0.0050077540060979794,2026-10-05,PFG
12,-0.00846122121528383,2026-10-05,PFG
13,-0.011713712543760921,2026-10-05,PFG
14,-0.005605674230414332,2026-10-05,PFG
1,-0.0011813256470652824,2026-10-05,PFGC
2,-0.001345852125300984,2026-10-05,PFGC
3,-0.0031243127997110784,2026-10-05,PFGC
4,-0.0034848321763957966,2026-10-05,PFGC
5,-0.0034023257508297906,2026-10-05,PFGC
6,-0.0011981079029346863,2026-10-05,PFGC
7,-0.011878037233227735,2026-10-05,PFGC
8,-0.006665426545479776,2026-10-05,PFGC
9,0.0006786936447550931,2026-10-05,PFGC
10,-0.0010057947700829668,2026-10-05,PFGC
11,0.0014899887099358406,2026-10-05,PFGC
12,-0.006279098077613499,2026-10-05,PFGC
13,-0.007350816114257408,2026-10-05,PFGC
14,-0.008959081351798884,2026-10-05,PFGC
1,-0.0003915046671191588,2026-10-05,PG
2,-0.0013549003595507633,2026-10-05,PG
3,0.002289841087877857,2026-10-05,PG
4,1.4849744648312905e-05,2026-10-05,PG
5,-0.0011207445457787413,2026-10-05,PG
6,-0.0014131150416662286,2026-10-05,PG
7,-0.0017592336512423125,2026-10-05,PG
8,1.2371272058323156e-05,2026-10-05,PG
9,-0.0009496570206234976,2026-10-05,PG
10,-0.0016909072485953897,2026-10-05,PG
11,0.004899782889947342,2026-10-05,PG
12,0.0015133914074937208,2026-10-05,PG
13,0.001991906120432474,2026-10-05,PG
14,-0.004909648044712325,2026-10-05,PG
1,-0.0032028215870462703,2026-10-05,PGNY
2,0.00011729951016011796,2026-10-05,PGNY
3,-0.004546562019667929,2026-10-05,PGNY
4,-0.010422268250881595,2026-10-05,PGNY
5,-0.004924448730945124,2026-10-05,PGNY
6,-0.005280442455688536,2026-10-05,PGNY
7,0.0012512599508094212,2026-10-05,PGNY
8,0.0016260459917323137,2026-10-05,PGNY
9,-0.004641513197397603,2026-10-05,PGNY
10,-0.0073133336230594695,2026-10-05,PGNY
11,-0.011112021224193504,2026-10-05,PGNY
12,0.004950732329190025,2026-10-05,PGNY
13,0.0001446592074770368,2026-10-05,PGNY
14,-0.0011297473654958508,2026-10-05,PGNY
1,-0.0005180837366647784,2026-10-05,PGR
2,-0.0019200390153129641,2026-10-05,PGR
3,0.0029254083182379763,2026-10-05,PGR
4,7.494065358201495e-05,2026-10-05,PGR
5,0.00025473105769100146,2026-10-05,PGR
6,-0.0006017410907706764,2026-10-05,PGR
7,-0.0016038522495850722,2026-10-05,PGR
8,0.002307854230814854,2026-10-05,PGR
9,-0.0014421172141074181,2026-10-05,PGR
10,-0.0018249048251286256,2026-10-05,PGR
11,0.0038100205496628507,2026-10-05,PGR
12,0.003412961966960217,2026-10-05,PGR
13,0.0013352849564373204,2026-10-05,PGR
14,-0.006776722909263509,2026-10-05,PGR
1,0.0002554741729420462,2026-10-05,PH
2,-0.0013061933232058692,2026-10-05,PH
3,0.0025381269913481953,2026-10-05,PH
4,-0.00021979293572992094,2026-10-05,PH
5,0.00022163401460689492,2026-10-05,PH
6,-0.001720481495961628,2026-10-05,PH
7,-0.003962147159908507,2026-10-05,PH
8,0.0014455899524569804,2026-10-05,PH
9,-0.0021234184511045866,2026-10-05,PH
10,-0.0018156544457661862,2026-10-05,PH
11,0.003657639104225265,2026-10-05,PH
12,0.0038999239349731475,2026-10-05,PH
13,0.0037483365648085716,2026-10-05,PH
14,-0.005930612455433323,2026-10-05,PH
1,-0.0007096062794728862,2026-10-05,PHM
2,-0.001582378566866817,2026-10-05,PHM
3,-0.002782939638781697,2026-10-05,PHM
4,-0.0028402540957079697,2026-10-05,PHM
5,-0.001591574388920647,2026-10-05,PHM
6,-0.0023205706042423997,2026-10-05,PHM
7,-0.01207168109127546,2026-10-05,PHM
8,-0.00559798761236206,2026-10-05,PHM
9,0.0004725937659421451,2026-10-05,PHM
10,-0.002624186083338846,2026-10-05,PHM
11,0.0014277943601300187,2026-10-05,PHM
12,-0.004173188836154633,2026-10-05,PHM
13,-0.010359279705318948,2026-10-05,PHM
14,-0.006790252918716139,2026-10-05,PHM
1,-0.003701662665096676,2026-10-05,PII
2,-0.0004949964624604089,2026-10-05,PII
3,-0.0032419776075535067,2026-10-05,PII
4,-0.010769597875985621,2026-10-05,PII
5,-0.007383688901888602,2026-10-05,PII
6,-0.005131744431658663,2026-10-05,PII
7,-0.0002396942908353689,2026-10-05,PII
8,-0.00821903972938026,2026-10-05,PII
9,-0.0075929784475266444,2026-10-05,PII
10,-0.009704576183923322,2026-10-05,PII
11,-0.0029262576493570384,2026-10-05,PII
12,-0.00018768520625593807,2026-10-05,PII
13,-0.0050123005981358715,2026-10-05,PII
14,0.0009987748567946576,2026-10-05,PII
1,-0.002676105368122007,2026-10-05,PINC
2,-0.00016617489997815228,2026-10-05,PINC
3,-0.0019608108759531073,2026-10-05,PINC
4,-0.008371080773288325,2026-10-05,PINC
5,-0.00803573660932062,2026-10-05,PINC
6,-0.0034798872240502975,2026-10-05,PINC
7,0.0005664302312262216,2026-10-05,PINC
8,-0.0021204391371098543,2026-10-05,PINC
9,0.0009569183201219893,2026-10-05,PINC
10,-0.008511609260019261,2026-10-05,PINC
11,-0.003968605635274539,2026-10-05,PINC
12,-0.003101075039743569,2026-10-05,PINC
13,0.0034101613224464464,2026-10-05,PINC
14,-0.006735272252173966,2026-10-05,PINC
1,9.30031418629973e-06,2026-10-05,PINS
2,-0.003516241079516071,2026-10-05,PINS
3,-0.0021506807696491164,2026-10-05,PINS
4,-0.002293606838511156,2026-10-05,PINS
5,-0.002616064126574251,2026-10-05,PINS
6,-0.000583430242675577,2026-10-05,PINS
7,-0.014108048510245328,2026-10-05,PINS
8,-0.0032544490016814353,2026-10-05,PINS
9,0.0006888837454807349,2026-10-05,PINS
10,-0.00042915352921885335,2026-10-05,PINS
11,0.005057891673289035,2026-10-05,PINS
12,-0.005043643744021234,2026-10-05,PINS
13,-0.01249952561559516,2026-10-05,PINS
14,-0.003967697159954984,2026-10-05,PINS
1,-0.0011609626524662305,2026-10-05,PK
2,0.0010111937709368453,2026-10-05,PK
3,-0.0022961687846777237,2026-10-05,PK
4,-0.009520221153788491,2026-10-05,PK
5,-0.006593562899969042,2026-10-05,PK
6,-0.0014184073128433923,2026-10-05,PK
7,0.003948924414381706,2026-10-05,PK
8,-0.0023172367331451096,2026-10-05,PK
9,-0.001909524776415985,2026-10-05,PK
10,-0.00701550192404719,2026-10-05,PK
11,-0.00359130357326499,2026-10-05,PK
12,0.004855238457143781,2026-10-05,PK
13,0.00492973276298564,2026-10-05,PK
14,0.00024777703490201007,2026-10-05,PK
1,-0.002957672499347901,2026-10-05,PL
2,3.798118156992542e-05,2026-10-05,PL
3,-0.0009547524121953389,2026-10-05,PL
4,-0.01531597365776748,2026-10-05,PL
5,-0.009186118350981771,2026-10-05,PL
6,-0.008332693832234572,2026-10-05,PL
7,0.002991408412485029,2026-10-05,PL
8,-0.005879574999525957,2026-10-05,PL
9,-0.0020200826469027188,2026-10-05,PL
10,-0.002007565546315591,2026-10-05,PL
11,-1.2811005864506312e-05,2026-10-05,PL
12,-0.007574955528214414,2026-10-05,PL
13,0.0013804237334346361,2026-10-05,PL
14,0.010999877141531668,2026-10-05,PL
1,-0.0029133414791337542,2026-10-05,PLAY
2,0.0003655999596474029,2026-10-05,PLAY
3,-0.004788359121055037,2026-10-05,PLAY
4,-0.010156623508711837,2026-10-05,PLAY
5,-0.008754020123496655,2026-10-05,PLAY
6,-0.006913067507317597,2026-10-05,PLAY
7,-0.002285004543603843,2026-10-05,PLAY
8,-0.0034993454176342827,2026-10-05,PLAY
9,-0.0006936409085161254,2026-10-05,PLAY
10,-0.0051051134271841835,2026-10-05,PLAY
11,-0.005639804636996827,2026-10-05,PLAY
12,0.004541571787966035,2026-10-05,PLAY
13,0.006842616519371589,2026-10-05,PLAY
14,0.0023337466147620297,2026-10-05,PLAY
1,-0.00022748460283961424,2026-10-05,PLD
2,-0.0015187956688245512,2026-10-05,PLD
3,0.0013315383607519129,2026-10-05,PLD
4,0.0001613994170483895,2026-10-05,PLD
5,0.000594371351183299,2026-10-05,PLD
6,-0.0011300579335957173,2026-10-05,PLD
7,-0.002226436140601265,2026-10-05,PLD
8,0.0007830074565818504,2026-10-05,PLD
9,-0.00239211112502867,2026-10-05,PLD
10,-0.0015785425555514066,2026-10-05,PLD
11,0.00427100104291853,2026-10-05,PLD
12,0.0015481992842120624,2026-10-05,PLD
13,0.004408070534213649,2026-10-05,PLD
14,-0.0036333659583804,2026-10-05,PLD
1,-0.0006561178876455727,2026-10-05,PLNT
2,-0.0016437006374927614,2026-10-05,PLNT
3,-0.0036422696494882666,2026-10-05,PLNT
4,-0.002740608654305893,2026-10-05,PLNT
5,-0.0033051539503598953,2026-10-05,PLNT
6,-0.00041922396253716996,2026-10-05,PLNT
7,-0.011291745907263123,2026-10-05,PLNT
8,-0.007183079599203835,2026-10-05,PLNT
9,-0.0013666461617262184,2026-10-05,PLNT
10,0.00031075062268276027,2026-10-05,PLNT
11,0.005997818450287026,2026-10-05,PLNT
12,-0.007290821425373598,2026-10-05,PLNT
13,-0.008255415821957953,2026-10-05,PLNT
14,-0.005944213384557139,2026-10-05,PLNT
1,-0.003916037010378141,2026-10-05,PLTK
2,0.0008259899723838048,2026-10-05,PLTK
3,0.001795298745490423,2026-10-05,PLTK
4,-0.0115042843261115,2026-10-05,PLTK
5,-0.005441751845442791,2026-10-05,PLTK
6,-0.0025695079423948917,2026-10-05,PLTK
7,0.0013831843781340674,2026-10-05,PLTK
8,0.0006212888649337233,2026-10-05,PLTK
9,-0.0036366938672503317,2026-10-05,PLTK
10,-0.00610600191325786,2026-10-05,PLTK
11,-0.005549658025271363,2026-10-05,PLTK
12,-8.312548392253426e-06,2026-10-05,PLTK
13,0.015350498698507629,2026-10-05,PLTK
14,-0.00026590699553086624,2026-10-05,PLTK
1,-0.0001527115991249484,2026-10-05,PLTR
2,-0.0005528523104725906,2026-10-05,PLTR
3,0.003350622831965321,2026-10-05,PLTR
4,-0.0006193613159856118,2026-10-05,PLTR
5,0.0020752318191801017,2026-10-05,PLTR
6,-0.0007405071771603493,2026-10-05,PLTR
7,-0.001148968374627529,2026-10-05,PLTR
8,0.0007628570680421978,2026-10-05,PLTR
9,-0.003060429394013752,2026-10-05,PLTR
10,0.003947786911449243,2026-10-05,PLTR
11,0.005484631793767095,2026-10-05,PLTR
12,0.0016218517895250585,2026-10-05,PLTR
13,0.0015719599337291222,2026-10-05,PLTR
14,-0.00618197239505917,2026-10-05,PLTR
1,-0.003499523497643009,2026-10-05,PLUG
2,-0.0006931761985067307,2026-10-05,PLUG
3,-0.003240877386620002,2026-10-05,PLUG
4,-0.009937341972946231,2026-10-05,PLUG
5,-0.007818792315697817,2026-10-05,PLUG
6,-0.008186062645151307,2026-10-05,PLUG
7,-0.0006434005123434073,2026-10-05,PLUG
8,-0.008374684466390864,2026-10-05,PLUG
9,-0.00010022951507288,2026-10-05,PLUG
10,-0.003879532867222787,2026-10-05,PLUG
11,-0.0014807879029655544,2026-10-05,PLUG
12,0.004744858919959448,2026-10-05,PLUG
13,0.010519329223145066,2026-10-05,PLUG
14,0.012237598908210722,2026-10-05,PLUG
1,-0.0002979769297557934,2026-10-05,PM
2,-0.001711819854135196,2026-10-05,PM
3,0.0019761740600158554,2026-10-05,PM
4,-0.0005109118558243372,2026-10-05,PM
5,0.0011272511880752356,2026-10-05,PM
6,-0.0003700804081906402,2026-10-05,PM
7,-0.003720778180472699,2026-10-05,PM
8,0.002839114844762461,2026-10-05,PM
9,-0.0017179509338404377,2026-10-05,PM
10,-0.0016832765841525018,2026-10-05,PM
11,0.004670866600367795,2026-10-05,PM
12,0.003416401109905032,2026-10-05,PM
13,0.0006359706369973901,2026-10-05,PM
14,-0.006166423578361764,2026-10-05,PM
1,-0.0018862230678071993,2026-10-05,PMT
2,0.0006033983193413089,2026-10-05,PMT
3,-0.005393247661248461,2026-10-05,PMT
4,-0.009615433517147776,2026-10-05,PMT
5,-0.004883173258079527,2026-10-05,PMT
6,-0.005320222098027081,2026-10-05,PMT
7,0.0029358068952221815,2026-10-05,PMT
8,-0.0007881206695551963,2026-10-05,PMT
9,-0.003826509150133454,2026-10-05,PMT
10,-0.006087981123181237,2026-10-05,PMT
11,-0.00551245510734612,2026-10-05,PMT
12,0.0028529650343942234,2026-10-05,PMT
13,0.005648372643207877,2026-10-05,PMT
14,0.0027416838251845227,2026-10-05,PMT
1,0.0005108244444376065,2026-10-05,PNC
2,-0.0014891744979158115,2026-10-05,PNC
3,0.0023321729855151217,2026-10-05,PNC
4,-8.246210067730357e-05,2026-10-05,PNC
5,0.0016117572734207668,2026-10-05,PNC
6,0.0006789914819482044,2026-10-05,PNC
7,-0.0015526407781671287,2026-10-05,PNC
8,0.0007358252308064739,2026-10-05,PNC
9,-0.0018040327705972576,2026-10-05,PNC
10,-0.0010390689780703933,2026-10-05,PNC
11,0.006023682161550591,2026-10-05,PNC
12,0.0030644662610879642,2026-10-05,PNC
13,0.0024138407205582706,2026-10-05,PNC
14,-0.007132573038143489,2026-10-05,PNC
1,0.0003046336544384738,2026-10-05,PNR
2,-0.0031909466968411794,2026-10-05,PNR
3,-0.0017996789589988648,2026-10-05,PNR
4,-0.001832468463194754,2026-10-05,PNR
5,-0.0015151477261667657,2026-10-05,PNR
6,-0.000863458360670489,2026-10-05,PNR
7,-0.011244970798059856,2026-10-05,PNR
8,-0.003340016175215758,2026-10-05,PNR
9,0.0008872191346503376,2026-10-05,PNR
10,-0.0024028588701028573,2026-10-05,PNR
11,0.005637766227039104,2026-10-05,PNR
12,-0.006926375435986527,2026-10-05,PNR
13,-0.00829766776858883,2026-10-05,PNR
14,-0.005992359532623916,2026-10-05,PNR
1,-0.00037915656372953155,2026-10-05,PNW
2,-0.0017507573641083645,2026-10-05,PNW
3,-0.0017757008524049466,2026-10-05,PNW
4,-0.0024194214741196443,2026-10-05,PNW
5,-0.00138371609836678,2026-10-05,PNW
6,-0.0033611152870287393,2026-10-05,PNW
7,-0.009753877620880801,2026-10-05,PNW
8,-0.0054153626205941385,2026-10-05,PNW
9,0.00272467409802546,2026-10-05,PNW
10,-0.004245957321679017,2026-10-05,PNW
11,0.00663039741145325,2026-10-05,PNW
12,-0.008612767310467897,2026-10-05,PNW
13,-0.008930868870833551,2026-10-05,PNW
14,-0.00545427833412454,2026-10-05,PNW
1,-0.0016110229031409493,2026-10-05,POR
2,0.00023346752695775646,2026-10-05,POR
3,-0.0030882200708209485,2026-10-05,POR
4,-0.008345712963643764,2026-10-05,POR
5,-0.006942626608925986,2026-10-05,POR
6,-0.0017631227934133918,2026-10-05,POR
7,0.001498118126032232,2026-10-05,POR
8,-0.004471306102518251,2026-10-05,POR
9,0.0015889060072700808,2026-10-05,POR
10,-0.00921931215213133,2026-10-05,POR
11,-0.007030817835382319,2026-10-05,POR
12,0.00059102999635637,2026-10-05,POR
13,0.002601698910258234,2026-10-05,POR
14,-0.005436114301441798,2026-10-05,POR
1,0.00014011174726114955,2026-10-05,PPG
2,-0.0014390167698371018,2026-10-05,PPG
3,-0.0037861114497591787,2026-10-05,PPG
4,-0.00366489443652207,2026-10-05,PPG
5,-0.0010233645856578036,2026-10-05,PPG
6,-0.0025277365433889263,2026-10-05,PPG
7,-0.009931196386925769,2026-10-05,PPG
8,-0.008722777866483301,2026-10-05,PPG
9,0.0021104554138424215,2026-10-05,PPG
10,0.00019675914390198973,2026-10-05,PPG
11,-0.0004434389208415599,2026-10-05,PPG
12,-0.005061119063828262,2026-10-05,PPG
13,-0.010184242337438332,2026-10-05,PPG
14,-0.005782211154101367,2026-10-05,PPG
1,-0.000513447385771901,2026-10-05,PPL
2,-0.001620310102537041,2026-10-05,PPL
3,-0.001895211472607752,2026-10-05,PPL
4,-0.0024747318406662584,2026-10-05,PPL
5,-0.0006869392696102529,2026-10-05,PPL
6,-0.004029792193488243,2026-10-05,PPL
7,-0.007735794885434049,2026-10-05,PPL
8,-0.005227125177096098,2026-10-05,PPL
9,0.0033117060779877983,2026-10-05,PPL
10,-0.002721688907824977,2026-10-05,PPL
11,0.005774595567922913,2026-10-05,PPL
12,-0.009754578955778106,2026-10-05,PPL
13,-0.00762762028833065,2026-10-05,PPL
14,-0.0037194758681176067,2026-10-05,PPL
1,-0.0003532966141823489,2026-10-05,PR
2,-0.0019243038224808738,2026-10-05,PR
3,-0.0030750489292005307,2026-10-05,PR
4,-0.002036442214366149,2026-10-05,PR
5,-0.0008793803413895337,2026-10-05,PR
6,-0.0014833606997512918,2026-10-05,PR
7,-0.007867538154401778,2026-10-05,PR
8,-0.0029761426138286023,2026-10-05,PR
9,0.0021601228295878043,2026-10-05,PR
10,0.003763017871549386,2026-10-05,PR
11,0.007643366828847585,2026-10-05,PR
12,-0.00406741919044553,2026-10-05,PR
13,-0.003682087970129409,2026-10-05,PR
14,-0.003951087884986564,2026-10-05,PR
1,-0.0038022364039672746,2026-10-05,PRGO
2,-0.0006325302125643571,2026-10-05,PRGO
3,-0.0018292791883877703,2026-10-05,PRGO
4,-0.010134993670087852,2026-10-05,PRGO
5,-0.006961839075764741,2026-10-05,PRGO
6,-0.0036416290878106368,2026-10-05,PRGO
7,0.0014798962467268608,2026-10-05,PRGO
8,-0.0022587347597919677,2026-10-05,PRGO
9,-0.0018199384811304884,2026-10-05,PRGO
10,-0.0057332954287469635,2026-10-05,PRGO
11,-0.0004971263781494232,2026-10-05,PRGO
12,0.006081843820881429,2026-10-05,PRGO
13,0.011611719897160712,2026-10-05,PRGO
14,0.0048167229748333025,2026-10-05,PRGO
1,-0.0021438740631072577,2026-10-05,PRKS
2,0.001268459131598576,2026-10-05,PRKS
3,-0.005138304251686281,2026-10-05,PRKS
4,-0.011540311071087881,2026-10-05,PRKS
5,-0.010458133537587044,2026-10-05,PRKS
6,-0.004841132220801345,2026-10-05,PRKS
7,-0.003057132686576103,2026-10-05,PRKS
8,-0.0008250701375177192,2026-10-05,PRKS
9,-0.003979295766994889,2026-10-05,PRKS
10,-0.005956637232081027,2026-10-05,PRKS
11,-0.003604620005035802,2026-10-05,PRKS
12,0.00029972465100038686,2026-10-05,PRKS
13,-0.002818123802700849,2026-10-05,PRKS
14,-0.00865998519014383,2026-10-05,PRKS
1,-5.369579560202896e-05,2026-10-05,PRU
2,-0.0020662523540281334,2026-10-05,PRU
3,-0.001598823936506253,2026-10-05,PRU
4,-0.0016948898753281218,2026-10-05,PRU
5,-0.003213556220222637,2026-10-05,PRU
6,-0.002926633681621418,2026-10-05,PRU
7,-0.01040086929597888,2026-10-05,PRU
8,-0.00502635662306232,2026-10-05,PRU
9,0.0013665180112601817,2026-10-05,PRU
10,-0.003348630025463773,2026-10-05,PRU
11,0.004921913196768711,2026-10-05,PRU
12,-0.01069654793929449,2026-10-05,PRU
13,-0.007154970827044314,2026-10-05,PRU
14,-0.004802182956647196,2026-10-05,PRU
1,-0.00026513944402049085,2026-10-05,PSA
2,-0.001471431479088639,2026-10-05,PSA
3,-0.0014245690060075292,2026-10-05,PSA
4,-0.000607958722880138,2026-10-05,PSA
5,-0.0024121985343299353,2026-10-05,PSA
6,-0.0028633587293235207,2026-10-05,PSA
7,-0.006364376143891671,2026-10-05,PSA
8,-0.006650174228258644,2026-10-05,PSA
9,-0.001003678280935449,2026-10-05,PSA
10,-0.00028309006495378866,2026-10-05,PSA
11,0.004190366908058234,2026-10-05,PSA
12,-0.008304509238415657,2026-10-05,PSA
13,-0.007706512923986369,2026-10-05,PSA
14,-0.006435551706752565,2026-10-05,PSA
1,-0.004606991527281413,2026-10-05,PSNY
2,0.0011544612370142085,2026-10-05,PSNY
3,5.4561554013746285e-05,2026-10-05,PSNY
4,-0.011450032131234446,2026-10-05,PSNY
5,-0.0003333740721515833,2026-10-05,PSNY
6,-0.001078685409525331,2026-10-05,PSNY
7,-0.001370107138910526,2026-10-05,PSNY
8,-0.0028034608574408143,2026-10-05,PSNY
9,0.00034675147426162765,2026-10-05,PSNY
10,-0.0024040327936126625,2026-10-05,PSNY
11,-0.0042143383626098265,2026-10-05,PSNY
12,-0.003968616068848174,2026-10-05,PSNY
13,-0.008059096894665756,2026-10-05,PSNY
14,0.01519787468518151,2026-10-05,PSNY
1,0.0005979599190648367,2026-10-05,PSX
2,-0.0010109238686468402,2026-10-05,PSX
3,0.003371116151448907,2026-10-05,PSX
4,0.00028531519639843627,2026-10-05,PSX
5,-2.4195342780132174e-05,2026-10-05,PSX
6,-0.000313966571718317,2026-10-05,PSX
7,-0.002532316575199631,2026-10-05,PSX
8,0.0016377784194580318,2026-10-05,PSX
9,-0.0013818446810313569,2026-10-05,PSX
10,-0.0016955635576801642,2026-10-05,PSX
11,0.004038580251842289,2026-10-05,PSX
12,0.0006999803421464791,2026-10-05,PSX
13,0.0018584565661573774,2026-10-05,PSX
14,-0.006388873498421662,2026-10-05,PSX
1,-0.004176649827002592,2026-10-05,PTCT
2,-0.00045496849384705167,2026-10-05,PTCT
3,-0.0018015597176290973,2026-10-05,PTCT
4,-0.011420568128834768,2026-10-05,PTCT
5,-0.005691298987535836,2026-10-05,PTCT
6,-0.0019931564904890936,2026-10-05,PTCT
7,0.0005642061207531586,2026-10-05,PTCT
8,-0.0032713968481651533,2026-10-05,PTCT
9,-0.004882608202679648,2026-10-05,PTCT
10,-0.005128089928591625,2026-10-05,PTCT
11,-0.0017331091700281437,2026-10-05,PTCT
12,0.005099729288762556,2026-10-05,PTCT
13,0.011046629713846236,2026-10-05,PTCT
14,0.006938187108800195,2026-10-05,PTCT
1,-0.003095478393043456,2026-10-05,PTEN
2,0.00010205629794864269,2026-10-05,PTEN
3,-0.0053246247296159024,2026-10-05,PTEN
4,-0.01174442121865747,2026-10-05,PTEN
5,-0.006269825735858527,2026-10-05,PTEN
6,-0.0056459532835205625,2026-10-05,PTEN
7,0.0015495346293542096,2026-10-05,PTEN
8,-0.0012330432939195782,2026-10-05,PTEN
9,-0.004773683391776621,2026-10-05,PTEN
10,-0.006014080383060955,2026-10-05,PTEN
11,-0.0008152207423534999,2026-10-05,PTEN
12,0.002968096997180731,2026-10-05,PTEN
13,0.003518229583547029,2026-10-05,PTEN
14,0.007527177548612287,2026-10-05,PTEN
1,-0.002921294519215089,2026-10-05,PTGX
2,3.723132875735415e-05,2026-10-05,PTGX
3,-0.006251614631475092,2026-10-05,PTGX
4,-0.010591745096515094,2026-10-05,PTGX
5,-0.007008083092933063,2026-10-05,PTGX
6,-0.005955144676677685,2026-10-05,PTGX
7,0.0007263685637688826,2026-10-05,PTGX
8,-0.0018732899523341213,2026-10-05,PTGX
9,-0.005218449438707856,2026-10-05,PTGX
10,-0.005018109326073191,2026-10-05,PTGX
11,-0.005896838785445055,2026-10-05,PTGX
12,0.006449060546810302,2026-10-05,PTGX
13,0.0001346395692687429,2026-10-05,PTGX
14,0.0031268264119704275,2026-10-05,PTGX
1,-0.003410466646853489,2026-10-05,PTON
2,2.113436598719783e-05,2026-10-05,PTON
3,-0.0045343574374442745,2026-10-05,PTON
4,-0.010410975466636507,2026-10-05,PTON
5,-0.006208386158399566,2026-10-05,PTON
6,-0.00362638428143254,2026-10-05,PTON
7,-0.0011898049884993874,2026-10-05,PTON
8,-0.0018939100893359837,2026-10-05,PTON
9,-0.001040174399187629,2026-10-05,PTON
10,-0.0029243776381867067,2026-10-05,PTON
11,-0.0063788725964738936,2026-10-05,PTON
12,-0.0009944402801833378,2026-10-05,PTON
13,-0.0027579217639288564,2026-10-05,PTON
14,0.0034135316749045125,2026-10-05,PTON
1,-0.0037722218406084245,2026-10-05,PUMP
2,-0.00010754478308591688,2026-10-05,PUMP
3,-0.005944562440448474,2026-10-05,PUMP
4,-0.01037609159140393,2026-10-05,PUMP
5,-0.00605595572293371,2026-10-05,PUMP
6,-0.003156402323865033,2026-10-05,PUMP
7,0.0016941831237687088,2026-10-05,PUMP
8,0.0024787004971339862,2026-10-05,PUMP
9,-0.0017720015866359684,2026-10-05,PUMP
10,-0.009183424942699117,2026-10-05,PUMP
11,0.003271532557063134,2026-10-05,PUMP
12,0.009817912920357682,2026-10-05,PUMP
13,0.010877907553430407,2026-10-05,PUMP
14,0.002130056025698695,2026-10-05,PUMP
1,-0.0006539779405648269,2026-10-05,PVH
2,-0.001957903339371963,2026-10-05,PVH
3,-0.002410126197546586,2026-10-05,PVH
4,-0.0034873049436399688,2026-10-05,PVH
5,-0.00354542325625961,2026-10-05,PVH
6,-0.0016346550077212816,2026-10-05,PVH
7,-0.012512204381718151,2026-10-05,PVH
8,-0.006907879762640283,2026-10-05,PVH
9,-0.0004448134559025286,2026-10-05,PVH
10,-0.0019132517316828982,2026-10-05,PVH
11,0.004027482342309254,2026-10-05,PVH
12,-0.00745166428753942,2026-10-05,PVH
13,-0.01088719844802617,2026-10-05,PVH
14,-0.006136330593266878,2026-10-05,PVH
1,-0.00040679614631452203,2026-10-05,PYPL
2,-0.00099105422816601,2026-10-05,PYPL
3,0.0020308772925655178,2026-10-05,PYPL
4,-0.0001444620006649432,2026-10-05,PYPL
5,0.00029088967365968783,2026-10-05,PYPL
6,-0.0005334068166033288,2026-10-05,PYPL
7,-0.0009235229531101176,2026-10-05,PYPL
8,0.0014951090455927248,2026-10-05,PYPL
9,-0.002178865382756608,2026-10-05,PYPL
10,0.0003387703281174908,2026-10-05,PYPL
11,0.0014483050106915754,2026-10-05,PYPL
12,0.00013862513829036895,2026-10-05,PYPL
13,0.0010079936816465476,2026-10-05,PYPL
14,-0.006257064473975464,2026-10-05,PYPL
1,-0.0024656057819302476,2026-10-05,PZZA
2,0.0007688422359394073,2026-10-05,PZZA
3,-0.0034165387683098088,2026-10-05,PZZA
4,-0.009346161561344705,2026-10-05,PZZA
5,-0.006924789268290562,2026-10-05,PZZA
6,-0.005468732083336129,2026-10-05,PZZA
7,0.0010345146388196249,2026-10-05,PZZA
8,-0.0021148240909354813,2026-10-05,PZZA
9,-0.005901322337295422,2026-10-05,PZZA
10,-0.006576186527013645,2026-10-05,PZZA
11,-0.006365988100175666,2026-10-05,PZZA
12,0.004297956620763767,2026-10-05,PZZA
13,0.00528669952890595,2026-10-05,PZZA
14,0.0038705291974657674,2026-10-05,PZZA
1,-0.0011875491706230096,2026-10-05,QCOM
2,-0.0009732192367049382,2026-10-05,QCOM
3,0.0046635555280220625,2026-10-05,QCOM
4,0.002282655381974042,2026-10-05,QCOM
5,0.0022805098124848724,2026-10-05,QCOM
6,6.375248137442445e-05,2026-10-05,QCOM
7,-0.0006795585939906937,2026-10-05,QCOM
8,0.0027960659997777193,2026-10-05,QCOM
9,-0.0026821254741481336,2026-10-05,QCOM
10,-0.0009047953740258636,2026-10-05,QCOM
11,0.0049770854577570155,2026-10-05,QCOM
12,0.005295298171551831,2026-10-05,QCOM
13,-0.0014835266518264194,2026-10-05,QCOM
14,-0.005234330107202752,2026-10-05,QCOM
1,-0.003238282808158701,2026-10-05,QDEL
2,-0.0007214176327290717,2026-10-05,QDEL
3,-0.0025517525137444285,2026-10-05,QDEL
4,-0.011759164037873221,2026-10-05,QDEL
5,-0.007984145009006478,2026-10-05,QDEL
6,-0.00689207640569412,2026-10-05,QDEL
7,0.00041144348009507014,2026-10-05,QDEL
8,-0.0038539380190265424,2026-10-05,QDEL
9,-0.0013004224040813958,2026-10-05,QDEL
10,0.0024260385311369544,2026-10-05,QDEL
11,-0.006049860340584752,2026-10-05,QDEL
12,-0.0020498868531515536,2026-10-05,QDEL
13,-0.0005562424855855973,2026-10-05,QDEL
14,0.0056212107583153295,2026-10-05,QDEL
1,-0.003910492895561602,2026-10-05,QFIN
2,0.00017013573644394776,2026-10-05,QFIN
3,-0.0038130828949157728,2026-10-05,QFIN
4,-0.010802334985482312,2026-10-05,QFIN
5,-0.00546706767313966,2026-10-05,QFIN
6,-0.006131709051306985,2026-10-05,QFIN
7,0.001087410785670978,2026-10-05,QFIN
8,0.005653021203857477,2026-10-05,QFIN
9,-0.0048140126013020475,2026-10-05,QFIN
10,-0.009762234776319788,2026-10-05,QFIN
11,0.0017151111975705548,2026-10-05,QFIN
12,-0.0010205006161639776,2026-10-05,QFIN
13,0.011943943413689505,2026-10-05,QFIN
14,0.009867626359051147,2026-10-05,QFIN
1,-0.0008224779433909195,2026-10-05,QGEN
2,-0.0021739046246158794,2026-10-05,QGEN
3,-0.002784132983834206,2026-10-05,QGEN
4,-0.0034019069681118807,2026-10-05,QGEN
5,-0.002465289037262019,2026-10-05,QGEN
6,-0.004216351525697941,2026-10-05,QGEN
7,-0.00873885802476871,2026-10-05,QGEN
8,-0.007440009048828664,2026-10-05,QGEN
9,0.0004082739460682548,2026-10-05,QGEN
10,-0.0009753157796861111,2026-10-05,QGEN
11,0.0025963795198485355,2026-10-05,QGEN
12,-0.004199538114247729,2026-10-05,QGEN
13,-0.009283788593875882,2026-10-05,QGEN
14,-0.007826898916469625,2026-10-05,QGEN
1,-0.0016819960934578236,2026-10-05,QS
2,0.001448093922298294,2026-10-05,QS
3,-0.005798299084881896,2026-10-05,QS
4,-0.012515267525370062,2026-10-05,QS
5,-0.009580689363934051,2026-10-05,QS
6,0.003843263399395691,2026-10-05,QS
7,0.0028115298308383093,2026-10-05,QS
8,-0.006737707513752863,2026-10-05,QS
9,-0.0036943680445536606,2026-10-05,QS
10,-0.004088681406982024,2026-10-05,QS
11,-0.0039438664950284,2026-10-05,QS
12,0.0029598606263377394,2026-10-05,QS
13,0.010649840065602295,2026-10-05,QS
14,0.003999452561327423,2026-10-05,QS
1,-0.0004839506448572979,2026-10-05,QSR
2,-0.0012860723202322527,2026-10-05,QSR
3,-0.0011277727308238524,2026-10-05,QSR
4,-0.00032693142548473553,2026-10-05,QSR
5,-0.0004091630531107481,2026-10-05,QSR
6,-0.0013733978063384424,2026-10-05,QSR
7,-0.009341148555716763,2026-10-05,QSR
8,-0.004766436419796449,2026-10-05,QSR
9,0.002733729907847758,2026-10-05,QSR
10,0.002613221357148347,2026-10-05,QSR
11,0.0020384784795418505,2026-10-05,QSR
12,-0.0062512602928788685,2026-10-05,QSR
13,-0.012217833107303837,2026-10-05,QSR
14,-0.006846076124462993,2026-10-05,QSR
1,-0.0035153049801919497,2026-10-05,RARE
2,-0.0003132919929970679,2026-10-05,RARE
3,-0.002518381592126566,2026-10-05,RARE
4,-0.01212292041254469,2026-10-05,RARE
5,-0.006668815578050717,2026-10-05,RARE
6,-0.003350156117288697,2026-10-05,RARE
7,0.0009724380289596275,2026-10-05,RARE
8,0.0020167470038509982,2026-10-05,RARE
9,-0.0037146645704876895,2026-10-05,RARE
10,-0.007805307813600096,2026-10-05,RARE
11,-0.0037207285048396137,2026-10-05,RARE
12,0.0036209139003813826,2026-10-05,RARE
13,0.009970229336434159,2026-10-05,RARE
14,0.0016888597813330352,2026-10-05,RARE
1,-0.0013409835615118913,2026-10-05,RBA
2,-0.0009048708597144642,2026-10-05,RBA
3,-0.0006007979616086794,2026-10-05,RBA
4,-0.0020072446044755933,2026-10-05,RBA
5,-0.0025588380910912213,2026-10-05,RBA
6,-0.0030469802402924516,2026-10-05,RBA
7,-0.010881325859042648,2026-10-05,RBA
8,-0.003942929146630344,2026-10-05,RBA
9,-0.0016358248246423313,2026-10-05,RBA
10,0.0029460546699271177,2026-10-05,RBA
11,0.00347962823424215,2026-10-05,RBA
12,-0.004283738466776033,2026-10-05,RBA
13,-0.010370753639145565,2026-10-05,RBA
14,-0.0050945763519326765,2026-10-05,RBA
1,-0.0006632244717677081,2026-10-05,RBGLY
2,-0.0022951134984175955,2026-10-05,RBGLY
3,-0.0009166425848048654,2026-10-05,RBGLY
4,-0.003722649274090455,2026-10-05,RBGLY
5,-0.0022316912268348626,2026-10-05,RBGLY
6,-0.0018242742120610027,2026-10-05,RBGLY
7,-0.006226622772134693,2026-10-05,RBGLY
8,-0.002832375444580236,2026-10-05,RBGLY
9,-0.000925230124053883,2026-10-05,RBGLY
10,-0.00279954435355959,2026-10-05,RBGLY
11,0.003073776330152846,2026-10-05,RBGLY
12,-0.006447928495552374,2026-10-05,RBGLY
13,-0.008970542275185346,2026-10-05,RBGLY
14,-0.0030754027315437046,2026-10-05,RBGLY
1,0.0005238443778137654,2026-10-05,RBLX
2,-0.002073445898730982,2026-10-05,RBLX
3,-0.001978389873521109,2026-10-05,RBLX
4,-0.0033878209327830593,2026-10-05,RBLX
5,-0.0030628995138369543,2026-10-05,RBLX
6,-0.0031439963390337542,2026-10-05,RBLX
7,-0.009120536766589667,2026-10-05,RBLX
8,-0.006270651635610741,2026-10-05,RBLX
9,-0.00045188167235842496,2026-10-05,RBLX
10,-0.003838298455333459,2026-10-05,RBLX
11,0.0033367034629934486,2026-10-05,RBLX
12,-0.011065747687870426,2026-10-05,RBLX
13,-0.013179674285675349,2026-10-05,RBLX
14,-0.0064752712344546106,2026-10-05,RBLX
1,-0.0006011003072415985,2026-10-05,RBRK
2,-0.0029178302498940093,2026-10-05,RBRK
3,-0.002909184032403436,2026-10-05,RBRK
4,-0.002979993312676945,2026-10-05,RBRK
5,-0.0018502153997344466,2026-10-05,RBRK
6,-0.0028046418053397438,2026-10-05,RBRK
7,-0.00924558990716349,2026-10-05,RBRK
8,-0.0052702430839386746,2026-10-05,RBRK
9,0.0026098030058123874,2026-10-05,RBRK
10,-0.0016903297553700779,2026-10-05,RBRK
11,0.0025031444022008283,2026-10-05,RBRK
12,-0.007810112322072789,2026-10-05,RBRK
13,-0.012508514576252194,2026-10-05,RBRK
14,-0.007150893934648657,2026-10-05,RBRK
1,-0.0025716468177024426,2026-10-05,RC
2,0.000900262853466724,2026-10-05,RC
3,-0.0031900174333341982,2026-10-05,RC
4,-0.009783453299386183,2026-10-05,RC
5,-0.006345617948841964,2026-10-05,RC
6,-0.0047092800273949,2026-10-05,RC
7,0.0006572269874217533,2026-10-05,RC
8,-0.0007580798564227609,2026-10-05,RC
9,-0.003926169405517094,2026-10-05,RC
10,-0.007009319758247775,2026-10-05,RC
11,-0.005440953823038492,2026-10-05,RC
12,0.0001614453944635897,2026-10-05,RC
13,0.009159233304485311,2026-10-05,RC
14,0.0018954105004462907,2026-10-05,RC
1,-0.0004800756741591102,2026-10-05,RCI
2,-0.001960897909538113,2026-10-05,RCI
3,-0.00235482771648882,2026-10-05,RCI
4,-0.0027959043438479884,2026-10-05,RCI
5,-0.003700715224032346,2026-10-05,RCI
6,-0.002053156693762629,2026-10-05,RCI
7,-0.012012261893385626,2026-10-05,RCI
8,-0.005548173833462094,2026-10-05,RCI
9,0.00011548257336153428,2026-10-05,RCI
10,-0.0006731438281518257,2026-10-05,RCI
11,0.0008276367302583988,2026-10-05,RCI
12,-0.005880910378615901,2026-10-05,RCI
13,-0.008758904230747629,2026-10-05,RCI
14,-0.0053144527692977886,2026-10-05,RCI
1,-0.002657024654373808,2026-10-05,RCKT
2,-0.0006937947691461127,2026-10-05,RCKT
3,-0.0020269647204309016,2026-10-05,RCKT
4,-0.012965711516718915,2026-10-05,RCKT
5,-0.007234563004067563,2026-10-05,RCKT
6,-0.008296846706747553,2026-10-05,RCKT
7,0.00033007826416235966,2026-10-05,RCKT
8,-0.005199957765540275,2026-10-05,RCKT
9,-0.010068008896652587,2026-10-05,RCKT
10,-0.006349712321642772,2026-10-05,RCKT
11,-0.005094493344703154,2026-10-05,RCKT
12,0.0019680715252106064,2026-10-05,RCKT
13,0.00501569036547169,2026-10-05,RCKT
14,0.0018940213804929775,2026-10-05,RCKT
1,-0.0008350389971866292,2026-10-05,RCL
2,-0.0024349078803417488,2026-10-05,RCL
3,-0.0029952686453790845,2026-10-05,RCL
4,-0.002698596486294932,2026-10-05,RCL
5,-0.000975844731382627,2026-10-05,RCL
6,-0.003249608779725993,2026-10-05,RCL
7,-0.008118384050645237,2026-10-05,RCL
8,-0.004970062311053169,2026-10-05,RCL
9,0.0001597132088179405,2026-10-05,RCL
10,-0.0023807323683604827,2026-10-05,RCL
11,0.0050561771969383175,2026-10-05,RCL
12,-0.0062150908311062285,2026-10-05,RCL
13,-0.012368566073201404,2026-10-05,RCL
14,-0.007387265363852031,2026-10-05,RCL
1,-0.002571754409574563,2026-10-05,RCUS
2,-0.0007137061550030881,2026-10-05,RCUS
3,-0.005160580655412851,2026-10-05,RCUS
4,-0.011247143091069597,2026-10-05,RCUS
5,-0.006556974839186569,2026-10-05,RCUS
6,-0.007583946553548546,2026-10-05,RCUS
7,0.00047366186924971345,2026-10-05,RCUS
8,-0.0030580831206457825,2026-10-05,RCUS
9,-0.0027525211953045433,2026-10-05,RCUS
10,-0.00906932588255903,2026-10-05,RCUS
11,-0.00725878278385404,2026-10-05,RCUS
12,0.0033346164538453683,2026-10-05,RCUS
13,0.0012779433884650695,2026-10-05,RCUS
14,0.0020694779628117,2026-10-05,RCUS
1,-0.00020978041740224343,2026-10-05,RDDT
2,-0.0026791382002221637,2026-10-05,RDDT
3,-0.001276739068784184,2026-10-05,RDDT
4,-0.001998962098321731,2026-10-05,RDDT
5,-0.0025140106085754822,2026-10-05,RDDT
6,-0.002257268962848023,2026-10-05,RDDT
7,-0.010860647534059027,2026-10-05,RDDT
8,-0.00490929375280072,2026-10-05,RDDT
9,0.0017141296507879368,2026-10-05,RDDT
10,-0.0011699109798026842,2026-10-05,RDDT
11,0.0037676577407283357,2026-10-05,RDDT
12,-0.008239966118810038,2026-10-05,RDDT
13,-0.015278027837211227,2026-10-05,RDDT
14,-0.004279757770670508,2026-10-05,RDDT
1,-0.0024266219228484256,2026-10-05,RDN
2,0.0010044704890031066,2026-10-05,RDN
3,-0.004549871973336136,2026-10-05,RDN
4,-0.009257459437276698,2026-10-05,RDN
5,-0.004416407283233434,2026-10-05,RDN
6,-0.004195626385162573,2026-10-05,RDN
7,0.00402190886804981,2026-10-05,RDN
8,0.0016028070442062677,2026-10-05,RDN
9,-0.004099685587697242,2026-10-05,RDN
10,-0.009220956164760383,2026-10-05,RDN
11,-0.009531552002389714,2026-10-05,RDN
12,0.002235124274683086,2026-10-05,RDN
13,0.009290007021610569,2026-10-05,RDN
14,0.006639537437671651,2026-10-05,RDN
1,-0.0008355605920671175,2026-10-05,REG
2,-0.0014520944334987464,2026-10-05,REG
3,-0.0012037518848231385,2026-10-05,REG
4,-0.0032457472768052547,2026-10-05,REG
5,-0.0009908790967405972,2026-10-05,REG
6,-0.0037249055534308985,2026-10-05,REG
7,-0.009769934498129467,2026-10-05,REG
8,-0.005860552094599736,2026-10-05,REG
9,-0.0002091815431095562,2026-10-05,REG
10,-0.0028569169317131248,2026-10-05,REG
11,0.0012735708718731662,2026-10-05,REG
12,-0.006543782828309317,2026-10-05,REG
13,-0.008923055353519872,2026-10-05,REG
14,-0.005235592899292886,2026-10-05,REG
1,-0.004130810094735836,2026-10-05,RELY
2,-0.0017319004906501804,2026-10-05,RELY
3,-0.005004540562092619,2026-10-05,RELY
4,-0.01208707324272377,2026-10-05,RELY
5,-0.004978110740514208,2026-10-05,RELY
6,-0.005018787152223177,2026-10-05,RELY
7,0.0017539409635306355,2026-10-05,RELY
8,-0.0013998286583361992,2026-10-05,RELY
9,-0.0031170573774820676,2026-10-05,RELY
10,-0.005286885465179781,2026-10-05,RELY
11,-0.004901636204744911,2026-10-05,RELY
12,0.0033962622157944745,2026-10-05,RELY
13,-0.004011208161916816,2026-10-05,RELY
14,-0.00022589124017530476,2026-10-05,RELY
1,-0.0003399078739806287,2026-10-05,REXR
2,-0.0018042323995155437,2026-10-05,REXR
3,-0.0017871633305474987,2026-10-05,REXR
4,-0.002594821562098259,2026-10-05,REXR
5,-0.0022204660405298372,2026-10-05,REXR
6,-0.0034571943149317446,2026-10-05,REXR
7,-0.008966776170644838,2026-10-05,REXR
8,-0.00452987462620412,2026-10-05,REXR
9,-0.0005472446871409389,2026-10-05,REXR
10,-0.0031329078057749033,2026-10-05,REXR
11,0.00631774650949663,2026-10-05,REXR
12,-0.006840465248316006,2026-10-05,REXR
13,-0.007482459688505103,2026-10-05,REXR
14,-0.005179709875546521,2026-10-05,REXR
1,-0.0008227786189553581,2026-10-05,RF
2,-0.0026654229224222694,2026-10-05,RF
3,-0.0011494498313803518,2026-10-05,RF
4,-0.0025429386392368924,2026-10-05,RF
5,-0.0012864280376589311,2026-10-05,RF
6,-0.0027089639590702243,2026-10-05,RF
7,-0.009150119728288325,2026-10-05,RF
8,-0.007034671471448997,2026-10-05,RF
9,0.0015224707627639915,2026-10-05,RF
10,-0.005206987890518927,2026-10-05,RF
11,0.0037924177352578305,2026-10-05,RF
12,-0.008744077472098677,2026-10-05,RF
13,-0.010511411052266521,2026-10-05,RF
14,-0.006796003638085986,2026-10-05,RF
1,-0.0004964663565197182,2026-10-05,RGEN
2,-0.0025876030031425977,2026-10-05,RGEN
3,-0.0015795399135036647,2026-10-05,RGEN
4,-0.00363151450501417,2026-10-05,RGEN
5,-0.003366076305748633,2026-10-05,RGEN
6,-0.0017619218937040583,2026-10-05,RGEN
7,-0.010067305858900392,2026-10-05,RGEN
8,-0.0052057778937795035,2026-10-05,RGEN
9,0.0008869262521433852,2026-10-05,RGEN
10,-0.0025614654899865034,2026-10-05,RGEN
11,0.003628007615913118,2026-10-05,RGEN
12,-0.007236446524037791,2026-10-05,RGEN
13,-0.007563643321698064,2026-10-05,RGEN
14,-0.0062503013582305995,2026-10-05,RGEN
1,-0.003352301802392041,2026-10-05,RH
2,-0.00019230551048894797,2026-10-05,RH
3,-0.0035049137452220665,2026-10-05,RH
4,-0.011341218946021952,2026-10-05,RH
5,-0.007172224011867475,2026-10-05,RH
6,-0.00394227234821224,2026-10-05,RH
7,0.0019213942968665766,2026-10-05,RH
8,0.0008173744179622212,2026-10-05,RH
9,-0.004864921666299281,2026-10-05,RH
10,-0.005618462656126057,2026-10-05,RH
11,-0.0028521839129503975,2026-10-05,RH
12,-0.0009412100441791255,2026-10-05,RH
13,0.0013951736624367396,2026-10-05,RH
14,0.0039100967247977245,2026-10-05,RH
1,0.0007852080780024708,2026-10-05,RHHBY
2,-0.0021845182570013754,2026-10-05,RHHBY
3,0.0021163957825934983,2026-10-05,RHHBY
4,-0.00013898763146568974,2026-10-05,RHHBY
5,-0.0012386453447330908,2026-10-05,RHHBY
6,-0.0018809798988741139,2026-10-05,RHHBY
7,-0.0023119895713606294,2026-10-05,RHHBY
8,0.003558572350628146,2026-10-05,RHHBY
9,-0.0008263980747613357,2026-10-05,RHHBY
10,-0.0027814698693100293,2026-10-05,RHHBY
11,0.005016671695187712,2026-10-05,RHHBY
12,-4.130870466793081e-05,2026-10-05,RHHBY
13,0.0029667980539172132,2026-10-05,RHHBY
14,-0.0030317468439199115,2026-10-05,RHHBY
1,-0.00012963245146146567,2026-10-05,RHI
2,-0.0018400903600859688,2026-10-05,RHI
3,-0.0028846386014824412,2026-10-05,RHI
4,-0.0018928854350233916,2026-10-05,RHI
5,-0.002867325864406148,2026-10-05,RHI
6,-0.0009035690568201802,2026-10-05,RHI
7,-0.010627139127683677,2026-10-05,RHI
8,-0.005146645681366677,2026-10-05,RHI
9,0.0014310284497749415,2026-10-05,RHI
10,-0.00039926414831713123,2026-10-05,RHI
11,0.005376786754660171,2026-10-05,RHI
12,-0.007920848431006173,2026-10-05,RHI
13,-0.007526672850978091,2026-10-05,RHI
14,-0.008417846585151281,2026-10-05,RHI
1,-0.0034520073631910974,2026-10-05,RIG
2,0.00012801506274765453,2026-10-05,RIG
3,-0.005237377546932236,2026-10-05,RIG
4,-0.012248392431871199,2026-10-05,RIG
5,-0.008002967609493417,2026-10-05,RIG
6,-0.0019066020467054916,2026-10-05,RIG
7,-0.0005444659868725609,2026-10-05,RIG
8,-0.000642957540443467,2026-10-05,RIG
9,-0.00014498170516741597,2026-10-05,RIG
10,-0.003524001380231611,2026-10-05,RIG
11,0.002071413999176745,2026-10-05,RIG
12,0.003123931661822824,2026-10-05,RIG
13,0.0035490445982476622,2026-10-05,RIG
14,-0.0005468025615195603,2026-10-05,RIG
1,-0.0002743365899532781,2026-10-05,RIO
2,-0.0021491808649969244,2026-10-05,RIO
3,0.002954996359240489,2026-10-05,RIO
4,0.0011729842152973955,2026-10-05,RIO
5,-0.0011441535880142395,2026-10-05,RIO
6,-0.0015832966526096854,2026-10-05,RIO
7,4.446851685541136e-05,2026-10-05,RIO
8,8.335753523108731e-05,2026-10-05,RIO
9,-0.0009496066879278741,2026-10-05,RIO
10,-0.0032501015406972166,2026-10-05,RIO
11,0.003449967020977016,2026-10-05,RIO
12,0.0023625487117631436,2026-10-05,RIO
13,0.003496035078822377,2026-10-05,RIO
14,-0.005036449053454085,2026-10-05,RIO
1,-0.002854875310980251,2026-10-05,RIOT
2,0.00031923889046435753,2026-10-05,RIOT
3,-0.0022414795436344827,2026-10-05,RIOT
4,-0.01509458951598888,2026-10-05,RIOT
5,-0.001791829415150252,2026-10-05,RIOT
6,0.000499098032294468,2026-10-05,RIOT
7,-0.00214869009295482,2026-10-05,RIOT
8,-0.0050535283238509615,2026-10-05,RIOT
9,-0.001129308736249244,2026-10-05,RIOT
10,0.0043665797754627285,2026-10-05,RIOT
11,-0.007414851782705668,2026-10-05,RIOT
12,-0.0043366533701536016,2026-10-05,RIOT
13,-0.00039584280890191136,2026-10-05,RIOT
14,0.010163757644442493,2026-10-05,RIOT
1,-4.4256625350732126e-05,2026-10-05,RITM
2,-0.002461645154313751,2026-10-05,RITM
3,-0.0011187968582709778,2026-10-05,RITM
4,-0.002747741584534636,2026-10-05,RITM
5,-0.0013427385700583141,2026-10-05,RITM
6,-0.0022452609153886132,2026-10-05,RITM
7,-0.0064416273656040315,2026-10-05,RITM
8,-0.003001834419713419,2026-10-05,RITM
9,0.0007227572969178164,2026-10-05,RITM
10,-0.0012515057252986894,2026-10-05,RITM
11,0.00539581539071342,2026-10-05,RITM
12,-0.009339759027269447,2026-10-05,RITM
13,-0.005553573911551836,2026-10-05,RITM
14,-0.003956060605865746,2026-10-05,RITM
1,0.0002536674170925299,2026-10-05,RIVN
2,-0.004491635142983763,2026-10-05,RIVN
3,-0.0028096102382534132,2026-10-05,RIVN
4,-0.0026804225466561518,2026-10-05,RIVN
5,-0.0013031192471557368,2026-10-05,RIVN
6,-0.001864678367834856,2026-10-05,RIVN
7,-0.007185403743244574,2026-10-05,RIVN
8,-0.005301504242396595,2026-10-05,RIVN
9,-0.0003438739916447906,2026-10-05,RIVN
10,-0.006082847157666225,2026-10-05,RIVN
11,-0.0036041461499101883,2026-10-05,RIVN
12,-0.011782191801328641,2026-10-05,RIVN
13,-0.013245003982808926,2026-10-05,RIVN
14,-0.004905137813089702,2026-10-05,RIVN
1,-0.0002520622150636172,2026-10-05,RJF
2,-0.0020862551909307868,2026-10-05,RJF
3,-0.0013593256252180058,2026-10-05,RJF
4,-0.0027599025356018526,2026-10-05,RJF
5,-0.0027906731501029553,2026-10-05,RJF
6,-0.0017179431376455605,2026-10-05,RJF
7,-0.009408969999344633,2026-10-05,RJF
8,-0.0056132050405726715,2026-10-05,RJF
9,0.002052557396637065,2026-10-05,RJF
10,0.00031233341090112485,2026-10-05,RJF
11,0.004900928998951108,2026-10-05,RJF
12,-0.008456975398230506,2026-10-05,RJF
13,-0.01068075494134342,2026-10-05,RJF
14,-0.004810244499270212,2026-10-05,RJF
1,-0.0033440183121020927,2026-10-05,RKLB
2,0.00038118516091025797,2026-10-05,RKLB
3,-0.0033069603487154743,2026-10-05,RKLB
4,-0.01142445439660854,2026-10-05,RKLB
5,-0.0076974077875088046,2026-10-05,RKLB
6,-0.0063740431149016345,2026-10-05,RKLB
7,-0.0005306442861066984,2026-10-05,RKLB
8,-0.0028884409732025645,2026-10-05,RKLB
9,0.0033437233092387924,2026-10-05,RKLB
10,0.0032830539362735584,2026-10-05,RKLB
11,-0.009890531978595225,2026-10-05,RKLB
12,-0.0013571181189702228,2026-10-05,RKLB
13,0.00015692665548755212,2026-10-05,RKLB
14,0.006814161505386679,2026-10-05,RKLB
1,-0.0003145471486271069,2026-10-05,RKT
2,-0.001001258624814604,2026-10-05,RKT
3,0.0025047767705716154,2026-10-05,RKT
4,0.001387891363986353,2026-10-05,RKT
5,1.4001353269884022e-05,2026-10-05,RKT
6,-0.0009599514343073153,2026-10-05,RKT
7,-0.0002459109678172656,2026-10-05,RKT
8,0.002964841449664183,2026-10-05,RKT
9,-0.0035650046723024265,2026-10-05,RKT
10,-0.00102493786900985,2026-10-05,RKT
11,0.002734058231356786,2026-10-05,RKT
12,0.000912240318081773,2026-10-05,RKT
13,0.0019763783176554787,2026-10-05,RKT
14,-0.006659165254417603,2026-10-05,RKT
1,-0.0007943597691238843,2026-10-05,RL
2,-0.0022079286456471382,2026-10-05,RL
3,-0.0012535046456422733,2026-10-05,RL
4,-0.004921047121426326,2026-10-05,RL
5,-0.0015758474408089707,2026-10-05,RL
6,-0.0007135984900502253,2026-10-05,RL
7,-0.008688296087479062,2026-10-05,RL
8,-0.00602469091330142,2026-10-05,RL
9,-0.0012153570610259803,2026-10-05,RL
10,-0.004578605280919179,2026-10-05,RL
11,0.005527988369712571,2026-10-05,RL
12,-0.004804219636518805,2026-10-05,RL
13,-0.011263785646350177,2026-10-05,RL
14,-0.005606563149119345,2026-10-05,RL
1,-0.0024858181478150765,2026-10-05,RLAY
2,-0.0007679265866879976,2026-10-05,RLAY
3,-0.005936958178622076,2026-10-05,RLAY
4,-0.0114885701806903,2026-10-05,RLAY
5,-0.007167672559934689,2026-10-05,RLAY
6,-0.010821943537363547,2026-10-05,RLAY
7,-0.0001630977657432258,2026-10-05,RLAY
8,-0.005686420141460916,2026-10-05,RLAY
9,-0.0043915003659840916,2026-10-05,RLAY
10,-0.007049400801203889,2026-10-05,RLAY
11,-0.007235488128163762,2026-10-05,RLAY
12,0.004315057802464113,2026-10-05,RLAY
13,0.002675253330815841,2026-10-05,RLAY
14,0.001976015502225766,2026-10-05,RLAY
1,-0.0019045388857697849,2026-10-05,RLJ
2,0.0018625379694651816,2026-10-05,RLJ
3,-0.0017390145768502725,2026-10-05,RLJ
4,-0.009028308813734443,2026-10-05,RLJ
5,-0.005845025850866945,2026-10-05,RLJ
6,-0.002992541012232096,2026-10-05,RLJ
7,-0.0035967435217072958,2026-10-05,RLJ
8,-0.003741776961472248,2026-10-05,RLJ
9,-0.004902607703839897,2026-10-05,RLJ
10,-0.007719627845172848,2026-10-05,RLJ
11,-0.007128977448281765,2026-10-05,RLJ
12,-0.0008962646608206934,2026-10-05,RLJ
13,0.000155261089020521,2026-10-05,RLJ
14,-0.0009598215425974315,2026-10-05,RLJ
1,-0.00025682947729446397,2026-10-05,RMBS
2,-0.001229347140308179,2026-10-05,RMBS
3,-0.0010678714716516643,2026-10-05,RMBS
4,-2.137780751344884e-05,2026-10-05,RMBS
5,-0.0008368664950335202,2026-10-05,RMBS
6,-0.003310647532808072,2026-10-05,RMBS
7,-0.008229880038199041,2026-10-05,RMBS
8,-0.0078114600823180535,2026-10-05,RMBS
9,-0.002848020890681985,2026-10-05,RMBS
10,-0.00025228223320421846,2026-10-05,RMBS
11,-5.3962494895001596e-05,2026-10-05,RMBS
12,-0.0034106220228049848,2026-10-05,RMBS
13,-0.009112889285558439,2026-10-05,RMBS
14,-0.009134009976288512,2026-10-05,RMBS
1,-0.0006148683125958607,2026-10-05,RMD
2,-0.0021345360378457155,2026-10-05,RMD
3,-0.0031404155327191636,2026-10-05,RMD
4,-0.004694253701028555,2026-10-05,RMD
5,-0.003306357312240013,2026-10-05,RMD
6,-0.0042409908808453585,2026-10-05,RMD
7,-0.013385300485646607,2026-10-05,RMD
8,-0.004614330077356799,2026-10-05,RMD
9,-0.0021230026469306073,2026-10-05,RMD
10,-0.0011254564251901857,2026-10-05,RMD
11,0.0005616395353674647,2026-10-05,RMD
12,-0.005157768989798778,2026-10-05,RMD
13,-0.010744379077901661,2026-10-05,RMD
14,-0.00776468583785329,2026-10-05,RMD
1,-0.0005850039603529569,2026-10-05,RNA
2,-0.003696899127478576,2026-10-05,RNA
3,-0.002902195122188821,2026-10-05,RNA
4,-0.0044815548191600284,2026-10-05,RNA
5,0.0005779145733796659,2026-10-05,RNA
6,-0.0020745594802909742,2026-10-05,RNA
7,-0.007355948544105589,2026-10-05,RNA
8,-0.0053902753675821,2026-10-05,RNA
9,0.0011139372276315715,2026-10-05,RNA
10,-0.001949388106013889,2026-10-05,RNA
11,0.004913398215100063,2026-10-05,RNA
12,-0.007238581789133003,2026-10-05,RNA
13,-0.008384910050195803,2026-10-05,RNA
14,-0.004903978858506689,2026-10-05,RNA
1,-0.004121909452408395,2026-10-05,RNG
2,-0.00019305540091421413,2026-10-05,RNG
3,-0.0038709085260936076,2026-10-05,RNG
4,-0.011742359558559092,2026-10-05,RNG
5,-0.004095673819179332,2026-10-05,RNG
6,-0.004099342524652606,2026-10-05,RNG
7,0.0024011282101355134,2026-10-05,RNG
8,-0.00038125269426337097,2026-10-05,RNG
9,-0.0010194916856183984,2026-10-05,RNG
10,-0.007323470642787085,2026-10-05,RNG
11,-0.003350544670311461,2026-10-05,RNG
12,0.0023912421686404593,2026-10-05,RNG
13,0.011900008571147673,2026-10-05,RNG
14,0.004346931490767795,2026-10-05,RNG
1,-0.00222168462933071,2026-10-05,RNW
2,-0.0002537521551654223,2026-10-05,RNW
3,-0.0033198214677595825,2026-10-05,RNW
4,-0.00828284905013396,2026-10-05,RNW
5,-0.0010046779856841507,2026-10-05,RNW
6,-0.0023970366554125146,2026-10-05,RNW
7,0.0008245505937014781,2026-10-05,RNW
8,-0.0064520090834303745,2026-10-05,RNW
9,-0.0011305914811355062,2026-10-05,RNW
10,-0.004327169484273795,2026-10-05,RNW
11,-0.006209627792510983,2026-10-05,RNW
12,-0.0017854702622632482,2026-10-05,RNW
13,0.006623232086539041,2026-10-05,RNW
14,-0.009382619857309867,2026-10-05,RNW
1,-0.0007231187486097617,2026-10-05,ROIV
2,-0.0028399251968688607,2026-10-05,ROIV
3,-0.002754935538668696,2026-10-05,ROIV
4,-0.0028574054881465995,2026-10-05,ROIV
5,-0.002045928535162705,2026-10-05,ROIV
6,-0.002199799469107245,2026-10-05,ROIV
7,-0.0069591232672595186,2026-10-05,ROIV
8,-0.003453167215028827,2026-10-05,ROIV
9,0.00349736018940436,2026-10-05,ROIV
10,-0.002108019672212455,2026-10-05,ROIV
11,0.00021935062808564864,2026-10-05,ROIV
12,-0.008247264538757012,2026-10-05,ROIV
13,-0.008988186821943155,2026-10-05,ROIV
14,-0.004363451862340436,2026-10-05,ROIV
1,-0.0009010320013950186,2026-10-05,ROK
2,-0.0023413634952794663,2026-10-05,ROK
3,-0.0018515297749530895,2026-10-05,ROK
4,-0.003637907095510803,2026-10-05,ROK
5,-0.0020140890383163706,2026-10-05,ROK
6,-0.001918749827994609,2026-10-05,ROK
7,-0.007578987435539489,2026-10-05,ROK
8,-0.0027692752314646438,2026-10-05,ROK
9,0.0007308587855733466,2026-10-05,ROK
10,-0.00337419266260978,2026-10-05,ROK
11,0.0044887966939606205,2026-10-05,ROK
12,-0.006173503690557439,2026-10-05,ROK
13,-0.008572474098481135,2026-10-05,ROK
14,-0.003996967334103747,2026-10-05,ROK
1,-0.00046548803684487303,2026-10-05,ROKU
2,-0.002321619126070804,2026-10-05,ROKU
3,-0.0020544964793749107,2026-10-05,ROKU
4,-0.006893107982611318,2026-10-05,ROKU
5,-0.00033949299610136024,2026-10-05,ROKU
6,-0.0017471565909479838,2026-10-05,ROKU
7,-0.012811561321195484,2026-10-05,ROKU
8,-0.0056568518015750165,2026-10-05,ROKU
9,0.001634186994268186,2026-10-05,ROKU
10,-0.0028624819659010914,2026-10-05,ROKU
11,0.002689772552432072,2026-10-05,ROKU
12,-0.006309954303873599,2026-10-05,ROKU
13,-0.01163881190890399,2026-10-05,ROKU
14,-0.006706452444777883,2026-10-05,ROKU
1,-7.763284288381212e-05,2026-10-05,ROL
2,-0.0031764868461073496,2026-10-05,ROL
3,-0.003258424082743093,2026-10-05,ROL
4,-0.0031162077674065703,2026-10-05,ROL
5,-0.005629214763875914,2026-10-05,ROL
6,-0.0009604243075443174,2026-10-05,ROL
7,-0.009391320623974665,2026-10-05,ROL
8,-0.007608629635975904,2026-10-05,ROL
9,0.002017391408098114,2026-10-05,ROL
10,0.0001313262946876574,2026-10-05,ROL
11,0.003879969217806611,2026-10-05,ROL
12,-0.009083219114576331,2026-10-05,ROL
13,-0.008062777080225805,2026-10-05,ROL
14,-0.004588740473916014,2026-10-05,ROL
1,-0.001004442795483718,2026-10-05,ROST
2,-0.0020674909406615126,2026-10-05,ROST
3,-0.0028365121397115178,2026-10-05,ROST
4,-0.0036670419463127033,2026-10-05,ROST
5,-0.0001699393365853534,2026-10-05,ROST
6,-0.0034927763980836415,2026-10-05,ROST
7,-0.010479243748850828,2026-10-05,ROST
8,-0.0028033010581970793,2026-10-05,ROST
9,0.0007832871083506558,2026-10-05,ROST
10,-0.0029009268641450254,2026-10-05,ROST
11,0.0009076069694976138,2026-10-05,ROST
12,-0.011500577364716885,2026-10-05,ROST
13,-0.013455670576001135,2026-10-05,ROST
14,-0.005182212555043274,2026-10-05,ROST
1,-0.004364693862186355,2026-10-05,RPAY
2,-0.0021186269861500915,2026-10-05,RPAY
3,-0.002651059543484088,2026-10-05,RPAY
4,-0.008494837019752063,2026-10-05,RPAY
5,-0.00497335685382056,2026-10-05,RPAY
6,0.0010061678287441034,2026-10-05,RPAY
7,0.0005408490823001565,2026-10-05,RPAY
8,0.0020851999368360855,2026-10-05,RPAY
9,-0.0028830011842189175,2026-10-05,RPAY
10,-0.0020048802566923654,2026-10-05,RPAY
11,-0.0023741768913532624,2026-10-05,RPAY
12,-0.0016426067592471268,2026-10-05,RPAY
13,0.010020598478120205,2026-10-05,RPAY
14,0.011079236548248455,2026-10-05,RPAY
1,-0.003734087369035929,2026-10-05,RPD
2,-0.00021062950727826976,2026-10-05,RPD
3,-0.0029116531792631865,2026-10-05,RPD
4,-0.01505318895484667,2026-10-05,RPD
5,-0.00043033255108648966,2026-10-05,RPD
6,-0.0009721378214334414,2026-10-05,RPD
7,-0.0037790699747169538,2026-10-05,RPD
8,-0.007168898182049777,2026-10-05,RPD
9,0.0013427320430969391,2026-10-05,RPD
10,0.0015208886860257028,2026-10-05,RPD
11,-0.0034952735380280025,2026-10-05,RPD
12,0.0019422618213490528,2026-10-05,RPD
13,-0.004211436310596097,2026-10-05,RPD
14,0.007255675649479046,2026-10-05,RPD
1,-0.0006967464811866706,2026-10-05,RPRX
2,-0.0025698833521198635,2026-10-05,RPRX
3,-0.002332330206095138,2026-10-05,RPRX
4,-0.0031467119769800714,2026-10-05,RPRX
5,-0.001979643909809109,2026-10-05,RPRX
6,-0.00022961285759586346,2026-10-05,RPRX
7,-0.009134188779456492,2026-10-05,RPRX
8,-0.005536686206492079,2026-10-05,RPRX
9,0.0024303764512320584,2026-10-05,RPRX
10,-0.0008147513332615846,2026-10-05,RPRX
11,0.004655110956430055,2026-10-05,RPRX
12,-0.006360188215708629,2026-10-05,RPRX
13,-0.009567676406001228,2026-10-05,RPRX
14,-0.005138267869704592,2026-10-05,RPRX
1,-0.0006564493747167446,2026-10-05,RRC
2,-0.0016695261087118086,2026-10-05,RRC
3,-0.0014023022515436327,2026-10-05,RRC
4,-0.0022321050783279195,2026-10-05,RRC
5,0.000822628479650969,2026-10-05,RRC
6,-0.0014003293506957488,2026-10-05,RRC
7,-0.006876976832987752,2026-10-05,RRC
8,-0.003940572202427644,2026-10-05,RRC
9,0.0006508496077956417,2026-10-05,RRC
10,-0.0024306719491097597,2026-10-05,RRC
11,0.0030725202101437124,2026-10-05,RRC
12,-0.006252538271374975,2026-10-05,RRC
13,-0.00834437674271033,2026-10-05,RRC
14,-0.0030351416285699638,2026-10-05,RRC
1,2.8925247470450777e-06,2026-10-05,RSG
2,-0.001516014407738519,2026-10-05,RSG
3,0.002113813979741298,2026-10-05,RSG
4,0.00018278074084089388,2026-10-05,RSG
5,-0.00019382736213170807,2026-10-05,RSG
6,-0.0001868526478387348,2026-10-05,RSG
7,-0.002563894128858132,2026-10-05,RSG
8,0.0028111491690522624,2026-10-05,RSG
9,-0.0025858725623274913,2026-10-05,RSG
10,-0.0010020260887484813,2026-10-05,RSG
11,0.005058739196684292,2026-10-05,RSG
12,0.0024477082087102178,2026-10-05,RSG
13,0.0017459206602355307,2026-10-05,RSG
14,-0.0068257702079979835,2026-10-05,RSG
1,-0.002711010201520886,2026-10-05,RSI
2,0.00038661648956143886,2026-10-05,RSI
3,-0.0036208982363370823,2026-10-05,RSI
4,-0.01195969135184477,2026-10-05,RSI
5,-0.006451034762817192,2026-10-05,RSI
6,-0.004378401971197401,2026-10-05,RSI
7,-0.0005842826187412174,2026-10-05,RSI
8,0.0049889042832466845,2026-10-05,RSI
9,-0.00030349937066566173,2026-10-05,RSI
10,-0.006296594801239106,2026-10-05,RSI
11,0.00038795783601703427,2026-10-05,RSI
12,0.0033358483945267266,2026-10-05,RSI
13,0.006211745540400876,2026-10-05,RSI
14,0.00014501353786118703,2026-10-05,RSI
1,-2.378087777056523e-05,2026-10-05,RTX
2,-0.0010989148675128618,2026-10-05,RTX
3,0.0031765324805341894,2026-10-05,RTX
4,-0.00023273362961097116,2026-10-05,RTX
5,0.0005097395595725855,2026-10-05,RTX
6,-0.0007365230168920507,2026-10-05,RTX
7,-0.0018002095579514239,2026-10-05,RTX
8,0.0006430487873519725,2026-10-05,RTX
9,-0.0020729816806817516,2026-10-05,RTX
10,7.931427612709617e-05,2026-10-05,RTX
11,0.00414886251316801,2026-10-05,RTX
12,-0.0008860609737634742,2026-10-05,RTX
13,0.003187313667956023,2026-10-05,RTX
14,-0.005421304070254045,2026-10-05,RTX
1,-0.0035283414382843888,2026-10-05,RUN
2,-0.00032157877434301765,2026-10-05,RUN
3,-0.004813792250682917,2026-10-05,RUN
4,-0.012260514353627213,2026-10-05,RUN
5,-0.006934586017798167,2026-10-05,RUN
6,-0.00782774694073333,2026-10-05,RUN
7,-0.0007036751915570088,2026-10-05,RUN
8,-0.010160530178195133,2026-10-05,RUN
9,-0.006158278937834789,2026-10-05,RUN
10,-0.007245533885497455,2026-10-05,RUN
11,-0.01164682311614816,2026-10-05,RUN
12,0.0029073057518117004,2026-10-05,RUN
13,0.006839895407411293,2026-10-05,RUN
14,0.00207223690473647,2026-10-05,RUN
1,-0.0029335973116419787,2026-10-05,RVLV
2,-0.0006782085542003751,2026-10-05,RVLV
3,-0.0046035833679948,2026-10-05,RVLV
4,-0.012185627926017711,2026-10-05,RVLV
5,-0.00421405979401499,2026-10-05,RVLV
6,-0.005325123637885366,2026-10-05,RVLV
7,0.0010662197697451985,2026-10-05,RVLV
8,0.0002880754592296705,2026-10-05,RVLV
9,-0.0024637010342089477,2026-10-05,RVLV
10,-0.004389957139968549,2026-10-05,RVLV
11,-0.004869096437531139,2026-10-05,RVLV
12,0.005378146670496315,2026-10-05,RVLV
13,0.007220099168685526,2026-10-05,RVLV
14,0.00586825130266175,2026-10-05,RVLV
1,-0.00018498750892510525,2026-10-05,RVMD
2,-0.003430021828136961,2026-10-05,RVMD
3,-0.002288076009318795,2026-10-05,RVMD
4,-0.0035554831511472903,2026-10-05,RVMD
5,-0.002453877555976443,2026-10-05,RVMD
6,-0.0005286693324291151,2026-10-05,RVMD
7,-0.007262789714902978,2026-10-05,RVMD
8,-0.007744350597145789,2026-10-05,RVMD
9,0.002463834262300652,2026-10-05,RVMD
10,-0.001829249783479621,2026-10-05,RVMD
11,0.006139762727685877,2026-10-05,RVMD
12,-0.007622312899806583,2026-10-05,RVMD
13,-0.0104362898851629,2026-10-05,RVMD
14,-0.007226452514824729,2026-10-05,RVMD
1,-0.0005824929976028147,2026-10-05,RVTY
2,-0.002557463606111736,2026-10-05,RVTY
3,-0.0024121245952757123,2026-10-05,RVTY
4,-0.003834907910926977,2026-10-05,RVTY
5,-0.0017735712833941188,2026-10-05,RVTY
6,-0.0039372082508708295,2026-10-05,RVTY
7,-0.009647918308812668,2026-10-05,RVTY
8,-0.006622224554586129,2026-10-05,RVTY
9,0.0014008176114872154,2026-10-05,RVTY
10,-0.0009769220093066996,2026-10-05,RVTY
11,0.0023640384486180647,2026-10-05,RVTY
12,-0.004560460599525777,2026-10-05,RVTY
13,-0.008853383362664476,2026-10-05,RVTY
14,-0.007349831757665474,2026-10-05,RVTY
1,-0.00210491071752857,2026-10-05,RWT
2,0.0011092854125589122,2026-10-05,RWT
3,-0.00369105712528354,2026-10-05,RWT
4,-0.009606541187840387,2026-10-05,RWT
5,-0.005866174479663231,2026-10-05,RWT
6,-0.00756637333849161,2026-10-05,RWT
7,0.003820387742263381,2026-10-05,RWT
8,-4.250559433014862e-05,2026-10-05,RWT
9,-0.004913462448187745,2026-10-05,RWT
10,-0.005362481077188783,2026-10-05,RWT
11,-0.0076140606234476925,2026-10-05,RWT
12,0.0030973501644120643,2026-10-05,RWT
13,0.010067851968702846,2026-10-05,RWT
14,0.00282161991047382,2026-10-05,RWT
1,-0.0030757157245279187,2026-10-05,RXRX
2,-0.0004163189418950472,2026-10-05,RXRX
3,-0.004962867928698003,2026-10-05,RXRX
4,-0.010707191327436567,2026-10-05,RXRX
5,-0.00790150370171522,2026-10-05,RXRX
6,-0.008904628938252722,2026-10-05,RXRX
7,0.0010516771360280387,2026-10-05,RXRX
8,-0.0035691939927445264,2026-10-05,RXRX
9,-0.0014765717046714112,2026-10-05,RXRX
10,-0.009774388160248471,2026-10-05,RXRX
11,-0.005346493021937767,2026-10-05,RXRX
12,0.004967338644901786,2026-10-05,RXRX
13,0.005912527643376212,2026-10-05,RXRX
14,0.00467040057318169,2026-10-05,RXRX
1,-0.0007372275922785385,2026-10-05,RYAN
2,-0.002131071401545339,2026-10-05,RYAN
3,-0.0020147030777052993,2026-10-05,RYAN
4,-0.002968749568738405,2026-10-05,RYAN
5,-0.0017370992427462018,2026-10-05,RYAN
6,-0.000517396835018512,2026-10-05,RYAN
7,-0.008728328455042214,2026-10-05,RYAN
8,-0.006703063372644479,2026-10-05,RYAN
9,0.0030407324398349935,2026-10-05,RYAN
10,-0.0003683278809808775,2026-10-05,RYAN
11,0.004240851683347201,2026-10-05,RYAN
12,-0.009862205686122498,2026-10-05,RYAN
13,-0.007546325218017388,2026-10-05,RYAN
14,-0.003905914949685792,2026-10-05,RYAN
1,-0.0006060781278070815,2026-10-05,RYCEY
2,-0.0025910222402190405,2026-10-05,RYCEY
3,-0.0023767181621630025,2026-10-05,RYCEY
4,-0.0013022755370397895,2026-10-05,RYCEY
5,-0.0008458003017784194,2026-10-05,RYCEY
6,-0.0023368472871004146,2026-10-05,RYCEY
7,-0.0068196592650608305,2026-10-05,RYCEY
8,-0.004439479296567934,2026-10-05,RYCEY
9,0.0007049392997049421,2026-10-05,RYCEY
10,-0.002941328113614863,2026-10-05,RYCEY
11,0.006000410964428894,2026-10-05,RYCEY
12,-0.005888575249499667,2026-10-05,RYCEY
13,-0.007146781858828779,2026-10-05,RYCEY
14,-0.0038492563396822803,2026-10-05,RYCEY
1,0.0003200950515142448,2026-10-05,S
2,-0.0030257597715812085,2026-10-05,S
3,-0.0018625454352391893,2026-10-05,S
4,-0.003562265498042217,2026-10-05,S
5,-0.0015847658270977329,2026-10-05,S
6,-0.0028190041040472196,2026-10-05,S
7,-0.0077780530236925905,2026-10-05,S
8,-0.007332985210301689,2026-10-05,S
9,0.000982729262591175,2026-10-05,S
10,-0.0020931183059422426,2026-10-05,S
11,0.0034306420046623888,2026-10-05,S
12,-0.009502285933920305,2026-10-05,S
13,-0.01304581051507625,2026-10-05,S
14,-0.0066288436214510475,2026-10-05,S
1,-0.0045678905457439195,2026-10-05,SABR
2,-0.0001679482061813506,2026-10-05,SABR
3,-0.003493259003604894,2026-10-05,SABR
4,-0.01127803706575148,2026-10-05,SABR
5,-0.0030810813713667133,2026-10-05,SABR
6,-0.004963472714643684,2026-10-05,SABR
7,0.0024532638916436,2026-10-05,SABR
8,0.0022889488644732845,2026-10-05,SABR
9,0.0029172084227994163,2026-10-05,SABR
10,-0.007306080791346861,2026-10-05,SABR
11,-0.0030375887125053728,2026-10-05,SABR
12,0.0004060191563934805,2026-10-05,SABR
13,0.01288903383556392,2026-10-05,SABR
14,0.00040510514062489335,2026-10-05,SABR
1,-0.00018461519610475465,2026-10-05,SAN
2,-0.002379446006428042,2026-10-05,SAN
3,0.002639301871432465,2026-10-05,SAN
4,0.0005057138508158415,2026-10-05,SAN
5,0.001512728008402727,2026-10-05,SAN
6,0.0006706542980537112,2026-10-05,SAN
7,-0.0030852157262652234,2026-10-05,SAN
8,0.0014204158138132275,2026-10-05,SAN
9,-0.002794044506325415,2026-10-05,SAN
10,-0.0013306040156804075,2026-10-05,SAN
11,0.004852426831831452,2026-10-05,SAN
12,0.002055458661185108,2026-10-05,SAN
13,0.002979252173590803,2026-10-05,SAN
14,-0.006203007172113524,2026-10-05,SAN
1,-0.00028910957127137354,2026-10-05,SAP
2,-0.0009155138689206447,2026-10-05,SAP
3,0.0028202991444082836,2026-10-05,SAP
4,0.0004300667504883681,2026-10-05,SAP
5,0.0016444761040290878,2026-10-05,SAP
6,-0.0009067110860168741,2026-10-05,SAP
7,-0.001710880502663944,2026-10-05,SAP
8,0.0002993424317221882,2026-10-05,SAP
9,-0.003383261389362812,2026-10-05,SAP
10,0.0044803928108452535,2026-10-05,SAP
11,0.005710133951968417,2026-10-05,SAP
12,0.0017800268424502837,2026-10-05,SAP
13,0.0025327722301269843,2026-10-05,SAP
14,-0.007412943232625135,2026-10-05,SAP
1,-0.00037186022956798426,2026-10-05,SBAC
2,-0.0022287104146727446,2026-10-05,SBAC
3,-0.0013567014521777495,2026-10-05,SBAC
4,-0.0023415163548210103,2026-10-05,SBAC
5,-0.0038131039346033526,2026-10-05,SBAC
6,-0.001954938055024369,2026-10-05,SBAC
7,-0.008147001584927618,2026-10-05,SBAC
8,-0.005774416959217987,2026-10-05,SBAC
9,0.00013373952064826326,2026-10-05,SBAC
10,-0.0001930357839284599,2026-10-05,SBAC
11,0.0068428634271500794,2026-10-05,SBAC
12,-0.006007400239093566,2026-10-05,SBAC
13,-0.007197906634563834,2026-10-05,SBAC
14,-0.0059628193712172785,2026-10-05,SBAC
1,-0.0017872345268941216,2026-10-05,SBH
2,0.0010773960923285042,2026-10-05,SBH
3,-0.0030433681954680353,2026-10-05,SBH
4,-0.010900069990332602,2026-10-05,SBH
5,-0.010347767540463895,2026-10-05,SBH
6,-0.008443708374905969,2026-10-05,SBH
7,-0.0011846422480128536,2026-10-05,SBH
8,-0.002553992283412731,2026-10-05,SBH
9,-0.0024199294825256786,2026-10-05,SBH
10,-0.0015977510430388252,2026-10-05,SBH
11,-0.007127916097824274,2026-10-05,SBH
12,-0.001964619183508624,2026-10-05,SBH
13,-0.006797292920241807,2026-10-05,SBH
14,-0.0010053260697258295,2026-10-05,SBH
1,-0.0035212504797923756,2026-10-05,SBLK
2,0.0008009479782112081,2026-10-05,SBLK
3,-0.004036614113765755,2026-10-05,SBLK
4,-0.005222509323761491,2026-10-05,SBLK
5,-0.004508720140646331,2026-10-05,SBLK
6,-0.0027966811344676042,2026-10-05,SBLK
7,-0.0029181978057781495,2026-10-05,SBLK
8,-0.0032022130542385253,2026-10-05,SBLK
9,-0.0010623543118408508,2026-10-05,SBLK
10,-0.007692537635632218,2026-10-05,SBLK
11,-0.006053665552034099,2026-10-05,SBLK
12,-0.003125155856246229,2026-10-05,SBLK
13,-0.007346033208920187,2026-10-05,SBLK
14,-0.0012978743968243306,2026-10-05,SBLK
1,-0.00168286303748611,2026-10-05,SBRA
2,0.0011391092893469387,2026-10-05,SBRA
3,-0.003481062886899036,2026-10-05,SBRA
4,-0.008896547073625706,2026-10-05,SBRA
5,-0.004786591648202393,2026-10-05,SBRA
6,-0.0027304500579280987,2026-10-05,SBRA
7,-0.00024053102134907208,2026-10-05,SBRA
8,-0.003477174247312445,2026-10-05,SBRA
9,-0.0032119641010118784,2026-10-05,SBRA
10,-0.0069596715054738075,2026-10-05,SBRA
11,-0.008098883348552736,2026-10-05,SBRA
12,-0.0011734147115950008,2026-10-05,SBRA
13,7.529029417654108e-05,2026-10-05,SBRA
14,-0.0033989546374288706,2026-10-05,SBRA
1,-0.0010080308566794015,2026-10-05,SBS
2,-0.0018764629170353975,2026-10-05,SBS
3,-0.0015609052156707174,2026-10-05,SBS
4,-0.0030386985666540104,2026-10-05,SBS
5,-0.0005080747300704102,2026-10-05,SBS
6,-7.90935515974602e-05,2026-10-05,SBS
7,-0.0100062962478631,2026-10-05,SBS
8,-0.007065871318976579,2026-10-05,SBS
9,0.0020470841935094778,2026-10-05,SBS
10,-0.0014464983837308397,2026-10-05,SBS
11,0.0030103351707798415,2026-10-05,SBS
12,-0.005120999121218192,2026-10-05,SBS
13,-0.007015616878805335,2026-10-05,SBS
14,-0.008023424158932356,2026-10-05,SBS
1,-0.0023602583153558465,2026-10-05,SBSW
2,-0.0012408106397968546,2026-10-05,SBSW
3,-0.006419315642131438,2026-10-05,SBSW
4,-0.007756559191746664,2026-10-05,SBSW
5,-0.0026992301816625044,2026-10-05,SBSW
6,-0.004776597808722059,2026-10-05,SBSW
7,0.0007924299574021763,2026-10-05,SBSW
8,-0.0001792064031446489,2026-10-05,SBSW
9,0.003632068001187534,2026-10-05,SBSW
10,-0.00980406594062921,2026-10-05,SBSW
11,-0.0029176711538697214,2026-10-05,SBSW
12,0.00461958136837045,2026-10-05,SBSW
13,0.013382139451061708,2026-10-05,SBSW
14,0.005195531463301542,2026-10-05,SBSW
1,0.00014130788930897604,2026-10-05,SBUX
2,-0.0012458287158097399,2026-10-05,SBUX
3,0.002210516967821691,2026-10-05,SBUX
4,-0.00053545838835313,2026-10-05,SBUX
5,0.0005823927428465337,2026-10-05,SBUX
6,-0.0013854320816306441,2026-10-05,SBUX
7,-0.0005678816052096193,2026-10-05,SBUX
8,0.00029084270462347754,2026-10-05,SBUX
9,-0.0019896777712100078,2026-10-05,SBUX
10,-0.003121755591140147,2026-10-05,SBUX
11,0.0038820904560931185,2026-10-05,SBUX
12,-0.000682803081225207,2026-10-05,SBUX
13,0.002287597076229155,2026-10-05,SBUX
14,-0.003972344497492466,2026-10-05,SBUX
1,6.837661425522674e-05,2026-10-05,SCCO
2,-0.0016032177634854351,2026-10-05,SCCO
3,0.0020336019156202124,2026-10-05,SCCO
4,0.00043782377960911023,2026-10-05,SCCO
5,-0.0010170791614569185,2026-10-05,SCCO
6,-0.0017630905592945325,2026-10-05,SCCO
7,-0.0010877246408028463,2026-10-05,SCCO
8,0.00029452987603132585,2026-10-05,SCCO
9,-0.000854570344197401,2026-10-05,SCCO
10,-0.0030327362731769497,2026-10-05,SCCO
11,0.0044715995697920344,2026-10-05,SCCO
12,0.0030304069499201784,2026-10-05,SCCO
13,0.001665289015482234,2026-10-05,SCCO
14,-0.004427949977887404,2026-10-05,SCCO
1,-6.658296520007645e-06,2026-10-05,SCHW
2,-0.0008842472949829291,2026-10-05,SCHW
3,0.001864990950096483,2026-10-05,SCHW
4,-0.0005716560420338469,2026-10-05,SCHW
5,0.001932773167638502,2026-10-05,SCHW
6,-0.0001348831285765049,2026-10-05,SCHW
7,-0.001509001495155358,2026-10-05,SCHW
8,0.001822333900063706,2026-10-05,SCHW
9,-0.0034101673313172314,2026-10-05,SCHW
10,0.00022743917509479905,2026-10-05,SCHW
11,0.004442819759934478,2026-10-05,SCHW
12,0.002022560341358925,2026-10-05,SCHW
13,0.0019184847164719894,2026-10-05,SCHW
14,-0.005573239510130973,2026-10-05,SCHW
1,0.00013893076343497856,2026-10-05,SE
2,-0.0009889757362647694,2026-10-05,SE
3,0.0024434500126038748,2026-10-05,SE
4,0.00024141055517053528,2026-10-05,SE
5,-0.0004395329008634966,2026-10-05,SE
6,-0.0029867958275306777,2026-10-05,SE
7,-0.0006040286989709532,2026-10-05,SE
8,-2.9948050450293467e-05,2026-10-05,SE
9,-0.002180970850081055,2026-10-05,SE
10,0.0018169430257687087,2026-10-05,SE
11,0.005350292257952867,2026-10-05,SE
12,0.002956569365061454,2026-10-05,SE
13,0.007364903807385815,2026-10-05,SE
14,0.0007689127315536515,2026-10-05,SE
1,-0.002782049032051662,2026-10-05,SEDG
2,0.0009621185656507837,2026-10-05,SEDG
3,-0.003315115517728576,2026-10-05,SEDG
4,-0.014784623372408275,2026-10-05,SEDG
5,-0.009117339304351204,2026-10-05,SEDG
6,0.004827740205916559,2026-10-05,SEDG
7,0.0017426700555099282,2026-10-05,SEDG
8,-0.000514064592549762,2026-10-05,SEDG
9,0.013755952619118971,2026-10-05,SEDG
10,0.010389102415332292,2026-10-05,SEDG
11,-0.0005581607353700393,2026-10-05,SEDG
12,-0.00048645145367356355,2026-10-05,SEDG
13,-0.0005332865248516822,2026-10-05,SEDG
14,0.01315988261943029,2026-10-05,SEDG
1,-0.0005178788116357403,2026-10-05,SFM
2,-0.0014614050082460302,2026-10-05,SFM
3,-0.002830775710916388,2026-10-05,SFM
4,-0.0016342574937018711,2026-10-05,SFM
5,-0.003238261701557272,2026-10-05,SFM
6,-0.0015125069336360893,2026-10-05,SFM
7,-0.008240562122045556,2026-10-05,SFM
8,-0.0033998196599311064,2026-10-05,SFM
9,-0.0006804885155017339,2026-10-05,SFM
10,-0.0014407025632448063,2026-10-05,SFM
11,0.007818486182698835,2026-10-05,SFM
12,-0.005091663918964157,2026-10-05,SFM
13,-0.010025426031210562,2026-10-05,SFM
14,-0.008778115338198484,2026-10-05,SFM
1,0.0015133749328736178,2026-10-05,SFTBY
2,-0.0015651564023540048,2026-10-05,SFTBY
3,0.002184800468011345,2026-10-05,SFTBY
4,0.0014177866770319514,2026-10-05,SFTBY
5,-0.0026896805174231684,2026-10-05,SFTBY
6,-0.005586293735210816,2026-10-05,SFTBY
7,0.0005715742383078608,2026-10-05,SFTBY
8,0.0015114304151384649,2026-10-05,SFTBY
9,-0.0049628607304804395,2026-10-05,SFTBY
10,-0.001252672534458544,2026-10-05,SFTBY
11,0.006112014424537741,2026-10-05,SFTBY
12,0.005098597631299833,2026-10-05,SFTBY
13,0.0022850305422240365,2026-10-05,SFTBY
14,-0.004243372917768234,2026-10-05,SFTBY
1,-0.0005214128242584335,2026-10-05,SG
2,-0.0020042207193719753,2026-10-05,SG
3,-0.001884852878577121,2026-10-05,SG
4,-0.0016614739402627697,2026-10-05,SG
5,-0.0010391978710208652,2026-10-05,SG
6,-0.0012307647009673214,2026-10-05,SG
7,-0.009126311030997834,2026-10-05,SG
8,-0.0055528140859880636,2026-10-05,SG
9,0.004294830923700289,2026-10-05,SG
10,0.00039180078179505164,2026-10-05,SG
11,0.001945350743063048,2026-10-05,SG
12,-0.004856725895878949,2026-10-05,SG
13,-0.011470017941718128,2026-10-05,SG
14,-0.009737742818741428,2026-10-05,SG
1,-0.002777955856294326,2026-10-05,SHC
2,-8.176462147973219e-05,2026-10-05,SHC
3,-0.0059828866641016745,2026-10-05,SHC
4,-0.00999430998152018,2026-10-05,SHC
5,-0.007807804515624292,2026-10-05,SHC
6,-0.0011837237364468905,2026-10-05,SHC
7,0.0001075614566943066,2026-10-05,SHC
8,-0.0030231800998882737,2026-10-05,SHC
9,-0.008184810309978812,2026-10-05,SHC
10,-0.006164090382653165,2026-10-05,SHC
11,-0.005835705426473264,2026-10-05,SHC
12,0.0026712180754170783,2026-10-05,SHC
13,-0.004168855949770406,2026-10-05,SHC
14,-0.005103628826026673,2026-10-05,SHC
1,0.0005505327112319295,2026-10-05,SHEL
2,-0.0013675786686168517,2026-10-05,SHEL
3,0.002472771615736646,2026-10-05,SHEL
4,-0.00022440085594050826,2026-10-05,SHEL
5,0.00041012266187389224,2026-10-05,SHEL
6,-0.00046779408580039527,2026-10-05,SHEL
7,-0.003653614227884738,2026-10-05,SHEL
8,-0.0032814599108198124,2026-10-05,SHEL
9,-0.0017997282557113883,2026-10-05,SHEL
10,-0.005742068730322173,2026-10-05,SHEL
11,0.004308067190519383,2026-10-05,SHEL
12,0.004143200807301057,2026-10-05,SHEL
13,0.007117235617367986,2026-10-05,SHEL
14,-0.0005687300621766139,2026-10-05,SHEL
1,-0.0029874953219924875,2026-10-05,SHLS
2,0.00033933530231833835,2026-10-05,SHLS
3,-0.004261706923922562,2026-10-05,SHLS
4,-0.012266225697020107,2026-10-05,SHLS
5,-0.006933225827850242,2026-10-05,SHLS
6,-0.008432446160641907,2026-10-05,SHLS
7,-0.001279151387857791,2026-10-05,SHLS
8,-0.010227411411726204,2026-10-05,SHLS
9,-0.0019192958282854362,2026-10-05,SHLS
10,0.0012413978316590918,2026-10-05,SHLS
11,-0.013692854286321787,2026-10-05,SHLS
12,-0.0009269336172757633,2026-10-05,SHLS
13,0.0005753212731304294,2026-10-05,SHLS
14,0.0012130701696583574,2026-10-05,SHLS
1,-0.0019431864029394246,2026-10-05,SHO
2,-0.0006478049845115676,2026-10-05,SHO
3,-0.0027549470101826882,2026-10-05,SHO
4,-0.008428830324065299,2026-10-05,SHO
5,-0.00397993765856291,2026-10-05,SHO
6,-0.003536188179335466,2026-10-05,SHO
7,0.001518341963472438,2026-10-05,SHO
8,-0.005121716460643653,2026-10-05,SHO
9,-0.0038351090921840696,2026-10-05,SHO
10,-0.008530100592440124,2026-10-05,SHO
11,-0.005020240880854624,2026-10-05,SHO
12,0.0006894766777775578,2026-10-05,SHO
13,0.0036667284735331335,2026-10-05,SHO
14,-0.008278453416161102,2026-10-05,SHO
1,-0.00029129994408006674,2026-10-05,SHOP
2,-0.0016437287525458925,2026-10-05,SHOP
3,0.0007802228034101375,2026-10-05,SHOP
4,0.0009754398440338714,2026-10-05,SHOP
5,-0.0018066612243080793,2026-10-05,SHOP
6,0.00033131636115968426,2026-10-05,SHOP
7,-0.002477490408160522,2026-10-05,SHOP
8,0.00013167591192878204,2026-10-05,SHOP
9,-0.0027466319223719638,2026-10-05,SHOP
10,-0.0032611111995642706,2026-10-05,SHOP
11,0.006750971792956239,2026-10-05,SHOP
12,0.0011335826324651841,2026-10-05,SHOP
13,0.0012549626760659383,2026-10-05,SHOP
14,-0.005266339651107452,2026-10-05,SHOP
1,0.0002801282308399655,2026-10-05,SHW
2,-0.0022674726581550756,2026-10-05,SHW
3,0.002935663639569319,2026-10-05,SHW
4,-0.0013196489696902514,2026-10-05,SHW
5,-0.0009804793665390082,2026-10-05,SHW
6,-0.00047880213514189877,2026-10-05,SHW
7,-0.0018277524184381589,2026-10-05,SHW
8,0.0007366112737415515,2026-10-05,SHW
9,-0.0010753738928133345,2026-10-05,SHW
10,-0.0024439960610511957,2026-10-05,SHW
11,0.003485267090351503,2026-10-05,SHW
12,0.00016076269104227752,2026-10-05,SHW
13,0.003213272732688153,2026-10-05,SHW
14,-0.0034198197664377632,2026-10-05,SHW
1,-0.002537386991173265,2026-10-05,SID
2,7.413228023563898e-05,2026-10-05,SID
3,-0.002628729754833805,2026-10-05,SID
4,-0.010337955069711312,2026-10-05,SID
5,-0.007659145464912929,2026-10-05,SID
6,-0.00691467551303075,2026-10-05,SID
7,0.0031556362472896964,2026-10-05,SID
8,-0.0012869556809192043,2026-10-05,SID
9,-0.002542039079735305,2026-10-05,SID
10,-0.0049593598497382025,2026-10-05,SID
11,0.005694541506783257,2026-10-05,SID
12,0.002633752953104541,2026-10-05,SID
13,0.008449138477950103,2026-10-05,SID
14,0.002805757554557148,2026-10-05,SID
1,-0.003393457634722117,2026-10-05,SIG
2,-0.001117594249270689,2026-10-05,SIG
3,-0.0030175833344363192,2026-10-05,SIG
4,-0.009807857980291865,2026-10-05,SIG
5,-0.010026164349673211,2026-10-05,SIG
6,-0.006226485351499616,2026-10-05,SIG
7,-0.0011336712329450059,2026-10-05,SIG
8,-0.0029041405040238747,2026-10-05,SIG
9,-0.008795852035760152,2026-10-05,SIG
10,-0.00628822801458,2026-10-05,SIG
11,0.00021830788824804285,2026-10-05,SIG
12,0.0026013386412768757,2026-10-05,SIG
13,0.00015513292425447178,2026-10-05,SIG
14,-0.001954591351675757,2026-10-05,SIG
1,-0.00011550446509074695,2026-10-05,SIRI
2,-0.0018561842712707336,2026-10-05,SIRI
3,-0.0036625334453461124,2026-10-05,SIRI
4,-0.0010292450313150211,2026-10-05,SIRI
5,-0.005362213009880872,2026-10-05,SIRI
6,-0.006385887924114874,2026-10-05,SIRI
7,-0.009302711127107345,2026-10-05,SIRI
8,-0.006789889877461998,2026-10-05,SIRI
9,-0.0012040199166886414,2026-10-05,SIRI
10,0.0007366659126099579,2026-10-05,SIRI
11,0.004681617768024685,2026-10-05,SIRI
12,-0.0038860396380583245,2026-10-05,SIRI
13,-0.013246280510729163,2026-10-05,SIRI
14,-0.008764414975190102,2026-10-05,SIRI
1,-0.0011919079562686028,2026-10-05,SITC
2,0.0010764061232072175,2026-10-05,SITC
3,-0.001737466169668308,2026-10-05,SITC
4,-0.009482130933156781,2026-10-05,SITC
5,-0.006526807838621737,2026-10-05,SITC
6,-0.0079005913486838,2026-10-05,SITC
7,0.0002594099351781929,2026-10-05,SITC
8,-0.005093363178647412,2026-10-05,SITC
9,-0.007985775577476869,2026-10-05,SITC
10,0.0024840549882066314,2026-10-05,SITC
11,0.0011504029210757257,2026-10-05,SITC
12,-0.004092131554781511,2026-10-05,SITC
13,-0.002342581963466374,2026-10-05,SITC
14,0.002750712199731856,2026-10-05,SITC
1,-0.0004475886565124754,2026-10-05,SJM
2,-0.000526576444676635,2026-10-05,SJM
3,-0.001996861059941124,2026-10-05,SJM
4,-0.0030295324243995426,2026-10-05,SJM
5,-0.0026671818091279355,2026-10-05,SJM
6,-0.002182699571339329,2026-10-05,SJM
7,-0.01230925199239724,2026-10-05,SJM
8,-0.005643791845438244,2026-10-05,SJM
9,-7.319893624248477e-05,2026-10-05,SJM
10,-0.001573665143131783,2026-10-05,SJM
11,0.0024430624186207355,2026-10-05,SJM
12,-0.004760200855908829,2026-10-05,SJM
13,-0.007282828128473121,2026-10-05,SJM
14,-0.006957424375023916,2026-10-05,SJM
1,-0.0021537006955184104,2026-10-05,SKT
2,0.00019298135638412685,2026-10-05,SKT
3,-0.002030004756429462,2026-10-05,SKT
4,-0.008475023575265955,2026-10-05,SKT
5,-0.006783446719254565,2026-10-05,SKT
6,-0.002322332771074996,2026-10-05,SKT
7,0.0003242983416454122,2026-10-05,SKT
8,-0.00440076861458306,2026-10-05,SKT
9,0.00040623307556088316,2026-10-05,SKT
10,-0.009830733868580957,2026-10-05,SKT
11,-0.002408320886746028,2026-10-05,SKT
12,0.000617756381461381,2026-10-05,SKT
13,-0.00036202107206014927,2026-10-05,SKT
14,-0.0013678256556349199,2026-10-05,SKT
1,-0.00024006564248269717,2026-10-05,SLB
2,-0.0016061906561140023,2026-10-05,SLB
3,0.004553667049379996,2026-10-05,SLB
4,-5.057283132495865e-05,2026-10-05,SLB
5,0.0037191967295788814,2026-10-05,SLB
6,-0.0011164152603313298,2026-10-05,SLB
7,-0.0019076162809294557,2026-10-05,SLB
8,0.0007908872821602061,2026-10-05,SLB
9,-0.00389359721765893,2026-10-05,SLB
10,-0.00019299086002793784,2026-10-05,SLB
11,0.0030144202360338304,2026-10-05,SLB
12,0.0022187298377058353,2026-10-05,SLB
13,0.0016627715821707274,2026-10-05,SLB
14,-0.004389962622138295,2026-10-05,SLB
1,-0.0009648968666002444,2026-10-05,SLF
2,-0.0022065357582873586,2026-10-05,SLF
3,-0.0009796446659688489,2026-10-05,SLF
4,-0.002935482930842694,2026-10-05,SLF
5,-0.0015932902707694735,2026-10-05,SLF
6,-0.0029662433110681,2026-10-05,SLF
7,-0.006931259417290954,2026-10-05,SLF
8,-0.0034692698643511537,2026-10-05,SLF
9,0.0009755911864435815,2026-10-05,SLF
10,-0.004282868540154297,2026-10-05,SLF
11,0.006170665862624829,2026-10-05,SLF
12,-0.005981878372740375,2026-10-05,SLF
13,-0.005681225082579164,2026-10-05,SLF
14,-0.0063986962770768,2026-10-05,SLF
1,-0.0002466698414263372,2026-10-05,SLG
2,-0.002000724693293513,2026-10-05,SLG
3,-0.0015733406891300088,2026-10-05,SLG
4,-0.0015013619781747488,2026-10-05,SLG
5,-0.0013183327664776662,2026-10-05,SLG
6,-0.0027995531948842,2026-10-05,SLG
7,-0.008839893403484166,2026-10-05,SLG
8,-0.005086362374833061,2026-10-05,SLG
9,0.000784726210338107,2026-10-05,SLG
10,-0.00370236927914905,2026-10-05,SLG
11,0.005612141015318584,2026-10-05,SLG
12,-0.00852779082905489,2026-10-05,SLG
13,-0.009445522395685042,2026-10-05,SLG
14,-0.004613222734698322,2026-10-05,SLG
1,-0.0027192315723978135,2026-10-05,SLM
2,0.0005147423343681415,2026-10-05,SLM
3,-0.002122208705047127,2026-10-05,SLM
4,-0.011758664450670968,2026-10-05,SLM
5,-0.005307849798488032,2026-10-05,SLM
6,-0.005658535209720142,2026-10-05,SLM
7,0.00024655333635740834,2026-10-05,SLM
8,0.00431024976551151,2026-10-05,SLM
9,-0.006805785768371421,2026-10-05,SLM
10,-0.009593035612508282,2026-10-05,SLM
11,-0.008497884175088406,2026-10-05,SLM
12,-0.005638762218860685,2026-10-05,SLM
13,0.005029508165975308,2026-10-05,SLM
14,0.0023500342572296174,2026-10-05,SLM
1,-0.0009495845454238908,2026-10-05,SM
2,-0.0021087909906885604,2026-10-05,SM
3,-0.0027932547002907865,2026-10-05,SM
4,-0.002148464667500749,2026-10-05,SM
5,-0.0013093109973348492,2026-10-05,SM
6,-0.002578720700393583,2026-10-05,SM
7,-0.005433522942179423,2026-10-05,SM
8,-0.004121477043239579,2026-10-05,SM
9,-0.001280195338550989,2026-10-05,SM
10,-0.002317022158881526,2026-10-05,SM
11,0.0012857373397842375,2026-10-05,SM
12,-0.007847348189859427,2026-10-05,SM
13,-0.00586971685150776,2026-10-05,SM
14,-0.0055088525327913074,2026-10-05,SM
1,0.0015463479773815036,2026-10-05,SMCI
2,-0.004312308423663585,2026-10-05,SMCI
3,-0.002062200998532387,2026-10-05,SMCI
4,0.002825444484241118,2026-10-05,SMCI
5,0.007660614135409039,2026-10-05,SMCI
6,-0.00584148826884316,2026-10-05,SMCI
7,-0.01048803723764745,2026-10-05,SMCI
8,-0.0027615371457381855,2026-10-05,SMCI
9,0.005458624752382933,2026-10-05,SMCI
10,0.008368934087042729,2026-10-05,SMCI
11,-0.0016599199633968264,2026-10-05,SMCI
12,-0.011149858799261551,2026-10-05,SMCI
13,-0.0063643389478831225,2026-10-05,SMCI
14,-0.0050391591842981415,2026-10-05,SMCI
1,-0.00025507992684783824,2026-10-05,SMFG
2,-0.0009659545171840078,2026-10-05,SMFG
3,0.0029995916287285903,2026-10-05,SMFG
4,0.0011521535967580288,2026-10-05,SMFG
5,0.00040566372863893197,2026-10-05,SMFG
6,-0.0014333235035217592,2026-10-05,SMFG
7,-0.0033303137594205444,2026-10-05,SMFG
8,-0.0004956809803090993,2026-10-05,SMFG
9,-0.0016878625332453785,2026-10-05,SMFG
10,-0.0007604869278086922,2026-10-05,SMFG
11,0.005391347472484393,2026-10-05,SMFG
12,0.004587185501107358,2026-10-05,SMFG
13,0.0022049064669147364,2026-10-05,SMFG
14,-0.004078725640013548,2026-10-05,SMFG
1,-0.004175930853511117,2026-10-05,SMG
2,-0.0008007097779731575,2026-10-05,SMG
3,-0.004027473437219808,2026-10-05,SMG
4,-0.011102657736886665,2026-10-05,SMG
5,-0.004691987172017989,2026-10-05,SMG
6,-0.005278179678274645,2026-10-05,SMG
7,0.0034088011537688665,2026-10-05,SMG
8,-0.0019861099567790087,2026-10-05,SMG
9,-0.000888497133569764,2026-10-05,SMG
10,-0.008027211534233634,2026-10-05,SMG
11,-0.011763967069886694,2026-10-05,SMG
12,0.004650499289273495,2026-10-05,SMG
13,0.002493638286851951,2026-10-05,SMG
14,0.0015852092414265432,2026-10-05,SMG
1,-0.002865770905128055,2026-10-05,SMR
2,0.0012934081127322246,2026-10-05,SMR
3,-0.003407285850189427,2026-10-05,SMR
4,-0.013801874338649376,2026-10-05,SMR
5,-0.009326630466631316,2026-10-05,SMR
6,0.006145212192411495,2026-10-05,SMR
7,-0.0002825603730211747,2026-10-05,SMR
8,-0.002190224703973275,2026-10-05,SMR
9,0.011505498986197992,2026-10-05,SMR
10,0.012627652828677293,2026-10-05,SMR
11,-0.0011193220655252964,2026-10-05,SMR
12,-0.0012254132794906089,2026-10-05,SMR
13,-0.0036379642069573775,2026-10-05,SMR
14,0.012673409943433352,2026-10-05,SMR
1,-0.0036004402828626017,2026-10-05,SMTC
2,-0.00040407716949349284,2026-10-05,SMTC
3,-0.0036146695358296155,2026-10-05,SMTC
4,-0.012954739785849196,2026-10-05,SMTC
5,-0.01112497157163417,2026-10-05,SMTC
6,-0.0053581622086555465,2026-10-05,SMTC
7,-0.0018604874760875078,2026-10-05,SMTC
8,-0.011715556668270172,2026-10-05,SMTC
9,-0.0014208311524391494,2026-10-05,SMTC
10,0.002641568224997848,2026-10-05,SMTC
11,-0.01704024110026262,2026-10-05,SMTC
12,0.00014372014616432173,2026-10-05,SMTC
13,0.0015145637969947074,2026-10-05,SMTC
14,0.005570233379778576,2026-10-05,SMTC
1,-0.00040432423277698683,2026-10-05,SN
2,-0.002505996662437938,2026-10-05,SN
3,-0.002898522305328215,2026-10-05,SN
4,-0.007202872579552256,2026-10-05,SN
5,-0.002096436011577517,2026-10-05,SN
6,-0.001115760243356942,2026-10-05,SN
7,-0.011728776948304867,2026-10-05,SN
8,-0.006470878107982237,2026-10-05,SN
9,0.0017321153121038846,2026-10-05,SN
10,-0.0037988326485922457,2026-10-05,SN
11,0.002905984801509126,2026-10-05,SN
12,-0.002832459577568763,2026-10-05,SN
13,-0.009400665220228161,2026-10-05,SN
14,-0.005859249408149614,2026-10-05,SN
1,0.0005444993377866638,2026-10-05,SNAP
2,-0.0029820298631319966,2026-10-05,SNAP
3,-0.002111442377283519,2026-10-05,SNAP
4,-0.004293436142837363,2026-10-05,SNAP
5,-0.0018893814388686587,2026-10-05,SNAP
6,-0.004355829587860646,2026-10-05,SNAP
7,-0.013383473893209305,2026-10-05,SNAP
8,-0.004887404841645376,2026-10-05,SNAP
9,0.0005106294948931006,2026-10-05,SNAP
10,-0.003931422512063398,2026-10-05,SNAP
11,0.0005837941233518913,2026-10-05,SNAP
12,-0.008770759934667152,2026-10-05,SNAP
13,-0.011790138974114869,2026-10-05,SNAP
14,-0.00485852812979736,2026-10-05,SNAP
1,-0.003266071838148271,2026-10-05,SNDX
2,-0.0007277833832959256,2026-10-05,SNDX
3,-0.002195341719430393,2026-10-05,SNDX
4,-0.009711882058382736,2026-10-05,SNDX
5,-0.006813743067353566,2026-10-05,SNDX
6,-0.008099883021012815,2026-10-05,SNDX
7,-0.0027990174309955756,2026-10-05,SNDX
8,-0.006006369093117991,2026-10-05,SNDX
9,-0.0026837108726353214,2026-10-05,SNDX
10,-0.006222207280606716,2026-10-05,SNDX
11,-0.005214916356518462,2026-10-05,SNDX
12,-0.00021246700893457333,2026-10-05,SNDX
13,3.5355654126342254e-05,2026-10-05,SNDX
14,0.0013908535818070629,2026-10-05,SNDX
1,-4.74622805516166e-05,2026-10-05,SNOW
2,-0.0019608561964068708,2026-10-05,SNOW
3,-0.0021460379186981978,2026-10-05,SNOW
4,-0.003469230697742766,2026-10-05,SNOW
5,-0.0018040671649829398,2026-10-05,SNOW
6,-0.002936748004687132,2026-10-05,SNOW
7,-0.007273185096053638,2026-10-05,SNOW
8,-0.005167535650335456,2026-10-05,SNOW
9,5.157047273528883e-05,2026-10-05,SNOW
10,-0.0017373420638806536,2026-10-05,SNOW
11,0.0072838872642813,2026-10-05,SNOW
12,-0.010153393158810803,2026-10-05,SNOW
13,-0.012123516785217883,2026-10-05,SNOW
14,-0.006590057577296366,2026-10-05,SNOW
1,-3.123761987785401e-05,2026-10-05,SNPS
2,-0.0009167132738124951,2026-10-05,SNPS
3,0.002934490540468259,2026-10-05,SNPS
4,-0.0004458509459344869,2026-10-05,SNPS
5,0.003875537559891464,2026-10-05,SNPS
6,-0.00025462070078978454,2026-10-05,SNPS
7,-0.0019700982459398783,2026-10-05,SNPS
8,0.0014706013623301973,2026-10-05,SNPS
9,-0.004687939037908474,2026-10-05,SNPS
10,0.004299433925853375,2026-10-05,SNPS
11,0.0046045321613781935,2026-10-05,SNPS
12,0.00036400566274345444,2026-10-05,SNPS
13,0.0034193483866377266,2026-10-05,SNPS
14,-0.006844651200908166,2026-10-05,SNPS
1,0.000369883687589592,2026-10-05,SNY
2,-0.001557545276200362,2026-10-05,SNY
3,0.002940187908436419,2026-10-05,SNY
4,-0.0006866934453253236,2026-10-05,SNY
5,8.944898459893303e-05,2026-10-05,SNY
6,-0.0011650632937348848,2026-10-05,SNY
7,-0.0013961665448679493,2026-10-05,SNY
8,0.00261872071626458,2026-10-05,SNY
9,-0.0005346536725629211,2026-10-05,SNY
10,-0.0027077982064003542,2026-10-05,SNY
11,0.005001667203241564,2026-10-05,SNY
12,0.0002480938131966852,2026-10-05,SNY
13,0.0028897994274315135,2026-10-05,SNY
14,-0.0035808035257705994,2026-10-05,SNY
1,0.00022268265240585363,2026-10-05,SO
2,-0.0012396693228850584,2026-10-05,SO
3,0.002998273240175779,2026-10-05,SO
4,-0.0013571741828652091,2026-10-05,SO
5,0.0007499316479423555,2026-10-05,SO
6,-0.0018828310121774402,2026-10-05,SO
7,-0.0022999827405184806,2026-10-05,SO
8,0.001762361838272462,2026-10-05,SO
9,-0.0019714905451089287,2026-10-05,SO
10,0.00017804955813990347,2026-10-05,SO
11,0.005047671635802625,2026-10-05,SO
12,0.0006285377069185977,2026-10-05,SO
13,0.002340708448196091,2026-10-05,SO
14,-0.004154563133081778,2026-10-05,SO
1,-0.0001830867240209152,2026-10-05,SOFI
2,-0.0019848904954593376,2026-10-05,SOFI
3,-0.001161115604182971,2026-10-05,SOFI
4,-0.002961406216063845,2026-10-05,SOFI
5,-0.000425633993134224,2026-10-05,SOFI
6,-0.0014927748390146788,2026-10-05,SOFI
7,-0.00893387625424449,2026-10-05,SOFI
8,-0.006650176333171297,2026-10-05,SOFI
9,0.0025993243433753044,2026-10-05,SOFI
10,-0.002597668708391068,2026-10-05,SOFI
11,0.0031403710510964715,2026-10-05,SOFI
12,-0.010650262919865995,2026-10-05,SOFI
13,-0.01027093985975125,2026-10-05,SOFI
14,-0.0052305369956591186,2026-10-05,SOFI
1,-3.316695514610394e-05,2026-10-05,SON
2,-0.0014394192451687455,2026-10-05,SON
3,-0.0038697240724221366,2026-10-05,SON
4,-0.0018764524646395103,2026-10-05,SON
5,-0.0008663654070511053,2026-10-05,SON
6,-0.003556462529488698,2026-10-05,SON
7,-0.009204876071717284,2026-10-05,SON
8,-0.005713655222574089,2026-10-05,SON
9,0.0008610965423297523,2026-10-05,SON
10,0.0013911555467439086,2026-10-05,SON
11,0.0021841063355154903,2026-10-05,SON
12,-0.0074685396101069725,2026-10-05,SON
13,-0.00877278056875642,2026-10-05,SON
14,-0.0052518863429018075,2026-10-05,SON
1,-0.0024946743921881857,2026-10-05,SONO
2,-0.0003112640964307447,2026-10-05,SONO
3,-0.001709615229276592,2026-10-05,SONO
4,-0.011450782492360284,2026-10-05,SONO
5,-0.0033371955837823144,2026-10-05,SONO
6,-0.0042335186835553585,2026-10-05,SONO
7,0.0015426192740214352,2026-10-05,SONO
8,-0.004252187489227452,2026-10-05,SONO
9,-0.005107022751544965,2026-10-05,SONO
10,-0.009394775115235596,2026-10-05,SONO
11,-0.008280829509868822,2026-10-05,SONO
12,-0.0006391076135488263,2026-10-05,SONO
13,0.005514392677481655,2026-10-05,SONO
14,-0.0060714006128869845,2026-10-05,SONO
1,0.0004719179031785144,2026-10-05,SONY
2,-0.0001938647495815904,2026-10-05,SONY
3,0.002252900060654766,2026-10-05,SONY
4,0.004304119503953634,2026-10-05,SONY
5,0.0037145870773526487,2026-10-05,SONY
6,-0.0008222796430873535,2026-10-05,SONY
7,-0.002500302360808464,2026-10-05,SONY
8,0.004356910506194492,2026-10-05,SONY
9,-0.0010643769210818795,2026-10-05,SONY
10,-0.001146752516237259,2026-10-05,SONY
11,0.0044754015468155255,2026-10-05,SONY
12,0.0025789567535094357,2026-10-05,SONY
13,0.003360674554206291,2026-10-05,SONY
14,-0.004940486659747675,2026-10-05,SONY
1,-0.004064793453337111,2026-10-05,SOUN
2,-0.001235189303873434,2026-10-05,SOUN
3,-0.0041517500601262304,2026-10-05,SOUN
4,-0.012036183140435176,2026-10-05,SOUN
5,-0.007779314988251361,2026-10-05,SOUN
6,-0.004822798335951746,2026-10-05,SOUN
7,0.0019913331540801914,2026-10-05,SOUN
8,0.0009588525113198889,2026-10-05,SOUN
9,-0.0006833694651471855,2026-10-05,SOUN
10,-0.011667861081593199,2026-10-05,SOUN
11,-0.001926308811997614,2026-10-05,SOUN
12,0.0024670447705928563,2026-10-05,SOUN
13,0.012229312938783944,2026-10-05,SOUN
14,0.004666018916438355,2026-10-05,SOUN
1,1.7484730031194077e-07,2026-10-05,SPG
2,-0.0016360703387799398,2026-10-05,SPG
3,0.0019587967860550965,2026-10-05,SPG
4,1.221983532530861e-06,2026-10-05,SPG
5,-0.00046958157295055544,2026-10-05,SPG
6,-0.0014011073241249918,2026-10-05,SPG
7,-0.0015904900817700792,2026-10-05,SPG
8,0.000408210454775265,2026-10-05,SPG
9,-0.0015261164874310993,2026-10-05,SPG
10,-0.0009709188097346608,2026-10-05,SPG
11,0.004167438360507083,2026-10-05,SPG
12,0.000392336138684298,2026-10-05,SPG
13,0.003534348065679676,2026-10-05,SPG
14,-0.0037500804658523556,2026-10-05,SPG
1,5.0999989105263735e-05,2026-10-05,SPGI
2,-0.0023965596594340568,2026-10-05,SPGI
3,0.0027320759551547557,2026-10-05,SPGI
4,-0.00038476528486004367,2026-10-05,SPGI
5,0.0021462532372399086,2026-10-05,SPGI
6,0.000356034031458443,2026-10-05,SPGI
7,-0.0038660163163553676,2026-10-05,SPGI
8,0.001354838789791161,2026-10-05,SPGI
9,-0.0026251144384711583,2026-10-05,SPGI
10,-0.0029882618291165422,2026-10-05,SPGI
11,0.0055956365520210445,2026-10-05,SPGI
12,0.0015629024071038963,2026-10-05,SPGI
13,0.0005082426437021198,2026-10-05,SPGI
14,-0.005743348241821931,2026-10-05,SPGI
1,0.0005959928538645383,2026-10-05,SPOT
2,-0.0017171520074068904,2026-10-05,SPOT
3,0.002607620363884439,2026-10-05,SPOT
4,0.001842225973075292,2026-10-05,SPOT
5,0.001966138403291627,2026-10-05,SPOT
6,0.00014985695524210397,2026-10-05,SPOT
7,0.0013029242456875825,2026-10-05,SPOT
8,-0.000932675324851643,2026-10-05,SPOT
9,-0.000559917974544081,2026-10-05,SPOT
10,-0.001688194812974551,2026-10-05,SPOT
11,0.007219902711385043,2026-10-05,SPOT
12,0.0068862272567647475,2026-10-05,SPOT
13,0.001947265606636339,2026-10-05,SPOT
14,-0.005617534733751327,2026-10-05,SPOT
1,-0.0016869600799645284,2026-10-05,SPY
2,-0.00042942488035153557,2026-10-05,SPY
3,-0.002767055842005531,2026-10-05,SPY
4,-0.00986248737445213,2026-10-05,SPY
5,-0.006935934181950044,2026-10-05,SPY
6,-0.0034311051117613925,2026-10-05,SPY
7,0.003521362853191459,2026-10-05,SPY
8,-0.001399775757020055,2026-10-05,SPY
9,5.215309111372691e-06,2026-10-05,SPY
10,-0.007819775690605732,2026-10-05,SPY
11,-0.009062965491073185,2026-10-05,SPY
12,-0.0006540404304393733,2026-10-05,SPY
13,-0.0013446893758218695,2026-10-05,SPY
14,-0.0069027133265396464,2026-10-05,SPY
1,-0.0005409326572413404,2026-10-05,SQM
2,-0.0011582310057652466,2026-10-05,SQM
3,-0.0027417555937416585,2026-10-05,SQM
4,-0.000668597024511072,2026-10-05,SQM
5,-0.0026271104722589643,2026-10-05,SQM
6,-0.00045148991824294225,2026-10-05,SQM
7,-0.013468914203256332,2026-10-05,SQM
8,-0.0039865003465609245,2026-10-05,SQM
9,-0.002027273277852729,2026-10-05,SQM
10,-0.0010584973050996383,2026-10-05,SQM
11,0.0020928366990015023,2026-10-05,SQM
12,-0.0034935831701020234,2026-10-05,SQM
13,-0.008961392725929664,2026-10-05,SQM
14,-0.008217130114157778,2026-10-05,SQM
1,-0.0004719739349131382,2026-10-05,SRE
2,-0.0020568420312385392,2026-10-05,SRE
3,-0.0015128950284719542,2026-10-05,SRE
4,-0.002978083649649445,2026-10-05,SRE
5,-0.0016488561938848294,2026-10-05,SRE
6,-0.0010920088364922563,2026-10-05,SRE
7,-0.009247362478988264,2026-10-05,SRE
8,-0.0048922244236929225,2026-10-05,SRE
9,0.0013921078523849739,2026-10-05,SRE
10,-0.0038452408274332658,2026-10-05,SRE
11,0.004750556148573721,2026-10-05,SRE
12,-0.009534918412188736,2026-10-05,SRE
13,-0.007810704233792878,2026-10-05,SRE
14,-0.006095780250843389,2026-10-05,SRE
1,-0.0005910473780701169,2026-10-05,SRPT
2,-0.0033157924040732255,2026-10-05,SRPT
3,-0.0017073589762733766,2026-10-05,SRPT
4,-0.0023940659398294993,2026-10-05,SRPT
5,-0.0032005192455895966,2026-10-05,SRPT
6,-0.0013828976186594148,2026-10-05,SRPT
7,-0.010829267256210895,2026-10-05,SRPT
8,-0.004493959917927392,2026-10-05,SRPT
9,0.0004664250392074301,2026-10-05,SRPT
10,-0.003004631499515774,2026-10-05,SRPT
11,0.004107576332317457,2026-10-05,SRPT
12,-0.006832694348405894,2026-10-05,SRPT
13,-0.009399064448879606,2026-10-05,SRPT
14,-0.006038999889766725,2026-10-05,SRPT
1,-0.0008817876553861719,2026-10-05,SSNC
2,-0.002131685924273082,2026-10-05,SSNC
3,-0.0020950754672562884,2026-10-05,SSNC
4,-0.003628302473385356,2026-10-05,SSNC
5,-0.0015299803638987846,2026-10-05,SSNC
6,-0.0018460206630151817,2026-10-05,SSNC
7,-0.00959271844560658,2026-10-05,SSNC
8,-0.00661353210533442,2026-10-05,SSNC
9,0.0017257783910275854,2026-10-05,SSNC
10,-6.942363265471762e-05,2026-10-05,SSNC
11,0.003547739315253605,2026-10-05,SSNC
12,-0.003832648894329426,2026-10-05,SSNC
13,-0.006940815327400963,2026-10-05,SSNC
14,-0.00632821493313749,2026-10-05,SSNC
1,-0.0028397863669220747,2026-10-05,SSRM
2,-0.000694192392049396,2026-10-05,SSRM
3,-0.006459571237598724,2026-10-05,SSRM
4,-0.008030061817000127,2026-10-05,SSRM
5,-0.0017937304184066606,2026-10-05,SSRM
6,-0.0068478316093620204,2026-10-05,SSRM
7,0.003171163026193927,2026-10-05,SSRM
8,-0.00269310196081994,2026-10-05,SSRM
9,0.0031165434920076168,2026-10-05,SSRM
10,-0.00508648872054894,2026-10-05,SSRM
11,-0.006417506461238881,2026-10-05,SSRM
12,0.007245148123219368,2026-10-05,SSRM
13,0.008843726030381336,2026-10-05,SSRM
14,0.004470561461640076,2026-10-05,SSRM
1,-0.000767822850612786,2026-10-05,ST
2,-0.0015889017260271039,2026-10-05,ST
3,-0.0015829152505632568,2026-10-05,ST
4,-0.0029373981931929,2026-10-05,ST
5,0.001405114678830058,2026-10-05,ST
6,-0.000693484699732439,2026-10-05,ST
7,-0.00797863859710728,2026-10-05,ST
8,-0.007006854805996375,2026-10-05,ST
9,0.0006356262554202877,2026-10-05,ST
10,-0.004516721025270207,2026-10-05,ST
11,0.0075607780073368306,2026-10-05,ST
12,-0.008569517112452046,2026-10-05,ST
13,-0.011644462117202683,2026-10-05,ST
14,-0.004834221700655528,2026-10-05,ST
1,-9.809851096410304e-05,2026-10-05,STAG
2,-0.0026189954584980384,2026-10-05,STAG
3,-0.0012470107541406002,2026-10-05,STAG
4,-0.003289951416233914,2026-10-05,STAG
5,-0.0015259006687699378,2026-10-05,STAG
6,-0.002979055937805037,2026-10-05,STAG
7,-0.006465604882392719,2026-10-05,STAG
8,-0.0039046763402982593,2026-10-05,STAG
9,0.00016400516556648172,2026-10-05,STAG
10,-0.0015702166479094034,2026-10-05,STAG
11,0.006005826719293941,2026-10-05,STAG
12,-0.006524002889536948,2026-10-05,STAG
13,-0.006287597407804261,2026-10-05,STAG
14,-0.005054378171047582,2026-10-05,STAG
1,-0.0021935177571159497,2026-10-05,STEP
2,0.0007018563394170849,2026-10-05,STEP
3,-0.006170575719208833,2026-10-05,STEP
4,-0.009551652479965938,2026-10-05,STEP
5,-0.004951978051219297,2026-10-05,STEP
6,-0.005141424100014639,2026-10-05,STEP
7,0.0016288930559710659,2026-10-05,STEP
8,0.0019367147733973739,2026-10-05,STEP
9,0.0001980567611739468,2026-10-05,STEP
10,-0.006473366864126299,2026-10-05,STEP
11,-0.004327106912173438,2026-10-05,STEP
12,0.005122913878894896,2026-10-05,STEP
13,0.006717163011194971,2026-10-05,STEP
14,0.0048604130684720805,2026-10-05,STEP
1,0.00015721035419055625,2026-10-05,STLA
2,-0.00020342131509463624,2026-10-05,STLA
3,0.0011367897188597396,2026-10-05,STLA
4,0.0013055490537988764,2026-10-05,STLA
5,0.003178428605754833,2026-10-05,STLA
6,-0.001870326408525276,2026-10-05,STLA
7,-0.0011005759979715824,2026-10-05,STLA
8,0.0003518066849883034,2026-10-05,STLA
9,0.00042501183224916627,2026-10-05,STLA
10,-0.00014180898676036422,2026-10-05,STLA
11,0.005673193754190296,2026-10-05,STLA
12,0.003563217458437864,2026-10-05,STLA
13,0.005908443297483977,2026-10-05,STLA
14,-0.0009067063557494589,2026-10-05,STLA
1,0.0004361790312505542,2026-10-05,STLD
2,-0.0019441657587517848,2026-10-05,STLD
3,-0.0023848728966348607,2026-10-05,STLD
4,-0.0017021747283783172,2026-10-05,STLD
5,0.0019308185832205935,2026-10-05,STLD
6,-0.003654358684524187,2026-10-05,STLD
7,-0.006676338679993273,2026-10-05,STLD
8,-0.0039930892708478025,2026-10-05,STLD
9,7.950959134021392e-05,2026-10-05,STLD
10,-0.0011319689229492827,2026-10-05,STLD
11,0.004294303534200277,2026-10-05,STLD
12,-0.008342306170515155,2026-10-05,STLD
13,-0.010652794645714184,2026-10-05,STLD
14,-0.0032621851107951997,2026-10-05,STLD
1,-0.0004101678707248761,2026-10-05,STM
2,-0.001281932849315072,2026-10-05,STM
3,-0.0013100414670916718,2026-10-05,STM
4,-0.0006919379445225756,2026-10-05,STM
5,-0.0016892889614601371,2026-10-05,STM
6,-0.00424891458278141,2026-10-05,STM
7,-0.0083419816584683,2026-10-05,STM
8,-0.007195255448616345,2026-10-05,STM
9,-0.0010791045579543618,2026-10-05,STM
10,-0.0016793331192589164,2026-10-05,STM
11,0.0006533784208994073,2026-10-05,STM
12,-0.002399182329093047,2026-10-05,STM
13,-0.009868882796898307,2026-10-05,STM
14,-0.007180874799942791,2026-10-05,STM
1,-0.004404904715237696,2026-10-05,STNE
2,0.0003846070438572063,2026-10-05,STNE
3,-0.005099941095689399,2026-10-05,STNE
4,-0.011386038034117262,2026-10-05,STNE
5,-0.00375894433160382,2026-10-05,STNE
6,-0.005619773094298655,2026-10-05,STNE
7,0.0039150372757308935,2026-10-05,STNE
8,-0.0010529711218742845,2026-10-05,STNE
9,-0.003919762380567205,2026-10-05,STNE
10,-0.008044364771196867,2026-10-05,STNE
11,-0.0033673657710583307,2026-10-05,STNE
12,-0.001078532770037129,2026-10-05,STNE
13,0.012719217309426671,2026-10-05,STNE
14,0.004469932994087899,2026-10-05,STNE
1,0.0003246077478072869,2026-10-05,STNG
2,-0.002424464572472439,2026-10-05,STNG
3,-0.0025504163544859348,2026-10-05,STNG
4,-0.003274299475605157,2026-10-05,STNG
5,-0.002023572308332913,2026-10-05,STNG
6,-0.0014133028890764296,2026-10-05,STNG
7,-0.011064883457271663,2026-10-05,STNG
8,-0.004485649283320656,2026-10-05,STNG
9,0.0019838917063842365,2026-10-05,STNG
10,-0.002303335446538548,2026-10-05,STNG
11,0.002226093277180146,2026-10-05,STNG
12,-0.0059536491280104435,2026-10-05,STNG
13,-0.007038404347670744,2026-10-05,STNG
14,-0.004974630630984187,2026-10-05,STNG
1,-0.0003188534326521101,2026-10-05,STT
2,-0.002097990992187327,2026-10-05,STT
3,-0.001269369446190654,2026-10-05,STT
4,-0.0013035685903549186,2026-10-05,STT
5,-0.0018146762660014954,2026-10-05,STT
6,-0.0015463525022012957,2026-10-05,STT
7,-0.008963839615214988,2026-10-05,STT
8,-0.0057417325328090055,2026-10-05,STT
9,-0.0018430172688696862,2026-10-05,STT
10,-0.0017152544029151852,2026-10-05,STT
11,0.006069020358544688,2026-10-05,STT
12,-0.007774056106853612,2026-10-05,STT
13,-0.00890750390361939,2026-10-05,STT
14,-0.005551590293686619,2026-10-05,STT
1,-0.00028788447698275616,2026-10-05,STWD
2,-0.0024982644956626143,2026-10-05,STWD
3,-0.0022469512321489434,2026-10-05,STWD
4,-0.0023190185724803708,2026-10-05,STWD
5,-0.0019037670237612983,2026-10-05,STWD
6,0.0007294873126645681,2026-10-05,STWD
7,-0.0051860144400047905,2026-10-05,STWD
8,-0.004709163361887105,2026-10-05,STWD
9,-0.0028404487366146497,2026-10-05,STWD
10,-0.004071480792566018,2026-10-05,STWD
11,0.004095593159909662,2026-10-05,STWD
12,-0.007070505288194041,2026-10-05,STWD
13,-0.0074425805643628185,2026-10-05,STWD
14,-0.00594067494063359,2026-10-05,STWD
1,-0.00021420700510401154,2026-10-05,STX
2,-0.0027267748320806396,2026-10-05,STX
3,-0.000635275609687344,2026-10-05,STX
4,0.0008807820091718885,2026-10-05,STX
5,0.011557437256706141,2026-10-05,STX
6,0.001502688461098721,2026-10-05,STX
7,-0.004205331025849562,2026-10-05,STX
8,-0.003486876445358368,2026-10-05,STX
9,0.0016999233090602371,2026-10-05,STX
10,0.001245160700178901,2026-10-05,STX
11,0.008897883716058309,2026-10-05,STX
12,-0.007365852682582318,2026-10-05,STX
13,-0.01141671227719107,2026-10-05,STX
14,-0.0008841804750768899,2026-10-05,STX
1,-0.00010131920120017223,2026-10-05,STZ
2,-0.0024387038023664528,2026-10-05,STZ
3,-0.0014543604204465123,2026-10-05,STZ
4,-0.0036291782568944326,2026-10-05,STZ
5,-0.003293701641779946,2026-10-05,STZ
6,-0.0024801712446170985,2026-10-05,STZ
7,-0.00967942545937241,2026-10-05,STZ
8,-0.0051391749317079615,2026-10-05,STZ
9,-0.0016920157154160485,2026-10-05,STZ
10,0.0004059816450435394,2026-10-05,STZ
11,0.002171358699235606,2026-10-05,STZ
12,-0.0062822894320990206,2026-10-05,STZ
13,-0.0096596038495002,2026-10-05,STZ
14,-0.007533770434253435,2026-10-05,STZ
1,0.0010117315511789329,2026-10-05,SU
2,-0.0010621394875046637,2026-10-05,SU
3,0.0011711785000519878,2026-10-05,SU
4,-0.0006277357912813944,2026-10-05,SU
5,0.000923885266231106,2026-10-05,SU
6,-0.00045383259798634717,2026-10-05,SU
7,-0.0023238905745252454,2026-10-05,SU
8,-0.0034219782596750744,2026-10-05,SU
9,-0.002573127022563209,2026-10-05,SU
10,-0.005348051087224625,2026-10-05,SU
11,0.0035251574270069542,2026-10-05,SU
12,0.0037572063039935616,2026-10-05,SU
13,0.00641968675375049,2026-10-05,SU
14,-0.0004034677163320135,2026-10-05,SU
1,-0.000760600297910293,2026-10-05,SUZ
2,-0.002457721188371484,2026-10-05,SUZ
3,-0.0024465245128166124,2026-10-05,SUZ
4,-0.003459791689964268,2026-10-05,SUZ
5,-0.002019103994943349,2026-10-05,SUZ
6,-0.0028926201727107973,2026-10-05,SUZ
7,-0.01099145141244013,2026-10-05,SUZ
8,-0.0032489479321082984,2026-10-05,SUZ
9,-6.183222131670077e-05,2026-10-05,SUZ
10,-0.0020522903678439684,2026-10-05,SUZ
11,0.002876162604263725,2026-10-05,SUZ
12,-0.0030382626161077277,2026-10-05,SUZ
13,-0.008467347015519142,2026-10-05,SUZ
14,-0.006911169072980049,2026-10-05,SUZ
1,-0.000921839375125737,2026-10-05,SWK
2,-0.0019125082976893788,2026-10-05,SWK
3,-0.004611975480378211,2026-10-05,SWK
4,-0.0035474641426114766,2026-10-05,SWK
5,-0.002168771881975732,2026-10-05,SWK
6,-0.0003501853013276639,2026-10-05,SWK
7,-0.010908794749705878,2026-10-05,SWK
8,-0.003588604753406094,2026-10-05,SWK
9,0.0011696569415984744,2026-10-05,SWK
10,-0.0032525854903940376,2026-10-05,SWK
11,0.008064788123357243,2026-10-05,SWK
12,-0.005632825479149008,2026-10-05,SWK
13,-0.009614607347644159,2026-10-05,SWK
14,-0.009406255932608628,2026-10-05,SWK
1,-0.0009017848755492698,2026-10-05,SWKS
2,-0.0010285524658910743,2026-10-05,SWKS
3,-0.00020255687474642704,2026-10-05,SWKS
4,-0.00023454216829512753,2026-10-05,SWKS
5,-0.0012952396457411375,2026-10-05,SWKS
6,-0.002731124053553636,2026-10-05,SWKS
7,-0.008687570319772646,2026-10-05,SWKS
8,-0.007782675180068726,2026-10-05,SWKS
9,-0.002738317458561686,2026-10-05,SWKS
10,-0.002317989429180127,2026-10-05,SWKS
11,0.003771213310880453,2026-10-05,SWKS
12,-0.004502784134298667,2026-10-05,SWKS
13,-0.0075253204869126355,2026-10-05,SWKS
14,-0.007824062958100206,2026-10-05,SWKS
1,0.0005794588337969343,2026-10-05,SYF
2,-0.0014533980397297308,2026-10-05,SYF
3,-0.0021679521762950505,2026-10-05,SYF
4,-0.002006462595194817,2026-10-05,SYF
5,-0.0010713929744549763,2026-10-05,SYF
6,-0.0018799681067720431,2026-10-05,SYF
7,-0.013227105867619602,2026-10-05,SYF
8,-0.005454797220653914,2026-10-05,SYF
9,-0.000587160644445205,2026-10-05,SYF
10,-0.0011937512519793934,2026-10-05,SYF
11,0.00271220521700165,2026-10-05,SYF
12,-0.008528368346980866,2026-10-05,SYF
13,-0.007089461536146972,2026-10-05,SYF
14,-0.008222484852726523,2026-10-05,SYF
1,-0.00012300678050313269,2026-10-05,SYK
2,-0.0011487969140912743,2026-10-05,SYK
3,0.0024489498402832212,2026-10-05,SYK
4,-3.773215832038544e-05,2026-10-05,SYK
5,0.0003708418641748265,2026-10-05,SYK
6,-0.0005944839882029079,2026-10-05,SYK
7,-0.001287946539406413,2026-10-05,SYK
8,-0.0002099565608329228,2026-10-05,SYK
9,-0.002144176711318413,2026-10-05,SYK
10,-0.0006536765430441388,2026-10-05,SYK
11,0.0043893754865088775,2026-10-05,SYK
12,0.001474383359561652,2026-10-05,SYK
13,0.002536723150580758,2026-10-05,SYK
14,-0.003472469963232998,2026-10-05,SYK
1,-0.0026523427067231637,2026-10-05,SYM
2,-0.0005367360327733758,2026-10-05,SYM
3,-0.0036690890748047973,2026-10-05,SYM
4,-0.008670330596800379,2026-10-05,SYM
5,-0.005854450878646162,2026-10-05,SYM
6,-0.005790210804060482,2026-10-05,SYM
7,-0.004564803429687864,2026-10-05,SYM
8,-0.007391226689013707,2026-10-05,SYM
9,-0.0019286106071384414,2026-10-05,SYM
10,-0.0031754592486047313,2026-10-05,SYM
11,-0.005473207764899599,2026-10-05,SYM
12,0.003857698879614796,2026-10-05,SYM
13,0.008132611749813189,2026-10-05,SYM
14,0.009572095603842196,2026-10-05,SYM
1,-0.0032693517451079903,2026-10-05,SYRE
2,-0.00019170410689746452,2026-10-05,SYRE
3,-0.004369752245878332,2026-10-05,SYRE
4,-0.01090047146110734,2026-10-05,SYRE
5,-0.006179373978007027,2026-10-05,SYRE
6,-0.006064765370030639,2026-10-05,SYRE
7,0.0014782718140329352,2026-10-05,SYRE
8,-0.004487661040114093,2026-10-05,SYRE
9,-0.005638070657077179,2026-10-05,SYRE
10,-0.003672581874394268,2026-10-05,SYRE
11,-0.006610161810744977,2026-10-05,SYRE
12,0.007063134224363447,2026-10-05,SYRE
13,0.003095160193600649,2026-10-05,SYRE
14,0.00628744880918825,2026-10-05,SYRE
1,-0.0005650329275876976,2026-10-05,SYY
2,-0.0017250563223987767,2026-10-05,SYY
3,-0.001771247912760418,2026-10-05,SYY
4,-0.002324032747434191,2026-10-05,SYY
5,-0.0010731241312242953,2026-10-05,SYY
6,-0.002638845956230215,2026-10-05,SYY
7,-0.00879377647005921,2026-10-05,SYY
8,-0.006524748775159292,2026-10-05,SYY
9,0.0027234211676015934,2026-10-05,SYY
10,-0.001404677048739978,2026-10-05,SYY
11,0.004186465352057859,2026-10-05,SYY
12,-0.009589562641172023,2026-10-05,SYY
13,-0.007913441448166384,2026-10-05,SYY
14,-0.004440557818002829,2026-10-05,SYY
1,9.876754305654456e-05,2026-10-05,T
2,-0.0013201290039020512,2026-10-05,T
3,0.0014918890998327759,2026-10-05,T
4,0.0002152438262208789,2026-10-05,T
5,-0.0009579992585723537,2026-10-05,T
6,-0.0019513511968646134,2026-10-05,T
7,-0.0024321860803983276,2026-10-05,T
8,0.0018194687072071616,2026-10-05,T
9,-0.0018546163702689872,2026-10-05,T
10,-0.002270570658609482,2026-10-05,T
11,0.004358602899725181,2026-10-05,T
12,0.0002910465581935979,2026-10-05,T
13,0.0024981110202395287,2026-10-05,T
14,-0.0035346283273009144,2026-10-05,T
1,-0.002128094194270313,2026-10-05,TAC
2,0.00018347536179425864,2026-10-05,TAC
3,-0.004809547858056053,2026-10-05,TAC
4,-0.009374232628861435,2026-10-05,TAC
5,-0.006904878712514321,2026-10-05,TAC
6,-0.005198463458291024,2026-10-05,TAC
7,0.0015170660628617473,2026-10-05,TAC
8,-0.001260599838641181,2026-10-05,TAC
9,-0.0013066293877129459,2026-10-05,TAC
10,-0.004588806255817138,2026-10-05,TAC
11,-0.011445369608911822,2026-10-05,TAC
12,0.005403698157375106,2026-10-05,TAC
13,0.005642690101620975,2026-10-05,TAC
14,0.002383236034546608,2026-10-05,TAC
1,-0.0005429437565204322,2026-10-05,TAK
2,-0.0026196318914795645,2026-10-05,TAK
3,-0.0019517085136853106,2026-10-05,TAK
4,-0.0028591783958669746,2026-10-05,TAK
5,-0.002100019774789974,2026-10-05,TAK
6,-0.001746989708155973,2026-10-05,TAK
7,-0.008175297040911661,2026-10-05,TAK
8,-0.002977624788477378,2026-10-05,TAK
9,0.0014649619391266452,2026-10-05,TAK
10,-0.000730742927689481,2026-10-05,TAK
11,0.0060984111873629366,2026-10-05,TAK
12,-0.009102739576301267,2026-10-05,TAK
13,-0.007816746507717444,2026-10-05,TAK
14,-0.0050962641472870225,2026-10-05,TAK
1,0.0004326459230064103,2026-10-05,TAL
2,-0.0023740057424302486,2026-10-05,TAL
3,-0.0019153541398342624,2026-10-05,TAL
4,-0.003893719188473918,2026-10-05,TAL
5,-0.0012537880715620955,2026-10-05,TAL
6,-0.0021239356638190986,2026-10-05,TAL
7,-0.006261070222670235,2026-10-05,TAL
8,-0.003882196140801944,2026-10-05,TAL
9,0.0008175075404445576,2026-10-05,TAL
10,-0.001333160249796271,2026-10-05,TAL
11,0.002973224509622187,2026-10-05,TAL
12,-0.006246636700704637,2026-10-05,TAL
13,-0.010210156794390543,2026-10-05,TAL
14,-0.005815410336888113,2026-10-05,TAL
1,-0.002625873105790642,2026-10-05,TALO
2,0.001127745369300522,2026-10-05,TALO
3,-0.004208809332572353,2026-10-05,TALO
4,-0.008102731539733569,2026-10-05,TALO
5,-0.0030808531558860143,2026-10-05,TALO
6,-0.006349835919001686,2026-10-05,TALO
7,0.004158920340725269,2026-10-05,TALO
8,0.0027025864342984955,2026-10-05,TALO
9,0.00036936950152464954,2026-10-05,TALO
10,-0.011072180479493161,2026-10-05,TALO
11,-0.00250320786386603,2026-10-05,TALO
12,0.006399621602888919,2026-10-05,TALO
13,0.0120189296898864,2026-10-05,TALO
14,0.010084019156739704,2026-10-05,TALO
1,-0.0001094612781728164,2026-10-05,TAP
2,-0.0023569901706691617,2026-10-05,TAP
3,-0.0018354749596856171,2026-10-05,TAP
4,-0.004377357927979679,2026-10-05,TAP
5,-0.0011960135228257223,2026-10-05,TAP
6,-0.002071414859242136,2026-10-05,TAP
7,-0.009669088943141028,2026-10-05,TAP
8,-0.005167366173563437,2026-10-05,TAP
9,-0.00013834426994867912,2026-10-05,TAP
10,-0.0009876677606063457,2026-10-05,TAP
11,0.0021751569985592645,2026-10-05,TAP
12,-0.004923805276722069,2026-10-05,TAP
13,-0.009740183851469927,2026-10-05,TAP
14,-0.00802516178190649,2026-10-05,TAP
1,-0.00201658012926077,2026-10-05,TBBB
2,0.0016720181925459208,2026-10-05,TBBB
3,-0.0027670005875816816,2026-10-05,TBBB
4,-0.010304163008654856,2026-10-05,TBBB
5,-0.006419404645454608,2026-10-05,TBBB
6,-0.006677014737106681,2026-10-05,TBBB
7,0.0002608663797289812,2026-10-05,TBBB
8,-0.0046452413596915045,2026-10-05,TBBB
9,0.0004832140855115926,2026-10-05,TBBB
10,-0.0015800713067690843,2026-10-05,TBBB
11,-0.008338199108646123,2026-10-05,TBBB
12,-0.005297873963345004,2026-10-05,TBBB
13,-0.0042303730448567224,2026-10-05,TBBB
14,0.0005451322358760997,2026-10-05,TBBB
1,0.0003603489031760971,2026-10-05,TCEHY
2,-0.000422757567498931,2026-10-05,TCEHY
3,0.0019416207685722848,2026-10-05,TCEHY
4,0.0002157459818210493,2026-10-05,TCEHY
5,0.0013092017486432401,2026-10-05,TCEHY
6,-0.0019026020483903553,2026-10-05,TCEHY
7,-0.0014192874125616751,2026-10-05,TCEHY
8,0.0008935704590318959,2026-10-05,TCEHY
9,-0.002955251679245595,2026-10-05,TCEHY
10,0.003878241775216417,2026-10-05,TCEHY
11,0.004818608187232271,2026-10-05,TCEHY
12,0.0011974591577498324,2026-10-05,TCEHY
13,-3.044056128238363e-05,2026-10-05,TCEHY
14,-0.006221308967674311,2026-10-05,TCEHY
1,-0.0003014908593109017,2026-10-05,TCOM
2,-0.002417365525398243,2026-10-05,TCOM
3,-0.0032365286856988443,2026-10-05,TCOM
4,-0.003094750566893623,2026-10-05,TCOM
5,-0.0023117738308873056,2026-10-05,TCOM
6,-0.002131017876828963,2026-10-05,TCOM
7,-0.01091699077429778,2026-10-05,TCOM
8,-0.0062998195336073275,2026-10-05,TCOM
9,0.0018594418024779592,2026-10-05,TCOM
10,-0.0005326528121160415,2026-10-05,TCOM
11,0.007506020473953056,2026-10-05,TCOM
12,-0.01013930821939868,2026-10-05,TCOM
13,-0.007429000255187798,2026-10-05,TCOM
14,-0.005233096764616466,2026-10-05,TCOM
1,-0.0034277548914036535,2026-10-05,TDOC
2,-0.0005251481717475514,2026-10-05,TDOC
3,-0.0031389180688174557,2026-10-05,TDOC
4,-0.013671247417473291,2026-10-05,TDOC
5,-0.006977488430495718,2026-10-05,TDOC
6,-0.0036442502862212406,2026-10-05,TDOC
7,0.003974464933299737,2026-10-05,TDOC
8,-0.0005727805018042826,2026-10-05,TDOC
9,-0.002454976372099805,2026-10-05,TDOC
10,-0.012095159470404055,2026-10-05,TDOC
11,-0.007253495419954667,2026-10-05,TDOC
12,0.0037043687005917543,2026-10-05,TDOC
13,0.00815276815357022,2026-10-05,TDOC
14,-0.0020131156727199034,2026-10-05,TDOC
1,-0.00021509148680455366,2026-10-05,TDW
2,-0.0023633480601545813,2026-10-05,TDW
3,-0.00014064701543515954,2026-10-05,TDW
4,-0.002761821386163294,2026-10-05,TDW
5,-0.004393520900912536,2026-10-05,TDW
6,-0.0012927557610034586,2026-10-05,TDW
7,-0.010795967426339157,2026-10-05,TDW
8,-0.005647125319509936,2026-10-05,TDW
9,0.0007734297432236189,2026-10-05,TDW
10,-0.002672991095140857,2026-10-05,TDW
11,0.0037390139383894883,2026-10-05,TDW
12,-0.006440536616299095,2026-10-05,TDW
13,-0.005292281258179867,2026-10-05,TDW
14,-0.006265064406522662,2026-10-05,TDW
1,0.00023602528046975238,2026-10-05,TEAM
2,-0.0009926864957089507,2026-10-05,TEAM
3,0.0026370170576188686,2026-10-05,TEAM
4,-0.0005182322090711081,2026-10-05,TEAM
5,0.0025792409048119,2026-10-05,TEAM
6,-0.000672845779850578,2026-10-05,TEAM
7,-1.7460853007436182e-06,2026-10-05,TEAM
8,0.0002336731722958657,2026-10-05,TEAM
9,-0.0027265797000439462,2026-10-05,TEAM
10,0.004396660822625135,2026-10-05,TEAM
11,0.0068779890291138235,2026-10-05,TEAM
12,0.002632063536234847,2026-10-05,TEAM
13,0.003580283165567273,2026-10-05,TEAM
14,-0.00715519012093018,2026-10-05,TEAM
1,-0.0005221222035372396,2026-10-05,TECH
2,-0.0009129051088676033,2026-10-05,TECH
3,-0.0026305019459929883,2026-10-05,TECH
4,-0.0030478010967918976,2026-10-05,TECH
5,0.0024010292989251596,2026-10-05,TECH
6,-0.0022111573792175125,2026-10-05,TECH
7,-0.008990372974367835,2026-10-05,TECH
8,-0.005913038040390892,2026-10-05,TECH
9,-0.0028495892025200515,2026-10-05,TECH
10,-0.004291632221754458,2026-10-05,TECH
11,0.0014115781378036558,2026-10-05,TECH
12,-0.003771207074207525,2026-10-05,TECH
13,-0.011652124014639598,2026-10-05,TECH
14,-0.00860180071317858,2026-10-05,TECH
1,-0.0004029304307836331,2026-10-05,TECK
2,-0.00209791573589644,2026-10-05,TECK
3,-0.0014999952738125972,2026-10-05,TECK
4,-0.0024284164554799234,2026-10-05,TECK
5,-0.0016932265925646826,2026-10-05,TECK
6,-0.0009634873077735583,2026-10-05,TECK
7,-0.007986809195125453,2026-10-05,TECK
8,-0.005156257163485608,2026-10-05,TECK
9,0.00031705176895947834,2026-10-05,TECK
10,-0.0033492056746358204,2026-10-05,TECK
11,0.004367041982143706,2026-10-05,TECK
12,-0.007045396935831153,2026-10-05,TECK
13,-0.008626015942883003,2026-10-05,TECK
14,-0.007340295265941782,2026-10-05,TECK
1,-0.0008196908419790866,2026-10-05,TEL
2,-0.0016881792277132568,2026-10-05,TEL
3,0.005997345810231224,2026-10-05,TEL
4,0.0012920846983245971,2026-10-05,TEL
5,0.0023920426096238406,2026-10-05,TEL
6,-0.0005938458830409965,2026-10-05,TEL
7,-0.00035197602286566985,2026-10-05,TEL
8,0.00169995581604917,2026-10-05,TEL
9,-0.002379712425774091,2026-10-05,TEL
10,-0.0010027283826852685,2026-10-05,TEL
11,0.005644613623272724,2026-10-05,TEL
12,0.003987979742215754,2026-10-05,TEL
13,0.0013913823394142051,2026-10-05,TEL
14,-0.005091395154399187,2026-10-05,TEL
1,-0.004632045405918919,2026-10-05,TENB
2,-0.000530419154738887,2026-10-05,TENB
3,-0.002216151971649049,2026-10-05,TENB
4,-0.01347347347969706,2026-10-05,TENB
5,-0.0038250324638703865,2026-10-05,TENB
6,-0.003165172515064974,2026-10-05,TENB
7,-0.0011309785378459953,2026-10-05,TENB
8,-0.0018560829412079822,2026-10-05,TENB
9,0.002185106339815425,2026-10-05,TENB
10,0.0006152578643678289,2026-10-05,TENB
11,-0.008902052072422263,2026-10-05,TENB
12,0.0018466914333513578,2026-10-05,TENB
13,0.0031214900746743524,2026-10-05,TENB
14,0.0027943658123655516,2026-10-05,TENB
1,-0.0011826859888122295,2026-10-05,TER
2,-0.00329436811523194,2026-10-05,TER
3,-0.0025982223476855837,2026-10-05,TER
4,0.00036106659035794385,2026-10-05,TER
5,0.0026334812917927245,2026-10-05,TER
6,-0.0008442144136022847,2026-10-05,TER
7,-0.00815057841289852,2026-10-05,TER
8,-0.0043802352705121575,2026-10-05,TER
9,0.00032949490040827604,2026-10-05,TER
10,-0.001833361990344279,2026-10-05,TER
11,0.00312853459920876,2026-10-05,TER
12,-0.005815386794230134,2026-10-05,TER
13,-0.00939995397412663,2026-10-05,TER
14,-0.004022489466850234,2026-10-05,TER
1,-0.00024573207986836195,2026-10-05,TEVA
2,-0.002133327947402639,2026-10-05,TEVA
3,-0.002927169002417245,2026-10-05,TEVA
4,-0.003523849315112509,2026-10-05,TEVA
5,-0.001892650100437502,2026-10-05,TEVA
6,-0.0007808311691991994,2026-10-05,TEVA
7,-0.010070547695001127,2026-10-05,TEVA
8,-0.003395358017328221,2026-10-05,TEVA
9,0.0017503504685100679,2026-10-05,TEVA
10,-0.0037617929755933252,2026-10-05,TEVA
11,0.004880569480412387,2026-10-05,TEVA
12,-0.006816578329767878,2026-10-05,TEVA
13,-0.01152201910443164,2026-10-05,TEVA
14,-0.009113339472269645,2026-10-05,TEVA
1,0.00024826902506829446,2026-10-05,TFC
2,-0.0016419728838516921,2026-10-05,TFC
3,0.0019541608342513793,2026-10-05,TFC
4,0.0002906386931515578,2026-10-05,TFC
5,1.5408201392206997e-05,2026-10-05,TFC
6,-0.0014301536214917498,2026-10-05,TFC
7,-0.0014764246601510044,2026-10-05,TFC
8,-0.00017931780488679542,2026-10-05,TFC
9,-0.0018648081255222997,2026-10-05,TFC
10,-0.0028892214153310738,2026-10-05,TFC
11,0.0055858302132138155,2026-10-05,TFC
12,0.0011575978239160704,2026-10-05,TFC
13,0.003934430882739627,2026-10-05,TFC
14,-0.00502008427196174,2026-10-05,TFC
1,0.001209239925798498,2026-10-05,TGT
2,-0.001102607421324857,2026-10-05,TGT
3,0.002662870159082,2026-10-05,TGT
4,-2.4999711816282792e-05,2026-10-05,TGT
5,-0.0005527473241234182,2026-10-05,TGT
6,-0.0017612429019405937,2026-10-05,TGT
7,-0.0020056836923367386,2026-10-05,TGT
8,0.001526201685378767,2026-10-05,TGT
9,-0.0010456418943301739,2026-10-05,TGT
10,-0.0018859528793823683,2026-10-05,TGT
11,0.0028562930372624837,2026-10-05,TGT
12,0.0006843384439240008,2026-10-05,TGT
13,0.00290246705801381,2026-10-05,TGT
14,-0.00467771310725294,2026-10-05,TGT
1,-0.002353117397862916,2026-10-05,TGTX
2,0.00012468660147151636,2026-10-05,TGTX
3,0.0026575008290227915,2026-10-05,TGTX
4,-0.01115033427926562,2026-10-05,TGTX
5,-0.005615670895983084,2026-10-05,TGTX
6,0.001566905295541915,2026-10-05,TGTX
7,0.0012806353754528557,2026-10-05,TGTX
8,0.0004788275548841611,2026-10-05,TGTX
9,-0.003572019816434549,2026-10-05,TGTX
10,-0.0063352730135066,2026-10-05,TGTX
11,-0.0029589934299537038,2026-10-05,TGTX
12,0.005667342414910745,2026-10-05,TGTX
13,0.018118273397501078,2026-10-05,TGTX
14,0.0024539926683032087,2026-10-05,TGTX
1,-0.0011400685276539097,2026-10-05,THC
2,-0.0021660650366185996,2026-10-05,THC
3,-0.002504079969858428,2026-10-05,THC
4,-0.003015255538870269,2026-10-05,THC
5,-0.0021302757037755422,2026-10-05,THC
6,-0.0006072992108996535,2026-10-05,THC
7,-0.008936920696630329,2026-10-05,THC
8,-0.004978853583094847,2026-10-05,THC
9,0.0011204194539559647,2026-10-05,THC
10,-0.003540030367104366,2026-10-05,THC
11,0.005279796608146481,2026-10-05,THC
12,-0.007828958249974247,2026-10-05,THC
13,-0.008064337588183297,2026-10-05,THC
14,-0.005902940228387576,2026-10-05,THC
1,0.0010958308880574161,2026-10-05,TJX
2,-0.001986194788218584,2026-10-05,TJX
3,0.0023843614010128325,2026-10-05,TJX
4,-0.0005733396057745612,2026-10-05,TJX
5,-0.00044088161837534156,2026-10-05,TJX
6,-0.0005036570764095355,2026-10-05,TJX
7,-0.002930536545718518,2026-10-05,TJX
8,0.0002146318058787378,2026-10-05,TJX
9,-0.0015044613823986363,2026-10-05,TJX
10,-0.0018872416764420825,2026-10-05,TJX
11,0.003919256755231436,2026-10-05,TJX
12,0.0013816993048758471,2026-10-05,TJX
13,0.003206510695572223,2026-10-05,TJX
14,-0.005004806820116319,2026-10-05,TJX
1,0.00042398061568579495,2026-10-05,TKO
2,-0.0027541253708334153,2026-10-05,TKO
3,-0.0016920078536871008,2026-10-05,TKO
4,-0.0030539278732613405,2026-10-05,TKO
5,-0.0042987218312986585,2026-10-05,TKO
6,0.0005586797088603325,2026-10-05,TKO
7,-0.009440961914412377,2026-10-05,TKO
8,-0.005740135609195526,2026-10-05,TKO
9,0.0015456645063821634,2026-10-05,TKO
10,-7.128176114337958e-05,2026-10-05,TKO
11,0.0032848541401496395,2026-10-05,TKO
12,-0.009543009580237197,2026-10-05,TKO
13,-0.009344740347266288,2026-10-05,TKO
14,-0.00424650002772455,2026-10-05,TKO
1,-0.0031224768665092657,2026-10-05,TLRY
2,0.000178557520339145,2026-10-05,TLRY
3,-0.003656716006458714,2026-10-05,TLRY
4,-0.011209383328464394,2026-10-05,TLRY
5,-0.004967873280619597,2026-10-05,TLRY
6,-0.0031727366440268564,2026-10-05,TLRY
7,0.002102587470928717,2026-10-05,TLRY
8,-0.001213216385887168,2026-10-05,TLRY
9,-0.001661203956729464,2026-10-05,TLRY
10,-0.010451875266280011,2026-10-05,TLRY
11,-0.006495362942994634,2026-10-05,TLRY
12,-0.0007352743523444097,2026-10-05,TLRY
13,0.0035412178862011317,2026-10-05,TLRY
14,0.002981684035661269,2026-10-05,TLRY
1,-0.0010567217142715389,2026-10-05,TME
2,-0.002118741692504738,2026-10-05,TME
3,-0.00287583607803671,2026-10-05,TME
4,-0.002737383833165548,2026-10-05,TME
5,-0.001683663313068306,2026-10-05,TME
6,-0.0011540468750483204,2026-10-05,TME
7,-0.011498344807148146,2026-10-05,TME
8,-0.003838550719704475,2026-10-05,TME
9,0.0022762492518740925,2026-10-05,TME
10,-0.001541820639612814,2026-10-05,TME
11,0.0011091117127739127,2026-10-05,TME
12,-0.009180242874045086,2026-10-05,TME
13,-0.013000546765585794,2026-10-05,TME
14,-0.004166137865939719,2026-10-05,TME
1,-5.364109477145383e-06,2026-10-05,TMO
2,-0.0012391588540792303,2026-10-05,TMO
3,0.0024319368650350284,2026-10-05,TMO
4,-0.0005113125455195755,2026-10-05,TMO
5,-0.0010248172394795138,2026-10-05,TMO
6,-0.0006777740901378701,2026-10-05,TMO
7,-0.0022765006181642974,2026-10-05,TMO
8,-0.00038040522590810884,2026-10-05,TMO
9,-0.001346251306739602,2026-10-05,TMO
10,-0.0015446007320050804,2026-10-05,TMO
11,0.0043708085398055955,2026-10-05,TMO
12,-0.0006775423174709071,2026-10-05,TMO
13,0.0015622727906100748,2026-10-05,TMO
14,-0.003360531533222234,2026-10-05,TMO
1,-2.8255124012746135e-06,2026-10-05,TMUS
2,-0.0022737958413227392,2026-10-05,TMUS
3,0.001977184703594915,2026-10-05,TMUS
4,-0.00040243024041683564,2026-10-05,TMUS
5,0.0008335230336918754,2026-10-05,TMUS
6,-0.0013399971408424671,2026-10-05,TMUS
7,-0.0016958749438572551,2026-10-05,TMUS
8,0.0004703631239799441,2026-10-05,TMUS
9,-0.003396733646769998,2026-10-05,TMUS
10,-0.0021399664382875058,2026-10-05,TMUS
11,0.0033003851515908175,2026-10-05,TMUS
12,0.0001271584606833994,2026-10-05,TMUS
13,0.002259486769649458,2026-10-05,TMUS
14,-0.002598746925545153,2026-10-05,TMUS
1,-0.003521382731966116,2026-10-05,TNDM
2,-0.0003511615138770221,2026-10-05,TNDM
3,-0.0005146127359112729,2026-10-05,TNDM
4,-0.01281752243351157,2026-10-05,TNDM
5,-0.008762471920625639,2026-10-05,TNDM
6,-0.006992682409945446,2026-10-05,TNDM
7,-0.002162963323413801,2026-10-05,TNDM
8,-0.004304409142575104,2026-10-05,TNDM
9,-0.0016747917756976738,2026-10-05,TNDM
10,-0.0016737080203948563,2026-10-05,TNDM
11,-0.008802845537043469,2026-10-05,TNDM
12,-0.0004733029946516077,2026-10-05,TNDM
13,-0.005850554093786142,2026-10-05,TNDM
14,0.010545653385318102,2026-10-05,TNDM
1,-0.0037086400129888496,2026-10-05,TNGX
2,-0.0014899953521346101,2026-10-05,TNGX
3,-0.005041550141430787,2026-10-05,TNGX
4,-0.010954691628867926,2026-10-05,TNGX
5,-0.009081387265376934,2026-10-05,TNGX
6,-0.004166348958041426,2026-10-05,TNGX
7,-0.002481577194216738,2026-10-05,TNGX
8,-0.0025299145096132685,2026-10-05,TNGX
9,-0.0029136070996700976,2026-10-05,TNGX
10,-0.010804275834564022,2026-10-05,TNGX
11,8.896162195391857e-05,2026-10-05,TNGX
12,0.004235827429060059,2026-10-05,TNGX
13,-0.004345339274550385,2026-10-05,TNGX
14,-0.0001471873083059247,2026-10-05,TNGX
1,-0.0008963915450687585,2026-10-05,TOL
2,-0.00207195460136074,2026-10-05,TOL
3,-0.002637881255383809,2026-10-05,TOL
4,-0.003557460715327889,2026-10-05,TOL
5,-0.0013403444039551682,2026-10-05,TOL
6,-0.0016392131854615776,2026-10-05,TOL
7,-0.013055337735365357,2026-10-05,TOL
8,-0.003689728452422074,2026-10-05,TOL
9,0.00025502450649590654,2026-10-05,TOL
10,-0.0020228560554521823,2026-10-05,TOL
11,0.0007936048238247875,2026-10-05,TOL
12,-0.004713146527028038,2026-10-05,TOL
13,-0.011031992732284555,2026-10-05,TOL
14,-0.00755810503331369,2026-10-05,TOL
1,0.00038376870321250655,2026-10-05,TOST
2,-0.0014965090323307752,2026-10-05,TOST
3,-0.001753301521660762,2026-10-05,TOST
4,-0.002923913119255585,2026-10-05,TOST
5,-0.002480447917227345,2026-10-05,TOST
6,-0.0034268208739323004,2026-10-05,TOST
7,-0.010147331577615154,2026-10-05,TOST
8,-0.005130266868100422,2026-10-05,TOST
9,-0.0011346474614448824,2026-10-05,TOST
10,-0.002856180662009168,2026-10-05,TOST
11,0.0005770122550321817,2026-10-05,TOST
12,-0.010512723462638927,2026-10-05,TOST
13,-0.012850120283637589,2026-10-05,TOST
14,-0.009464930853603032,2026-10-05,TOST
1,-0.000116989241240134,2026-10-05,TPG
2,-0.002165488343237594,2026-10-05,TPG
3,-0.0017183404766062912,2026-10-05,TPG
4,-0.0027083282528929994,2026-10-05,TPG
5,-0.001523162247394644,2026-10-05,TPG
6,-0.003002416572482563,2026-10-05,TPG
7,-0.01136567400278179,2026-10-05,TPG
8,-0.005028064700950204,2026-10-05,TPG
9,0.0020522952607443154,2026-10-05,TPG
10,-0.004684484850140778,2026-10-05,TPG
11,0.0057603086784201625,2026-10-05,TPG
12,-0.010450165109216003,2026-10-05,TPG
13,-0.0104926632086715,2026-10-05,TPG
14,-0.005535735432286247,2026-10-05,TPG
1,-0.0007089460791678546,2026-10-05,TPR
2,-0.0029939917821479325,2026-10-05,TPR
3,-0.0025031460671482834,2026-10-05,TPR
4,-0.002033223687591077,2026-10-05,TPR
5,-0.0012189944059202082,2026-10-05,TPR
6,-0.003075785922505025,2026-10-05,TPR
7,-0.011310898138672093,2026-10-05,TPR
8,-0.005179977178514613,2026-10-05,TPR
9,0.0012591145939405098,2026-10-05,TPR
10,-0.002085882625756,2026-10-05,TPR
11,0.0002802295552544534,2026-10-05,TPR
12,-0.009165685171744178,2026-10-05,TPR
13,-0.01222529726979303,2026-10-05,TPR
14,-0.006674941421745119,2026-10-05,TPR
1,-0.0003310929079622487,2026-10-05,TREX
2,-0.002787645904708719,2026-10-05,TREX
3,-0.002235118855478972,2026-10-05,TREX
4,-0.004281206191511436,2026-10-05,TREX
5,-0.0030979055364259906,2026-10-05,TREX
6,-0.0055323902679825804,2026-10-05,TREX
7,-0.012982148277459818,2026-10-05,TREX
8,-0.009115479135488172,2026-10-05,TREX
9,-9.247649104530095e-05,2026-10-05,TREX
10,-0.007508894210841216,2026-10-05,TREX
11,0.00011702050386986029,2026-10-05,TREX
12,-0.00859634074722636,2026-10-05,TREX
13,-0.013519697935209778,2026-10-05,TREX
14,-0.00782274009822764,2026-10-05,TREX
1,-0.00013128500819462136,2026-10-05,TRGP
2,-0.0013024495104377034,2026-10-05,TRGP
3,-0.00202419766516847,2026-10-05,TRGP
4,-0.0034282150786492708,2026-10-05,TRGP
5,-0.001580321642180327,2026-10-05,TRGP
6,-0.002232395529317738,2026-10-05,TRGP
7,-0.008663362200065479,2026-10-05,TRGP
8,-0.005105199986549854,2026-10-05,TRGP
9,0.002037359615585651,2026-10-05,TRGP
10,0.0006866098117756789,2026-10-05,TRGP
11,0.007287734883953009,2026-10-05,TRGP
12,-0.005702079412480877,2026-10-05,TRGP
13,-0.009165888829603484,2026-10-05,TRGP
14,-0.0031172651691335957,2026-10-05,TRGP
1,-0.001298216276144614,2026-10-05,TRIP
2,-0.0006611748706575997,2026-10-05,TRIP
3,-0.004418424085121367,2026-10-05,TRIP
4,-0.010096567550490512,2026-10-05,TRIP
5,-0.005545551305199701,2026-10-05,TRIP
6,-0.00468296777676264,2026-10-05,TRIP
7,0.0035907382652727244,2026-10-05,TRIP
8,-0.001511771017388369,2026-10-05,TRIP
9,-0.004513325086860764,2026-10-05,TRIP
10,-0.005135625773430915,2026-10-05,TRIP
11,-0.009749945900851875,2026-10-05,TRIP
12,0.00205659412979583,2026-10-05,TRIP
13,0.0015312736842112763,2026-10-05,TRIP
14,-0.00025126309463419745,2026-10-05,TRIP
1,0.000287605921409114,2026-10-05,TRMB
2,-0.0007272563663835224,2026-10-05,TRMB
3,-0.0035012208106675537,2026-10-05,TRMB
4,-0.003840523541333423,2026-10-05,TRMB
5,-0.003235711245864972,2026-10-05,TRMB
6,-0.0030188971987336914,2026-10-05,TRMB
7,-0.010739359762263532,2026-10-05,TRMB
8,-0.006556033540742736,2026-10-05,TRMB
9,0.0014009212309203745,2026-10-05,TRMB
10,-0.002220353921998509,2026-10-05,TRMB
11,0.0031635757385465257,2026-10-05,TRMB
12,-0.008151981996323436,2026-10-05,TRMB
13,-0.00860478880644917,2026-10-05,TRMB
14,-0.006217740225243637,2026-10-05,TRMB
1,-0.0005944159826733281,2026-10-05,TROW
2,-0.0008245978588092122,2026-10-05,TROW
3,-0.002286467444762066,2026-10-05,TROW
4,-0.0009079611427627205,2026-10-05,TROW
5,-0.001087502560143592,2026-10-05,TROW
6,-0.0020382326041189173,2026-10-05,TROW
7,-0.007798581417380415,2026-10-05,TROW
8,-0.005280943183521277,2026-10-05,TROW
9,0.003212328793593994,2026-10-05,TROW
10,-0.002233008141749328,2026-10-05,TROW
11,0.0025242233871645707,2026-10-05,TROW
12,-0.010049128986179053,2026-10-05,TROW
13,-0.011060462175045565,2026-10-05,TROW
14,-0.004255951625519844,2026-10-05,TROW
1,-0.0005075812482804727,2026-10-05,TROX
2,-0.0015859890287860505,2026-10-05,TROX
3,-0.004116354374718628,2026-10-05,TROX
4,0.001044456361453382,2026-10-05,TROX
5,-0.002170303431730226,2026-10-05,TROX
6,-0.0015392244858371373,2026-10-05,TROX
7,-0.0075892068099186975,2026-10-05,TROX
8,0.00011310532972372152,2026-10-05,TROX
9,-0.0005848737548925503,2026-10-05,TROX
10,-0.003177189899135576,2026-10-05,TROX
11,0.00034408169614154576,2026-10-05,TROX
12,-0.00755387753681133,2026-10-05,TROX
13,-0.011299593521293852,2026-10-05,TROX
14,-0.012397255028012455,2026-10-05,TROX
1,0.0001209738949659408,2026-10-05,TRP
2,-0.002018859491708188,2026-10-05,TRP
3,0.0033090474695912134,2026-10-05,TRP
4,-0.0003684338693649977,2026-10-05,TRP
5,0.00010982545175062587,2026-10-05,TRP
6,-0.0008485198892844543,2026-10-05,TRP
7,-0.002456214090374724,2026-10-05,TRP
8,0.0007125207287073256,2026-10-05,TRP
9,-0.0014360697617359938,2026-10-05,TRP
10,-0.0018254860687285186,2026-10-05,TRP
11,0.005394260095606936,2026-10-05,TRP
12,0.003019091952435099,2026-10-05,TRP
13,0.0023428533034358487,2026-10-05,TRP
14,-0.004826620027785977,2026-10-05,TRP
1,-0.0005104891918227234,2026-10-05,TRU
2,-0.0026814119687753827,2026-10-05,TRU
3,-0.002937301071983741,2026-10-05,TRU
4,-0.0036979579160312374,2026-10-05,TRU
5,-0.002361538463780854,2026-10-05,TRU
6,-0.00124016418403652,2026-10-05,TRU
7,-0.009541025727023941,2026-10-05,TRU
8,-0.0067999154567533636,2026-10-05,TRU
9,8.918278967216811e-05,2026-10-05,TRU
10,-0.00029126150120065375,2026-10-05,TRU
11,0.005643884036040757,2026-10-05,TRU
12,-0.00743291532355679,2026-10-05,TRU
13,-0.011547271882668013,2026-10-05,TRU
14,-0.007590252032311253,2026-10-05,TRU
1,-0.00027012896914920697,2026-10-05,TRV
2,-0.0018409732061757766,2026-10-05,TRV
3,-0.001141907614225953,2026-10-05,TRV
4,-0.0016360308252142206,2026-10-05,TRV
5,-0.002872839005880693,2026-10-05,TRV
6,-0.001985512743440623,2026-10-05,TRV
7,-0.0071704907153444675,2026-10-05,TRV
8,-0.004597893023921658,2026-10-05,TRV
9,-0.0014540635257218584,2026-10-05,TRV
10,-0.0011409339593487409,2026-10-05,TRV
11,0.006853387243130516,2026-10-05,TRV
12,-0.004223576238770728,2026-10-05,TRV
13,-0.008770929303697831,2026-10-05,TRV
14,-0.0045060495806095386,2026-10-05,TRV
1,0.00021563061064136017,2026-10-05,TS
2,-0.0025865058779421545,2026-10-05,TS
3,-0.0024417278942686044,2026-10-05,TS
4,-0.0019884609699658932,2026-10-05,TS
5,0.0001752880345668687,2026-10-05,TS
6,-0.0020084374762716984,2026-10-05,TS
7,-0.009606334841854178,2026-10-05,TS
8,-0.004696367576167333,2026-10-05,TS
9,0.0007579423174639518,2026-10-05,TS
10,-0.000560324614690201,2026-10-05,TS
11,0.004907131419886267,2026-10-05,TS
12,-0.008557735956045535,2026-10-05,TS
13,-0.008979294753348608,2026-10-05,TS
14,-0.005635801937726215,2026-10-05,TS
1,-0.0009267777274766428,2026-10-05,TSCO
2,-0.002852614584875641,2026-10-05,TSCO
3,-0.0014819023827421487,2026-10-05,TSCO
4,-0.0031494163656746836,2026-10-05,TSCO
5,-0.0022536678176278972,2026-10-05,TSCO
6,-0.004972121746747259,2026-10-05,TSCO
7,-0.007042316534005394,2026-10-05,TSCO
8,-0.0064245259737197,2026-10-05,TSCO
9,0.0003387901814838312,2026-10-05,TSCO
10,0.000574316929901152,2026-10-05,TSCO
11,0.0019902563446397904,2026-10-05,TSCO
12,-0.002268984972490298,2026-10-05,TSCO
13,-0.00975468568531333,2026-10-05,TSCO
14,-0.007328897099176965,2026-10-05,TSCO
1,0.00021450849253411405,2026-10-05,TSLA
2,-0.0007400898310379177,2026-10-05,TSLA
3,0.0005289086317843178,2026-10-05,TSLA
4,0.0011760167230653435,2026-10-05,TSLA
5,0.00274336706049231,2026-10-05,TSLA
6,-0.0012448022025887216,2026-10-05,TSLA
7,-0.000764723962432404,2026-10-05,TSLA
8,-0.0007702043261426751,2026-10-05,TSLA
9,0.00019937838992655643,2026-10-05,TSLA
10,0.0014734616348243729,2026-10-05,TSLA
11,0.007768531923262393,2026-10-05,TSLA
12,0.0033430419991160023,2026-10-05,TSLA
13,0.007089640496817097,2026-10-05,TSLA
14,-0.0007513649052295954,2026-10-05,TSLA
1,-0.0013469517898685368,2026-10-05,TSM
2,-0.0014105114400274163,2026-10-05,TSM
3,0.0053776647640365995,2026-10-05,TSM
4,0.001789541483068351,2026-10-05,TSM
5,0.0030913113802578194,2026-10-05,TSM
6,0.0010703895760582377,2026-10-05,TSM
7,-0.0005794698163642567,2026-10-05,TSM
8,0.0017475405478133736,2026-10-05,TSM
9,-0.0021905535356504897,2026-10-05,TSM
10,0.0005485712754181896,2026-10-05,TSM
11,0.004853867379836489,2026-10-05,TSM
12,0.004538596077078215,2026-10-05,TSM
13,0.0023775201350180355,2026-10-05,TSM
14,-0.005317378318371266,2026-10-05,TSM
1,-0.0011395717155306196,2026-10-05,TSN
2,-0.0017326570729427272,2026-10-05,TSN
3,-0.002471907997343952,2026-10-05,TSN
4,-0.004429473600654623,2026-10-05,TSN
5,-0.0017540603835535357,2026-10-05,TSN
6,-0.0023182941638361216,2026-10-05,TSN
7,-0.010075032218717472,2026-10-05,TSN
8,-0.005658566281613482,2026-10-05,TSN
9,0.0006499290112642902,2026-10-05,TSN
10,-0.0012595864322346888,2026-10-05,TSN
11,0.004892353264584725,2026-10-05,TSN
12,-0.007854839760745063,2026-10-05,TSN
13,-0.011006445298300815,2026-10-05,TSN
14,-0.006892318609458299,2026-10-05,TSN
1,-1.7408367707725596e-05,2026-10-05,TT
2,-0.0009672440427249773,2026-10-05,TT
3,0.0016990721958100087,2026-10-05,TT
4,0.0008264385097571307,2026-10-05,TT
5,-0.0003119263070439051,2026-10-05,TT
6,-0.001627846311025176,2026-10-05,TT
7,-0.0031477903937432937,2026-10-05,TT
8,0.0004132760679485998,2026-10-05,TT
9,-0.0022893180044348317,2026-10-05,TT
10,-0.0016695612919491703,2026-10-05,TT
11,0.005186215639818953,2026-10-05,TT
12,0.004799231035841443,2026-10-05,TT
13,-0.00011532751928858066,2026-10-05,TT
14,-0.005464673422021648,2026-10-05,TT
1,-0.0010349577149371223,2026-10-05,TTC
2,-0.0014998400451543483,2026-10-05,TTC
3,-0.0018670647617286995,2026-10-05,TTC
4,-0.0027490281346999666,2026-10-05,TTC
5,-0.0009248726634175607,2026-10-05,TTC
6,-0.002245684613680933,2026-10-05,TTC
7,-0.0056368760794531046,2026-10-05,TTC
8,-0.004875417611607418,2026-10-05,TTC
9,-0.0006010020236188706,2026-10-05,TTC
10,-0.0007269062216653005,2026-10-05,TTC
11,0.004116585084670605,2026-10-05,TTC
12,-0.01027619215779522,2026-10-05,TTC
13,-0.008360461214571626,2026-10-05,TTC
14,-0.0053673479616291675,2026-10-05,TTC
1,5.403564939286011e-05,2026-10-05,TTD
2,-0.0015164356466956562,2026-10-05,TTD
3,-0.0018986288792905252,2026-10-05,TTD
4,-0.003765019246368699,2026-10-05,TTD
5,-0.002140061016008326,2026-10-05,TTD
6,-0.0017824348423047655,2026-10-05,TTD
7,-0.006990209335710429,2026-10-05,TTD
8,-0.00477566062203357,2026-10-05,TTD
9,-0.002528212297993798,2026-10-05,TTD
10,-0.0013082246627272476,2026-10-05,TTD
11,0.0036392911555666535,2026-10-05,TTD
12,-0.009860037809307075,2026-10-05,TTD
13,-0.010477777594601912,2026-10-05,TTD
14,-0.004498974890675275,2026-10-05,TTD
1,0.0005052417523137595,2026-10-05,TTE
2,-0.0009935907319801522,2026-10-05,TTE
3,0.0014569527564644545,2026-10-05,TTE
4,0.0008307610986141195,2026-10-05,TTE
5,0.0008184626327010781,2026-10-05,TTE
6,-0.0005712412199327283,2026-10-05,TTE
7,-0.004340225463238736,2026-10-05,TTE
8,-0.002946460839497423,2026-10-05,TTE
9,-0.003872177166186371,2026-10-05,TTE
10,-0.0057133402462263665,2026-10-05,TTE
11,0.00444535518840645,2026-10-05,TTE
12,0.00359260170619766,2026-10-05,TTE
13,0.005429990253225456,2026-10-05,TTE
14,-0.0006921665782506397,2026-10-05,TTE
1,0.00021437041823408573,2026-10-05,TTWO
2,-0.0013287201503666614,2026-10-05,TTWO
3,-0.0015593887079677455,2026-10-05,TTWO
4,-0.003945149071017138,2026-10-05,TTWO
5,-0.0023954826900364485,2026-10-05,TTWO
6,-0.0026810727229078426,2026-10-05,TTWO
7,-0.009474478388571139,2026-10-05,TTWO
8,-0.004759779307038253,2026-10-05,TTWO
9,-0.0026540120910709584,2026-10-05,TTWO
10,-0.0029006209056507194,2026-10-05,TTWO
11,0.003646900754231916,2026-10-05,TTWO
12,-0.01095860174799626,2026-10-05,TTWO
13,-0.010540555023525203,2026-10-05,TTWO
14,-0.006346676031590676,2026-10-05,TTWO
1,3.3167443075462316e-05,2026-10-05,TU
2,-0.0031949390688247696,2026-10-05,TU
3,-0.0022243245553056376,2026-10-05,TU
4,-0.0020666551833391092,2026-10-05,TU
5,-0.0017873760357229667,2026-10-05,TU
6,-0.002188539003405428,2026-10-05,TU
7,-0.00803952467214416,2026-10-05,TU
8,-0.006586257013308125,2026-10-05,TU
9,0.003313201088528062,2026-10-05,TU
10,0.0012194303764657838,2026-10-05,TU
11,-0.00036071847461880297,2026-10-05,TU
12,-0.008106210536040976,2026-10-05,TU
13,-0.008789894449845384,2026-10-05,TU
14,-0.004158083312207001,2026-10-05,TU
1,-0.0028987765970464718,2026-10-05,TV
2,0.0013633270342913349,2026-10-05,TV
3,-0.0017837980328903342,2026-10-05,TV
4,-0.011426477870822719,2026-10-05,TV
5,-0.005313508155377684,2026-10-05,TV
6,-0.0018222257220294666,2026-10-05,TV
7,-0.005316375739773411,2026-10-05,TV
8,-0.002831026655705366,2026-10-05,TV
9,-0.006773419525884677,2026-10-05,TV
10,-0.012482154884008504,2026-10-05,TV
11,-0.0031430839068787406,2026-10-05,TV
12,-0.007747887870671347,2026-10-05,TV
13,0.0026854405450101393,2026-10-05,TV
14,-0.006081783550558018,2026-10-05,TV
1,0.00022792492821755328,2026-10-05,TWLO
2,-0.0026995824061861063,2026-10-05,TWLO
3,-0.0022859158723797374,2026-10-05,TWLO
4,-0.004730519672548881,2026-10-05,TWLO
5,-0.0013905180199432756,2026-10-05,TWLO
6,-0.004006096206861656,2026-10-05,TWLO
7,-0.006901560059563542,2026-10-05,TWLO
8,-0.004596778421411285,2026-10-05,TWLO
9,0.0005812398807939199,2026-10-05,TWLO
10,-0.0022335805155790055,2026-10-05,TWLO
11,0.00460700690459777,2026-10-05,TWLO
12,-0.009073041017556906,2026-10-05,TWLO
13,-0.012126067485288272,2026-10-05,TWLO
14,-0.006853724377383111,2026-10-05,TWLO
1,-0.002957477872971727,2026-10-05,TWST
2,-0.0002670195571680168,2026-10-05,TWST
3,-0.003647618511470687,2026-10-05,TWST
4,-0.012370959292793667,2026-10-05,TWST
5,-0.01020002358958854,2026-10-05,TWST
6,-0.006210259456675669,2026-10-05,TWST
7,-0.001775008880491387,2026-10-05,TWST
8,-0.006574566171895616,2026-10-05,TWST
9,-0.002227270916640466,2026-10-05,TWST
10,0.006364014553612364,2026-10-05,TWST
11,-0.005456118623238976,2026-10-05,TWST
12,-0.0023467043096505997,2026-10-05,TWST
13,-0.007268220812928884,2026-10-05,TWST
14,0.002184771915807249,2026-10-05,TWST
1,-0.0023992515447953705,2026-10-05,TXG
2,-0.000984760631528769,2026-10-05,TXG
3,-0.0027644457520725734,2026-10-05,TXG
4,-0.013949623500464966,2026-10-05,TXG
5,-0.010717990345915317,2026-10-05,TXG
6,-0.009795594251232165,2026-10-05,TXG
7,-0.0015564065153385862,2026-10-05,TXG
8,-0.006263813455194863,2026-10-05,TXG
9,-0.003427672194092219,2026-10-05,TXG
10,0.003869618825158249,2026-10-05,TXG
11,-0.006583026084567491,2026-10-05,TXG
12,-0.0010908269280678507,2026-10-05,TXG
13,-0.01201089216508307,2026-10-05,TXG
14,0.0012028273980069918,2026-10-05,TXG
1,-0.0009020455416474878,2026-10-05,TXN
2,-0.001167588125555247,2026-10-05,TXN
3,0.005684380945921284,2026-10-05,TXN
4,0.0020200902968057267,2026-10-05,TXN
5,0.001990242967241483,2026-10-05,TXN
6,0.0012229939916180463,2026-10-05,TXN
7,-0.0008276571985178274,2026-10-05,TXN
8,0.0015384516524047358,2026-10-05,TXN
9,-0.0024879463248003385,2026-10-05,TXN
10,-0.0019461787349078483,2026-10-05,TXN
11,0.005725174781105667,2026-10-05,TXN
12,0.0045570700313056715,2026-10-05,TXN
13,-4.730689144380505e-05,2026-10-05,TXN
14,-0.006416238501052285,2026-10-05,TXN
1,-0.00031180221706292847,2026-10-05,TXRH
2,-0.0017495106511518665,2026-10-05,TXRH
3,-0.0013305837678772527,2026-10-05,TXRH
4,-0.00306308591601909,2026-10-05,TXRH
5,-3.5217926499355235e-05,2026-10-05,TXRH
6,-0.0021305311371952887,2026-10-05,TXRH
7,-0.00808380701439946,2026-10-05,TXRH
8,-0.006235198232453251,2026-10-05,TXRH
9,0.002665501153376285,2026-10-05,TXRH
10,0.002835496591211018,2026-10-05,TXRH
11,0.0038415445989437233,2026-10-05,TXRH
12,-0.005111400447599494,2026-10-05,TXRH
13,-0.009975902234677968,2026-10-05,TXRH
14,-0.00727855745755211,2026-10-05,TXRH
1,-0.0004296104393184117,2026-10-05,TXT
2,-0.0030567270380412203,2026-10-05,TXT
3,-0.0009103180468090265,2026-10-05,TXT
4,-0.0012376570850338605,2026-10-05,TXT
5,-0.0019868659902305534,2026-10-05,TXT
6,-0.0012861314589341158,2026-10-05,TXT
7,-0.010123731364129697,2026-10-05,TXT
8,-0.005271112611185144,2026-10-05,TXT
9,-0.0003731877449107074,2026-10-05,TXT
10,-0.0021188662484665556,2026-10-05,TXT
11,0.005318458880802721,2026-10-05,TXT
12,-0.006282475689052889,2026-10-05,TXT
13,-0.007882694555749999,2026-10-05,TXT
14,-0.003951037624624272,2026-10-05,TXT
1,0.00045663027882617804,2026-10-05,U
2,-0.001681109438491386,2026-10-05,U
3,-0.002736691266171055,2026-10-05,U
4,-0.005572015288719515,2026-10-05,U
5,-0.001954065158916878,2026-10-05,U
6,-0.0017044344134489297,2026-10-05,U
7,-0.009483294826451523,2026-10-05,U
8,-0.006790560001544914,2026-10-05,U
9,-0.0010457234426123395,2026-10-05,U
10,-0.0022162667571863554,2026-10-05,U
11,0.00667211893458967,2026-10-05,U
12,-0.008426752139107044,2026-10-05,U
13,-0.012859834951518476,2026-10-05,U
14,-0.008838758013442192,2026-10-05,U
1,-0.0027890431589040125,2026-10-05,UA
2,0.001229741020948728,2026-10-05,UA
3,-0.004298664041921746,2026-10-05,UA
4,-0.011866007661627487,2026-10-05,UA
5,-0.005827497566196798,2026-10-05,UA
6,-0.00476302740703121,2026-10-05,UA
7,0.004470072287347039,2026-10-05,UA
8,-0.00665190986685092,2026-10-05,UA
9,-0.00529468991964283,2026-10-05,UA
10,-0.009645185477852765,2026-10-05,UA
11,-0.00796331801235099,2026-10-05,UA
12,0.0047249131207235525,2026-10-05,UA
13,0.003849781416711087,2026-10-05,UA
14,0.008492665222650637,2026-10-05,UA
1,-0.002522872836914763,2026-10-05,UAA
2,0.0014522234473216917,2026-10-05,UAA
3,-0.0032001136344692546,2026-10-05,UAA
4,-0.011602334718497887,2026-10-05,UAA
5,-0.006451205111877875,2026-10-05,UAA
6,-0.0035045002553889654,2026-10-05,UAA
7,0.004663337775889673,2026-10-05,UAA
8,-0.006782458555877782,2026-10-05,UAA
9,-0.004239795955018004,2026-10-05,UAA
10,-0.011125279551296899,2026-10-05,UAA
11,-0.006851493439361443,2026-10-05,UAA
12,0.0018350591162255353,2026-10-05,UAA
13,0.0032551060428374617,2026-10-05,UAA
14,0.009301157228203773,2026-10-05,UAA
1,-0.0005492586104933783,2026-10-05,UAL
2,-0.0032303436272608957,2026-10-05,UAL
3,-0.0015123410553325822,2026-10-05,UAL
4,-0.004266381288979281,2026-10-05,UAL
5,-0.0007675562904182121,2026-10-05,UAL
6,-0.0029769557326376444,2026-10-05,UAL
7,-0.014291877137876408,2026-10-05,UAL
8,-0.006489905217930314,2026-10-05,UAL
9,0.0022291231046384224,2026-10-05,UAL
10,0.0010697102736638936,2026-10-05,UAL
11,0.007152119403204869,2026-10-05,UAL
12,-0.006946883019099636,2026-10-05,UAL
13,-0.004128834445354191,2026-10-05,UAL
14,-0.005425198340376333,2026-10-05,UAL
1,0.000887964745108784,2026-10-05,UBER
2,-0.00026890913649020717,2026-10-05,UBER
3,0.0024793351571024626,2026-10-05,UBER
4,0.00038978705361562594,2026-10-05,UBER
5,0.0007821498202938258,2026-10-05,UBER
6,-0.00016583524746078486,2026-10-05,UBER
7,-0.001311994067185416,2026-10-05,UBER
8,0.0003773975372398779,2026-10-05,UBER
9,-0.0018110489787304597,2026-10-05,UBER
10,-0.001394828846250948,2026-10-05,UBER
11,0.006031856263464847,2026-10-05,UBER
12,0.0029446184524517327,2026-10-05,UBER
13,0.0028296637177298548,2026-10-05,UBER
14,-0.0015053523229106949,2026-10-05,UBER
1,-0.0002540817441402717,2026-10-05,UBS
2,-0.0016742175418420126,2026-10-05,UBS
3,0.005413607622700601,2026-10-05,UBS
4,0.0006091170266263777,2026-10-05,UBS
5,0.00170355198814305,2026-10-05,UBS
6,0.00013229077751616627,2026-10-05,UBS
7,-0.00042667602903404916,2026-10-05,UBS
8,0.0004264769527420875,2026-10-05,UBS
9,-0.006555296170735323,2026-10-05,UBS
10,-0.0006370191711658663,2026-10-05,UBS
11,0.0035691422486138044,2026-10-05,UBS
12,-0.002235547108657123,2026-10-05,UBS
13,0.0017274571940742278,2026-10-05,UBS
14,-0.012865530328738268,2026-10-05,UBS
1,-0.0008575432815384588,2026-10-05,UDR
2,-0.001615247435763749,2026-10-05,UDR
3,-0.0023563638468958666,2026-10-05,UDR
4,-0.003296650189532436,2026-10-05,UDR
5,-0.0015137219848615098,2026-10-05,UDR
6,-0.004542227344578499,2026-10-05,UDR
7,-0.0075442543282401376,2026-10-05,UDR
8,-0.006125820845768603,2026-10-05,UDR
9,0.000397226466032452,2026-10-05,UDR
10,-0.0022278148428044675,2026-10-05,UDR
11,0.00570101451751055,2026-10-05,UDR
12,-0.006071813916440746,2026-10-05,UDR
13,-0.006632580964921321,2026-10-05,UDR
14,-0.00568141499863412,2026-10-05,UDR
1,-0.0027255907084186605,2026-10-05,UEC
2,-0.001824428929581947,2026-10-05,UEC
3,-0.005113964008972487,2026-10-05,UEC
4,-0.010718280388105439,2026-10-05,UEC
5,-0.009307177714803255,2026-10-05,UEC
6,-0.004250802004547632,2026-10-05,UEC
7,0.0008343622076963936,2026-10-05,UEC
8,0.0002393797048352084,2026-10-05,UEC
9,0.0010987797384106484,2026-10-05,UEC
10,-0.0056630155202803375,2026-10-05,UEC
11,-0.003979165881646596,2026-10-05,UEC
12,0.0026832569307590147,2026-10-05,UEC
13,0.008115158843537728,2026-10-05,UEC
14,0.003044104036601284,2026-10-05,UEC
1,-0.002420854452344228,2026-10-05,UGP
2,-0.0006407400967621129,2026-10-05,UGP
3,-0.0055755295406520865,2026-10-05,UGP
4,-0.012513737210203386,2026-10-05,UGP
5,-0.007117892828552786,2026-10-05,UGP
6,-0.006690345748535799,2026-10-05,UGP
7,0.001912283508801103,2026-10-05,UGP
8,0.0026352172981784004,2026-10-05,UGP
9,-0.005352494549916447,2026-10-05,UGP
10,-0.008673773777685639,2026-10-05,UGP
11,-0.003298638216231326,2026-10-05,UGP
12,0.0010283370242468554,2026-10-05,UGP
13,0.008724308668808663,2026-10-05,UGP
14,0.003715924505927454,2026-10-05,UGP
1,-9.022628461350254e-05,2026-10-05,UL
2,-0.001959974272883827,2026-10-05,UL
3,0.0019946547790771303,2026-10-05,UL
4,0.00013139511138612992,2026-10-05,UL
5,-0.0010075008602537672,2026-10-05,UL
6,-0.0001452155944394643,2026-10-05,UL
7,-0.0024774588996316856,2026-10-05,UL
8,-0.0003418641748287893,2026-10-05,UL
9,-0.003176123313552669,2026-10-05,UL
10,-0.0032663059838456657,2026-10-05,UL
11,0.003941181015349048,2026-10-05,UL
12,0.0009972472521487434,2026-10-05,UL
13,0.0032550961088657505,2026-10-05,UL
14,-0.00394529856348473,2026-10-05,UL
1,-0.0045990290395681345,2026-10-05,ULCC
2,0.0017683917827419752,2026-10-05,ULCC
3,-0.00018146453682226188,2026-10-05,ULCC
4,-0.012066008510927977,2026-10-05,ULCC
5,-0.004747223339723543,2026-10-05,ULCC
6,-0.00022741595631182562,2026-10-05,ULCC
7,-0.0020735214097548473,2026-10-05,ULCC
8,-0.006026979497792003,2026-10-05,ULCC
9,-0.0002855786523189277,2026-10-05,ULCC
10,0.0056842468648484554,2026-10-05,ULCC
11,-0.006934271878047284,2026-10-05,ULCC
12,0.0046482957704261675,2026-10-05,ULCC
13,0.006087246944340079,2026-10-05,ULCC
14,0.008864692848798109,2026-10-05,ULCC
1,-0.0007486287332655271,2026-10-05,ULTA
2,-0.000977230843069045,2026-10-05,ULTA
3,-0.0031103240008168768,2026-10-05,ULTA
4,-0.0023646083433222923,2026-10-05,ULTA
5,-0.002524900796027729,2026-10-05,ULTA
6,-0.0038334902919858927,2026-10-05,ULTA
7,-0.0068925491244426484,2026-10-05,ULTA
8,-0.006098161232631657,2026-10-05,ULTA
9,-0.0011937844918231766,2026-10-05,ULTA
10,-0.00368136717046104,2026-10-05,ULTA
11,0.0016538593341889987,2026-10-05,ULTA
12,-0.009133409731997484,2026-10-05,ULTA
13,-0.009946994092668221,2026-10-05,ULTA
14,-0.006450886357327555,2026-10-05,ULTA
1,-0.0006438535682536186,2026-10-05,UNH
2,-0.0021669076133301944,2026-10-05,UNH
3,0.002547303151763526,2026-10-05,UNH
4,0.0002090241086796732,2026-10-05,UNH
5,-0.0005755858791140524,2026-10-05,UNH
6,-0.005012514589292906,2026-10-05,UNH
7,-0.0027825356078061514,2026-10-05,UNH
8,-0.00018273264279027485,2026-10-05,UNH
9,0.0005426231178078613,2026-10-05,UNH
10,-0.002605782596000345,2026-10-05,UNH
11,0.0063963321777950385,2026-10-05,UNH
12,-0.0006723249131676379,2026-10-05,UNH
13,0.0013943128661997413,2026-10-05,UNH
14,-0.0059208886217412045,2026-10-05,UNH
1,-0.0003330362020197616,2026-10-05,UNM
2,-0.002701807246482407,2026-10-05,UNM
3,-0.0015328015772846338,2026-10-05,UNM
4,-0.002332136678102855,2026-10-05,UNM
5,-0.003519365525073167,2026-10-05,UNM
6,-0.0018492897150567558,2026-10-05,UNM
7,-0.00701437447924793,2026-10-05,UNM
8,-0.005032997511834941,2026-10-05,UNM
9,-0.00022845252955361147,2026-10-05,UNM
10,-0.001547925304544446,2026-10-05,UNM
11,0.004588216717370444,2026-10-05,UNM
12,-0.0071355567648766485,2026-10-05,UNM
13,-0.009045967875231743,2026-10-05,UNM
14,-0.005158621346875116,2026-10-05,UNM
1,0.0004201318023222781,2026-10-05,UNP
2,-0.0013763101759325833,2026-10-05,UNP
3,0.0025423112851506993,2026-10-05,UNP
4,-0.00027798142224761877,2026-10-05,UNP
5,0.0006628518184642219,2026-10-05,UNP
6,0.0001316444469762714,2026-10-05,UNP
7,0.00031290255957032534,2026-10-05,UNP
8,-0.0003751453259987982,2026-10-05,UNP
9,-0.001106731800554027,2026-10-05,UNP
10,-0.0011613399361768753,2026-10-05,UNP
11,0.002424696996587002,2026-10-05,UNP
12,0.0013574697161429328,2026-10-05,UNP
13,0.0033716717458214746,2026-10-05,UNP
14,-0.005432688724339458,2026-10-05,UNP
1,-0.0006618491583853436,2026-10-05,UPS
2,-0.0008941487670304085,2026-10-05,UPS
3,0.0025304278786539218,2026-10-05,UPS
4,0.0006180393916561813,2026-10-05,UPS
5,-0.0015271044735819968,2026-10-05,UPS
6,-0.0011835242495262168,2026-10-05,UPS
7,-0.004859970692501919,2026-10-05,UPS
8,0.0005304317952796481,2026-10-05,UPS
9,-0.001318628722569333,2026-10-05,UPS
10,-0.0011923156016982032,2026-10-05,UPS
11,0.0026251041660461456,2026-10-05,UPS
12,-0.001672782535021038,2026-10-05,UPS
13,0.0023316454272664803,2026-10-05,UPS
14,-0.003987000680560078,2026-10-05,UPS
1,-0.0036067876593972223,2026-10-05,UPWK
2,-0.0004186126967673777,2026-10-05,UPWK
3,-0.0037717236699656865,2026-10-05,UPWK
4,-0.010083533392656524,2026-10-05,UPWK
5,-0.006538885714331973,2026-10-05,UPWK
6,-0.002080153974804397,2026-10-05,UPWK
7,-0.0049559108555710185,2026-10-05,UPWK
8,-0.0015217433755484635,2026-10-05,UPWK
9,0.003552715353538624,2026-10-05,UPWK
10,-0.011882037720219767,2026-10-05,UPWK
11,-0.0034115507131317595,2026-10-05,UPWK
12,0.0007757674709313036,2026-10-05,UPWK
13,0.0004039332558510124,2026-10-05,UPWK
14,0.0015697861936041196,2026-10-05,UPWK
1,-0.0020833480259639684,2026-10-05,URBN
2,-0.0010940605881422263,2026-10-05,URBN
3,-0.004152407732703577,2026-10-05,URBN
4,-0.00828725069440986,2026-10-05,URBN
5,-0.006893495765334739,2026-10-05,URBN
6,-0.004641816357976385,2026-10-05,URBN
7,-0.0005569384500027111,2026-10-05,URBN
8,-0.0005421172943883512,2026-10-05,URBN
9,-0.005677061100432257,2026-10-05,URBN
10,-0.006259331688904938,2026-10-05,URBN
11,-0.008056408543378378,2026-10-05,URBN
12,0.004501975958260731,2026-10-05,URBN
13,0.0021394864261839995,2026-10-05,URBN
14,0.0029512810455389346,2026-10-05,URBN
1,2.5949192274367033e-05,2026-10-05,USB
2,-0.0021743838376167652,2026-10-05,USB
3,0.0024652985928590707,2026-10-05,USB
4,-6.277919989618885e-05,2026-10-05,USB
5,0.0015456651570273264,2026-10-05,USB
6,5.97365452012017e-05,2026-10-05,USB
7,-0.003647221433721179,2026-10-05,USB
8,0.0015984092672243024,2026-10-05,USB
9,-0.002479078852997948,2026-10-05,USB
10,-0.0020408129181066843,2026-10-05,USB
11,0.0047723523925815,2026-10-05,USB
12,0.0027927856652544924,2026-10-05,USB
13,0.002173161769054883,2026-10-05,USB
14,-0.007224264821338436,2026-10-05,USB
1,-6.128828565281553e-05,2026-10-05,USFD
2,-0.0021917744631285,2026-10-05,USFD
3,-0.002909590416711899,2026-10-05,USFD
4,-0.0015766316841691885,2026-10-05,USFD
5,-0.001072479980970536,2026-10-05,USFD
6,-0.0018646527845316908,2026-10-05,USFD
7,-0.00863468188780298,2026-10-05,USFD
8,-0.005951338495972782,2026-10-05,USFD
9,0.0026912298843203694,2026-10-05,USFD
10,-0.0007099278257636197,2026-10-05,USFD
11,0.0063530798348790645,2026-10-05,USFD
12,-0.008863476106532039,2026-10-05,USFD
13,-0.008195957101734482,2026-10-05,USFD
14,-0.0040131106582520365,2026-10-05,USFD
1,-0.004086340315418738,2026-10-05,UUUU
2,-0.0010019232321970206,2026-10-05,UUUU
3,-0.0032550484713754608,2026-10-05,UUUU
4,-0.011889155281555744,2026-10-05,UUUU
5,-0.010573874631561442,2026-10-05,UUUU
6,-0.003703594472789073,2026-10-05,UUUU
7,8.148978364388258e-05,2026-10-05,UUUU
8,-0.004203749123981924,2026-10-05,UUUU
9,-0.0025536292613621584,2026-10-05,UUUU
10,0.008914552158581118,2026-10-05,UUUU
11,-0.006406275648902959,2026-10-05,UUUU
12,-0.000792895729140275,2026-10-05,UUUU
13,-0.0006122667850358619,2026-10-05,UUUU
14,0.005107147907510943,2026-10-05,UUUU
1,0.00014385185499875066,2026-10-05,UWMC
2,2.776296420008269e-05,2026-10-05,UWMC
3,-0.0017210783893469304,2026-10-05,UWMC
4,-0.002209123108037675,2026-10-05,UWMC
5,-0.00013234790637758716,2026-10-05,UWMC
6,-0.006611275719159746,2026-10-05,UWMC
7,-0.005175434795398347,2026-10-05,UWMC
8,-0.006405653257958392,2026-10-05,UWMC
9,0.0018344387722288307,2026-10-05,UWMC
10,-0.005201342465925366,2026-10-05,UWMC
11,-0.0013861792801703769,2026-10-05,UWMC
12,-0.014023172463403896,2026-10-05,UWMC
13,-0.01102326300561535,2026-10-05,UWMC
14,-0.008271871902594388,2026-10-05,UWMC
1,-0.00024007720618425606,2026-10-05,V
2,-0.0015067721801047174,2026-10-05,V
3,0.000992055353170236,2026-10-05,V
4,0.0011027178706375358,2026-10-05,V
5,0.0011651249158974337,2026-10-05,V
6,-0.0016918222664700927,2026-10-05,V
7,-0.0021926462730883483,2026-10-05,V
8,0.002567945212166965,2026-10-05,V
9,-0.0024416058298504903,2026-10-05,V
10,0.0010101958090903667,2026-10-05,V
11,0.0025777140763523854,2026-10-05,V
12,0.0011074994516517985,2026-10-05,V
13,0.0005026884169896679,2026-10-05,V
14,-0.006253458452090304,2026-10-05,V
1,5.945996260837408e-05,2026-10-05,VAL
2,-0.0016394380093922,2026-10-05,VAL
3,-0.001935258843348005,2026-10-05,VAL
4,-0.0033464752508359625,2026-10-05,VAL
5,-0.0010893574239953495,2026-10-05,VAL
6,-0.0029186439981140505,2026-10-05,VAL
7,-0.008165071911732259,2026-10-05,VAL
8,-0.006453584034100808,2026-10-05,VAL
9,0.0010427372366233164,2026-10-05,VAL
10,-0.00425050368823487,2026-10-05,VAL
11,0.005085129676057516,2026-10-05,VAL
12,-0.008842425385559875,2026-10-05,VAL
13,-0.008994588849436148,2026-10-05,VAL
14,-0.00809523477700369,2026-10-05,VAL
1,0.00014101117986740092,2026-10-05,VALE
2,-0.00359781607807719,2026-10-05,VALE
3,-0.0019913361367228997,2026-10-05,VALE
4,-0.0002944745516816703,2026-10-05,VALE
5,0.000855987380729341,2026-10-05,VALE
6,-0.0011278969929112569,2026-10-05,VALE
7,-0.0067202667123438834,2026-10-05,VALE
8,-0.004506196809962977,2026-10-05,VALE
9,0.00015742451107696466,2026-10-05,VALE
10,-0.0002342146125516192,2026-10-05,VALE
11,0.005368864855628404,2026-10-05,VALE
12,-0.00871067147680961,2026-10-05,VALE
13,-0.008325487676556307,2026-10-05,VALE
14,-0.004349646918911477,2026-10-05,VALE
1,-0.002928832233934207,2026-10-05,VCYT
2,-0.0007436769160400837,2026-10-05,VCYT
3,-0.006259109547780442,2026-10-05,VCYT
4,-0.011734842464215257,2026-10-05,VCYT
5,-0.006217041200519445,2026-10-05,VCYT
6,-0.0054621445915251,2026-10-05,VCYT
7,0.0013146037013575798,2026-10-05,VCYT
8,-0.003635471638102706,2026-10-05,VCYT
9,-0.0054191748095681,2026-10-05,VCYT
10,-0.004050706455172871,2026-10-05,VCYT
11,-0.005796452641499277,2026-10-05,VCYT
12,-0.0008117000887594869,2026-10-05,VCYT
13,0.004398069176764916,2026-10-05,VCYT
14,0.005520307512819999,2026-10-05,VCYT
1,0.0006232383596371987,2026-10-05,VEEV
2,-0.002285951509112043,2026-10-05,VEEV
3,-0.002008967922623197,2026-10-05,VEEV
4,-0.004799618383915125,2026-10-05,VEEV
5,-0.0019253567998552378,2026-10-05,VEEV
6,-0.0033824084225047473,2026-10-05,VEEV
7,-0.008075886408502339,2026-10-05,VEEV
8,-0.00434080839060432,2026-10-05,VEEV
9,-0.0010363018447737424,2026-10-05,VEEV
10,-0.0005556282130914381,2026-10-05,VEEV
11,0.005440395620966235,2026-10-05,VEEV
12,-0.007292437599842595,2026-10-05,VEEV
13,-0.010758073401832293,2026-10-05,VEEV
14,-0.007909657684753676,2026-10-05,VEEV
1,0.000433741217343438,2026-10-05,VERX
2,-0.0014104017537868128,2026-10-05,VERX
3,-0.001446572928137336,2026-10-05,VERX
4,-0.0038609650459148917,2026-10-05,VERX
5,-0.0018505685857168324,2026-10-05,VERX
6,-0.0039407751406491985,2026-10-05,VERX
7,-0.007585360688463722,2026-10-05,VERX
8,-0.00547134411777583,2026-10-05,VERX
9,-0.001853172328611488,2026-10-05,VERX
10,-0.003028934418760443,2026-10-05,VERX
11,0.0055708336221179456,2026-10-05,VERX
12,-0.009065829865838957,2026-10-05,VERX
13,-0.008188417776475878,2026-10-05,VERX
14,-0.006476893654785754,2026-10-05,VERX
1,-0.0034496327669192193,2026-10-05,VET
2,-0.00011172963673520627,2026-10-05,VET
3,-0.0032888344066275433,2026-10-05,VET
4,-0.011650936737636274,2026-10-05,VET
5,-0.0037525683388560643,2026-10-05,VET
6,-0.006513066609502425,2026-10-05,VET
7,0.0028657060189430316,2026-10-05,VET
8,-0.003274920169820703,2026-10-05,VET
9,-0.0005094718429777094,2026-10-05,VET
10,-0.007407344536916493,2026-10-05,VET
11,0.0011796335337584747,2026-10-05,VET
12,0.007883655210285351,2026-10-05,VET
13,0.007728985825847401,2026-10-05,VET
14,0.00602067595636243,2026-10-05,VET
1,-0.0012286512570141089,2026-10-05,VFC
2,-0.0016054131783209652,2026-10-05,VFC
3,-0.00301132815704321,2026-10-05,VFC
4,-0.005408646681821664,2026-10-05,VFC
5,-0.0025536209782327083,2026-10-05,VFC
6,-0.0029032222358378696,2026-10-05,VFC
7,-0.011726605944854867,2026-10-05,VFC
8,-0.007594009456095683,2026-10-05,VFC
9,-0.0008020887705656458,2026-10-05,VFC
10,-0.002584257133993743,2026-10-05,VFC
11,0.006100790773725413,2026-10-05,VFC
12,-0.008717926993334651,2026-10-05,VFC
13,-0.01294388961461263,2026-10-05,VFC
14,-0.00808650258463881,2026-10-05,VFC
1,-0.0034821812748458496,2026-10-05,VIAV
2,-0.000469829256144454,2026-10-05,VIAV
3,-0.004069685426299448,2026-10-05,VIAV
4,-0.013513661409280793,2026-10-05,VIAV
5,-2.371227490036687e-05,2026-10-05,VIAV
6,-0.0013035471770673998,2026-10-05,VIAV
7,0.0030546443140697464,2026-10-05,VIAV
8,-0.0038251474835422333,2026-10-05,VIAV
9,0.0002909476873112963,2026-10-05,VIAV
10,-0.008870406329788952,2026-10-05,VIAV
11,-0.0077472075974261536,2026-10-05,VIAV
12,-0.001195224756532732,2026-10-05,VIAV
13,0.0011218765235602086,2026-10-05,VIAV
14,0.007793357071271067,2026-10-05,VIAV
1,-0.0001521222917434812,2026-10-05,VICI
2,-0.002633547875475583,2026-10-05,VICI
3,-0.001474862345957144,2026-10-05,VICI
4,-0.002723477746364992,2026-10-05,VICI
5,-0.002800569563691956,2026-10-05,VICI
6,-0.0005369298025609899,2026-10-05,VICI
7,-0.007736582725447114,2026-10-05,VICI
8,-0.005360720195136524,2026-10-05,VICI
9,0.0008750164251161996,2026-10-05,VICI
10,-0.002950248760439717,2026-10-05,VICI
11,0.005405460616855217,2026-10-05,VICI
12,-0.006503851906488425,2026-10-05,VICI
13,-0.008056203351379175,2026-10-05,VICI
14,-0.0064727453992575335,2026-10-05,VICI
1,-0.0009925266349845245,2026-10-05,VIK
2,-0.002436247727885851,2026-10-05,VIK
3,-0.003449289949224565,2026-10-05,VIK
4,-0.001533419481248655,2026-10-05,VIK
5,-0.0036642437281680486,2026-10-05,VIK
6,-0.002053481582543534,2026-10-05,VIK
7,-0.008793313905171124,2026-10-05,VIK
8,-0.005367177208662357,2026-10-05,VIK
9,0.0020260300091220888,2026-10-05,VIK
10,-0.0009247409510402005,2026-10-05,VIK
11,0.00505842412093586,2026-10-05,VIK
12,-0.004217350594830747,2026-10-05,VIK
13,-0.011068255298149397,2026-10-05,VIK
14,-0.007711186569129361,2026-10-05,VIK
1,-0.0004214001625822079,2026-10-05,VIPS
2,-0.0024947152878533677,2026-10-05,VIPS
3,-0.0016067966041814115,2026-10-05,VIPS
4,-0.0011071245692143507,2026-10-05,VIPS
5,-0.004624141100612392,2026-10-05,VIPS
6,-0.002512204931406668,2026-10-05,VIPS
7,-0.006864096339889035,2026-10-05,VIPS
8,-0.004775387536011547,2026-10-05,VIPS
9,0.0006065258995320749,2026-10-05,VIPS
10,-0.00031032306113069235,2026-10-05,VIPS
11,-0.0012767584911356437,2026-10-05,VIPS
12,-0.009881112528027758,2026-10-05,VIPS
13,-0.0030142641250087863,2026-10-05,VIPS
14,-0.006539270114144514,2026-10-05,VIPS
1,-0.003906861959401716,2026-10-05,VIR
2,-0.0009622354897747043,2026-10-05,VIR
3,-0.005233206424399943,2026-10-05,VIR
4,-0.010728344995948798,2026-10-05,VIR
5,-0.007955825536848206,2026-10-05,VIR
6,-0.008761208485049833,2026-10-05,VIR
7,-0.002608570699806606,2026-10-05,VIR
8,-0.005747922194588187,2026-10-05,VIR
9,0.0002709233640331944,2026-10-05,VIR
10,-0.00415814707873946,2026-10-05,VIR
11,-0.0020476493005027584,2026-10-05,VIR
12,0.008637392009912303,2026-10-05,VIR
13,0.005178383852843034,2026-10-05,VIR
14,0.0009820106181072554,2026-10-05,VIR
1,-0.0025836096471757992,2026-10-05,VIRT
2,0.0004274039450869829,2026-10-05,VIRT
3,-0.004030753297363841,2026-10-05,VIRT
4,-0.007631881735065822,2026-10-05,VIRT
5,-0.004076389021149096,2026-10-05,VIRT
6,-0.004984032413943508,2026-10-05,VIRT
7,0.0012188557492127392,2026-10-05,VIRT
8,-0.0013987164713190326,2026-10-05,VIRT
9,-0.0025335714330809427,2026-10-05,VIRT
10,-0.007930209981615586,2026-10-05,VIRT
11,-0.006750845021897597,2026-10-05,VIRT
12,0.003116918214916416,2026-10-05,VIRT
13,0.005712144151773383,2026-10-05,VIRT
14,0.007938591297896872,2026-10-05,VIRT
1,-0.0007839645389075022,2026-10-05,VKTX
2,-0.002142706838905304,2026-10-05,VKTX
3,-0.003017628313916776,2026-10-05,VKTX
4,-0.0030559435697462426,2026-10-05,VKTX
5,-0.0007242465690816908,2026-10-05,VKTX
6,-0.00026661834961770684,2026-10-05,VKTX
7,-0.009463256695940964,2026-10-05,VKTX
8,-0.005486807120615838,2026-10-05,VKTX
9,-0.0008640776643512134,2026-10-05,VKTX
10,-0.0033943997335327005,2026-10-05,VKTX
11,0.006173164650071885,2026-10-05,VKTX
12,-0.00977907053307241,2026-10-05,VKTX
13,-0.01110140160428364,2026-10-05,VKTX
14,-0.005125635686910759,2026-10-05,VKTX
1,-2.4826712919479106e-05,2026-10-05,VLO
2,-0.0028038125433139075,2026-10-05,VLO
3,-0.0023543712251729125,2026-10-05,VLO
4,-0.0032701902678235733,2026-10-05,VLO
5,0.0062786446592932674,2026-10-05,VLO
6,0.0004970238734854515,2026-10-05,VLO
7,-0.002545563091523144,2026-10-05,VLO
8,-0.002948920213004515,2026-10-05,VLO
9,0.001952455741507435,2026-10-05,VLO
10,-0.0010589918711672419,2026-10-05,VLO
11,0.006109445526009822,2026-10-05,VLO
12,-0.00505498005892972,2026-10-05,VLO
13,-0.007275018083631313,2026-10-05,VLO
14,-0.004517193897210728,2026-10-05,VLO
1,-1.3830579515745074e-05,2026-10-05,VLTO
2,-0.0019993802424182736,2026-10-05,VLTO
3,-0.0019258387245843654,2026-10-05,VLTO
4,-0.0036960857188750853,2026-10-05,VLTO
5,-0.0013081358212170733,2026-10-05,VLTO
6,-0.001966888450709966,2026-10-05,VLTO
7,-0.012278440693401674,2026-10-05,VLTO
8,-0.005923456159897801,2026-10-05,VLTO
9,0.0017127163821837107,2026-10-05,VLTO
10,-0.001058350937738155,2026-10-05,VLTO
11,0.003347313163718632,2026-10-05,VLTO
12,-0.00659819546721953,2026-10-05,VLTO
13,-0.009083825089206994,2026-10-05,VLTO
14,-0.0072121289431954635,2026-10-05,VLTO
1,-0.0020979623848775384,2026-10-05,VLY
2,-0.00034579288848430174,2026-10-05,VLY
3,-0.0041771322175969275,2026-10-05,VLY
4,-0.009177722721838448,2026-10-05,VLY
5,-0.0077239777999431785,2026-10-05,VLY
6,-0.0006837808518323299,2026-10-05,VLY
7,0.0013350062682177509,2026-10-05,VLY
8,-0.00045021930801291164,2026-10-05,VLY
9,-0.003248746931683025,2026-10-05,VLY
10,-0.011605181027047549,2026-10-05,VLY
11,-0.0011063945994985577,2026-10-05,VLY
12,0.0049384238589396685,2026-10-05,VLY
13,0.0008839611302740893,2026-10-05,VLY
14,-0.004470521181367023,2026-10-05,VLY
1,8.034604680216234e-05,2026-10-05,VNOM
2,-0.0019926588682113483,2026-10-05,VNOM
3,-0.002686307852916738,2026-10-05,VNOM
4,-0.0026402556297579417,2026-10-05,VNOM
5,-0.0014685133288674457,2026-10-05,VNOM
6,-0.0017951219113182097,2026-10-05,VNOM
7,-0.010073819079612958,2026-10-05,VNOM
8,-0.00228695534487338,2026-10-05,VNOM
9,0.0012124114160639438,2026-10-05,VNOM
10,0.0024403391983353648,2026-10-05,VNOM
11,0.0047900109580695325,2026-10-05,VNOM
12,-0.0043227011053829836,2026-10-05,VNOM
13,-0.003820068593511329,2026-10-05,VNOM
14,-0.005782501049776951,2026-10-05,VNOM
1,0.00020492999142188544,2026-10-05,VOD
2,-0.002232997974715615,2026-10-05,VOD
3,-0.0015468418795219936,2026-10-05,VOD
4,-0.0029791148902601223,2026-10-05,VOD
5,-0.0013323769791191093,2026-10-05,VOD
6,-0.001785610793687996,2026-10-05,VOD
7,-0.009591217767949137,2026-10-05,VOD
8,-0.004413054457501388,2026-10-05,VOD
9,0.002580957612467661,2026-10-05,VOD
10,-0.001657150252549724,2026-10-05,VOD
11,0.0002419830924832811,2026-10-05,VOD
12,-0.007224493565179308,2026-10-05,VOD
13,-0.007698576410889595,2026-10-05,VOD
14,-0.0033598261265825546,2026-10-05,VOD
1,-0.0033933907882463415,2026-10-05,VRDN
2,-0.00019239531248177463,2026-10-05,VRDN
3,-0.0014413296734473106,2026-10-05,VRDN
4,-0.01208390180097045,2026-10-05,VRDN
5,-0.004015950876232103,2026-10-05,VRDN
6,-7.336235965450275e-05,2026-10-05,VRDN
7,0.0020981269180992733,2026-10-05,VRDN
8,0.0022767457545785413,2026-10-05,VRDN
9,-0.0033842287898442664,2026-10-05,VRDN
10,-0.005510629411767073,2026-10-05,VRDN
11,-0.005848232881992427,2026-10-05,VRDN
12,0.0034108736428174967,2026-10-05,VRDN
13,0.012995904011745614,2026-10-05,VRDN
14,0.0013749782144500634,2026-10-05,VRDN
1,-0.0033034317475054134,2026-10-05,VRNS
2,6.559042667605918e-05,2026-10-05,VRNS
3,-0.0034267117971527477,2026-10-05,VRNS
4,-0.01302357877502459,2026-10-05,VRNS
5,-0.0007569031319875283,2026-10-05,VRNS
6,-0.0035942245188943594,2026-10-05,VRNS
7,0.0018598807091381663,2026-10-05,VRNS
8,-0.00399409006714548,2026-10-05,VRNS
9,-0.0023653289090236535,2026-10-05,VRNS
10,-0.007181886363230976,2026-10-05,VRNS
11,0.000949259372599187,2026-10-05,VRNS
12,0.006473580717647563,2026-10-05,VRNS
13,0.007648759913701972,2026-10-05,VRNS
14,0.009126992480161009,2026-10-05,VRNS
1,-0.0029130198067110237,2026-10-05,VRRM
2,-0.000481187626748991,2026-10-05,VRRM
3,-0.006046365378909772,2026-10-05,VRRM
4,-0.00925311319873811,2026-10-05,VRRM
5,-0.0047798667767215515,2026-10-05,VRRM
6,-0.00450102482698681,2026-10-05,VRRM
7,0.0035920525786181886,2026-10-05,VRRM
8,0.0024281748981006203,2026-10-05,VRRM
9,-0.008647620800138514,2026-10-05,VRRM
10,-0.008101596908101789,2026-10-05,VRRM
11,-0.01085093340697268,2026-10-05,VRRM
12,-0.0034389556693009307,2026-10-05,VRRM
13,0.006497077759168026,2026-10-05,VRRM
14,0.00047278018262235865,2026-10-05,VRRM
1,-0.0011689761709129075,2026-10-05,VRT
2,-0.0029213727905017008,2026-10-05,VRT
3,-0.0024339651771567,2026-10-05,VRT
4,0.0004734702773769721,2026-10-05,VRT
5,0.0013985364416186736,2026-10-05,VRT
6,-0.0004961605373654364,2026-10-05,VRT
7,-0.010756833398598474,2026-10-05,VRT
8,-0.004184983368964082,2026-10-05,VRT
9,0.00031017821897254966,2026-10-05,VRT
10,-0.0011769401884793784,2026-10-05,VRT
11,0.004221337031554017,2026-10-05,VRT
12,-0.007027200998268874,2026-10-05,VRT
13,-0.009820280953948744,2026-10-05,VRT
14,-0.003980591513227885,2026-10-05,VRT
1,0.001165390495982755,2026-10-05,VRTX
2,-0.0019702542736367346,2026-10-05,VRTX
3,0.001786470752520962,2026-10-05,VRTX
4,0.00017685636472077447,2026-10-05,VRTX
5,-0.0021520114625590172,2026-10-05,VRTX
6,-0.0022983872308863507,2026-10-05,VRTX
7,-0.0012783792363370676,2026-10-05,VRTX
8,0.002519560871551598,2026-10-05,VRTX
9,-0.000723782568923876,2026-10-05,VRTX
10,-0.0008519037922023309,2026-10-05,VRTX
11,0.004842735977815672,2026-10-05,VRTX
12,0.001014451711889196,2026-10-05,VRTX
13,0.0031217490794793732,2026-10-05,VRTX
14,-0.002427786217208622,2026-10-05,VRTX
1,-0.0023974291540275563,2026-10-05,VSAT
2,2.9183839563119907e-05,2026-10-05,VSAT
3,-0.0035714108977192827,2026-10-05,VSAT
4,-0.008804358729284902,2026-10-05,VSAT
5,-0.005367690827872233,2026-10-05,VSAT
6,-0.00428398367104546,2026-10-05,VSAT
7,0.006707440367647627,2026-10-05,VSAT
8,-0.0008836922514220522,2026-10-05,VSAT
9,-0.00012941377069230394,2026-10-05,VSAT
10,-0.008669054653565605,2026-10-05,VSAT
11,-0.00019023755444598018,2026-10-05,VSAT
12,0.0012964148196132391,2026-10-05,VSAT
13,0.008116307267190119,2026-10-05,VSAT
14,0.005485801139166299,2026-10-05,VSAT
1,-0.002430327701214805,2026-10-05,VSH
2,0.00042967450200789495,2026-10-05,VSH
3,-0.002444471531090875,2026-10-05,VSH
4,-0.0071628639774026955,2026-10-05,VSH
5,-0.00945600481320229,2026-10-05,VSH
6,-0.0029459369843954993,2026-10-05,VSH
7,-0.0036873173957260356,2026-10-05,VSH
8,-0.0033104324977160354,2026-10-05,VSH
9,-0.00425439577066764,2026-10-05,VSH
10,0.007772803714228807,2026-10-05,VSH
11,-0.006445022795619087,2026-10-05,VSH
12,-0.0005149313055096235,2026-10-05,VSH
13,0.002968160895850036,2026-10-05,VSH
14,0.014139067060110819,2026-10-05,VSH
1,-0.0004745536231585286,2026-10-05,VST
2,-0.001954883551140778,2026-10-05,VST
3,-0.001721130324415422,2026-10-05,VST
4,-0.0033144603329099305,2026-10-05,VST
5,-0.00010685316950432087,2026-10-05,VST
6,-0.003359029120798423,2026-10-05,VST
7,-0.0071641425413717565,2026-10-05,VST
8,-0.004609749877923397,2026-10-05,VST
9,0.003250425543566313,2026-10-05,VST
10,-0.0017594252212961507,2026-10-05,VST
11,0.005733591682616141,2026-10-05,VST
12,-0.007682894251025834,2026-10-05,VST
13,-0.009019541477282643,2026-10-05,VST
14,-0.004160092191897107,2026-10-05,VST
1,-0.0029254509698267645,2026-10-05,VSTS
2,0.002123418484976606,2026-10-05,VSTS
3,-0.0042154324158520705,2026-10-05,VSTS
4,-0.0113895911566407,2026-10-05,VSTS
5,-0.00952584564224965,2026-10-05,VSTS
6,-0.007029772026179739,2026-10-05,VSTS
7,-0.0035850910110821173,2026-10-05,VSTS
8,-0.005351520998028692,2026-10-05,VSTS
9,-0.005710624277539987,2026-10-05,VSTS
10,-0.011564443798240261,2026-10-05,VSTS
11,-0.0038122315495277195,2026-10-05,VSTS
12,0.006628151007195474,2026-10-05,VSTS
13,0.0028733801837380526,2026-10-05,VSTS
14,-0.00204575824022164,2026-10-05,VSTS
1,-0.0005710505101632246,2026-10-05,VTR
2,-0.0015327564369068273,2026-10-05,VTR
3,-0.0019359425580790853,2026-10-05,VTR
4,-0.0016529880733590395,2026-10-05,VTR
5,-0.0023880551905502154,2026-10-05,VTR
6,-0.0025836251602072446,2026-10-05,VTR
7,-0.0095352912145509,2026-10-05,VTR
8,-0.0062973164962343816,2026-10-05,VTR
9,-0.0006608555535873696,2026-10-05,VTR
10,-0.002850641022543417,2026-10-05,VTR
11,0.006205000900895327,2026-10-05,VTR
12,-0.010565695659045651,2026-10-05,VTR
13,-0.010454422484589172,2026-10-05,VTR
14,-0.005825607932786542,2026-10-05,VTR
1,-0.0005336216083601865,2026-10-05,VTRS
2,-0.0023544343910742436,2026-10-05,VTRS
3,-0.0021528029070059383,2026-10-05,VTRS
4,-0.0034697252531337903,2026-10-05,VTRS
5,0.00033699409431837594,2026-10-05,VTRS
6,-0.0011230449678463698,2026-10-05,VTRS
7,-0.007816963225466374,2026-10-05,VTRS
8,-0.0040639765230246535,2026-10-05,VTRS
9,0.0019583067234657608,2026-10-05,VTRS
10,-0.0008779135074696047,2026-10-05,VTRS
11,0.005702505360245954,2026-10-05,VTRS
12,-0.0068895782283516895,2026-10-05,VTRS
13,-0.010075425606560651,2026-10-05,VTRS
14,-0.0066652779006424094,2026-10-05,VTRS
1,0.00021069717050515823,2026-10-05,VVV
2,-0.002685828097630863,2026-10-05,VVV
3,-0.00459489152582908,2026-10-05,VVV
4,-0.003948724052771481,2026-10-05,VVV
5,-0.0032303217925485207,2026-10-05,VVV
6,-0.003081943945649065,2026-10-05,VVV
7,-0.010468010766143943,2026-10-05,VVV
8,-0.00654947756454444,2026-10-05,VVV
9,0.0029428047795144858,2026-10-05,VVV
10,-0.0001452952172214132,2026-10-05,VVV
11,0.003521070762419866,2026-10-05,VVV
12,-0.009956878001584069,2026-10-05,VVV
13,-0.006251123658449093,2026-10-05,VVV
14,-0.006317888237071232,2026-10-05,VVV
1,-0.0025736510882622366,2026-10-05,VYX
2,-0.0010864820454160394,2026-10-05,VYX
3,-0.006639370339090579,2026-10-05,VYX
4,-0.010586286280388796,2026-10-05,VYX
5,-0.006687992708472451,2026-10-05,VYX
6,-0.0059683602062727365,2026-10-05,VYX
7,0.003119335765095415,2026-10-05,VYX
8,0.0004412496453769693,2026-10-05,VYX
9,-0.0021870696817061944,2026-10-05,VYX
10,-0.006075029352897521,2026-10-05,VYX
11,-0.007015910327060449,2026-10-05,VYX
12,0.0026540682195897135,2026-10-05,VYX
13,0.003213705159119785,2026-10-05,VYX
14,0.00048355451989778517,2026-10-05,VYX
1,9.662707758243797e-05,2026-10-05,VZ
2,-0.0018840865931452346,2026-10-05,VZ
3,0.0020197894373653272,2026-10-05,VZ
4,-5.59260700412856e-05,2026-10-05,VZ
5,0.000515383314820121,2026-10-05,VZ
6,-0.00014115619175585048,2026-10-05,VZ
7,-0.0019893960897402617,2026-10-05,VZ
8,0.0006515482678682996,2026-10-05,VZ
9,-0.0028433767192314347,2026-10-05,VZ
10,-0.002970322201530705,2026-10-05,VZ
11,0.0038034710551393524,2026-10-05,VZ
12,0.0004532358777107746,2026-10-05,VZ
13,0.005303749695631342,2026-10-05,VZ
14,-0.0035093279432719462,2026-10-05,VZ
1,-0.0009013203524968483,2026-10-05,W
2,-0.001856862056842028,2026-10-05,W
3,-0.001832834909737027,2026-10-05,W
4,-0.002312612043192781,2026-10-05,W
5,-0.002364184875264274,2026-10-05,W
6,-0.005473750980542489,2026-10-05,W
7,-0.010342722879269297,2026-10-05,W
8,-0.005365507027399754,2026-10-05,W
9,0.0031009370164370885,2026-10-05,W
10,-0.002932501192234525,2026-10-05,W
11,0.008372715822865901,2026-10-05,W
12,-0.004075849598389439,2026-10-05,W
13,-0.011932390236632787,2026-10-05,W
14,-0.005769446530759188,2026-10-05,W
1,-0.0001158813318391559,2026-10-05,WAB
2,-0.0023649595102735203,2026-10-05,WAB
3,-0.0017270406451020794,2026-10-05,WAB
4,-0.002648815827806225,2026-10-05,WAB
5,-0.00041739159837604693,2026-10-05,WAB
6,-0.003186003379877495,2026-10-05,WAB
7,-0.00888190531303396,2026-10-05,WAB
8,-0.00358285835442294,2026-10-05,WAB
9,-0.001087406176636669,2026-10-05,WAB
10,-0.002980848562663856,2026-10-05,WAB
11,0.00624089839182019,2026-10-05,WAB
12,-0.007264799027791208,2026-10-05,WAB
13,-0.012051829328007965,2026-10-05,WAB
14,-0.004146878190361434,2026-10-05,WAB
1,-0.0008142057490459439,2026-10-05,WAL
2,-0.0020729238488383993,2026-10-05,WAL
3,-0.0015608145261381955,2026-10-05,WAL
4,-0.002108263731592683,2026-10-05,WAL
5,-0.0015246561200048887,2026-10-05,WAL
6,-0.002973829832351343,2026-10-05,WAL
7,-0.010142070864045914,2026-10-05,WAL
8,-0.005450117268428305,2026-10-05,WAL
9,0.0025406486061836948,2026-10-05,WAL
10,-0.0027770083331068586,2026-10-05,WAL
11,0.003015148839731663,2026-10-05,WAL
12,-0.009030449962814298,2026-10-05,WAL
13,-0.008367807874601677,2026-10-05,WAL
14,-0.00760259163224176,2026-10-05,WAL
1,-0.0034905929141549013,2026-10-05,WB
2,0.001170360497176194,2026-10-05,WB
3,-0.004807685403413995,2026-10-05,WB
4,-0.012890510676316606,2026-10-05,WB
5,-0.005947391649326502,2026-10-05,WB
6,-0.0025550525971531606,2026-10-05,WB
7,0.0015927569448105036,2026-10-05,WB
8,-0.0011201833974173294,2026-10-05,WB
9,-0.004101039553806508,2026-10-05,WB
10,-0.006151885409040217,2026-10-05,WB
11,-0.011399869508603465,2026-10-05,WB
12,-0.0039413344531953436,2026-10-05,WB
13,0.006003255608161377,2026-10-05,WB
14,0.00035012126636359205,2026-10-05,WB
1,-0.00024032868613862863,2026-10-05,WBD
2,-0.002588725514136059,2026-10-05,WBD
3,-0.004067864590373377,2026-10-05,WBD
4,-0.002931467455392424,2026-10-05,WBD
5,-0.0016869710372268579,2026-10-05,WBD
6,9.883413404474646e-05,2026-10-05,WBD
7,-0.00909391360375983,2026-10-05,WBD
8,-0.002712271885942034,2026-10-05,WBD
9,0.001944703463011666,2026-10-05,WBD
10,-0.00213771808897962,2026-10-05,WBD
11,0.0049815131352027725,2026-10-05,WBD
12,-0.00672241548816051,2026-10-05,WBD
13,-0.009905879920829926,2026-10-05,WBD
14,-0.008095589353231085,2026-10-05,WBD
1,-0.0006537977221382934,2026-10-05,WCC
2,-0.0029052551637290783,2026-10-05,WCC
3,-0.0010977209951453953,2026-10-05,WCC
4,-0.004485471645993936,2026-10-05,WCC
5,-0.0004880784128374639,2026-10-05,WCC
6,-0.002104373979973106,2026-10-05,WCC
7,-0.004542469044074949,2026-10-05,WCC
8,-0.004152908219284055,2026-10-05,WCC
9,-4.3564380484696895e-05,2026-10-05,WCC
10,-0.002400169553640735,2026-10-05,WCC
11,-0.00028605245055810224,2026-10-05,WCC
12,-0.005463411598161181,2026-10-05,WCC
13,-0.01071716281320235,2026-10-05,WCC
14,-0.003930219135027068,2026-10-05,WCC
1,0.0006754602776016624,2026-10-05,WCN
2,-0.002044724168774062,2026-10-05,WCN
3,0.0014082844452445434,2026-10-05,WCN
4,-0.0006093862939405099,2026-10-05,WCN
5,-0.0007253795276981482,2026-10-05,WCN
6,-0.0019297195397573951,2026-10-05,WCN
7,-0.0016310380541177938,2026-10-05,WCN
8,0.0016865842797847029,2026-10-05,WCN
9,0.00044186951769087683,2026-10-05,WCN
10,-0.0005770382427819292,2026-10-05,WCN
11,0.007306547027422994,2026-10-05,WCN
12,0.005304078599166672,2026-10-05,WCN
13,0.00532265061329182,2026-10-05,WCN
14,-0.00328393460414267,2026-10-05,WCN
1,0.0004554788224148962,2026-10-05,WDAY
2,-0.0012303990663324496,2026-10-05,WDAY
3,0.002453254917399872,2026-10-05,WDAY
4,3.3799905601823104e-05,2026-10-05,WDAY
5,-0.0017312925825206872,2026-10-05,WDAY
6,-0.0008999863177926121,2026-10-05,WDAY
7,-0.0031849936374881344,2026-10-05,WDAY
8,-0.004119267142821076,2026-10-05,WDAY
9,-0.0037634952938036662,2026-10-05,WDAY
10,-0.005144347411352534,2026-10-05,WDAY
11,0.0035738087481132145,2026-10-05,WDAY
12,-0.0011480517390614336,2026-10-05,WDAY
13,0.0016373022532062708,2026-10-05,WDAY
14,-0.004931667686048189,2026-10-05,WDAY
1,-0.00029002134715725916,2026-10-05,WDC
2,-0.0018141392541423166,2026-10-05,WDC
3,-0.0013179348942675279,2026-10-05,WDC
4,0.00028441859510699833,2026-10-05,WDC
5,0.010658081446307517,2026-10-05,WDC
6,0.00022128335543412822,2026-10-05,WDC
7,-0.009234050811387194,2026-10-05,WDC
8,-0.003226965519720896,2026-10-05,WDC
9,0.0005448793937461872,2026-10-05,WDC
10,-0.0016983422909790217,2026-10-05,WDC
11,0.008806792451723779,2026-10-05,WDC
12,-0.004474189798526757,2026-10-05,WDC
13,-0.010103897728696416,2026-10-05,WDC
14,-0.0013257464126847213,2026-10-05,WDC
1,-0.0007387084413482937,2026-10-05,WDS
2,-0.002632544084825732,2026-10-05,WDS
3,-0.0012073475009733213,2026-10-05,WDS
4,-0.00412782457154237,2026-10-05,WDS
5,0.00039143384527211197,2026-10-05,WDS
6,-0.0013663203191304877,2026-10-05,WDS
7,-0.004623628408500208,2026-10-05,WDS
8,-0.0036059488200446805,2026-10-05,WDS
9,0.0009911455724749929,2026-10-05,WDS
10,-0.002797961349940029,2026-10-05,WDS
11,0.005100645477493987,2026-10-05,WDS
12,-0.004295182303497669,2026-10-05,WDS
13,-0.005929272127394935,2026-10-05,WDS
14,-0.002818151792041719,2026-10-05,WDS
1,-0.000651394934129079,2026-10-05,WEC
2,-0.0023711376959437147,2026-10-05,WEC
3,-0.002105162488574147,2026-10-05,WEC
4,-0.0025714014487329155,2026-10-05,WEC
5,-0.0024921724113321705,2026-10-05,WEC
6,-0.0031946148560180157,2026-10-05,WEC
7,-0.008812271398829034,2026-10-05,WEC
8,-0.004320916028096033,2026-10-05,WEC
9,0.003098273352395568,2026-10-05,WEC
10,-0.0035660427979992532,2026-10-05,WEC
11,0.0058309472292438005,2026-10-05,WEC
12,-0.008757587230744124,2026-10-05,WEC
13,-0.008517382217257743,2026-10-05,WEC
14,-0.004919133427287903,2026-10-05,WEC
1,-0.0005449474569592476,2026-10-05,WELL
2,-0.0008762055128028842,2026-10-05,WELL
3,0.0028411650439707573,2026-10-05,WELL
4,0.0002327535085711391,2026-10-05,WELL
5,-0.001226716695007068,2026-10-05,WELL
6,-0.0007815017877754035,2026-10-05,WELL
7,-0.0025627187674219423,2026-10-05,WELL
8,0.0021602480062222667,2026-10-05,WELL
9,-0.0018769707310051214,2026-10-05,WELL
10,-0.0015179995203427623,2026-10-05,WELL
11,0.004033353216684532,2026-10-05,WELL
12,0.0009413616661356407,2026-10-05,WELL
13,0.002398180875879454,2026-10-05,WELL
14,-0.005466692903509158,2026-10-05,WELL
1,-0.002874386747408475,2026-10-05,WEN
2,0.0006080269408737446,2026-10-05,WEN
3,-0.004069692274532614,2026-10-05,WEN
4,-0.010400480028777937,2026-10-05,WEN
5,-0.007282259667391766,2026-10-05,WEN
6,-0.006959249569493036,2026-10-05,WEN
7,0.00354284189942301,2026-10-05,WEN
8,-0.000563773818888475,2026-10-05,WEN
9,-0.007372587575216617,2026-10-05,WEN
10,-0.006564991965447198,2026-10-05,WEN
11,-0.0014486349413824074,2026-10-05,WEN
12,0.0019160552438686384,2026-10-05,WEN
13,0.0021964767840105498,2026-10-05,WEN
14,0.004146944885974444,2026-10-05,WEN
1,-0.0020867072361724823,2026-10-05,WERN
2,0.0007903323612707026,2026-10-05,WERN
3,-0.003756794801731842,2026-10-05,WERN
4,-0.009558421644476778,2026-10-05,WERN
5,-0.006431256860926,2026-10-05,WERN
6,-0.005310467917326343,2026-10-05,WERN
7,0.0033053698238738427,2026-10-05,WERN
8,0.004500543843656529,2026-10-05,WERN
9,-0.004688647817194662,2026-10-05,WERN
10,-0.004584656618021267,2026-10-05,WERN
11,-0.005249725874488655,2026-10-05,WERN
12,0.0032682182290896308,2026-10-05,WERN
13,0.0022943691656106286,2026-10-05,WERN
14,0.00712032876309391,2026-10-05,WERN
1,-0.0005973426217766521,2026-10-05,WES
2,-0.0027242537164859928,2026-10-05,WES
3,-0.0018323522227223035,2026-10-05,WES
4,-0.0025973296463364915,2026-10-05,WES
5,-0.0012355853884860044,2026-10-05,WES
6,-0.0031142374455810917,2026-10-05,WES
7,-0.006902611041889817,2026-10-05,WES
8,-0.002849086089439456,2026-10-05,WES
9,0.002104907164029061,2026-10-05,WES
10,-0.0008130695852437914,2026-10-05,WES
11,0.004904260086826686,2026-10-05,WES
12,-0.009028792882096992,2026-10-05,WES
13,-0.008356988547921981,2026-10-05,WES
14,-0.004025072644699554,2026-10-05,WES
1,0.0003280927178078321,2026-10-05,WFC
2,-0.0017967716247892713,2026-10-05,WFC
3,0.00288083632178533,2026-10-05,WFC
4,-0.00015708048335090092,2026-10-05,WFC
5,0.002678029655695237,2026-10-05,WFC
6,0.00022692604576696315,2026-10-05,WFC
7,-0.002179216053850103,2026-10-05,WFC
8,0.0014135611620433176,2026-10-05,WFC
9,-0.0017430841655646033,2026-10-05,WFC
10,-0.0009782964125941227,2026-10-05,WFC
11,0.005048610355805671,2026-10-05,WFC
12,0.004568283218654755,2026-10-05,WFC
13,0.0025989274924634264,2026-10-05,WFC
14,-0.0076395666161276805,2026-10-05,WFC
1,-0.0033864757253288056,2026-10-05,WGO
2,6.236012089668244e-05,2026-10-05,WGO
3,-0.0016593136577517438,2026-10-05,WGO
4,-0.011205900986451599,2026-10-05,WGO
5,-0.008889031516816526,2026-10-05,WGO
6,-0.0026107195176891433,2026-10-05,WGO
7,-0.0021530328790718392,2026-10-05,WGO
8,-0.00912741118989114,2026-10-05,WGO
9,-0.00210778148851547,2026-10-05,WGO
10,0.0013296858585298578,2026-10-05,WGO
11,-0.00966584807945182,2026-10-05,WGO
12,-0.009124927752295897,2026-10-05,WGO
13,-0.01118401776364924,2026-10-05,WGO
14,0.0010989951525790125,2026-10-05,WGO
1,-0.000939000528130874,2026-10-05,WH
2,-0.002334539224277779,2026-10-05,WH
3,-0.0035182276966683047,2026-10-05,WH
4,-0.0025971924348851803,2026-10-05,WH
5,-0.0034816588226041735,2026-10-05,WH
6,-0.0034816039985510563,2026-10-05,WH
7,-0.010764880290953656,2026-10-05,WH
8,-0.007063558232893697,2026-10-05,WH
9,7.38939082017946e-05,2026-10-05,WH
10,-0.0016978414136988832,2026-10-05,WH
11,0.003138628193972691,2026-10-05,WH
12,-0.004910843988839593,2026-10-05,WH
13,-0.00959269449798083,2026-10-05,WH
14,-0.00623487015905418,2026-10-05,WH
1,-0.003927691369299258,2026-10-05,WHD
2,-8.314627942908844e-05,2026-10-05,WHD
3,-0.005339986024053092,2026-10-05,WHD
4,-0.010590011351239024,2026-10-05,WHD
5,-0.0050320761373826624,2026-10-05,WHD
6,-0.007813530756203437,2026-10-05,WHD
7,-0.001091332164997036,2026-10-05,WHD
8,0.004826622147513889,2026-10-05,WHD
9,0.001591293980412368,2026-10-05,WHD
10,-0.009752362631023567,2026-10-05,WHD
11,-0.0037375151589631194,2026-10-05,WHD
12,0.006749664829844445,2026-10-05,WHD
13,0.005104115291277683,2026-10-05,WHD
14,0.003958728248579092,2026-10-05,WHD
1,-0.00012627857011723726,2026-10-05,WHR
2,-0.0025780858790411107,2026-10-05,WHR
3,-0.003403319771198637,2026-10-05,WHR
4,-0.0076178237888649344,2026-10-05,WHR
5,-0.002121870944756638,2026-10-05,WHR
6,-0.0017574849912458772,2026-10-05,WHR
7,-0.012775616131662566,2026-10-05,WHR
8,-0.007056085720086527,2026-10-05,WHR
9,0.00141805376797431,2026-10-05,WHR
10,-0.001817214193254317,2026-10-05,WHR
11,0.003748959486852319,2026-10-05,WHR
12,-0.0040079862210638745,2026-10-05,WHR
13,-0.008994068044304488,2026-10-05,WHR
14,-0.007631826679690896,2026-10-05,WHR
1,2.6305346586814376e-05,2026-10-05,WIT
2,-0.0019739917100254534,2026-10-05,WIT
3,-0.0025896497389695044,2026-10-05,WIT
4,-0.002147965091040579,2026-10-05,WIT
5,0.0003660137642950892,2026-10-05,WIT
6,-0.005174277489932336,2026-10-05,WIT
7,-0.005402132786949565,2026-10-05,WIT
8,-0.0029413856596484035,2026-10-05,WIT
9,0.0027572901740912426,2026-10-05,WIT
10,-0.00043683819309811844,2026-10-05,WIT
11,0.001124377509572029,2026-10-05,WIT
12,-0.009813688587153048,2026-10-05,WIT
13,-0.007066151141203525,2026-10-05,WIT
14,-0.0064435395266446175,2026-10-05,WIT
1,3.541960201480062e-05,2026-10-05,WM
2,-0.001359641159422598,2026-10-05,WM
3,0.0019856678841511763,2026-10-05,WM
4,-0.000336251618967541,2026-10-05,WM
5,-0.0006009966792292292,2026-10-05,WM
6,-0.000399170566767102,2026-10-05,WM
7,-0.0020311357438370734,2026-10-05,WM
8,0.0021406764549683687,2026-10-05,WM
9,-0.0021328446027235617,2026-10-05,WM
10,-0.00033491056982901297,2026-10-05,WM
11,0.0037645408982444942,2026-10-05,WM
12,0.0009724844410383698,2026-10-05,WM
13,0.0010472241533724623,2026-10-05,WM
14,-0.005874017496570596,2026-10-05,WM
1,-0.001137733029564741,2026-10-05,WMB
2,-0.001351351730097165,2026-10-05,WMB
3,-0.0014052211327085233,2026-10-05,WMB
4,-0.002054067144569557,2026-10-05,WMB
5,0.0001437509441142784,2026-10-05,WMB
6,-0.00316393231109503,2026-10-05,WMB
7,-0.008738260049907905,2026-10-05,WMB
8,-0.00537198972982499,2026-10-05,WMB
9,0.001158742255818933,2026-10-05,WMB
10,-0.0030990643260832055,2026-10-05,WMB
11,0.005787725313405203,2026-10-05,WMB
12,-0.0064327525854459226,2026-10-05,WMB
13,-0.00952021026398143,2026-10-05,WMB
14,-0.0065514900844929,2026-10-05,WMB
1,-0.0003364050442133299,2026-10-05,WMG
2,-0.0018315214226912863,2026-10-05,WMG
3,-0.003994857562104812,2026-10-05,WMG
4,-0.001993973047301854,2026-10-05,WMG
5,-0.0036730610591211832,2026-10-05,WMG
6,-0.0018907687915181593,2026-10-05,WMG
7,-0.010580120101823697,2026-10-05,WMG
8,-0.005421246909158539,2026-10-05,WMG
9,0.0012773635542369858,2026-10-05,WMG
10,-0.0026459062258930425,2026-10-05,WMG
11,0.006710580281519578,2026-10-05,WMG
12,-0.002957637774239818,2026-10-05,WMG
13,-0.008639445605568665,2026-10-05,WMG
14,-0.008402267748402996,2026-10-05,WMG
1,7.799516814914579e-05,2026-10-05,WMT
2,-0.0017673530174818631,2026-10-05,WMT
3,0.002428472033793991,2026-10-05,WMT
4,0.00047983670502735706,2026-10-05,WMT
5,-0.0002877184726557666,2026-10-05,WMT
6,-0.0017108577840322173,2026-10-05,WMT
7,-0.0024606029252284118,2026-10-05,WMT
8,0.0017392668648796928,2026-10-05,WMT
9,-0.0013181003643252082,2026-10-05,WMT
10,0.0012035376645158058,2026-10-05,WMT
11,0.0035912358923374864,2026-10-05,WMT
12,0.0016519132730898577,2026-10-05,WMT
13,0.0021090861764296188,2026-10-05,WMT
14,-0.0044519719164357084,2026-10-05,WMT
1,-0.0031334736422598537,2026-10-05,WOLF
2,-0.0009246363064832147,2026-10-05,WOLF
3,-0.0031611808382898073,2026-10-05,WOLF
4,-0.012489168095793778,2026-10-05,WOLF
5,-0.008753431221896424,2026-10-05,WOLF
6,-0.007681082603937022,2026-10-05,WOLF
7,-0.0027756070363393944,2026-10-05,WOLF
8,-0.011312122642965952,2026-10-05,WOLF
9,-0.0030812918363506583,2026-10-05,WOLF
10,0.0028949999472622718,2026-10-05,WOLF
11,-0.012451078445998085,2026-10-05,WOLF
12,9.859272236265528e-05,2026-10-05,WOLF
13,-0.0023231649207874462,2026-10-05,WOLF
14,0.0010676542472534962,2026-10-05,WOLF
1,-0.002238784889517912,2026-10-05,WOOF
2,0.00011766420839733387,2026-10-05,WOOF
3,-0.004572998525363696,2026-10-05,WOOF
4,-0.012779165532485927,2026-10-05,WOOF
5,-0.0067577212100885,2026-10-05,WOOF
6,-0.0029803668123738474,2026-10-05,WOOF
7,0.0024505937549085476,2026-10-05,WOOF
8,-0.0046065949519711585,2026-10-05,WOOF
9,-0.0023476648316972954,2026-10-05,WOOF
10,-0.008386162804031318,2026-10-05,WOOF
11,-0.004661909267122381,2026-10-05,WOOF
12,0.0003290363891901806,2026-10-05,WOOF
13,0.010471884793515693,2026-10-05,WOOF
14,0.003740059734719196,2026-10-05,WOOF
1,-0.0005426523036873259,2026-10-05,WPC
2,-0.0020580865441476503,2026-10-05,WPC
3,-0.0018279945257750375,2026-10-05,WPC
4,-0.002404663492473284,2026-10-05,WPC
5,-0.0022926165890158274,2026-10-05,WPC
6,-0.002626353652818388,2026-10-05,WPC
7,-0.010651442208568184,2026-10-05,WPC
8,-0.00554782376884133,2026-10-05,WPC
9,5.742223067222131e-05,2026-10-05,WPC
10,-0.0030525907939913267,2026-10-05,WPC
11,0.003375712053357779,2026-10-05,WPC
12,-0.00665333036756605,2026-10-05,WPC
13,-0.008476957168149439,2026-10-05,WPC
14,-0.006879700785740802,2026-10-05,WPC
1,0.0004884828590466829,2026-10-05,WPM
2,-0.0019677200887090874,2026-10-05,WPM
3,0.0002892831487744495,2026-10-05,WPM
4,-0.0015928425855422014,2026-10-05,WPM
5,-0.0001776290729696683,2026-10-05,WPM
6,-0.0012210633102253494,2026-10-05,WPM
7,-0.005132162311349779,2026-10-05,WPM
8,-0.0015564042199553744,2026-10-05,WPM
9,0.0038822615364275037,2026-10-05,WPM
10,-0.0003503229349735156,2026-10-05,WPM
11,0.005343711510268093,2026-10-05,WPM
12,-0.008501076609809456,2026-10-05,WPM
13,-0.008937450770627173,2026-10-05,WPM
14,-0.0037178155465934126,2026-10-05,WPM
1,-0.0009001726257125812,2026-10-05,WRB
2,-0.0018397799267566568,2026-10-05,WRB
3,-0.0013667284931725907,2026-10-05,WRB
4,-0.0008249744443824899,2026-10-05,WRB
5,-0.0001481338698878251,2026-10-05,WRB
6,-0.003484827686191015,2026-10-05,WRB
7,-0.00952196911712792,2026-10-05,WRB
8,-0.0035656268058973355,2026-10-05,WRB
9,0.0003979924612732477,2026-10-05,WRB
10,-0.0022926035292813764,2026-10-05,WRB
11,0.005697556981092161,2026-10-05,WRB
12,-0.0050188959294153795,2026-10-05,WRB
13,-0.007849942947119938,2026-10-05,WRB
14,-0.0042031393670868555,2026-10-05,WRB
1,-0.0032240391281519697,2026-10-05,WRBY
2,0.00018438219242368194,2026-10-05,WRBY
3,-0.0034026994165156825,2026-10-05,WRBY
4,-0.011613475709926048,2026-10-05,WRBY
5,-0.006118534777052895,2026-10-05,WRBY
6,-0.005233055888182484,2026-10-05,WRBY
7,0.0037364538672073487,2026-10-05,WRBY
8,0.0012478314747563068,2026-10-05,WRBY
9,-0.002498812497979384,2026-10-05,WRBY
10,-0.009685682440220169,2026-10-05,WRBY
11,-0.00709699407048197,2026-10-05,WRBY
12,0.0006174539106709855,2026-10-05,WRBY
13,0.009733203210686207,2026-10-05,WRBY
14,7.911758453875897e-05,2026-10-05,WRBY
1,8.771834737997518e-05,2026-10-05,WSC
2,-0.001595907273997826,2026-10-05,WSC
3,-0.002097361056495376,2026-10-05,WSC
4,-0.0025724429136297316,2026-10-05,WSC
5,-0.0005192825668147033,2026-10-05,WSC
6,-0.0011869678287183753,2026-10-05,WSC
7,-0.009437889969348499,2026-10-05,WSC
8,-0.006495142995612714,2026-10-05,WSC
9,0.00043694072273609306,2026-10-05,WSC
10,-0.0019792641804159336,2026-10-05,WSC
11,0.004076461216701931,2026-10-05,WSC
12,-0.007166911647313114,2026-10-05,WSC
13,-0.0068130858423948275,2026-10-05,WSC
14,-0.003987300735830495,2026-10-05,WSC
1,-0.0003911947801916797,2026-10-05,WSM
2,-0.002398604664133967,2026-10-05,WSM
3,-0.0021652134624545504,2026-10-05,WSM
4,-0.00308763014465918,2026-10-05,WSM
5,-0.0009555833795426547,2026-10-05,WSM
6,-0.004429112977223909,2026-10-05,WSM
7,-0.008301868810738595,2026-10-05,WSM
8,-0.005230433830935576,2026-10-05,WSM
9,0.00013572658272107533,2026-10-05,WSM
10,-0.004319913362353301,2026-10-05,WSM
11,0.008164981053500203,2026-10-05,WSM
12,-0.002920317806618287,2026-10-05,WSM
13,-0.010677360531674895,2026-10-05,WSM
14,-0.006258815770938115,2026-10-05,WSM
1,-0.0023767421429186295,2026-10-05,WT
2,0.0004038960131220807,2026-10-05,WT
3,-0.003385755200279686,2026-10-05,WT
4,-0.012241717493850186,2026-10-05,WT
5,-0.006907642173678644,2026-10-05,WT
6,-0.008288111438400084,2026-10-05,WT
7,0.0015333951566012993,2026-10-05,WT
8,0.0014481584358682473,2026-10-05,WT
9,-0.006354094525293244,2026-10-05,WT
10,-0.012325303778979911,2026-10-05,WT
11,-0.002834550522014635,2026-10-05,WT
12,-0.0003448794885787833,2026-10-05,WT
13,0.0038392429450617087,2026-10-05,WT
14,0.0005674487395457185,2026-10-05,WT
1,-0.0006109455824152959,2026-10-05,WTRG
2,-0.0019490194079166316,2026-10-05,WTRG
3,-0.0016001801462702317,2026-10-05,WTRG
4,-0.002782141283995839,2026-10-05,WTRG
5,-0.0019472360842859003,2026-10-05,WTRG
6,6.88264374893751e-05,2026-10-05,WTRG
7,-0.009681461844071187,2026-10-05,WTRG
8,-0.006849499092013391,2026-10-05,WTRG
9,0.0019258044610392761,2026-10-05,WTRG
10,-0.0011699919649098228,2026-10-05,WTRG
11,0.004652431827991715,2026-10-05,WTRG
12,-0.006009945566883989,2026-10-05,WTRG
13,-0.008432109996420162,2026-10-05,WTRG
14,-0.006870901012600483,2026-10-05,WTRG
1,-0.0028570210250236225,2026-10-05,WTTR
2,0.0007140239422817712,2026-10-05,WTTR
3,-0.0020150730153779112,2026-10-05,WTTR
4,-0.009945251971255663,2026-10-05,WTTR
5,-0.007336395679183761,2026-10-05,WTTR
6,-0.0053829797468041935,2026-10-05,WTTR
7,0.0006962005829206924,2026-10-05,WTTR
8,-0.002700448841178039,2026-10-05,WTTR
9,-0.0042867995347270855,2026-10-05,WTTR
10,-0.005929749725690265,2026-10-05,WTTR
11,-0.006530055586407501,2026-10-05,WTTR
12,-0.0017155420366296882,2026-10-05,WTTR
13,-0.00987100516111456,2026-10-05,WTTR
14,-0.003916574979540588,2026-10-05,WTTR
1,-0.0020965419971168274,2026-10-05,WU
2,0.0004419973527321242,2026-10-05,WU
3,-0.00460546905232267,2026-10-05,WU
4,-0.010441433235504014,2026-10-05,WU
5,-0.007226472194238184,2026-10-05,WU
6,-0.002501698852282283,2026-10-05,WU
7,0.003275788175860624,2026-10-05,WU
8,-0.0036018537676472473,2026-10-05,WU
9,-0.0014290080841210158,2026-10-05,WU
10,-0.005207681794694342,2026-10-05,WU
11,-0.0017083161718579206,2026-10-05,WU
12,0.0009689935947205948,2026-10-05,WU
13,0.007656372497363919,2026-10-05,WU
14,0.0017631631342883835,2026-10-05,WU
1,-0.002861071495182068,2026-10-05,WWW
2,-9.508267033937994e-06,2026-10-05,WWW
3,-0.004718955736322346,2026-10-05,WWW
4,-0.011210639191413923,2026-10-05,WWW
5,-0.006791422354789919,2026-10-05,WWW
6,-0.007866830607195542,2026-10-05,WWW
7,0.0023784183082133457,2026-10-05,WWW
8,-0.0034206466838580087,2026-10-05,WWW
9,-0.0006084949776728728,2026-10-05,WWW
10,-0.009842509711520932,2026-10-05,WWW
11,-0.0032002416372027306,2026-10-05,WWW
12,0.004549878765582749,2026-10-05,WWW
13,0.0014879413309790961,2026-10-05,WWW
14,0.002524786977176407,2026-10-05,WWW
1,4.0352712886686365e-05,2026-10-05,WY
2,-0.002613705028465099,2026-10-05,WY
3,-0.0018744723147216197,2026-10-05,WY
4,-0.0026811264254285277,2026-10-05,WY
5,-0.0033045705529630882,2026-10-05,WY
6,-0.005125823038541319,2026-10-05,WY
7,-0.011107157611915934,2026-10-05,WY
8,-0.011590446600734172,2026-10-05,WY
9,0.00011290507145282675,2026-10-05,WY
10,-0.004982292720900569,2026-10-05,WY
11,4.302151902308833e-05,2026-10-05,WY
12,-0.007340691930123681,2026-10-05,WY
13,-0.014748525558599963,2026-10-05,WY
14,-0.006673424284363457,2026-10-05,WY
1,-0.00028465805183418253,2026-10-05,WYNN
2,-0.003212216710520628,2026-10-05,WYNN
3,-0.0025226858020582716,2026-10-05,WYNN
4,-0.0018909999490112888,2026-10-05,WYNN
5,-0.0031948970783256415,2026-10-05,WYNN
6,0.0008678464184709398,2026-10-05,WYNN
7,-0.011185587543350266,2026-10-05,WYNN
8,-0.008177600115051198,2026-10-05,WYNN
9,8.333551127917766e-05,2026-10-05,WYNN
10,0.003077912292423773,2026-10-05,WYNN
11,0.003918391651893281,2026-10-05,WYNN
12,-0.009444169868535773,2026-10-05,WYNN
13,-0.008359315498948762,2026-10-05,WYNN
14,-0.005099013822375616,2026-10-05,WYNN
1,-0.0011775143636541246,2026-10-05,XEL
2,-0.0016997474045824736,2026-10-05,XEL
3,-0.0017834373158384233,2026-10-05,XEL
4,-0.0027761434934813404,2026-10-05,XEL
5,-0.00016894938963099904,2026-10-05,XEL
6,-0.0021484481591404346,2026-10-05,XEL
7,-0.009117889686521172,2026-10-05,XEL
8,-0.0052334006134561895,2026-10-05,XEL
9,0.0018503601844970863,2026-10-05,XEL
10,-0.0030701975525418753,2026-10-05,XEL
11,0.005699252726907582,2026-10-05,XEL
12,-0.011006094727703095,2026-10-05,XEL
13,-0.010182361936809948,2026-10-05,XEL
14,-0.007349032806509141,2026-10-05,XEL
1,-0.002324123896542816,2026-10-05,XHR
2,-0.00013549028572044247,2026-10-05,XHR
3,-0.004767820027696933,2026-10-05,XHR
4,-0.008602979559749813,2026-10-05,XHR
5,-0.005995116330587412,2026-10-05,XHR
6,-0.006819220159227663,2026-10-05,XHR
7,0.001887018516111071,2026-10-05,XHR
8,-0.005375946050221466,2026-10-05,XHR
9,-0.001173093443329099,2026-10-05,XHR
10,-0.007450066020284763,2026-10-05,XHR
11,-0.004551982766560732,2026-10-05,XHR
12,-0.0009953966666762645,2026-10-05,XHR
13,0.007300252780908988,2026-10-05,XHR
14,0.005799725010968457,2026-10-05,XHR
1,0.0007054409288018832,2026-10-05,XOM
2,-0.0012237176927477787,2026-10-05,XOM
3,0.0021567561161745493,2026-10-05,XOM
4,0.0002682531200761844,2026-10-05,XOM
5,0.0012285264169218043,2026-10-05,XOM
6,-0.00014478058049555048,2026-10-05,XOM
7,-0.0025721062914145346,2026-10-05,XOM
8,-0.002814838824560459,2026-10-05,XOM
9,-0.002388228926656229,2026-10-05,XOM
10,-0.0041706735558907065,2026-10-05,XOM
11,0.0030356472302214494,2026-10-05,XOM
12,0.005525768057827935,2026-10-05,XOM
13,0.006606010138406528,2026-10-05,XOM
14,-0.001598271483631956,2026-10-05,XOM
1,-0.000558183039890255,2026-10-05,XP
2,-0.001845676816953057,2026-10-05,XP
3,-0.002288456985693081,2026-10-05,XP
4,-0.0022285765997604183,2026-10-05,XP
5,0.0004467639133891707,2026-10-05,XP
6,-0.002515370745871199,2026-10-05,XP
7,-0.005986759407728886,2026-10-05,XP
8,-0.003981613162744475,2026-10-05,XP
9,0.0006890428878834357,2026-10-05,XP
10,-0.0012846488144640203,2026-10-05,XP
11,0.004255012428934511,2026-10-05,XP
12,-0.005017012852018762,2026-10-05,XP
13,-0.008429971065495019,2026-10-05,XP
14,-0.0058846965162399414,2026-10-05,XP
1,0.0008107016737393981,2026-10-05,XPEV
2,-0.0042786145198652524,2026-10-05,XPEV
3,-0.002692936793555897,2026-10-05,XPEV
4,-0.002872799146645333,2026-10-05,XPEV
5,-0.0011438196019293205,2026-10-05,XPEV
6,-0.0012133788766218593,2026-10-05,XPEV
7,-0.010220667800508976,2026-10-05,XPEV
8,-0.006321701878080448,2026-10-05,XPEV
9,-0.0024298747299931066,2026-10-05,XPEV
10,-0.007845986637070548,2026-10-05,XPEV
11,-0.0008930997122913819,2026-10-05,XPEV
12,-0.008824000577276966,2026-10-05,XPEV
13,-0.013562146650550175,2026-10-05,XPEV
14,-0.0066598653860866905,2026-10-05,XPEV
1,-0.00038964784381002144,2026-10-05,XPO
2,-0.002204277253831945,2026-10-05,XPO
3,-0.0010317885861338416,2026-10-05,XPO
4,-0.003610478229246387,2026-10-05,XPO
5,0.0009431873520902035,2026-10-05,XPO
6,-0.001664601877429768,2026-10-05,XPO
7,-0.009686790528873687,2026-10-05,XPO
8,-0.00503422987359233,2026-10-05,XPO
9,0.0024154334842490634,2026-10-05,XPO
10,-0.0004474445368260755,2026-10-05,XPO
11,0.0058196753608425866,2026-10-05,XPO
12,-0.0038265416078137604,2026-10-05,XPO
13,-0.009768287413270715,2026-10-05,XPO
14,-0.005947103378516781,2026-10-05,XPO
1,-0.00035516405611858606,2026-10-05,XRAY
2,-0.0018676849003150294,2026-10-05,XRAY
3,-0.003129052846885006,2026-10-05,XRAY
4,-0.0027401908054050577,2026-10-05,XRAY
5,-0.0018792664604881531,2026-10-05,XRAY
6,-0.00382552858082321,2026-10-05,XRAY
7,-0.012367560763793368,2026-10-05,XRAY
8,-0.007331676228853956,2026-10-05,XRAY
9,-0.0009653777504297123,2026-10-05,XRAY
10,-0.004048507964311627,2026-10-05,XRAY
11,0.0030970772084322677,2026-10-05,XRAY
12,-0.004099771024295291,2026-10-05,XRAY
13,-0.010930726802032338,2026-10-05,XRAY
14,-0.006329608654031197,2026-10-05,XRAY
1,0.0002607217278525521,2026-10-05,XYL
2,-0.0034705937775497374,2026-10-05,XYL
3,-0.0012365336612445523,2026-10-05,XYL
4,-0.001473964107478796,2026-10-05,XYL
5,-0.0028566192038274336,2026-10-05,XYL
6,-0.0022114217233691964,2026-10-05,XYL
7,-0.010488690231885882,2026-10-05,XYL
8,-0.004391098612561693,2026-10-05,XYL
9,-0.0012675775608295436,2026-10-05,XYL
10,-0.0021007142177206194,2026-10-05,XYL
11,0.001476378938109703,2026-10-05,XYL
12,-0.003418007478277612,2026-10-05,XYL
13,-0.007909845694070203,2026-10-05,XYL
14,-0.005223217631536764,2026-10-05,XYL
1,-0.002742046730990416,2026-10-05,YETI
2,0.0011016826887935832,2026-10-05,YETI
3,-0.0025455293646859055,2026-10-05,YETI
4,-0.009444890752954984,2026-10-05,YETI
5,-0.005422477325469711,2026-10-05,YETI
6,-0.0050262949293036294,2026-10-05,YETI
7,0.0011930322314548953,2026-10-05,YETI
8,-0.004183815439161221,2026-10-05,YETI
9,-0.001907213057830947,2026-10-05,YETI
10,-0.009687581507486626,2026-10-05,YETI
11,-0.0008729874366609373,2026-10-05,YETI
12,-0.004176545485240731,2026-10-05,YETI
13,0.0006916411328001778,2026-10-05,YETI
14,-0.004321315283294296,2026-10-05,YETI
1,-0.00021568191327982051,2026-10-05,YMM
2,-0.0023724397898282905,2026-10-05,YMM
3,-0.00233221951495054,2026-10-05,YMM
4,-0.004849260140781932,2026-10-05,YMM
5,-0.0030995645703738805,2026-10-05,YMM
6,-0.0017716790313557036,2026-10-05,YMM
7,-0.012625822975006857,2026-10-05,YMM
8,-0.005192491784420587,2026-10-05,YMM
9,0.0006677350339452555,2026-10-05,YMM
10,-0.0014725781896554233,2026-10-05,YMM
11,0.004958411158929784,2026-10-05,YMM
12,-0.008783471763018951,2026-10-05,YMM
13,-0.008867815930186733,2026-10-05,YMM
14,-0.007286126960235859,2026-10-05,YMM
1,-0.004526948542266422,2026-10-05,YOU
2,0.0007731484335851475,2026-10-05,YOU
3,-0.004515818064379866,2026-10-05,YOU
4,-0.011672001279751718,2026-10-05,YOU
5,-0.004900601062667703,2026-10-05,YOU
6,-0.0031436318660172857,2026-10-05,YOU
7,0.0022538266474361017,2026-10-05,YOU
8,0.0016667735396411244,2026-10-05,YOU
9,-9.225364305842672e-05,2026-10-05,YOU
10,-0.008785017512767107,2026-10-05,YOU
11,-0.00520658020610632,2026-10-05,YOU
12,7.535154154236693e-05,2026-10-05,YOU
13,0.014225264964941238,2026-10-05,YOU
14,0.002038592566946603,2026-10-05,YOU
1,-0.0007564894051260486,2026-10-05,YPF
2,-0.0017304761848588375,2026-10-05,YPF
3,-0.004238432300146713,2026-10-05,YPF
4,-0.003628506404536975,2026-10-05,YPF
5,-0.001344491261537752,2026-10-05,YPF
6,-0.002658128269070912,2026-10-05,YPF
7,-0.00797976528392254,2026-10-05,YPF
8,-0.004966647156876741,2026-10-05,YPF
9,0.002325080094990455,2026-10-05,YPF
10,-0.00040372758290232606,2026-10-05,YPF
11,0.005987634227252748,2026-10-05,YPF
12,-0.0018553324651869594,2026-10-05,YPF
13,-0.004977994934131955,2026-10-05,YPF
14,-0.006839310399097794,2026-10-05,YPF
1,-0.0009866382635737904,2026-10-05,YUM
2,-0.0019715106834116993,2026-10-05,YUM
3,-0.00266565845746469,2026-10-05,YUM
4,-0.003524387285107466,2026-10-05,YUM
5,-0.0011687968162479533,2026-10-05,YUM
6,-0.0019727874198751465,2026-10-05,YUM
7,-0.008291878226860585,2026-10-05,YUM
8,-0.004306993719209951,2026-10-05,YUM
9,0.002745706240627706,2026-10-05,YUM
10,0.0009584676179300998,2026-10-05,YUM
11,0.002134749672832154,2026-10-05,YUM
12,-0.002525049462383193,2026-10-05,YUM
13,-0.009642949421579712,2026-10-05,YUM
14,-0.007858741515969467,2026-10-05,YUM
1,-0.00017488259542060416,2026-10-05,YUMC
2,-0.002496268898842318,2026-10-05,YUMC
3,-0.001730553486487417,2026-10-05,YUMC
4,-0.0026293968102552735,2026-10-05,YUMC
5,-0.00028507873434437353,2026-10-05,YUMC
6,-0.00041148528752821864,2026-10-05,YUMC
7,-0.00809581302912705,2026-10-05,YUMC
8,-0.005414175270068688,2026-10-05,YUMC
9,0.0033615617544049585,2026-10-05,YUMC
10,0.001107897028387838,2026-10-05,YUMC
11,0.002177950144948371,2026-10-05,YUMC
12,-0.0046388633799372735,2026-10-05,YUMC
13,-0.009717822799290201,2026-10-05,YUMC
14,-0.006354424766844005,2026-10-05,YUMC
1,-0.0004862035423896461,2026-10-05,Z
2,-0.002364552249889177,2026-10-05,Z
3,-0.0023963932278931043,2026-10-05,Z
4,-0.0022092578879685126,2026-10-05,Z
5,-0.002025126821245711,2026-10-05,Z
6,-0.0008463075160448631,2026-10-05,Z
7,-0.01050192021938235,2026-10-05,Z
8,-0.005893671856702649,2026-10-05,Z
9,0.0007509154335754407,2026-10-05,Z
10,-0.00010480039085762181,2026-10-05,Z
11,0.0039018033628588056,2026-10-05,Z
12,-0.007251196035177307,2026-10-05,Z
13,-0.012030719329417476,2026-10-05,Z
14,-0.007532129355774553,2026-10-05,Z
1,-0.0006119124457245942,2026-10-05,ZBH
2,-0.0017218659599626302,2026-10-05,ZBH
3,-0.003659739498446047,2026-10-05,ZBH
4,-0.002771790858819227,2026-10-05,ZBH
5,-0.0026742533414509163,2026-10-05,ZBH
6,-0.003992685674376758,2026-10-05,ZBH
7,-0.012039006649386114,2026-10-05,ZBH
8,-0.007122811368100465,2026-10-05,ZBH
9,-0.00041645119274228754,2026-10-05,ZBH
10,1.2326711146377768e-05,2026-10-05,ZBH
11,0.0032772001636080187,2026-10-05,ZBH
12,-0.00552378134972324,2026-10-05,ZBH
13,-0.009467545379753198,2026-10-05,ZBH
14,-0.008529740570864449,2026-10-05,ZBH
1,-0.004348808374974105,2026-10-05,ZETA
2,-0.0015023663112187597,2026-10-05,ZETA
3,-0.004361605385770183,2026-10-05,ZETA
4,-0.013199382018367066,2026-10-05,ZETA
5,-0.0048979153366238756,2026-10-05,ZETA
6,-0.005080072802735496,2026-10-05,ZETA
7,0.0013658887103482568,2026-10-05,ZETA
8,-0.0012207826950503744,2026-10-05,ZETA
9,-0.002246565080783606,2026-10-05,ZETA
10,-0.00870095010126538,2026-10-05,ZETA
11,-0.005896857697791153,2026-10-05,ZETA
12,0.0005017198080706006,2026-10-05,ZETA
13,0.0078115335558530275,2026-10-05,ZETA
14,0.0059912402272171185,2026-10-05,ZETA
1,-0.0003465414574194081,2026-10-05,ZION
2,-0.002891468502209956,2026-10-05,ZION
3,-0.0011680657407535855,2026-10-05,ZION
4,-0.0026489914860306136,2026-10-05,ZION
5,-0.002041907919218988,2026-10-05,ZION
6,-0.0017953726211291494,2026-10-05,ZION
7,-0.007408595208444194,2026-10-05,ZION
8,-0.005844909926133687,2026-10-05,ZION
9,0.0010430027356495943,2026-10-05,ZION
10,-0.0027713073841916084,2026-10-05,ZION
11,0.004036847874864776,2026-10-05,ZION
12,-0.009484439036741659,2026-10-05,ZION
13,-0.005295249117090672,2026-10-05,ZION
14,-0.005907784102375771,2026-10-05,ZION
1,0.0003007911265055763,2026-10-05,ZM
2,-0.0022835494773664595,2026-10-05,ZM
3,-0.0026512085628831467,2026-10-05,ZM
4,-0.003934105807584153,2026-10-05,ZM
5,-0.004105501285574629,2026-10-05,ZM
6,-0.003081048750773628,2026-10-05,ZM
7,-0.011739998278992072,2026-10-05,ZM
8,-0.004883618723179231,2026-10-05,ZM
9,0.0002185481620427734,2026-10-05,ZM
10,-0.0020516170697346993,2026-10-05,ZM
11,0.00443304282507125,2026-10-05,ZM
12,-0.007447839051515829,2026-10-05,ZM
13,-0.010180547511439576,2026-10-05,ZM
14,-0.00809590768535807,2026-10-05,ZM
1,-0.000304343144660778,2026-10-05,ZS
2,-0.0033588023561768555,2026-10-05,ZS
3,-0.004264378191947895,2026-10-05,ZS
4,-0.0021574183457548847,2026-10-05,ZS
5,-0.0012408341268558335,2026-10-05,ZS
6,-0.0015594550411990925,2026-10-05,ZS
7,-0.00787082320104088,2026-10-05,ZS
8,-0.007481390894983698,2026-10-05,ZS
9,0.003844088014281772,2026-10-05,ZS
10,-0.001846039384480614,2026-10-05,ZS
11,0.0026173015491050854,2026-10-05,ZS
12,-0.007292314650437993,2026-10-05,ZS
13,-0.011938286049152909,2026-10-05,ZS
14,-0.006669054996733596,2026-10-05,ZS
1,-0.0002496230336002649,2026-10-05,ZTO
2,-0.001080873537037935,2026-10-05,ZTO
3,-0.0037568708305041484,2026-10-05,ZTO
4,-0.0023984161381172143,2026-10-05,ZTO
5,-0.0003492528839244641,2026-10-05,ZTO
6,-0.0031805659679727777,2026-10-05,ZTO
7,-0.010395411730976918,2026-10-05,ZTO
8,-0.004904232256095183,2026-10-05,ZTO
9,0.003877388833322951,2026-10-05,ZTO
10,-0.0011836596262750378,2026-10-05,ZTO
11,0.00546312874544437,2026-10-05,ZTO
12,-0.009233679341992226,2026-10-05,ZTO
13,-0.008189287640541052,2026-10-05,ZTO
14,-0.005151712603063085,2026-10-05,ZTO
1,0.0006798224593115332,2026-10-05,ZTS
2,-0.0020918501696962017,2026-10-05,ZTS
3,0.0016471717620401781,2026-10-05,ZTS
4,-0.0007169787687893557,2026-10-05,ZTS
5,-0.00017383639266209175,2026-10-05,ZTS
6,-0.0015704457370034363,2026-10-05,ZTS
7,-0.0013952207235686678,2026-10-05,ZTS
8,0.0011450643481978053,2026-10-05,ZTS
9,-0.000984577377917586,2026-10-05,ZTS
10,-0.0032972993899557605,2026-10-05,ZTS
11,0.003922168263936724,2026-10-05,ZTS
12,-0.0002632378084994807,2026-10-05,ZTS
13,0.0029900512302377994,2026-10-05,ZTS
14,-0.0024581190596751254,2026-10-05,ZTS
1,-1.9452479086324976e-05,2026-10-05,ZWS
2,-0.0005603924684814362,2026-10-05,ZWS
3,-0.002576846529102433,2026-10-05,ZWS
4,-0.002831722431472502,2026-10-05,ZWS
5,-0.00015816492408081783,2026-10-05,ZWS
6,-0.0014004257199148721,2026-10-05,ZWS
7,-0.010938247632841533,2026-10-05,ZWS
8,-0.006041369208034475,2026-10-05,ZWS
9,-0.0006102063793953338,2026-10-05,ZWS
10,-0.0012664590223156846,2026-10-05,ZWS
11,0.004889056669009084,2026-10-05,ZWS
12,-0.007371409873478602,2026-10-05,ZWS
13,-0.008905243022651511,2026-10-05,ZWS
14,-0.004922809826164795,2026-10-05,ZWS
